ts_utc,Open,High,Low,Close,Volume,captured_at
2026-10-01T00:00:00Z,31180.0,31180.0,31180.0,31180.0,2,2026-10-01T22:30:27+00:00
2026-10-01T00:09:00Z,31156.5,31156.5,31156.5,31156.5,1,2026-10-01T22:30:27+00:00
2026-10-01T01:04:00Z,31154.0,31154.0,31154.0,31154.0,1,2026-10-01T22:30:27+00:00
2026-10-01T01:06:00Z,31164.25,31164.25,31164.25,31164.25,1,2026-10-01T22:30:27+00:00
2026-10-01T01:11:00Z,31181.0,31181.0,31181.0,31181.0,1,2026-10-01T22:30:27+00:00
2026-10-01T01:12:00Z,31183.75,31187.5,31183.75,31187.5,2,2026-10-01T22:30:27+00:00
2026-10-01T01:13:00Z,31193.5,31197.75,31193.5,31197.75,2,2026-10-01T22:30:27+00:00
2026-10-01T01:15:00Z,31170.0,31184.0,31170.0,31184.0,3,2026-10-01T22:30:27+00:00
2026-10-01T01:20:00Z,31197.25,31197.25,31197.25,31197.25,1,2026-10-01T22:30:27+00:00
2026-10-01T01:24:00Z,31196.0,31199.5,31196.0,31199.5,2,2026-10-01T22:30:27+00:00
2026-10-01T01:31:00Z,31191.0,31191.0,31191.0,31191.0,1,2026-10-01T22:30:27+00:00
2026-10-01T01:41:00Z,31190.75,31190.75,31190.75,31190.75,2,2026-10-01T22:30:27+00:00
2026-10-01T01:48:00Z,31180.0,31180.0,31180.0,31180.0,1,2026-10-01T22:30:27+00:00
2026-10-01T01:50:00Z,31183.75,31183.75,31183.75,31183.75,1,2026-10-01T22:30:27+00:00
2026-10-01T02:01:00Z,31192.25,31192.25,31192.25,31192.25,2,2026-10-01T22:30:27+00:00
2026-10-01T02:05:00Z,31196.25,31196.25,31196.25,31196.25,1,2026-10-01T22:30:27+00:00
2026-10-01T02:11:00Z,31204.5,31204.5,31204.5,31204.5,1,2026-10-01T22:30:27+00:00
2026-10-01T02:19:00Z,31198.75,31198.75,31198.75,31198.75,1,2026-10-01T22:30:27+00:00
2026-10-01T02:24:00Z,31212.0,31217.25,31211.5,31211.5,57,2026-10-01T22:30:27+00:00
2026-10-01T02:25:00Z,31211.5,31211.5,31211.5,31211.5,19,2026-10-01T22:30:27+00:00
2026-10-01T02:29:00Z,31218.75,31218.75,31218.75,31218.75,5,2026-10-01T22:30:27+00:00
2026-10-01T02:35:00Z,31230.0,31230.0,31230.0,31230.0,1,2026-10-01T22:30:27+00:00
2026-10-01T02:41:00Z,31230.25,31230.25,31230.25,31230.25,1,2026-10-01T22:30:27+00:00
2026-10-01T02:51:00Z,31225.25,31226.75,31225.25,31226.75,2,2026-10-01T22:30:27+00:00
2026-10-01T03:06:00Z,31243.0,31243.75,31238.75,31238.75,3,2026-10-01T22:30:27+00:00
2026-10-01T03:16:00Z,31250.75,31250.75,31250.75,31250.75,1,2026-10-01T22:30:27+00:00
2026-10-01T03:32:00Z,31230.5,31230.5,31230.5,31230.5,3,2026-10-01T22:30:27+00:00
2026-10-01T03:42:00Z,31242.75,31242.75,31242.75,31242.75,1,2026-10-01T22:30:27+00:00
2026-10-01T03:43:00Z,31246.75,31248.5,31246.75,31248.5,2,2026-10-01T22:30:27+00:00
2026-10-01T03:48:00Z,31254.25,31254.25,31254.25,31254.25,1,2026-10-01T22:30:27+00:00
2026-10-01T03:50:00Z,31255.75,31263.75,31255.75,31263.75,3,2026-10-01T22:30:27+00:00
2026-10-01T03:54:00Z,31262.0,31262.0,31262.0,31262.0,1,2026-10-01T22:30:27+00:00
2026-10-01T03:55:00Z,31280.5,31280.5,31280.5,31280.5,3,2026-10-01T22:30:27+00:00
2026-10-01T04:34:00Z,31305.25,31311.5,31305.25,31311.5,3,2026-10-01T22:30:27+00:00
2026-10-01T04:35:00Z,31311.5,31311.5,31311.5,31311.5,1,2026-10-01T22:30:27+00:00
2026-10-01T04:36:00Z,31317.75,31317.75,31317.75,31317.75,1,2026-10-01T22:30:27+00:00
2026-10-01T04:45:00Z,31317.5,31323.0,31317.5,31323.0,2,2026-10-01T22:30:27+00:00
2026-10-01T04:49:00Z,31335.25,31337.5,31335.25,31337.5,4,2026-10-01T22:30:27+00:00
2026-10-01T04:52:00Z,31340.0,31340.0,31340.0,31340.0,1,2026-10-01T22:30:27+00:00
2026-10-01T04:56:00Z,31340.0,31340.0,31340.0,31340.0,1,2026-10-01T22:30:27+00:00
2026-10-01T04:59:00Z,31346.75,31346.75,31346.75,31346.75,1,2026-10-01T22:30:27+00:00
2026-10-01T05:04:00Z,31361.0,31361.0,31361.0,31361.0,1,2026-10-01T22:30:27+00:00
2026-10-01T05:05:00Z,31381.5,31381.5,31381.5,31381.5,2,2026-10-01T22:30:27+00:00
2026-10-01T05:09:00Z,31383.5,31383.5,31383.5,31383.5,1,2026-10-01T22:30:27+00:00
2026-10-01T05:15:00Z,31385.0,31385.5,31385.0,31385.5,2,2026-10-01T22:30:27+00:00
2026-10-01T05:19:00Z,31393.25,31399.25,31393.25,31399.25,6,2026-10-01T22:30:27+00:00
2026-10-01T05:21:00Z,31400.0,31403.25,31400.0,31403.25,10,2026-10-01T22:30:27+00:00
2026-10-01T05:26:00Z,31410.0,31410.0,31410.0,31410.0,1,2026-10-01T22:30:27+00:00
2026-10-01T05:27:00Z,31412.25,31417.5,31412.25,31416.25,3,2026-10-01T22:30:27+00:00
2026-10-01T05:32:00Z,31436.0,31436.0,31436.0,31436.0,1,2026-10-01T22:30:27+00:00
2026-10-01T05:38:00Z,31426.75,31426.75,31426.75,31426.75,1,2026-10-01T22:30:27+00:00
2026-10-01T05:43:00Z,31434.75,31434.75,31434.75,31434.75,1,2026-10-01T22:30:27+00:00
2026-10-01T05:44:00Z,31425.0,31428.75,31425.0,31425.0,5,2026-10-01T22:30:27+00:00
2026-10-01T05:50:00Z,31428.75,31434.75,31428.75,31434.75,4,2026-10-01T22:30:27+00:00
2026-10-01T05:54:00Z,31455.25,31455.25,31455.25,31455.25,1,2026-10-01T22:30:27+00:00
2026-10-01T06:01:00Z,31489.75,31489.75,31489.75,31489.75,4,2026-10-01T22:30:27+00:00
2026-10-01T06:05:00Z,31495.0,31495.0,31495.0,31495.0,1,2026-10-01T22:30:27+00:00
2026-10-01T06:09:00Z,31498.75,31498.75,31498.75,31498.75,1,2026-10-01T22:30:27+00:00
2026-10-01T06:10:00Z,31501.0,31501.0,31501.0,31501.0,1,2026-10-01T22:30:27+00:00
2026-10-01T06:18:00Z,31499.0,31499.0,31499.0,31499.0,1,2026-10-01T22:30:27+00:00
2026-10-01T06:19:00Z,31480.0,31480.0,31480.0,31480.0,1,2026-10-01T22:30:27+00:00
2026-10-01T06:22:00Z,31505.5,31505.5,31505.5,31505.5,1,2026-10-01T22:30:27+00:00
2026-10-01T06:30:00Z,31506.25,31507.75,31495.0,31495.0,5,2026-10-01T22:30:27+00:00
2026-10-01T06:34:00Z,31475.5,31475.5,31475.5,31475.5,1,2026-10-01T22:30:27+00:00
2026-10-01T06:46:00Z,31411.75,31411.75,31411.75,31411.75,1,2026-10-01T22:30:27+00:00
2026-10-01T06:53:00Z,31421.5,31421.5,31421.5,31421.5,1,2026-10-01T22:30:27+00:00
2026-10-01T06:58:00Z,31412.25,31412.25,31412.25,31412.25,1,2026-10-01T22:30:27+00:00
2026-10-01T07:03:00Z,31382.0,31382.0,31382.0,31382.0,1,2026-10-01T22:30:27+00:00
2026-10-01T07:04:00Z,31395.75,31395.75,31395.75,31395.75,1,2026-10-01T22:30:27+00:00
2026-10-01T07:09:00Z,31402.5,31402.5,31402.5,31402.5,1,2026-10-01T22:30:27+00:00
2026-10-01T07:12:00Z,31377.75,31377.75,31377.75,31377.75,1,2026-10-01T22:30:27+00:00
2026-10-01T07:17:00Z,31312.25,31312.25,31312.25,31312.25,1,2026-10-01T22:30:27+00:00
2026-10-01T07:22:00Z,31285.5,31285.5,31285.5,31285.5,1,2026-10-01T22:30:27+00:00
2026-10-01T07:24:00Z,31260.5,31260.5,31260.5,31260.5,1,2026-10-01T22:30:27+00:00
2026-10-01T07:26:00Z,31210.25,31210.25,31210.25,31210.25,1,2026-10-01T22:30:27+00:00
2026-10-01T07:28:00Z,31199.75,31199.75,31197.75,31197.75,3,2026-10-01T22:30:27+00:00
2026-10-01T07:29:00Z,31183.0,31183.0,31162.5,31162.5,4,2026-10-01T22:30:27+00:00
2026-10-01T07:31:00Z,31183.0,31183.0,31183.0,31183.0,1,2026-10-01T22:30:27+00:00
2026-10-01T07:32:00Z,31221.25,31221.25,31221.25,31221.25,1,2026-10-01T22:30:27+00:00
2026-10-01T07:33:00Z,31222.5,31222.5,31222.5,31222.5,1,2026-10-01T22:30:27+00:00
2026-10-01T07:34:00Z,31225.5,31225.5,31220.25,31220.25,5,2026-10-01T22:30:27+00:00
2026-10-01T07:35:00Z,31228.5,31228.5,31228.5,31228.5,2,2026-10-01T22:30:27+00:00
2026-10-01T07:37:00Z,31215.75,31215.75,31215.75,31215.75,1,2026-10-01T22:30:27+00:00
2026-10-01T07:39:00Z,31220.0,31220.0,31220.0,31220.0,2,2026-10-01T22:30:27+00:00
2026-10-01T07:40:00Z,31190.0,31190.0,31190.0,31190.0,1,2026-10-01T22:30:27+00:00
2026-10-01T07:41:00Z,31186.0,31186.0,31186.0,31186.0,1,2026-10-01T22:30:27+00:00
2026-10-01T07:42:00Z,31192.5,31192.5,31192.5,31192.5,1,2026-10-01T22:30:27+00:00
2026-10-01T07:44:00Z,31190.75,31190.75,31190.75,31190.75,1,2026-10-01T22:30:27+00:00
2026-10-01T07:45:00Z,31204.25,31204.25,31204.25,31204.25,1,2026-10-01T22:30:27+00:00
2026-10-01T07:46:00Z,31203.75,31203.75,31203.75,31203.75,1,2026-10-01T22:30:27+00:00
2026-10-01T07:47:00Z,31203.75,31203.75,31203.75,31203.75,1,2026-10-01T22:30:27+00:00
2026-10-01T07:48:00Z,31200.5,31200.5,31187.75,31190.5,5,2026-10-01T22:30:27+00:00
2026-10-01T07:49:00Z,31194.5,31194.5,31194.5,31194.5,1,2026-10-01T22:30:27+00:00
2026-10-01T07:51:00Z,31234.75,31234.75,31234.75,31234.75,1,2026-10-01T22:30:27+00:00
2026-10-01T07:52:00Z,31218.0,31218.0,31218.0,31218.0,1,2026-10-01T22:30:27+00:00
2026-10-01T08:01:00Z,31236.75,31236.75,31236.75,31236.75,1,2026-10-01T22:30:27+00:00
2026-10-01T08:05:00Z,31265.5,31265.5,31265.5,31265.5,1,2026-10-01T22:30:27+00:00
2026-10-01T08:09:00Z,31200.5,31201.0,31200.5,31201.0,2,2026-10-01T22:30:27+00:00
2026-10-01T08:15:00Z,31194.0,31194.0,31194.0,31194.0,1,2026-10-01T22:30:27+00:00
2026-10-01T08:16:00Z,31192.0,31192.0,31192.0,31192.0,1,2026-10-01T22:30:27+00:00
2026-10-01T08:20:00Z,31170.0,31170.0,31170.0,31170.0,5,2026-10-01T22:30:27+00:00
2026-10-01T08:21:00Z,31172.0,31172.0,31172.0,31172.0,8,2026-10-01T22:30:27+00:00
2026-10-01T08:26:00Z,31190.75,31190.75,31190.75,31190.75,1,2026-10-01T22:30:27+00:00
2026-10-01T08:28:00Z,31172.0,31172.0,31172.0,31172.0,1,2026-10-01T22:30:27+00:00
2026-10-01T08:30:00Z,31149.5,31149.5,31149.5,31149.5,1,2026-10-01T22:30:27+00:00
2026-10-01T08:32:00Z,31125.25,31125.25,31125.25,31125.25,1,2026-10-01T22:30:27+00:00
2026-10-01T08:34:00Z,31138.5,31138.5,31138.5,31138.5,1,2026-10-01T22:30:27+00:00
2026-10-01T08:35:00Z,31148.0,31148.0,31148.0,31148.0,1,2026-10-01T22:30:27+00:00
2026-10-01T08:55:00Z,31190.0,31190.0,31190.0,31190.0,1,2026-10-01T22:30:27+00:00
2026-10-01T09:07:00Z,31238.75,31238.75,31238.75,31238.75,1,2026-10-01T22:30:27+00:00
2026-10-01T09:17:00Z,31239.0,31239.0,31239.0,31239.0,1,2026-10-01T22:30:27+00:00
2026-10-01T09:21:00Z,31239.5,31239.5,31239.5,31239.5,1,2026-10-01T22:30:27+00:00
2026-10-01T09:22:00Z,31248.25,31248.25,31248.25,31248.25,1,2026-10-01T22:30:27+00:00
2026-10-01T09:24:00Z,31252.0,31252.0,31252.0,31252.0,1,2026-10-01T22:30:27+00:00
2026-10-01T09:29:00Z,31264.25,31264.25,31264.25,31264.25,1,2026-10-01T22:30:27+00:00
2026-10-01T09:34:00Z,31263.75,31263.75,31263.75,31263.75,1,2026-10-01T22:30:27+00:00
2026-10-01T09:39:00Z,31232.5,31232.5,31232.5,31232.5,1,2026-10-01T22:30:27+00:00
2026-10-01T09:40:00Z,31232.25,31232.25,31232.25,31232.25,1,2026-10-01T22:30:27+00:00
2026-10-01T09:42:00Z,31227.5,31227.5,31227.5,31227.5,1,2026-10-01T22:30:27+00:00
2026-10-01T10:00:00Z,31227.75,31228.25,31200.0,31200.0,3,2026-10-01T22:30:27+00:00
2026-10-01T10:02:00Z,31170.25,31170.25,31170.25,31170.25,1,2026-10-01T22:30:27+00:00
2026-10-01T10:08:00Z,31171.0,31171.0,31171.0,31171.0,1,2026-10-01T22:30:27+00:00
2026-10-01T10:10:00Z,31188.0,31188.0,31188.0,31188.0,1,2026-10-01T22:30:27+00:00
2026-10-01T10:21:00Z,31230.0,31236.0,31230.0,31236.0,2,2026-10-01T22:30:27+00:00
2026-10-01T10:26:00Z,31242.5,31242.5,31242.5,31242.5,1,2026-10-01T22:30:27+00:00
2026-10-01T10:30:00Z,31247.0,31250.25,31247.0,31250.25,2,2026-10-01T22:30:27+00:00
2026-10-01T10:31:00Z,31251.25,31251.25,31251.25,31251.25,1,2026-10-01T22:30:27+00:00
2026-10-01T10:34:00Z,31257.0,31257.0,31257.0,31257.0,1,2026-10-01T22:30:27+00:00
2026-10-01T10:42:00Z,31270.5,31270.5,31264.5,31264.5,2,2026-10-01T22:30:27+00:00
2026-10-01T10:43:00Z,31291.75,31291.75,31291.75,31291.75,1,2026-10-01T22:30:27+00:00
2026-10-01T10:46:00Z,31295.5,31300.0,31295.5,31300.0,3,2026-10-01T22:30:27+00:00
2026-10-01T10:48:00Z,31304.5,31304.5,31304.5,31304.5,1,2026-10-01T22:30:27+00:00
2026-10-01T10:50:00Z,31296.25,31296.25,31296.25,31296.25,1,2026-10-01T22:30:27+00:00
2026-10-01T10:52:00Z,31304.25,31304.25,31304.25,31304.25,1,2026-10-01T22:30:27+00:00
2026-10-01T10:53:00Z,31299.75,31313.0,31299.75,31313.0,2,2026-10-01T22:30:27+00:00
2026-10-01T10:54:00Z,31307.75,31307.75,31307.75,31307.75,1,2026-10-01T22:30:27+00:00
2026-10-01T10:59:00Z,31304.75,31304.75,31304.75,31304.75,1,2026-10-01T22:30:27+00:00
2026-10-01T11:14:00Z,31238.25,31238.25,31238.25,31238.25,1,2026-10-01T22:30:27+00:00
2026-10-01T11:23:00Z,31197.0,31197.0,31197.0,31197.0,1,2026-10-01T22:30:27+00:00
2026-10-01T11:28:00Z,31201.5,31201.5,31201.5,31201.5,1,2026-10-01T22:30:27+00:00
2026-10-01T11:41:00Z,31250.5,31250.5,31250.5,31250.5,1,2026-10-01T22:30:27+00:00
2026-10-01T11:58:00Z,31256.0,31256.0,31256.0,31256.0,1,2026-10-01T22:30:27+00:00
2026-10-01T12:06:00Z,31231.0,31231.0,31231.0,31231.0,1,2026-10-01T22:30:27+00:00
2026-10-01T12:07:00Z,31237.25,31237.25,31237.25,31237.25,1,2026-10-01T22:30:27+00:00
2026-10-01T12:17:00Z,31212.75,31212.75,31212.75,31212.75,1,2026-10-01T22:30:27+00:00
2026-10-01T12:23:00Z,31204.5,31204.5,31204.5,31204.5,4,2026-10-01T22:30:27+00:00
2026-10-01T12:24:00Z,31214.25,31214.25,31214.25,31214.25,1,2026-10-01T22:30:27+00:00
2026-10-01T12:26:00Z,31224.0,31224.0,31218.75,31218.75,8,2026-10-01T22:30:27+00:00
2026-10-01T12:32:00Z,31226.25,31226.25,31226.25,31226.25,2,2026-10-01T22:30:27+00:00
2026-10-01T12:34:00Z,31227.5,31227.5,31227.5,31227.5,3,2026-10-01T22:30:27+00:00
2026-10-01T12:53:00Z,31196.25,31196.5,31196.25,31196.5,5,2026-10-01T22:30:27+00:00
2026-10-01T13:13:00Z,31216.75,31217.5,31216.75,31217.5,2,2026-10-01T22:30:27+00:00
2026-10-01T13:23:00Z,31184.75,31184.75,31184.75,31184.75,1,2026-10-01T22:30:27+00:00
2026-10-01T13:25:00Z,31184.0,31185.25,31184.0,31185.25,2,2026-10-01T22:30:27+00:00
2026-10-01T13:28:00Z,31166.75,31166.75,31166.75,31166.75,1,2026-10-01T22:30:27+00:00
2026-10-01T13:30:00Z,31154.5,31178.75,31154.5,31178.75,3,2026-10-01T22:30:27+00:00
2026-10-01T13:31:00Z,31137.25,31141.0,31100.0,31100.0,8,2026-10-01T22:30:27+00:00
2026-10-01T13:32:00Z,31131.75,31137.0,31131.75,31137.0,3,2026-10-01T22:30:27+00:00
2026-10-01T13:33:00Z,31218.0,31218.0,31218.0,31218.0,1,2026-10-01T22:30:27+00:00
2026-10-01T13:34:00Z,31169.0,31169.0,31169.0,31169.0,2,2026-10-01T22:30:27+00:00
2026-10-01T13:39:00Z,31191.5,31191.5,31163.5,31163.5,3,2026-10-01T22:30:27+00:00
2026-10-01T13:40:00Z,31160.0,31160.0,31160.0,31160.0,1,2026-10-01T22:30:27+00:00
2026-10-01T13:41:00Z,31173.0,31173.0,31149.0,31149.0,3,2026-10-01T22:30:27+00:00
2026-10-01T13:42:00Z,31139.0,31139.0,31139.0,31139.0,1,2026-10-01T22:30:27+00:00
2026-10-01T13:45:00Z,31154.0,31154.0,31129.0,31129.0,6,2026-10-01T22:30:27+00:00
2026-10-01T13:46:00Z,31105.25,31105.25,31102.0,31102.0,2,2026-10-01T22:30:27+00:00
2026-10-01T13:47:00Z,31099.5,31099.5,31090.0,31090.0,3,2026-10-01T22:30:27+00:00
2026-10-01T13:48:00Z,31079.25,31079.25,31079.25,31079.25,1,2026-10-01T22:30:27+00:00
2026-10-01T13:49:00Z,31111.75,31111.75,31111.25,31111.25,2,2026-10-01T22:30:27+00:00
2026-10-01T13:51:00Z,31069.75,31069.75,31069.75,31069.75,1,2026-10-01T22:30:27+00:00
2026-10-01T13:52:00Z,31089.0,31089.0,31089.0,31089.0,1,2026-10-01T22:30:27+00:00
2026-10-01T13:53:00Z,31136.0,31136.0,31136.0,31136.0,1,2026-10-01T22:30:27+00:00
2026-10-01T13:56:00Z,31130.0,31130.0,31130.0,31130.0,1,2026-10-01T22:30:27+00:00
2026-10-01T14:00:00Z,31054.25,31054.25,31050.0,31050.0,13,2026-10-01T22:30:27+00:00
2026-10-01T14:02:00Z,30993.25,30993.25,30993.25,30993.25,1,2026-10-01T22:30:27+00:00
2026-10-01T14:04:00Z,30991.25,30991.25,30991.25,30991.25,1,2026-10-01T22:30:27+00:00
2026-10-01T14:05:00Z,30979.25,30979.25,30979.25,30979.25,1,2026-10-01T22:30:27+00:00
2026-10-01T14:06:00Z,30981.0,30981.0,30958.25,30958.25,11,2026-10-01T22:30:27+00:00
2026-10-01T14:07:00Z,30990.5,30990.5,30990.5,30990.5,1,2026-10-01T22:30:27+00:00
2026-10-01T14:08:00Z,31004.0,31043.75,31004.0,31032.5,9,2026-10-01T22:30:27+00:00
2026-10-01T14:09:00Z,31052.25,31062.25,31052.25,31062.25,9,2026-10-01T22:30:27+00:00
2026-10-01T14:10:00Z,31045.25,31064.5,31045.25,31064.5,3,2026-10-01T22:30:27+00:00
2026-10-01T14:11:00Z,31039.0,31039.0,31032.25,31032.25,4,2026-10-01T22:30:27+00:00
2026-10-01T14:12:00Z,31019.5,31019.5,31019.5,31019.5,1,2026-10-01T22:30:27+00:00
2026-10-01T14:13:00Z,30989.75,31012.75,30989.75,31012.75,2,2026-10-01T22:30:27+00:00
2026-10-01T14:14:00Z,31001.25,31007.5,31001.25,31007.5,4,2026-10-01T22:30:27+00:00
2026-10-01T14:18:00Z,30987.5,30987.5,30985.25,30985.25,4,2026-10-01T22:30:27+00:00
2026-10-01T14:19:00Z,30977.0,30977.0,30960.0,30960.0,2,2026-10-01T22:30:27+00:00
2026-10-01T14:20:00Z,30990.0,30997.25,30990.0,30997.25,3,2026-10-01T22:30:27+00:00
2026-10-01T14:21:00Z,30988.0,31001.0,30983.25,30983.25,4,2026-10-01T22:30:27+00:00
2026-10-01T14:22:00Z,30960.75,30962.25,30940.0,30940.0,5,2026-10-01T22:30:27+00:00
2026-10-01T14:23:00Z,30931.0,30940.75,30931.0,30940.75,3,2026-10-01T22:30:27+00:00
2026-10-01T14:24:00Z,30966.75,30969.0,30955.0,30955.0,4,2026-10-01T22:30:27+00:00
2026-10-01T14:25:00Z,30984.25,30984.25,30980.25,30983.75,3,2026-10-01T22:30:27+00:00
2026-10-01T14:28:00Z,30969.5,30973.0,30969.5,30973.0,2,2026-10-01T22:30:27+00:00
2026-10-01T14:29:00Z,30990.75,30990.75,30990.75,30990.75,1,2026-10-01T22:30:27+00:00
2026-10-01T14:30:00Z,30985.25,31006.0,30985.25,31006.0,4,2026-10-01T22:30:27+00:00
2026-10-01T14:31:00Z,30975.0,30975.0,30975.0,30975.0,2,2026-10-01T22:30:27+00:00
2026-10-01T14:32:00Z,30989.0,31005.0,30989.0,31005.0,3,2026-10-01T22:30:27+00:00
2026-10-01T14:33:00Z,31015.5,31015.5,31015.5,31015.5,3,2026-10-01T22:30:27+00:00
2026-10-01T14:34:00Z,31020.25,31020.25,31020.25,31020.25,1,2026-10-01T22:30:27+00:00
2026-10-01T14:35:00Z,31030.75,31030.75,31030.75,31030.75,1,2026-10-01T22:30:27+00:00
2026-10-01T14:36:00Z,31050.0,31050.0,31050.0,31050.0,1,2026-10-01T22:30:27+00:00
2026-10-01T14:38:00Z,31057.25,31057.25,31057.25,31057.25,1,2026-10-01T22:30:27+00:00
2026-10-01T14:39:00Z,31062.0,31062.0,31062.0,31062.0,1,2026-10-01T22:30:27+00:00
2026-10-01T14:40:00Z,31076.25,31076.25,31076.25,31076.25,1,2026-10-01T22:30:27+00:00
2026-10-01T14:41:00Z,31055.5,31055.5,31049.0,31049.0,3,2026-10-01T22:30:27+00:00
2026-10-01T14:42:00Z,31061.0,31061.0,31061.0,31061.0,1,2026-10-01T22:30:27+00:00
2026-10-01T14:43:00Z,31058.25,31059.25,31053.0,31053.0,4,2026-10-01T22:30:27+00:00
2026-10-01T14:44:00Z,31047.0,31047.0,31047.0,31047.0,1,2026-10-01T22:30:27+00:00
2026-10-01T14:45:00Z,31057.0,31070.0,31057.0,31070.0,2,2026-10-01T22:30:27+00:00
2026-10-01T14:47:00Z,31036.0,31036.25,31036.0,31036.25,2,2026-10-01T22:30:27+00:00
2026-10-01T14:48:00Z,31032.0,31032.0,31032.0,31032.0,1,2026-10-01T22:30:27+00:00
2026-10-01T14:49:00Z,31030.0,31030.0,31030.0,31030.0,2,2026-10-01T22:30:27+00:00
2026-10-01T14:52:00Z,30979.75,30979.75,30979.75,30979.75,1,2026-10-01T22:30:27+00:00
2026-10-01T14:53:00Z,30995.5,30995.5,30995.5,30995.5,1,2026-10-01T22:30:27+00:00
2026-10-01T14:54:00Z,30987.0,30987.0,30987.0,30987.0,1,2026-10-01T22:30:27+00:00
2026-10-01T14:57:00Z,31001.25,31001.25,30990.5,30990.5,2,2026-10-01T22:30:27+00:00
2026-10-01T14:58:00Z,31020.75,31033.0,31005.0,31005.0,8,2026-10-01T22:30:27+00:00
2026-10-01T14:59:00Z,30983.0,30983.0,30983.0,30983.0,1,2026-10-01T22:30:27+00:00
2026-10-01T15:00:00Z,30996.5,30996.5,30982.0,30982.0,6,2026-10-01T22:30:27+00:00
2026-10-01T15:01:00Z,30958.75,30958.75,30958.75,30958.75,1,2026-10-01T22:30:27+00:00
2026-10-01T15:03:00Z,30961.0,30962.75,30955.75,30955.75,3,2026-10-01T22:30:27+00:00
2026-10-01T15:04:00Z,30967.5,30967.5,30967.5,30967.5,1,2026-10-01T22:30:27+00:00
2026-10-01T15:06:00Z,30961.25,30961.25,30951.25,30951.25,5,2026-10-01T22:30:27+00:00
2026-10-01T15:07:00Z,30957.25,30957.25,30957.25,30957.25,1,2026-10-01T22:30:27+00:00
2026-10-01T15:08:00Z,30930.0,30930.0,30929.0,30929.0,2,2026-10-01T22:30:27+00:00
2026-10-01T15:10:00Z,30907.75,30907.75,30907.75,30907.75,1,2026-10-01T22:30:27+00:00
2026-10-01T15:11:00Z,30907.5,30920.75,30896.25,30920.75,10,2026-10-01T22:30:27+00:00
2026-10-01T15:12:00Z,30925.25,30925.25,30925.25,30925.25,1,2026-10-01T22:30:27+00:00
2026-10-01T15:13:00Z,30934.25,30941.25,30934.25,30941.25,2,2026-10-01T22:30:27+00:00
2026-10-01T15:14:00Z,30979.5,30979.5,30979.5,30979.5,1,2026-10-01T22:30:27+00:00
2026-10-01T15:15:00Z,30968.75,30968.75,30967.0,30967.0,2,2026-10-01T22:30:27+00:00
2026-10-01T15:16:00Z,30990.5,30990.5,30990.5,30990.5,1,2026-10-01T22:30:27+00:00
2026-10-01T15:17:00Z,31006.0,31026.25,31006.0,31026.25,2,2026-10-01T22:30:27+00:00
2026-10-01T15:18:00Z,31013.0,31013.0,31013.0,31013.0,2,2026-10-01T22:30:27+00:00
2026-10-01T15:19:00Z,31020.5,31026.0,31020.5,31026.0,4,2026-10-01T22:30:27+00:00
2026-10-01T15:20:00Z,31015.25,31032.75,31000.0,31000.0,22,2026-10-01T22:30:27+00:00
2026-10-01T15:21:00Z,30992.75,31010.25,30992.75,31010.25,8,2026-10-01T22:30:27+00:00
2026-10-01T15:25:00Z,31016.0,31016.0,31016.0,31016.0,1,2026-10-01T22:30:27+00:00
2026-10-01T15:26:00Z,31024.75,31025.0,31024.75,31025.0,2,2026-10-01T22:30:27+00:00
2026-10-01T15:27:00Z,31031.25,31031.25,31028.25,31031.0,3,2026-10-01T22:30:27+00:00
2026-10-01T15:28:00Z,31040.25,31040.25,31015.0,31015.0,6,2026-10-01T22:30:27+00:00
2026-10-01T15:30:00Z,30988.25,30996.25,30982.0,30996.25,5,2026-10-01T22:30:27+00:00
2026-10-01T15:31:00Z,30984.5,30984.5,30974.5,30974.5,2,2026-10-01T22:30:27+00:00
2026-10-01T15:32:00Z,30968.5,30968.5,30968.5,30968.5,1,2026-10-01T22:30:27+00:00
2026-10-01T15:33:00Z,30962.0,30962.0,30962.0,30962.0,1,2026-10-01T22:30:27+00:00
2026-10-01T15:34:00Z,30947.75,30947.75,30938.75,30938.75,4,2026-10-01T22:30:27+00:00
2026-10-01T15:35:00Z,30928.75,30928.75,30928.75,30928.75,1,2026-10-01T22:30:27+00:00
2026-10-01T15:36:00Z,30919.0,30919.0,30919.0,30919.0,1,2026-10-01T22:30:27+00:00
2026-10-01T15:37:00Z,30941.0,30941.0,30941.0,30941.0,1,2026-10-01T22:30:27+00:00
2026-10-01T15:38:00Z,30949.25,30949.25,30949.25,30949.25,2,2026-10-01T22:30:27+00:00
2026-10-01T15:41:00Z,30932.25,30932.25,30932.25,30932.25,1,2026-10-01T22:30:27+00:00
2026-10-01T15:42:00Z,30929.25,30942.5,30929.25,30942.5,2,2026-10-01T22:30:27+00:00
2026-10-01T15:43:00Z,30933.0,30933.0,30931.25,30931.25,2,2026-10-01T22:30:27+00:00
2026-10-01T15:44:00Z,30916.0,30916.0,30916.0,30916.0,15,2026-10-01T22:30:27+00:00
2026-10-01T15:46:00Z,30923.25,30923.25,30923.25,30923.25,1,2026-10-01T22:30:27+00:00
2026-10-01T15:47:00Z,30920.0,30920.0,30920.0,30920.0,2,2026-10-01T22:30:27+00:00
2026-10-01T15:48:00Z,30938.75,30941.0,30938.75,30941.0,2,2026-10-01T22:30:27+00:00
2026-10-01T15:51:00Z,30913.25,30913.25,30913.25,30913.25,1,2026-10-01T22:30:27+00:00
2026-10-01T15:53:00Z,30916.75,30916.75,30916.75,30916.75,1,2026-10-01T22:30:27+00:00
2026-10-01T15:54:00Z,30915.75,30915.75,30915.75,30915.75,1,2026-10-01T22:30:27+00:00
2026-10-01T15:55:00Z,30951.5,30951.5,30951.5,30951.5,1,2026-10-01T22:30:27+00:00
2026-10-01T15:56:00Z,30965.5,30977.0,30964.5,30964.5,4,2026-10-01T22:30:27+00:00
2026-10-01T15:57:00Z,30966.25,30983.25,30966.25,30983.25,3,2026-10-01T22:30:27+00:00
2026-10-01T15:59:00Z,30963.0,30963.0,30963.0,30963.0,1,2026-10-01T22:30:27+00:00
2026-10-01T16:02:00Z,30986.5,30986.5,30986.5,30986.5,1,2026-10-01T22:30:27+00:00
2026-10-01T16:03:00Z,30994.0,30994.0,30994.0,30994.0,1,2026-10-01T22:30:27+00:00
2026-10-01T16:08:00Z,30990.0,30990.0,30990.0,30990.0,2,2026-10-01T22:30:27+00:00
2026-10-01T16:10:00Z,30995.25,30995.25,30995.25,30995.25,1,2026-10-01T22:30:27+00:00
2026-10-01T16:11:00Z,30992.5,30992.5,30992.5,30992.5,1,2026-10-01T22:30:27+00:00
2026-10-01T16:12:00Z,30991.5,30991.5,30991.5,30991.5,2,2026-10-01T22:30:27+00:00
2026-10-01T16:15:00Z,30966.0,30966.0,30966.0,30966.0,1,2026-10-01T22:30:27+00:00
2026-10-01T16:16:00Z,30970.25,30973.75,30970.25,30973.75,2,2026-10-01T22:30:27+00:00
2026-10-01T16:20:00Z,30969.5,30969.5,30969.5,30969.5,1,2026-10-01T22:30:27+00:00
2026-10-01T16:22:00Z,30977.5,30977.5,30977.5,30977.5,1,2026-10-01T22:30:27+00:00
2026-10-01T16:23:00Z,30973.0,30977.0,30973.0,30977.0,2,2026-10-01T22:30:27+00:00
2026-10-01T16:24:00Z,30997.5,30997.5,30997.5,30997.5,1,2026-10-01T22:30:27+00:00
2026-10-01T16:25:00Z,30988.25,30988.5,30988.25,30988.5,2,2026-10-01T22:30:27+00:00
2026-10-01T16:28:00Z,30980.0,30980.0,30980.0,30980.0,1,2026-10-01T22:30:27+00:00
2026-10-01T16:30:00Z,30991.0,30991.0,30991.0,30991.0,1,2026-10-01T22:30:27+00:00
2026-10-01T16:31:00Z,30998.5,30998.5,30998.5,30998.5,1,2026-10-01T22:30:27+00:00
2026-10-01T16:35:00Z,31021.25,31021.25,31021.25,31021.25,1,2026-10-01T22:30:27+00:00
2026-10-01T16:36:00Z,31016.75,31019.25,31016.75,31019.25,4,2026-10-01T22:30:27+00:00
2026-10-01T16:37:00Z,31013.0,31013.0,31013.0,31013.0,3,2026-10-01T22:30:27+00:00
2026-10-01T16:38:00Z,30986.5,30986.5,30986.0,30986.0,2,2026-10-01T22:30:27+00:00
2026-10-01T16:41:00Z,30986.5,30986.5,30986.5,30986.5,1,2026-10-01T22:30:27+00:00
2026-10-01T16:42:00Z,30980.25,30993.0,30980.25,30993.0,4,2026-10-01T22:30:27+00:00
2026-10-01T16:50:00Z,30997.5,30997.5,30987.25,30987.25,4,2026-10-01T22:30:27+00:00
2026-10-01T16:51:00Z,30997.0,30997.0,30997.0,30997.0,1,2026-10-01T22:30:27+00:00
2026-10-01T16:52:00Z,30975.25,30975.25,30975.25,30975.25,1,2026-10-01T22:30:27+00:00
2026-10-01T16:53:00Z,30968.0,30968.0,30962.5,30962.5,5,2026-10-01T22:30:27+00:00
2026-10-01T16:55:00Z,30934.5,30934.5,30931.0,30931.0,2,2026-10-01T22:30:27+00:00
2026-10-01T16:57:00Z,30930.0,30937.25,30930.0,30937.25,3,2026-10-01T22:30:27+00:00
2026-10-01T17:00:00Z,30951.5,30951.5,30951.5,30951.5,1,2026-10-01T22:30:27+00:00
2026-10-01T17:01:00Z,30952.25,30960.0,30952.25,30960.0,4,2026-10-01T22:30:27+00:00
2026-10-01T17:02:00Z,30982.0,30982.0,30982.0,30982.0,1,2026-10-01T22:30:27+00:00
2026-10-01T17:11:00Z,31017.0,31022.75,31017.0,31022.75,2,2026-10-01T22:30:27+00:00
2026-10-01T17:14:00Z,31040.0,31040.0,31035.75,31035.75,5,2026-10-01T22:30:27+00:00
2026-10-01T17:17:00Z,31048.5,31048.5,31048.5,31048.5,3,2026-10-01T22:30:27+00:00
2026-10-01T17:19:00Z,31061.5,31061.5,31061.5,31061.5,3,2026-10-01T22:30:27+00:00
2026-10-01T17:21:00Z,31085.5,31085.5,31085.5,31085.5,1,2026-10-01T22:30:27+00:00
2026-10-01T17:22:00Z,31111.0,31111.0,31111.0,31111.0,1,2026-10-01T22:30:27+00:00
2026-10-01T17:23:00Z,31112.5,31112.5,31112.5,31112.5,1,2026-10-01T22:30:27+00:00
2026-10-01T17:25:00Z,31143.75,31143.75,31143.75,31143.75,4,2026-10-01T22:30:27+00:00
2026-10-01T17:26:00Z,31144.5,31144.5,31144.5,31144.5,1,2026-10-01T22:30:27+00:00
2026-10-01T17:27:00Z,31156.75,31156.75,31156.75,31156.75,1,2026-10-01T22:30:27+00:00
2026-10-01T17:30:00Z,31160.5,31207.0,31160.5,31207.0,13,2026-10-01T22:30:27+00:00
2026-10-01T17:33:00Z,31197.75,31197.75,31197.75,31197.75,1,2026-10-01T22:30:27+00:00
2026-10-01T17:34:00Z,31196.5,31196.5,31196.5,31196.5,2,2026-10-01T22:30:27+00:00
2026-10-01T17:36:00Z,31182.0,31191.75,31182.0,31191.75,3,2026-10-01T22:30:27+00:00
2026-10-01T17:37:00Z,31187.5,31187.5,31187.5,31187.5,1,2026-10-01T22:30:27+00:00
2026-10-01T17:38:00Z,31186.5,31187.5,31186.5,31187.0,11,2026-10-01T22:30:27+00:00
2026-10-01T17:39:00Z,31184.25,31184.25,31181.5,31181.5,2,2026-10-01T22:30:27+00:00
2026-10-01T17:40:00Z,31179.0,31179.0,31172.5,31172.5,18,2026-10-01T22:30:27+00:00
2026-10-01T17:41:00Z,31172.5,31172.5,31172.5,31172.5,3,2026-10-01T22:30:27+00:00
2026-10-01T17:45:00Z,31226.5,31226.5,31226.5,31226.5,2,2026-10-01T22:30:27+00:00
2026-10-01T17:46:00Z,31228.0,31228.0,31216.5,31216.5,2,2026-10-01T22:30:27+00:00
2026-10-01T17:47:00Z,31233.0,31233.0,31222.0,31222.0,20,2026-10-01T22:30:27+00:00
2026-10-01T17:48:00Z,31216.75,31216.75,31211.75,31211.75,36,2026-10-01T22:30:27+00:00
2026-10-01T17:49:00Z,31213.25,31213.25,31204.75,31204.75,22,2026-10-01T22:30:27+00:00
2026-10-01T17:50:00Z,31202.75,31202.75,31194.75,31194.75,21,2026-10-01T22:30:27+00:00
2026-10-01T17:53:00Z,31209.0,31209.25,31204.75,31204.75,25,2026-10-01T22:30:27+00:00
2026-10-01T17:54:00Z,31209.75,31210.75,31177.25,31181.75,48,2026-10-01T22:30:27+00:00
2026-10-01T17:56:00Z,31182.0,31182.0,31179.5,31179.5,4,2026-10-01T22:30:27+00:00
2026-10-01T17:57:00Z,31152.5,31152.5,31152.5,31152.5,1,2026-10-01T22:30:27+00:00
2026-10-01T17:59:00Z,31147.0,31147.0,31147.0,31147.0,1,2026-10-01T22:30:27+00:00
2026-10-01T18:04:00Z,31115.75,31115.75,31115.75,31115.75,1,2026-10-01T22:30:27+00:00
2026-10-01T18:05:00Z,31115.25,31115.25,31115.25,31115.25,10,2026-10-01T22:30:27+00:00
2026-10-01T18:09:00Z,31073.75,31073.75,31073.75,31073.75,1,2026-10-01T22:30:27+00:00
2026-10-01T18:10:00Z,31071.0,31071.0,31071.0,31071.0,1,2026-10-01T22:30:27+00:00
2026-10-01T18:12:00Z,31084.0,31095.5,31084.0,31095.5,4,2026-10-01T22:30:27+00:00
2026-10-01T18:13:00Z,31101.5,31120.5,31101.5,31120.5,11,2026-10-01T22:30:27+00:00
2026-10-01T18:16:00Z,31106.0,31106.0,31106.0,31106.0,31,2026-10-01T22:30:27+00:00
2026-10-01T18:19:00Z,31119.25,31119.25,31119.25,31119.25,1,2026-10-01T22:30:27+00:00
2026-10-01T18:22:00Z,31119.25,31119.25,31102.0,31102.0,7,2026-10-01T22:30:27+00:00
2026-10-01T18:23:00Z,31129.5,31152.5,31129.5,31152.5,11,2026-10-01T22:30:27+00:00
2026-10-01T18:25:00Z,31142.5,31142.5,31141.25,31141.25,3,2026-10-01T22:30:27+00:00
2026-10-01T18:26:00Z,31153.5,31153.5,31153.5,31153.5,1,2026-10-01T22:30:27+00:00
2026-10-01T18:29:00Z,31166.25,31167.5,31166.25,31167.5,2,2026-10-01T22:30:27+00:00
2026-10-01T18:30:00Z,31165.5,31165.5,31147.5,31147.5,3,2026-10-01T22:30:27+00:00
2026-10-01T18:34:00Z,31164.25,31198.75,31164.25,31198.75,5,2026-10-01T22:30:27+00:00
2026-10-01T18:35:00Z,31194.0,31194.0,31191.0,31191.0,2,2026-10-01T22:30:27+00:00
2026-10-01T18:36:00Z,31182.0,31182.0,31182.0,31182.0,1,2026-10-01T22:30:27+00:00
2026-10-01T18:42:00Z,31162.0,31162.0,31162.0,31162.0,1,2026-10-01T22:30:27+00:00
2026-10-01T18:47:00Z,31177.0,31179.25,31177.0,31179.25,2,2026-10-01T22:30:27+00:00
2026-10-01T18:59:00Z,31202.0,31205.0,31202.0,31205.0,2,2026-10-01T22:30:27+00:00
2026-10-01T19:01:00Z,31185.0,31185.0,31185.0,31185.0,1,2026-10-01T22:30:27+00:00
2026-10-01T19:03:00Z,31164.75,31164.75,31164.75,31164.75,10,2026-10-01T22:30:27+00:00
2026-10-01T19:11:00Z,31168.25,31168.25,31168.25,31168.25,1,2026-10-01T22:30:27+00:00
2026-10-01T19:13:00Z,31162.0,31162.0,31162.0,31162.0,12,2026-10-01T22:30:27+00:00
2026-10-01T19:30:00Z,31168.25,31168.25,31168.25,31168.25,1,2026-10-01T22:30:27+00:00
2026-10-01T19:34:00Z,31166.25,31166.25,31166.25,31166.25,1,2026-10-01T22:30:27+00:00
2026-10-01T19:35:00Z,31153.25,31153.25,31153.25,31153.25,1,2026-10-01T22:30:27+00:00
2026-10-01T19:39:00Z,31174.5,31174.5,31174.5,31174.5,1,2026-10-01T22:30:27+00:00
2026-10-01T19:50:00Z,31195.0,31195.0,31195.0,31195.0,1,2026-10-01T22:30:27+00:00
2026-10-01T19:51:00Z,31215.25,31215.25,31215.25,31215.25,1,2026-10-01T22:30:27+00:00
2026-10-01T19:53:00Z,31202.0,31202.0,31202.0,31202.0,55,2026-10-01T22:30:27+00:00
2026-10-01T19:55:00Z,31158.5,31158.5,31142.0,31142.0,3,2026-10-01T22:30:27+00:00
2026-10-01T19:59:00Z,31110.75,31117.25,31110.75,31117.25,2,2026-10-01T22:30:27+00:00
2026-10-01T20:00:00Z,31144.0,31144.0,31144.0,31144.0,42,2026-10-01T22:30:27+00:00
2026-10-01T20:04:00Z,31151.75,31151.75,31151.75,31151.75,13,2026-10-01T22:30:27+00:00
2026-10-01T20:05:00Z,31154.0,31154.0,31154.0,31154.0,1,2026-10-01T22:30:27+00:00
2026-10-01T20:09:00Z,31169.25,31169.25,31169.25,31169.25,1,2026-10-01T22:30:27+00:00
2026-10-01T20:46:00Z,31142.25,31142.25,31142.25,31142.25,1,2026-10-01T22:30:27+00:00
2026-10-01T20:56:00Z,31130.0,31130.0,31130.0,31130.0,2,2026-10-02T22:30:25+00:00
2026-10-01T23:10:00Z,31204.0,31204.0,31204.0,31204.0,0,2026-10-02T22:30:25+00:00
2026-10-02T00:00:00Z,31189.25,31189.25,31189.25,31189.25,1,2026-10-02T22:30:25+00:00
2026-10-02T00:20:00Z,31258.25,31258.25,31258.25,31258.25,1,2026-10-02T22:30:25+00:00
2026-10-02T00:38:00Z,31218.0,31218.0,31218.0,31218.0,1,2026-10-02T22:30:25+00:00
2026-10-02T01:15:00Z,31186.25,31186.25,31186.25,31186.25,1,2026-10-02T22:30:25+00:00
2026-10-02T01:35:00Z,31165.0,31165.0,31165.0,31165.0,1,2026-10-02T22:30:25+00:00
2026-10-02T01:50:00Z,31191.75,31191.75,31191.75,31191.75,1,2026-10-02T22:30:25+00:00
2026-10-02T01:56:00Z,31223.75,31223.75,31223.75,31223.75,1,2026-10-02T22:30:25+00:00
2026-10-02T02:02:00Z,31225.0,31225.0,31225.0,31225.0,1,2026-10-02T22:30:25+00:00
2026-10-02T02:04:00Z,31227.0,31227.0,31227.0,31227.0,1,2026-10-02T22:30:25+00:00
2026-10-02T02:06:00Z,31225.25,31225.25,31225.25,31225.25,1,2026-10-02T22:30:25+00:00
2026-10-02T02:11:00Z,31208.75,31208.75,31208.75,31208.75,1,2026-10-02T22:30:25+00:00
2026-10-02T02:13:00Z,31230.5,31230.5,31230.5,31230.5,2,2026-10-02T22:30:25+00:00
2026-10-02T02:16:00Z,31237.5,31237.5,31237.5,31237.5,1,2026-10-02T22:30:25+00:00
2026-10-02T02:24:00Z,31218.0,31218.0,31218.0,31218.0,1,2026-10-02T22:30:25+00:00
2026-10-02T02:26:00Z,31232.25,31232.25,31232.25,31232.25,1,2026-10-02T22:30:25+00:00
2026-10-02T02:49:00Z,31248.75,31252.75,31248.75,31252.75,7,2026-10-02T22:30:25+00:00
2026-10-02T02:57:00Z,31246.75,31246.75,31246.75,31246.75,1,2026-10-02T22:30:25+00:00
2026-10-02T03:36:00Z,31239.0,31239.0,31239.0,31239.0,1,2026-10-02T22:30:25+00:00
2026-10-02T03:45:00Z,31253.5,31253.5,31253.5,31253.5,3,2026-10-02T22:30:25+00:00
2026-10-02T04:13:00Z,31264.0,31264.0,31264.0,31264.0,2,2026-10-02T22:30:25+00:00
2026-10-02T04:21:00Z,31262.25,31267.0,31262.25,31267.0,9,2026-10-02T22:30:25+00:00
2026-10-02T05:00:00Z,31286.0,31286.0,31286.0,31286.0,2,2026-10-02T22:30:25+00:00
2026-10-02T05:02:00Z,31301.25,31301.25,31301.25,31301.25,6,2026-10-02T22:30:25+00:00
2026-10-02T05:08:00Z,31283.25,31283.25,31283.25,31283.25,1,2026-10-02T22:30:25+00:00
2026-10-02T05:15:00Z,31269.5,31269.5,31269.5,31269.5,1,2026-10-02T22:30:25+00:00
2026-10-02T05:53:00Z,31234.25,31234.25,31234.25,31234.25,2,2026-10-02T22:30:25+00:00
2026-10-02T05:55:00Z,31235.25,31235.25,31235.25,31235.25,2,2026-10-02T22:30:25+00:00
2026-10-02T05:57:00Z,31231.0,31231.0,31231.0,31231.0,1,2026-10-02T22:30:25+00:00
2026-10-02T06:01:00Z,31252.75,31255.75,31252.75,31255.75,5,2026-10-02T22:30:25+00:00
2026-10-02T06:12:00Z,31262.75,31262.75,31262.75,31262.75,1,2026-10-02T22:30:25+00:00
2026-10-02T06:18:00Z,31228.0,31228.0,31220.0,31220.0,53,2026-10-02T22:30:25+00:00
2026-10-02T06:20:00Z,31223.5,31223.5,31222.5,31222.5,5,2026-10-02T22:30:25+00:00
2026-10-02T06:39:00Z,31236.0,31236.0,31236.0,31236.0,1,2026-10-02T22:30:25+00:00
2026-10-02T07:08:00Z,31267.5,31267.5,31267.5,31267.5,1,2026-10-02T22:30:25+00:00
2026-10-02T07:11:00Z,31275.0,31283.25,31275.0,31283.25,4,2026-10-02T22:30:25+00:00
2026-10-02T07:39:00Z,31289.25,31289.25,31289.25,31289.25,1,2026-10-02T22:30:25+00:00
2026-10-02T07:44:00Z,31291.25,31291.25,31291.25,31291.25,1,2026-10-02T22:30:25+00:00
2026-10-02T07:49:00Z,31292.25,31292.25,31292.25,31292.25,1,2026-10-02T22:30:25+00:00
2026-10-02T07:54:00Z,31310.0,31310.0,31310.0,31310.0,1,2026-10-02T22:30:25+00:00
2026-10-02T07:56:00Z,31326.25,31326.25,31326.25,31326.25,1,2026-10-02T22:30:25+00:00
2026-10-02T07:57:00Z,31350.0,31350.5,31350.0,31350.5,2,2026-10-02T22:30:25+00:00
2026-10-02T08:02:00Z,31342.25,31342.25,31342.25,31342.25,2,2026-10-02T22:30:25+00:00
2026-10-02T08:15:00Z,31366.25,31368.75,31366.25,31366.75,6,2026-10-02T22:30:25+00:00
2026-10-02T08:23:00Z,31352.75,31352.75,31352.75,31352.75,1,2026-10-02T22:30:25+00:00
2026-10-02T08:24:00Z,31359.5,31359.5,31359.5,31359.5,1,2026-10-02T22:30:25+00:00
2026-10-02T08:30:00Z,31370.25,31370.25,31370.25,31370.25,1,2026-10-02T22:30:25+00:00
2026-10-02T08:54:00Z,31374.0,31380.5,31374.0,31380.5,6,2026-10-02T22:30:25+00:00
2026-10-02T08:59:00Z,31379.75,31379.75,31379.75,31379.75,1,2026-10-02T22:30:25+00:00
2026-10-02T09:10:00Z,31364.5,31364.5,31364.5,31364.5,1,2026-10-02T22:30:25+00:00
2026-10-02T09:16:00Z,31377.75,31377.75,31377.75,31377.75,2,2026-10-02T22:30:25+00:00
2026-10-02T09:21:00Z,31386.75,31386.75,31386.75,31386.75,1,2026-10-02T22:30:25+00:00
2026-10-02T09:23:00Z,31376.25,31376.25,31372.5,31372.5,4,2026-10-02T22:30:25+00:00
2026-10-02T09:49:00Z,31396.0,31396.0,31396.0,31396.0,1,2026-10-02T22:30:25+00:00
2026-10-02T09:55:00Z,31371.75,31371.75,31371.75,31371.75,1,2026-10-02T22:30:25+00:00
2026-10-02T10:14:00Z,31326.5,31333.5,31326.5,31333.5,2,2026-10-02T22:30:25+00:00
2026-10-02T10:21:00Z,31320.25,31320.25,31316.5,31316.5,3,2026-10-02T22:30:25+00:00
2026-10-02T10:31:00Z,31345.0,31345.0,31345.0,31345.0,1,2026-10-02T22:30:25+00:00
2026-10-02T11:08:00Z,31339.25,31339.25,31339.25,31339.25,1,2026-10-02T22:30:25+00:00
2026-10-02T11:12:00Z,31318.5,31318.5,31318.5,31318.5,1,2026-10-02T22:30:25+00:00
2026-10-02T11:14:00Z,31315.75,31315.75,31315.75,31315.75,1,2026-10-02T22:30:25+00:00
2026-10-02T11:15:00Z,31331.0,31331.0,31331.0,31331.0,1,2026-10-02T22:30:25+00:00
2026-10-02T11:16:00Z,31328.25,31328.25,31328.25,31328.25,1,2026-10-02T22:30:25+00:00
2026-10-02T11:17:00Z,31318.75,31320.75,31318.75,31320.75,2,2026-10-02T22:30:25+00:00
2026-10-02T11:18:00Z,31328.0,31328.0,31328.0,31328.0,1,2026-10-02T22:30:25+00:00
2026-10-02T11:19:00Z,31342.25,31342.25,31342.25,31342.25,1,2026-10-02T22:30:25+00:00
2026-10-02T11:23:00Z,31348.25,31348.25,31347.5,31347.5,2,2026-10-02T22:30:25+00:00
2026-10-02T11:32:00Z,31341.75,31341.75,31341.75,31341.75,1,2026-10-02T22:30:25+00:00
2026-10-02T11:39:00Z,31330.0,31330.0,31330.0,31330.0,1,2026-10-02T22:30:25+00:00
2026-10-02T11:47:00Z,31300.25,31300.25,31298.5,31298.5,2,2026-10-02T22:30:25+00:00
2026-10-02T11:48:00Z,31300.5,31300.5,31300.5,31300.5,1,2026-10-02T22:30:25+00:00
2026-10-02T12:04:00Z,31283.25,31283.25,31283.25,31283.25,3,2026-10-02T22:30:25+00:00
2026-10-02T12:30:00Z,31408.0,31412.5,31408.0,31410.0,5,2026-10-02T22:30:25+00:00
2026-10-02T12:32:00Z,31445.25,31445.25,31445.25,31445.25,1,2026-10-02T22:30:25+00:00
2026-10-02T12:35:00Z,31482.5,31482.5,31482.5,31482.5,1,2026-10-02T22:30:25+00:00
2026-10-02T12:37:00Z,31484.25,31484.25,31484.25,31484.25,1,2026-10-02T22:30:25+00:00
2026-10-02T12:38:00Z,31500.0,31504.75,31497.25,31497.25,4,2026-10-02T22:30:25+00:00
2026-10-02T12:39:00Z,31488.25,31488.25,31488.25,31488.25,2,2026-10-02T22:30:25+00:00
2026-10-02T12:41:00Z,31465.0,31465.0,31465.0,31465.0,1,2026-10-02T22:30:25+00:00
2026-10-02T12:42:00Z,31461.75,31480.75,31461.75,31480.75,6,2026-10-02T22:30:25+00:00
2026-10-02T12:43:00Z,31466.0,31477.0,31466.0,31477.0,2,2026-10-02T22:30:25+00:00
2026-10-02T12:46:00Z,31465.0,31467.0,31465.0,31467.0,9,2026-10-02T22:30:25+00:00
2026-10-02T12:54:00Z,31500.25,31500.25,31500.25,31500.25,5,2026-10-02T22:30:25+00:00
2026-10-02T12:58:00Z,31521.25,31521.25,31521.25,31521.25,3,2026-10-02T22:30:25+00:00
2026-10-02T12:59:00Z,31535.0,31535.0,31535.0,31535.0,1,2026-10-02T22:30:25+00:00
2026-10-02T13:01:00Z,31536.5,31536.5,31536.5,31536.5,1,2026-10-02T22:30:25+00:00
2026-10-02T13:02:00Z,31540.25,31540.25,31540.25,31540.25,5,2026-10-02T22:30:25+00:00
2026-10-02T13:03:00Z,31562.5,31562.5,31562.5,31562.5,3,2026-10-02T22:30:25+00:00
2026-10-02T13:04:00Z,31580.0,31580.0,31580.0,31580.0,5,2026-10-02T22:30:25+00:00
2026-10-02T13:07:00Z,31547.75,31547.75,31547.75,31547.75,1,2026-10-02T22:30:25+00:00
2026-10-02T13:10:00Z,31544.25,31544.25,31544.25,31544.25,1,2026-10-02T22:30:25+00:00
2026-10-02T13:14:00Z,31529.0,31529.0,31529.0,31529.0,1,2026-10-02T22:30:25+00:00
2026-10-02T13:26:00Z,31512.25,31512.25,31512.25,31512.25,1,2026-10-02T22:30:25+00:00
2026-10-02T13:29:00Z,31519.75,31519.75,31511.5,31511.5,2,2026-10-02T22:30:25+00:00
2026-10-02T13:30:00Z,31510.25,31510.25,31503.25,31504.75,4,2026-10-02T22:30:25+00:00
2026-10-02T13:31:00Z,31447.75,31447.75,31442.0,31442.0,4,2026-10-02T22:30:25+00:00
2026-10-02T13:32:00Z,31435.0,31447.25,31435.0,31447.25,2,2026-10-02T22:30:25+00:00
2026-10-02T13:33:00Z,31457.0,31462.5,31456.75,31462.5,3,2026-10-02T22:30:25+00:00
2026-10-02T13:34:00Z,31489.0,31489.5,31489.0,31489.5,2,2026-10-02T22:30:25+00:00
2026-10-02T13:35:00Z,31486.75,31486.75,31486.75,31486.75,1,2026-10-02T22:30:25+00:00
2026-10-02T13:36:00Z,31470.0,31490.0,31470.0,31490.0,2,2026-10-02T22:30:25+00:00
2026-10-02T13:37:00Z,31496.25,31496.25,31496.25,31496.25,2,2026-10-02T22:30:25+00:00
2026-10-02T13:43:00Z,31535.0,31535.0,31535.0,31535.0,1,2026-10-02T22:30:25+00:00
2026-10-02T13:44:00Z,31529.75,31529.75,31529.75,31529.75,1,2026-10-02T22:30:25+00:00
2026-10-02T13:48:00Z,31554.25,31554.25,31524.75,31532.5,6,2026-10-02T22:30:25+00:00
2026-10-02T13:49:00Z,31532.5,31532.5,31532.5,31532.5,2,2026-10-02T22:30:25+00:00
2026-10-02T13:59:00Z,31542.25,31546.5,31542.25,31546.5,3,2026-10-02T22:30:25+00:00
2026-10-02T14:01:00Z,31570.0,31570.0,31570.0,31570.0,1,2026-10-02T22:30:25+00:00
2026-10-02T14:03:00Z,31593.75,31593.75,31593.75,31593.75,1,2026-10-02T22:30:25+00:00
2026-10-02T14:06:00Z,31600.25,31604.5,31600.25,31604.5,3,2026-10-02T22:30:25+00:00
2026-10-02T14:09:00Z,31580.0,31580.0,31580.0,31580.0,1,2026-10-02T22:30:25+00:00
2026-10-02T14:10:00Z,31592.0,31592.0,31592.0,31592.0,1,2026-10-02T22:30:25+00:00
2026-10-02T14:15:00Z,31600.0,31600.0,31596.5,31596.5,2,2026-10-02T22:30:25+00:00
2026-10-02T14:16:00Z,31599.25,31599.25,31599.25,31599.25,1,2026-10-02T22:30:25+00:00
2026-10-02T14:18:00Z,31615.0,31615.0,31615.0,31615.0,1,2026-10-02T22:30:25+00:00
2026-10-02T14:23:00Z,31623.0,31623.0,31617.75,31617.75,6,2026-10-02T22:30:25+00:00
2026-10-02T14:35:00Z,31612.0,31618.0,31612.0,31618.0,3,2026-10-02T22:30:25+00:00
2026-10-02T14:36:00Z,31615.5,31615.5,31615.5,31615.5,1,2026-10-02T22:30:25+00:00
2026-10-02T14:42:00Z,31628.75,31628.75,31628.75,31628.75,1,2026-10-02T22:30:25+00:00
2026-10-02T14:44:00Z,31601.25,31601.25,31596.25,31596.25,2,2026-10-02T22:30:25+00:00
2026-10-02T14:46:00Z,31605.5,31605.5,31605.5,31605.5,1,2026-10-02T22:30:25+00:00
2026-10-02T14:50:00Z,31574.25,31581.0,31574.25,31581.0,12,2026-10-02T22:30:25+00:00
2026-10-02T14:51:00Z,31576.0,31576.0,31574.5,31574.5,20,2026-10-02T22:30:25+00:00
2026-10-02T14:52:00Z,31563.5,31563.5,31563.5,31563.5,1,2026-10-02T22:30:25+00:00
2026-10-02T14:54:00Z,31549.0,31549.0,31537.25,31538.75,33,2026-10-02T22:30:25+00:00
2026-10-02T14:56:00Z,31552.75,31552.75,31552.75,31552.75,1,2026-10-02T22:30:25+00:00
2026-10-02T14:58:00Z,31558.5,31563.5,31541.75,31541.75,31,2026-10-02T22:30:25+00:00
2026-10-02T14:59:00Z,31525.75,31525.75,31525.75,31525.75,10,2026-10-02T22:30:25+00:00
2026-10-02T15:00:00Z,31530.5,31534.25,31530.5,31534.25,3,2026-10-02T22:30:25+00:00
2026-10-02T15:02:00Z,31524.75,31524.75,31524.75,31524.75,1,2026-10-02T22:30:25+00:00
2026-10-02T15:03:00Z,31508.25,31508.25,31508.25,31508.25,1,2026-10-02T22:30:25+00:00
2026-10-02T15:05:00Z,31498.75,31498.75,31498.75,31498.75,3,2026-10-02T22:30:25+00:00
2026-10-02T15:07:00Z,31479.0,31479.0,31479.0,31479.0,1,2026-10-02T22:30:25+00:00
2026-10-02T15:08:00Z,31472.0,31472.0,31472.0,31472.0,1,2026-10-02T22:30:25+00:00
2026-10-02T15:09:00Z,31481.25,31481.25,31481.25,31481.25,1,2026-10-02T22:30:25+00:00
2026-10-02T15:10:00Z,31449.0,31449.0,31449.0,31449.0,2,2026-10-02T22:30:25+00:00
2026-10-02T15:11:00Z,31452.5,31452.5,31438.0,31438.0,3,2026-10-02T22:30:25+00:00
2026-10-02T15:12:00Z,31431.5,31431.5,31431.5,31431.5,5,2026-10-02T22:30:25+00:00
2026-10-02T15:14:00Z,31444.75,31444.75,31444.75,31444.75,5,2026-10-02T22:30:25+00:00
2026-10-02T15:15:00Z,31458.5,31458.5,31458.5,31458.5,1,2026-10-02T22:30:25+00:00
2026-10-02T15:17:00Z,31424.0,31427.0,31422.5,31422.5,12,2026-10-02T22:30:25+00:00
2026-10-02T15:18:00Z,31422.75,31422.75,31422.75,31422.75,10,2026-10-02T22:30:25+00:00
2026-10-02T15:20:00Z,31400.0,31400.0,31389.5,31389.5,3,2026-10-02T22:30:25+00:00
2026-10-02T15:21:00Z,31407.75,31407.75,31407.75,31407.75,2,2026-10-02T22:30:25+00:00
2026-10-02T15:22:00Z,31420.25,31420.25,31416.5,31416.5,2,2026-10-02T22:30:25+00:00
2026-10-02T15:23:00Z,31412.5,31412.5,31412.5,31412.5,4,2026-10-02T22:30:25+00:00
2026-10-02T15:24:00Z,31417.75,31417.75,31374.75,31374.75,7,2026-10-02T22:30:25+00:00
2026-10-02T15:25:00Z,31369.0,31369.0,31369.0,31369.0,1,2026-10-02T22:30:25+00:00
2026-10-02T15:29:00Z,31418.75,31421.0,31415.0,31415.75,5,2026-10-02T22:30:25+00:00
2026-10-02T15:30:00Z,31420.0,31420.0,31414.5,31414.5,3,2026-10-02T22:30:25+00:00
2026-10-02T15:31:00Z,31405.5,31405.75,31405.5,31405.5,4,2026-10-02T22:30:25+00:00
2026-10-02T15:34:00Z,31450.0,31450.0,31443.5,31443.5,2,2026-10-02T22:30:25+00:00
2026-10-02T15:36:00Z,31440.0,31440.0,31440.0,31440.0,1,2026-10-02T22:30:25+00:00
2026-10-02T15:38:00Z,31445.0,31445.0,31445.0,31445.0,1,2026-10-02T22:30:25+00:00
2026-10-02T15:39:00Z,31449.5,31449.5,31449.5,31449.5,1,2026-10-02T22:30:25+00:00
2026-10-02T15:40:00Z,31457.25,31457.25,31447.75,31447.75,2,2026-10-02T22:30:25+00:00
2026-10-02T15:41:00Z,31431.75,31431.75,31431.75,31431.75,1,2026-10-02T22:30:25+00:00
2026-10-02T15:43:00Z,31452.75,31452.75,31448.75,31448.75,2,2026-10-02T22:30:25+00:00
2026-10-02T15:44:00Z,31445.75,31445.75,31445.75,31445.75,1,2026-10-02T22:30:25+00:00
2026-10-02T15:45:00Z,31446.0,31446.0,31446.0,31446.0,29,2026-10-02T22:30:25+00:00
2026-10-02T15:47:00Z,31458.25,31458.25,31458.25,31458.25,7,2026-10-02T22:30:25+00:00
2026-10-02T15:49:00Z,31442.0,31442.0,31442.0,31442.0,2,2026-10-02T22:30:25+00:00
2026-10-02T15:51:00Z,31462.0,31462.0,31462.0,31462.0,3,2026-10-02T22:30:25+00:00
2026-10-02T15:52:00Z,31455.0,31455.0,31452.5,31452.5,2,2026-10-02T22:30:25+00:00
2026-10-02T15:53:00Z,31447.75,31447.75,31447.75,31447.75,1,2026-10-02T22:30:25+00:00
2026-10-02T15:55:00Z,31432.5,31432.5,31432.5,31432.5,1,2026-10-02T22:30:25+00:00
2026-10-02T16:00:00Z,31470.0,31470.0,31470.0,31470.0,1,2026-10-02T22:30:25+00:00
2026-10-02T16:02:00Z,31479.25,31479.25,31476.0,31476.0,2,2026-10-02T22:30:25+00:00
2026-10-02T16:03:00Z,31483.25,31483.25,31483.25,31483.25,1,2026-10-02T22:30:25+00:00
2026-10-02T16:07:00Z,31486.25,31486.25,31486.25,31486.25,1,2026-10-02T22:30:25+00:00
2026-10-02T16:08:00Z,31480.0,31480.0,31480.0,31480.0,1,2026-10-02T22:30:25+00:00
2026-10-02T16:14:00Z,31486.0,31486.0,31486.0,31486.0,1,2026-10-02T22:30:25+00:00
2026-10-02T16:17:00Z,31492.5,31492.5,31492.5,31492.5,1,2026-10-02T22:30:25+00:00
2026-10-02T16:21:00Z,31481.25,31481.25,31481.25,31481.25,1,2026-10-02T22:30:25+00:00
2026-10-02T16:23:00Z,31462.0,31462.0,31460.5,31460.5,4,2026-10-02T22:30:25+00:00
2026-10-02T16:27:00Z,31435.0,31435.0,31435.0,31435.0,1,2026-10-02T22:30:25+00:00
2026-10-02T16:30:00Z,31440.0,31440.0,31440.0,31440.0,1,2026-10-02T22:30:25+00:00
2026-10-02T16:32:00Z,31442.0,31442.0,31442.0,31442.0,1,2026-10-02T22:30:25+00:00
2026-10-02T16:34:00Z,31451.5,31451.5,31451.5,31451.5,1,2026-10-02T22:30:25+00:00
2026-10-02T16:35:00Z,31444.75,31446.75,31444.75,31446.75,2,2026-10-02T22:30:25+00:00
2026-10-02T16:38:00Z,31466.0,31466.0,31466.0,31466.0,1,2026-10-02T22:30:25+00:00
2026-10-02T16:39:00Z,31466.0,31466.0,31466.0,31466.0,1,2026-10-02T22:30:25+00:00
2026-10-02T16:40:00Z,31450.75,31450.75,31447.0,31447.0,4,2026-10-02T22:30:25+00:00
2026-10-02T16:41:00Z,31430.0,31430.0,31430.0,31430.0,1,2026-10-02T22:30:25+00:00
2026-10-02T16:42:00Z,31417.5,31417.5,31417.5,31417.5,6,2026-10-02T22:30:25+00:00
2026-10-02T16:43:00Z,31419.25,31419.25,31418.75,31418.75,2,2026-10-02T22:30:25+00:00
2026-10-02T16:45:00Z,31425.25,31425.25,31425.25,31425.25,2,2026-10-02T22:30:25+00:00
2026-10-02T16:49:00Z,31418.0,31418.0,31418.0,31418.0,1,2026-10-02T22:30:25+00:00
2026-10-02T16:50:00Z,31415.5,31415.5,31415.5,31415.5,1,2026-10-02T22:30:25+00:00
2026-10-02T17:02:00Z,31459.0,31459.0,31459.0,31459.0,1,2026-10-02T22:30:25+00:00
2026-10-02T17:14:00Z,31421.0,31421.0,31421.0,31421.0,1,2026-10-02T22:30:25+00:00
2026-10-02T17:16:00Z,31430.5,31431.75,31430.5,31431.75,2,2026-10-02T22:30:25+00:00
2026-10-02T17:17:00Z,31436.25,31436.25,31436.25,31436.25,2,2026-10-02T22:30:25+00:00
2026-10-02T17:23:00Z,31413.0,31413.0,31413.0,31413.0,1,2026-10-02T22:30:25+00:00
2026-10-02T17:24:00Z,31389.5,31389.5,31389.5,31389.5,1,2026-10-02T22:30:25+00:00
2026-10-02T17:25:00Z,31388.5,31388.5,31388.5,31388.5,1,2026-10-02T22:30:25+00:00
2026-10-02T17:26:00Z,31382.5,31382.5,31382.5,31382.5,1,2026-10-02T22:30:25+00:00
2026-10-02T17:31:00Z,31378.75,31378.75,31378.75,31378.75,1,2026-10-02T22:30:25+00:00
2026-10-02T17:32:00Z,31393.5,31393.5,31393.5,31393.5,2,2026-10-02T22:30:25+00:00
2026-10-02T17:36:00Z,31380.5,31380.5,31380.5,31380.5,1,2026-10-02T22:30:25+00:00
2026-10-02T17:47:00Z,31404.0,31404.0,31404.0,31404.0,2,2026-10-02T22:30:25+00:00
2026-10-02T17:48:00Z,31394.0,31394.0,31394.0,31394.0,1,2026-10-02T22:30:25+00:00
2026-10-02T17:49:00Z,31405.25,31405.25,31405.25,31405.25,1,2026-10-02T22:30:25+00:00
2026-10-02T17:50:00Z,31407.75,31407.75,31403.75,31403.75,5,2026-10-02T22:30:25+00:00
2026-10-02T18:16:00Z,31394.0,31394.0,31394.0,31394.0,1,2026-10-02T22:30:25+00:00
2026-10-02T18:23:00Z,31376.0,31376.0,31376.0,31376.0,2,2026-10-02T22:30:25+00:00
2026-10-02T19:28:00Z,31417.0,31421.5,31417.0,31421.5,9,2026-10-02T22:30:25+00:00
2026-10-02T19:49:00Z,31443.0,31443.0,31435.0,31435.0,2,2026-10-02T22:30:25+00:00
2026-10-02T19:50:00Z,31447.75,31447.75,31447.75,31447.75,2,2026-10-02T22:30:25+00:00
2026-10-02T19:53:00Z,31437.0,31437.0,31437.0,31437.0,112,2026-10-02T22:30:25+00:00
2026-10-02T19:59:00Z,31427.5,31427.5,31427.5,31427.5,6,2026-10-02T22:30:25+00:00
2026-10-02T20:01:00Z,31443.25,31444.0,31443.25,31444.0,3,2026-10-02T22:30:25+00:00
2026-10-02T20:02:00Z,31448.75,31448.75,31448.75,31448.75,1,2026-10-02T22:30:25+00:00
2026-10-02T20:03:00Z,31439.75,31439.75,31439.75,31439.75,33,2026-10-02T22:30:25+00:00
2026-10-02T20:21:00Z,31437.0,31437.0,31424.75,31424.75,1,2026-10-05T22:30:27+00:00
2026-10-04T22:23:00Z,31491.0,31494.0,31491.0,31494.0,0,2026-10-05T22:30:27+00:00
2026-10-04T22:30:00Z,31505.0,31505.0,31505.0,31505.0,1,2026-10-05T22:30:27+00:00
2026-10-04T22:31:00Z,31519.5,31520.25,31519.5,31520.25,2,2026-10-05T22:30:27+00:00
2026-10-04T22:36:00Z,31526.0,31526.5,31526.0,31526.5,2,2026-10-05T22:30:27+00:00
2026-10-04T22:43:00Z,31529.75,31529.75,31529.75,31529.75,1,2026-10-05T22:30:27+00:00
2026-10-04T23:01:00Z,31516.25,31516.25,31516.25,31516.25,1,2026-10-05T22:30:27+00:00
2026-10-04T23:03:00Z,31515.0,31515.0,31515.0,31515.0,1,2026-10-05T22:30:27+00:00
2026-10-04T23:18:00Z,31525.0,31525.0,31525.0,31525.0,1,2026-10-05T22:30:27+00:00
2026-10-04T23:27:00Z,31518.0,31518.0,31517.5,31517.5,2,2026-10-05T22:30:27+00:00
2026-10-04T23:36:00Z,31515.0,31515.0,31515.0,31515.0,1,2026-10-05T22:30:27+00:00
2026-10-04T23:41:00Z,31522.0,31522.0,31522.0,31522.0,1,2026-10-05T22:30:27+00:00
2026-10-04T23:49:00Z,31503.5,31503.5,31503.5,31503.5,1,2026-10-05T22:30:27+00:00
2026-10-04T23:52:00Z,31492.75,31492.75,31492.75,31492.75,1,2026-10-05T22:30:27+00:00
2026-10-04T23:58:00Z,31499.0,31499.0,31499.0,31499.0,1,2026-10-05T22:30:27+00:00
2026-10-05T00:00:00Z,31499.25,31499.25,31499.25,31499.25,1,2026-10-05T22:30:27+00:00
2026-10-05T00:01:00Z,31499.5,31499.5,31499.5,31499.5,1,2026-10-05T22:30:27+00:00
2026-10-05T00:10:00Z,31535.0,31535.0,31535.0,31535.0,1,2026-10-05T22:30:27+00:00
2026-10-05T00:11:00Z,31550.0,31550.0,31550.0,31550.0,1,2026-10-05T22:30:27+00:00
2026-10-05T00:17:00Z,31540.0,31540.0,31540.0,31540.0,1,2026-10-05T22:30:27+00:00
2026-10-05T00:20:00Z,31549.0,31549.0,31549.0,31549.0,1,2026-10-05T22:30:27+00:00
2026-10-05T00:27:00Z,31525.0,31525.0,31525.0,31525.0,1,2026-10-05T22:30:27+00:00
2026-10-05T00:31:00Z,31505.25,31505.25,31505.25,31505.25,1,2026-10-05T22:30:27+00:00
2026-10-05T00:36:00Z,31535.0,31535.0,31535.0,31535.0,1,2026-10-05T22:30:27+00:00
2026-10-05T01:10:00Z,31556.75,31556.75,31556.75,31556.75,1,2026-10-05T22:30:27+00:00
2026-10-05T02:16:00Z,31558.0,31558.0,31558.0,31558.0,1,2026-10-05T22:30:27+00:00
2026-10-05T02:41:00Z,31526.75,31526.75,31526.75,31526.75,1,2026-10-05T22:30:27+00:00
2026-10-05T02:43:00Z,31509.5,31509.5,31509.5,31509.5,1,2026-10-05T22:30:27+00:00
2026-10-05T02:55:00Z,31495.25,31495.25,31495.25,31495.25,1,2026-10-05T22:30:27+00:00
2026-10-05T02:59:00Z,31471.25,31471.25,31471.25,31471.25,1,2026-10-05T22:30:27+00:00
2026-10-05T03:02:00Z,31462.25,31462.25,31459.5,31459.5,3,2026-10-05T22:30:27+00:00
2026-10-05T03:06:00Z,31444.0,31444.0,31444.0,31444.0,1,2026-10-05T22:30:27+00:00
2026-10-05T03:11:00Z,31457.25,31457.25,31457.25,31457.25,1,2026-10-05T22:30:27+00:00
2026-10-05T03:24:00Z,31479.25,31479.25,31479.25,31479.25,1,2026-10-05T22:30:27+00:00
2026-10-05T03:27:00Z,31488.75,31488.75,31488.75,31488.75,1,2026-10-05T22:30:27+00:00
2026-10-05T03:29:00Z,31490.5,31490.5,31490.5,31490.5,1,2026-10-05T22:30:27+00:00
2026-10-05T03:30:00Z,31485.0,31485.0,31485.0,31485.0,1,2026-10-05T22:30:27+00:00
2026-10-05T03:37:00Z,31480.0,31480.0,31480.0,31480.0,1,2026-10-05T22:30:27+00:00
2026-10-05T03:50:00Z,31467.5,31467.5,31467.5,31467.5,1,2026-10-05T22:30:27+00:00
2026-10-05T04:01:00Z,31445.25,31445.25,31442.5,31442.5,4,2026-10-05T22:30:27+00:00
2026-10-05T04:23:00Z,31438.75,31438.75,31435.0,31435.0,6,2026-10-05T22:30:27+00:00
2026-10-05T04:25:00Z,31443.75,31443.75,31443.75,31443.75,1,2026-10-05T22:30:27+00:00
2026-10-05T04:26:00Z,31439.75,31439.75,31439.75,31439.75,1,2026-10-05T22:30:27+00:00
2026-10-05T04:36:00Z,31423.75,31423.75,31423.75,31423.75,1,2026-10-05T22:30:27+00:00
2026-10-05T04:50:00Z,31445.0,31445.0,31445.0,31445.0,1,2026-10-05T22:30:27+00:00
2026-10-05T04:59:00Z,31434.5,31434.5,31434.5,31434.5,1,2026-10-05T22:30:27+00:00
2026-10-05T05:06:00Z,31438.75,31438.75,31438.75,31438.75,1,2026-10-05T22:30:27+00:00
2026-10-05T05:07:00Z,31440.25,31440.25,31440.25,31440.25,1,2026-10-05T22:30:27+00:00
2026-10-05T05:08:00Z,31435.0,31435.0,31435.0,31435.0,1,2026-10-05T22:30:27+00:00
2026-10-05T05:11:00Z,31443.75,31443.75,31443.75,31443.75,1,2026-10-05T22:30:27+00:00
2026-10-05T05:12:00Z,31442.75,31442.75,31439.5,31439.5,2,2026-10-05T22:30:27+00:00
2026-10-05T05:21:00Z,31415.5,31415.5,31415.5,31415.5,2,2026-10-05T22:30:27+00:00
2026-10-05T05:31:00Z,31395.0,31395.0,31395.0,31395.0,5,2026-10-05T22:30:27+00:00
2026-10-05T05:48:00Z,31402.75,31402.75,31402.75,31402.75,1,2026-10-05T22:30:27+00:00
2026-10-05T06:13:00Z,31433.75,31433.75,31433.75,31433.75,1,2026-10-05T22:30:27+00:00
2026-10-05T06:33:00Z,31393.5,31393.5,31393.5,31393.5,1,2026-10-05T22:30:27+00:00
2026-10-05T06:40:00Z,31370.0,31370.0,31370.0,31370.0,2,2026-10-05T22:30:27+00:00
2026-10-05T06:44:00Z,31379.0,31379.0,31379.0,31379.0,1,2026-10-05T22:30:27+00:00
2026-10-05T06:49:00Z,31382.75,31382.75,31382.75,31382.75,1,2026-10-05T22:30:27+00:00
2026-10-05T06:54:00Z,31380.5,31380.5,31380.5,31380.5,2,2026-10-05T22:30:27+00:00
2026-10-05T06:56:00Z,31380.75,31380.75,31380.75,31380.75,1,2026-10-05T22:30:27+00:00
2026-10-05T07:01:00Z,31388.0,31388.0,31388.0,31388.0,1,2026-10-05T22:30:27+00:00
2026-10-05T07:14:00Z,31420.0,31420.0,31420.0,31420.0,2,2026-10-05T22:30:27+00:00
2026-10-05T08:06:00Z,31438.75,31438.75,31438.75,31438.75,1,2026-10-05T22:30:27+00:00
2026-10-05T08:14:00Z,31444.5,31445.75,31444.5,31445.75,3,2026-10-05T22:30:27+00:00
2026-10-05T08:22:00Z,31435.0,31435.0,31435.0,31435.0,1,2026-10-05T22:30:27+00:00
2026-10-05T08:34:00Z,31418.75,31418.75,31413.5,31413.5,3,2026-10-05T22:30:27+00:00
2026-10-05T08:35:00Z,31411.5,31411.5,31407.75,31407.75,2,2026-10-05T22:30:27+00:00
2026-10-05T08:41:00Z,31383.75,31383.75,31383.75,31383.75,1,2026-10-05T22:30:27+00:00
2026-10-05T08:43:00Z,31379.75,31381.5,31379.75,31381.5,2,2026-10-05T22:30:27+00:00
2026-10-05T08:47:00Z,31341.5,31341.5,31341.5,31341.5,1,2026-10-05T22:30:27+00:00
2026-10-05T08:48:00Z,31365.75,31365.75,31365.75,31365.75,1,2026-10-05T22:30:27+00:00
2026-10-05T08:49:00Z,31381.0,31384.25,31381.0,31384.25,2,2026-10-05T22:30:27+00:00
2026-10-05T08:56:00Z,31385.0,31385.0,31385.0,31385.0,1,2026-10-05T22:30:27+00:00
2026-10-05T09:10:00Z,31393.25,31393.25,31393.25,31393.25,1,2026-10-05T22:30:27+00:00
2026-10-05T09:18:00Z,31385.25,31385.25,31385.25,31385.25,1,2026-10-05T22:30:27+00:00
2026-10-05T09:25:00Z,31377.0,31377.0,31377.0,31377.0,1,2026-10-05T22:30:27+00:00
2026-10-05T09:34:00Z,31367.25,31369.5,31367.25,31369.5,2,2026-10-05T22:30:27+00:00
2026-10-05T09:36:00Z,31353.0,31353.0,31353.0,31353.0,1,2026-10-05T22:30:27+00:00
2026-10-05T09:45:00Z,31342.0,31342.0,31342.0,31342.0,11,2026-10-05T22:30:27+00:00
2026-10-05T09:46:00Z,31338.75,31338.75,31338.75,31338.75,10,2026-10-05T22:30:27+00:00
2026-10-05T09:48:00Z,31346.25,31346.25,31346.25,31346.25,1,2026-10-05T22:30:27+00:00
2026-10-05T09:50:00Z,31355.75,31355.75,31355.75,31355.75,1,2026-10-05T22:30:27+00:00
2026-10-05T09:56:00Z,31347.5,31347.5,31347.5,31347.5,1,2026-10-05T22:30:27+00:00
2026-10-05T09:59:00Z,31351.25,31351.25,31351.25,31351.25,11,2026-10-05T22:30:27+00:00
2026-10-05T10:01:00Z,31345.25,31345.25,31343.75,31343.75,13,2026-10-05T22:30:27+00:00
2026-10-05T10:02:00Z,31343.75,31343.75,31341.75,31341.75,10,2026-10-05T22:30:27+00:00
2026-10-05T10:05:00Z,31347.75,31347.75,31347.75,31347.75,1,2026-10-05T22:30:27+00:00
2026-10-05T10:09:00Z,31348.5,31348.5,31348.5,31348.5,1,2026-10-05T22:30:27+00:00
2026-10-05T10:10:00Z,31358.0,31358.0,31358.0,31358.0,1,2026-10-05T22:30:27+00:00
2026-10-05T10:11:00Z,31346.5,31346.5,31346.5,31346.5,1,2026-10-05T22:30:27+00:00
2026-10-05T10:19:00Z,31340.75,31340.75,31340.75,31340.75,10,2026-10-05T22:30:27+00:00
2026-10-05T10:27:00Z,31359.25,31359.25,31359.25,31359.25,1,2026-10-05T22:30:27+00:00
2026-10-05T10:31:00Z,31335.75,31335.75,31335.75,31335.75,10,2026-10-05T22:30:27+00:00
2026-10-05T10:34:00Z,31331.5,31331.5,31331.5,31331.5,10,2026-10-05T22:30:27+00:00
2026-10-05T10:36:00Z,31328.5,31328.5,31328.5,31328.5,1,2026-10-05T22:30:27+00:00
2026-10-05T10:39:00Z,31326.25,31326.25,31323.25,31323.25,4,2026-10-05T22:30:27+00:00
2026-10-05T10:41:00Z,31336.0,31336.0,31336.0,31336.0,1,2026-10-05T22:30:27+00:00
2026-10-05T10:44:00Z,31341.75,31341.75,31341.75,31341.75,1,2026-10-05T22:30:27+00:00
2026-10-05T10:54:00Z,31373.0,31373.0,31373.0,31373.0,1,2026-10-05T22:30:27+00:00
2026-10-05T10:55:00Z,31385.0,31385.0,31385.0,31385.0,1,2026-10-05T22:30:27+00:00
2026-10-05T10:56:00Z,31389.5,31389.5,31389.5,31389.5,1,2026-10-05T22:30:27+00:00
2026-10-05T11:03:00Z,31356.75,31356.75,31356.75,31356.75,1,2026-10-05T22:30:27+00:00
2026-10-05T11:27:00Z,31417.5,31421.0,31417.25,31417.25,6,2026-10-05T22:30:27+00:00
2026-10-05T11:29:00Z,31411.0,31411.0,31411.0,31411.0,1,2026-10-05T22:30:27+00:00
2026-10-05T11:33:00Z,31397.25,31397.25,31397.25,31397.25,1,2026-10-05T22:30:27+00:00
2026-10-05T11:55:00Z,31377.0,31377.0,31377.0,31377.0,1,2026-10-05T22:30:27+00:00
2026-10-05T12:00:00Z,31383.75,31383.75,31383.75,31383.75,8,2026-10-05T22:30:27+00:00
2026-10-05T12:37:00Z,31357.75,31357.75,31357.75,31357.75,4,2026-10-05T22:30:27+00:00
2026-10-05T12:38:00Z,31356.0,31356.0,31356.0,31356.0,5,2026-10-05T22:30:27+00:00
2026-10-05T12:43:00Z,31347.0,31347.0,31347.0,31347.0,5,2026-10-05T22:30:27+00:00
2026-10-05T12:47:00Z,31340.25,31344.25,31340.25,31344.25,6,2026-10-05T22:30:27+00:00
2026-10-05T12:52:00Z,31338.25,31338.25,31338.25,31338.25,1,2026-10-05T22:30:27+00:00
2026-10-05T13:04:00Z,31365.0,31365.0,31365.0,31365.0,1,2026-10-05T22:30:27+00:00
2026-10-05T13:10:00Z,31375.0,31375.0,31375.0,31375.0,1,2026-10-05T22:30:27+00:00
2026-10-05T13:28:00Z,31403.75,31403.75,31403.75,31403.75,1,2026-10-05T22:30:27+00:00
2026-10-05T13:32:00Z,31483.0,31496.75,31483.0,31496.75,11,2026-10-05T22:30:27+00:00
2026-10-05T13:34:00Z,31510.25,31510.25,31510.25,31510.25,2,2026-10-05T22:30:27+00:00
2026-10-05T13:36:00Z,31512.5,31512.5,31512.5,31512.5,2,2026-10-05T22:30:27+00:00
2026-10-05T13:37:00Z,31529.0,31529.0,31529.0,31529.0,4,2026-10-05T22:30:27+00:00
2026-10-05T13:41:00Z,31538.0,31538.0,31538.0,31538.0,2,2026-10-05T22:30:27+00:00
2026-10-05T13:42:00Z,31563.25,31563.25,31556.0,31556.0,2,2026-10-05T22:30:27+00:00
2026-10-05T13:43:00Z,31559.75,31559.75,31559.75,31559.75,1,2026-10-05T22:30:27+00:00
2026-10-05T13:44:00Z,31550.0,31550.0,31550.0,31550.0,1,2026-10-05T22:30:27+00:00
2026-10-05T13:45:00Z,31579.25,31579.25,31579.25,31579.25,1,2026-10-05T22:30:27+00:00
2026-10-05T13:46:00Z,31553.0,31553.0,31534.0,31534.0,4,2026-10-05T22:30:27+00:00
2026-10-05T13:48:00Z,31541.75,31548.5,31541.75,31548.5,2,2026-10-05T22:30:27+00:00
2026-10-05T13:50:00Z,31529.5,31540.0,31525.0,31540.0,4,2026-10-05T22:30:27+00:00
2026-10-05T13:51:00Z,31550.25,31550.25,31550.25,31550.25,1,2026-10-05T22:30:27+00:00
2026-10-05T13:54:00Z,31528.75,31528.75,31528.75,31528.75,1,2026-10-05T22:30:27+00:00
2026-10-05T14:02:00Z,31506.0,31509.75,31506.0,31509.75,2,2026-10-05T22:30:27+00:00
2026-10-05T14:04:00Z,31522.5,31522.5,31518.0,31518.0,3,2026-10-05T22:30:27+00:00
2026-10-05T14:08:00Z,31528.0,31542.0,31522.75,31535.0,5,2026-10-05T22:30:27+00:00
2026-10-05T14:10:00Z,31542.5,31542.5,31542.5,31542.5,1,2026-10-05T22:30:27+00:00
2026-10-05T14:15:00Z,31547.0,31548.5,31547.0,31548.5,10,2026-10-05T22:30:27+00:00
2026-10-05T14:19:00Z,31568.0,31568.0,31568.0,31568.0,1,2026-10-05T22:30:27+00:00
2026-10-05T14:20:00Z,31578.5,31579.25,31578.5,31579.25,2,2026-10-05T22:30:27+00:00
2026-10-05T14:21:00Z,31579.5,31579.5,31579.5,31579.5,5,2026-10-05T22:30:27+00:00
2026-10-05T14:28:00Z,31595.25,31595.25,31595.25,31595.25,1,2026-10-05T22:30:27+00:00
2026-10-05T14:31:00Z,31569.0,31569.0,31569.0,31569.0,2,2026-10-05T22:30:27+00:00
2026-10-05T14:32:00Z,31569.0,31569.0,31561.0,31561.0,9,2026-10-05T22:30:27+00:00
2026-10-05T14:33:00Z,31564.0,31564.0,31564.0,31564.0,1,2026-10-05T22:30:27+00:00
2026-10-05T14:36:00Z,31559.75,31559.75,31559.75,31559.75,1,2026-10-05T22:30:27+00:00
2026-10-05T14:37:00Z,31583.0,31583.0,31583.0,31583.0,1,2026-10-05T22:30:27+00:00
2026-10-05T14:48:00Z,31593.0,31593.0,31593.0,31593.0,1,2026-10-05T22:30:27+00:00
2026-10-05T14:57:00Z,31615.75,31615.75,31615.75,31615.75,1,2026-10-05T22:30:27+00:00
2026-10-05T14:59:00Z,31609.25,31609.25,31603.5,31603.5,8,2026-10-05T22:30:27+00:00
2026-10-05T15:03:00Z,31605.0,31605.0,31605.0,31605.0,1,2026-10-05T22:30:27+00:00
2026-10-05T15:06:00Z,31600.0,31600.0,31600.0,31600.0,3,2026-10-05T22:30:27+00:00
2026-10-05T15:13:00Z,31577.75,31577.75,31577.75,31577.75,1,2026-10-05T22:30:27+00:00
2026-10-05T15:15:00Z,31598.5,31598.5,31598.5,31598.5,1,2026-10-05T22:30:27+00:00
2026-10-05T15:17:00Z,31595.25,31595.25,31595.25,31595.25,1,2026-10-05T22:30:27+00:00
2026-10-05T15:31:00Z,31593.75,31593.75,31593.75,31593.75,1,2026-10-05T22:30:27+00:00
2026-10-05T15:35:00Z,31583.25,31583.25,31583.25,31583.25,1,2026-10-05T22:30:27+00:00
2026-10-05T15:38:00Z,31582.25,31582.25,31582.25,31582.25,1,2026-10-05T22:30:27+00:00
2026-10-05T15:39:00Z,31583.0,31583.0,31583.0,31583.0,1,2026-10-05T22:30:27+00:00
2026-10-05T15:43:00Z,31610.0,31610.0,31610.0,31610.0,1,2026-10-05T22:30:27+00:00
2026-10-05T15:54:00Z,31608.75,31608.75,31608.5,31608.5,2,2026-10-05T22:30:27+00:00
2026-10-05T15:55:00Z,31608.0,31608.0,31608.0,31608.0,1,2026-10-05T22:30:27+00:00
2026-10-05T16:05:00Z,31590.25,31590.25,31590.25,31590.25,1,2026-10-05T22:30:27+00:00
2026-10-05T16:19:00Z,31573.75,31573.75,31573.25,31573.25,2,2026-10-05T22:30:27+00:00
2026-10-05T16:23:00Z,31584.0,31591.25,31584.0,31591.25,2,2026-10-05T22:30:27+00:00
2026-10-05T16:25:00Z,31600.75,31604.5,31600.75,31604.5,3,2026-10-05T22:30:27+00:00
2026-10-05T16:27:00Z,31602.5,31602.5,31602.5,31602.5,1,2026-10-05T22:30:27+00:00
2026-10-05T16:28:00Z,31608.0,31608.0,31608.0,31608.0,1,2026-10-05T22:30:27+00:00
2026-10-05T16:30:00Z,31603.25,31603.25,31603.25,31603.25,1,2026-10-05T22:30:27+00:00
2026-10-05T16:35:00Z,31614.5,31614.5,31614.5,31614.5,1,2026-10-05T22:30:27+00:00
2026-10-05T16:41:00Z,31624.5,31624.5,31624.5,31624.5,1,2026-10-05T22:30:27+00:00
2026-10-05T16:43:00Z,31630.5,31630.5,31630.5,31630.5,1,2026-10-05T22:30:27+00:00
2026-10-05T16:45:00Z,31631.0,31631.0,31629.5,31629.5,2,2026-10-05T22:30:27+00:00
2026-10-05T16:46:00Z,31629.75,31629.75,31629.75,31629.75,1,2026-10-05T22:30:27+00:00
2026-10-05T16:48:00Z,31619.5,31619.5,31619.5,31619.5,1,2026-10-05T22:30:27+00:00
2026-10-05T16:50:00Z,31625.25,31625.25,31625.25,31625.25,1,2026-10-05T22:30:27+00:00
2026-10-05T16:51:00Z,31633.75,31633.75,31633.75,31633.75,1,2026-10-05T22:30:27+00:00
2026-10-05T16:53:00Z,31630.0,31630.0,31630.0,31630.0,1,2026-10-05T22:30:27+00:00
2026-10-05T16:55:00Z,31625.0,31625.0,31625.0,31625.0,1,2026-10-05T22:30:27+00:00
2026-10-05T16:56:00Z,31626.25,31630.25,31622.75,31622.75,5,2026-10-05T22:30:27+00:00
2026-10-05T16:57:00Z,31619.75,31619.75,31619.75,31619.75,1,2026-10-05T22:30:27+00:00
2026-10-05T16:59:00Z,31615.0,31618.75,31615.0,31618.75,3,2026-10-05T22:30:27+00:00
2026-10-05T17:00:00Z,31610.0,31613.75,31610.0,31613.75,4,2026-10-05T22:30:27+00:00
2026-10-05T17:02:00Z,31614.0,31614.0,31614.0,31614.0,1,2026-10-05T22:30:27+00:00
2026-10-05T17:04:00Z,31610.75,31610.75,31610.75,31610.75,1,2026-10-05T22:30:27+00:00
2026-10-05T17:09:00Z,31618.75,31618.75,31618.75,31618.75,4,2026-10-05T22:30:27+00:00
2026-10-05T17:10:00Z,31625.0,31625.0,31625.0,31625.0,1,2026-10-05T22:30:27+00:00
2026-10-05T17:12:00Z,31630.5,31630.5,31630.5,31630.5,1,2026-10-05T22:30:27+00:00
2026-10-05T17:25:00Z,31650.0,31651.0,31642.5,31642.5,5,2026-10-05T22:30:27+00:00
2026-10-05T17:30:00Z,31635.0,31635.0,31635.0,31635.0,1,2026-10-05T22:30:27+00:00
2026-10-05T17:31:00Z,31638.75,31638.75,31638.75,31638.75,1,2026-10-05T22:30:27+00:00
2026-10-05T17:34:00Z,31641.75,31641.75,31641.75,31641.75,1,2026-10-05T22:30:27+00:00
2026-10-05T17:39:00Z,31640.0,31640.0,31640.0,31640.0,1,2026-10-05T22:30:27+00:00
2026-10-05T17:41:00Z,31643.75,31643.75,31643.75,31643.75,1,2026-10-05T22:30:27+00:00
2026-10-05T17:43:00Z,31651.75,31651.75,31651.75,31651.75,2,2026-10-05T22:30:27+00:00
2026-10-05T17:45:00Z,31679.75,31679.75,31676.5,31676.5,3,2026-10-05T22:30:27+00:00
2026-10-05T17:46:00Z,31671.5,31671.5,31671.5,31671.5,1,2026-10-05T22:30:27+00:00
2026-10-05T17:54:00Z,31669.25,31669.25,31669.25,31669.25,2,2026-10-05T22:30:27+00:00
2026-10-05T17:57:00Z,31667.0,31667.0,31664.5,31664.5,2,2026-10-05T22:30:27+00:00
2026-10-05T17:59:00Z,31663.75,31663.75,31663.75,31663.75,1,2026-10-05T22:30:27+00:00
2026-10-05T18:00:00Z,31662.25,31662.25,31655.0,31655.0,3,2026-10-05T22:30:27+00:00
2026-10-05T18:01:00Z,31658.75,31658.75,31658.75,31658.75,1,2026-10-05T22:30:27+00:00
2026-10-05T18:02:00Z,31657.25,31657.25,31657.25,31657.25,1,2026-10-05T22:30:27+00:00
2026-10-05T18:05:00Z,31650.0,31653.75,31650.0,31650.5,5,2026-10-05T22:30:27+00:00
2026-10-05T18:09:00Z,31658.0,31658.0,31658.0,31658.0,1,2026-10-05T22:30:27+00:00
2026-10-05T18:16:00Z,31664.0,31664.0,31664.0,31664.0,2,2026-10-05T22:30:27+00:00
2026-10-05T18:27:00Z,31676.0,31680.25,31676.0,31680.25,2,2026-10-05T22:30:27+00:00
2026-10-05T18:28:00Z,31682.25,31682.25,31682.25,31682.25,1,2026-10-05T22:30:27+00:00
2026-10-05T18:29:00Z,31679.25,31679.25,31679.25,31679.25,1,2026-10-05T22:30:27+00:00
2026-10-05T18:30:00Z,31679.0,31679.25,31679.0,31679.25,2,2026-10-05T22:30:27+00:00
2026-10-05T18:32:00Z,31675.75,31675.75,31675.75,31675.75,1,2026-10-05T22:30:27+00:00
2026-10-05T18:38:00Z,31675.25,31675.25,31675.25,31675.25,1,2026-10-05T22:30:27+00:00
2026-10-05T18:39:00Z,31676.75,31676.75,31676.75,31676.75,1,2026-10-05T22:30:27+00:00
2026-10-05T18:41:00Z,31685.0,31685.0,31685.0,31685.0,2,2026-10-05T22:30:27+00:00
2026-10-05T18:47:00Z,31675.0,31675.0,31675.0,31675.0,4,2026-10-05T22:30:27+00:00
2026-10-05T18:57:00Z,31687.5,31688.25,31687.5,31688.25,6,2026-10-05T22:30:27+00:00
2026-10-05T19:01:00Z,31691.5,31691.5,31691.0,31691.0,2,2026-10-05T22:30:27+00:00
2026-10-05T19:02:00Z,31707.75,31707.75,31707.75,31707.75,1,2026-10-05T22:30:27+00:00
2026-10-05T19:03:00Z,31707.0,31707.0,31707.0,31707.0,1,2026-10-05T22:30:27+00:00
2026-10-05T19:05:00Z,31703.75,31703.75,31703.75,31703.75,1,2026-10-05T22:30:27+00:00
2026-10-05T19:06:00Z,31704.75,31704.75,31704.75,31704.75,1,2026-10-05T22:30:27+00:00
2026-10-05T19:07:00Z,31695.0,31698.75,31695.0,31698.75,2,2026-10-05T22:30:27+00:00
2026-10-05T19:08:00Z,31694.0,31694.0,31694.0,31694.0,1,2026-10-05T22:30:27+00:00
2026-10-05T19:09:00Z,31698.75,31702.0,31698.75,31702.0,2,2026-10-05T22:30:27+00:00
2026-10-05T19:10:00Z,31707.25,31707.25,31707.25,31707.25,1,2026-10-05T22:30:27+00:00
2026-10-05T19:14:00Z,31729.25,31729.25,31729.25,31729.25,1,2026-10-05T22:30:27+00:00
2026-10-05T19:16:00Z,31718.75,31718.75,31718.75,31718.75,1,2026-10-05T22:30:27+00:00
2026-10-05T19:17:00Z,31722.5,31722.5,31722.5,31722.5,1,2026-10-05T22:30:27+00:00
2026-10-05T19:19:00Z,31734.25,31734.25,31731.75,31731.75,2,2026-10-05T22:30:27+00:00
2026-10-05T19:20:00Z,31733.5,31733.5,31733.5,31733.5,1,2026-10-05T22:30:27+00:00
2026-10-05T19:23:00Z,31728.5,31728.5,31728.5,31728.5,1,2026-10-05T22:30:27+00:00
2026-10-05T19:24:00Z,31725.5,31728.0,31725.5,31728.0,2,2026-10-05T22:30:27+00:00
2026-10-05T19:29:00Z,31719.75,31719.75,31719.75,31719.75,2,2026-10-05T22:30:27+00:00
2026-10-05T19:35:00Z,31723.0,31723.0,31723.0,31723.0,1,2026-10-05T22:30:27+00:00
2026-10-05T19:37:00Z,31722.0,31722.0,31722.0,31722.0,1,2026-10-05T22:30:27+00:00
2026-10-05T19:40:00Z,31718.75,31718.75,31716.75,31716.75,2,2026-10-05T22:30:27+00:00
2026-10-05T19:41:00Z,31712.5,31712.5,31712.5,31712.5,1,2026-10-05T22:30:27+00:00
2026-10-05T19:45:00Z,31700.0,31704.5,31700.0,31704.0,5,2026-10-05T22:30:27+00:00
2026-10-05T19:46:00Z,31695.0,31695.0,31695.0,31695.0,2,2026-10-05T22:30:27+00:00
2026-10-05T19:50:00Z,31689.5,31691.0,31687.75,31687.75,4,2026-10-05T22:30:27+00:00
2026-10-05T19:52:00Z,31688.25,31688.25,31679.25,31679.25,3,2026-10-05T22:30:27+00:00
2026-10-05T19:53:00Z,31680.75,31680.75,31674.5,31674.5,4,2026-10-05T22:30:27+00:00
2026-10-05T19:54:00Z,31673.5,31673.5,31673.5,31673.5,1,2026-10-05T22:30:27+00:00
2026-10-05T19:55:00Z,31661.25,31661.25,31661.25,31661.25,4,2026-10-05T22:30:27+00:00
2026-10-05T19:56:00Z,31675.0,31675.0,31675.0,31675.0,1,2026-10-05T22:30:27+00:00
2026-10-05T19:57:00Z,31669.5,31677.75,31669.5,31677.75,79,2026-10-05T22:30:27+00:00
2026-10-05T19:58:00Z,31673.0,31689.75,31668.0,31685.75,56,2026-10-05T22:30:27+00:00
2026-10-05T19:59:00Z,31676.25,31702.75,31676.25,31702.75,11,2026-10-05T22:30:27+00:00
2026-10-05T20:00:00Z,31705.25,31705.25,31685.5,31685.5,46,2026-10-05T22:30:27+00:00
2026-10-05T20:09:00Z,31698.75,31698.75,31698.75,31698.75,2,2026-10-05T22:30:27+00:00
2026-10-05T22:11:00Z,31714.75,31714.75,31714.75,31714.75,0,2026-10-06T22:30:27+00:00
2026-10-05T22:46:00Z,31690.0,31690.0,31690.0,31690.0,2,2026-10-06T22:30:27+00:00
2026-10-05T23:27:00Z,31715.0,31715.0,31715.0,31715.0,1,2026-10-06T22:30:27+00:00
2026-10-05T23:28:00Z,31718.75,31718.75,31718.75,31718.75,1,2026-10-06T22:30:27+00:00
2026-10-05T23:48:00Z,31714.75,31714.75,31714.75,31714.75,1,2026-10-06T22:30:27+00:00
2026-10-05T23:49:00Z,31714.0,31714.0,31714.0,31714.0,1,2026-10-06T22:30:27+00:00
2026-10-05T23:55:00Z,31719.25,31719.25,31719.25,31719.25,1,2026-10-06T22:30:27+00:00
2026-10-06T00:00:00Z,31705.0,31705.0,31705.0,31705.0,1,2026-10-06T22:30:27+00:00
2026-10-06T00:07:00Z,31712.75,31712.75,31712.75,31712.75,1,2026-10-06T22:30:27+00:00
2026-10-06T00:18:00Z,31728.0,31728.0,31728.0,31728.0,1,2026-10-06T22:30:27+00:00
2026-10-06T00:26:00Z,31720.0,31726.25,31720.0,31726.25,2,2026-10-06T22:30:27+00:00
2026-10-06T00:30:00Z,31718.75,31718.75,31718.75,31718.75,1,2026-10-06T22:30:27+00:00
2026-10-06T00:31:00Z,31727.75,31727.75,31727.75,31727.75,1,2026-10-06T22:30:27+00:00
2026-10-06T00:32:00Z,31751.0,31751.0,31751.0,31751.0,1,2026-10-06T22:30:27+00:00
2026-10-06T00:45:00Z,31737.75,31737.75,31737.75,31737.75,1,2026-10-06T22:30:27+00:00
2026-10-06T01:10:00Z,31772.5,31772.5,31772.5,31772.5,2,2026-10-06T22:30:27+00:00
2026-10-06T01:15:00Z,31755.0,31755.0,31755.0,31755.0,1,2026-10-06T22:30:27+00:00
2026-10-06T01:38:00Z,31714.0,31714.0,31714.0,31714.0,1,2026-10-06T22:30:27+00:00
2026-10-06T01:42:00Z,31702.0,31702.0,31702.0,31702.0,1,2026-10-06T22:30:27+00:00
2026-10-06T02:19:00Z,31704.75,31704.75,31704.75,31704.75,1,2026-10-06T22:30:27+00:00
2026-10-06T02:23:00Z,31711.25,31712.5,31711.25,31712.5,2,2026-10-06T22:30:27+00:00
2026-10-06T02:27:00Z,31702.25,31702.25,31702.25,31702.25,1,2026-10-06T22:30:27+00:00
2026-10-06T02:42:00Z,31694.5,31694.5,31694.5,31694.5,2,2026-10-06T22:30:27+00:00
2026-10-06T03:00:00Z,31708.75,31708.75,31708.75,31708.75,1,2026-10-06T22:30:27+00:00
2026-10-06T03:23:00Z,31725.5,31725.5,31725.5,31725.5,1,2026-10-06T22:30:27+00:00
2026-10-06T03:30:00Z,31715.0,31715.0,31715.0,31715.0,1,2026-10-06T22:30:27+00:00
2026-10-06T03:51:00Z,31720.25,31720.25,31720.25,31720.25,1,2026-10-06T22:30:27+00:00
2026-10-06T03:54:00Z,31710.0,31710.0,31710.0,31710.0,1,2026-10-06T22:30:27+00:00
2026-10-06T03:55:00Z,31713.75,31713.75,31713.75,31713.75,1,2026-10-06T22:30:27+00:00
2026-10-06T04:51:00Z,31704.5,31704.5,31704.5,31704.5,1,2026-10-06T22:30:27+00:00
2026-10-06T04:52:00Z,31700.0,31700.0,31700.0,31700.0,1,2026-10-06T22:30:27+00:00
2026-10-06T05:00:00Z,31705.5,31705.5,31705.5,31705.5,3,2026-10-06T22:30:27+00:00
2026-10-06T05:10:00Z,31717.0,31717.0,31717.0,31717.0,2,2026-10-06T22:30:27+00:00
2026-10-06T05:40:00Z,31726.25,31726.25,31724.5,31724.5,2,2026-10-06T22:30:27+00:00
2026-10-06T06:25:00Z,31751.0,31751.0,31751.0,31751.0,1,2026-10-06T22:30:27+00:00
2026-10-06T06:26:00Z,31753.75,31753.75,31753.75,31753.75,1,2026-10-06T22:30:27+00:00
2026-10-06T06:28:00Z,31749.0,31749.0,31749.0,31749.0,1,2026-10-06T22:30:27+00:00
2026-10-06T06:30:00Z,31745.0,31745.0,31745.0,31745.0,1,2026-10-06T22:30:27+00:00
2026-10-06T06:32:00Z,31751.25,31751.25,31751.25,31751.25,1,2026-10-06T22:30:27+00:00
2026-10-06T06:37:00Z,31754.75,31754.75,31754.75,31754.75,1,2026-10-06T22:30:27+00:00
2026-10-06T06:41:00Z,31750.0,31750.0,31750.0,31750.0,1,2026-10-06T22:30:27+00:00
2026-10-06T06:44:00Z,31751.25,31751.25,31751.25,31751.25,1,2026-10-06T22:30:27+00:00
2026-10-06T07:00:00Z,31737.25,31737.25,31737.25,31737.25,1,2026-10-06T22:30:27+00:00
2026-10-06T07:07:00Z,31714.0,31714.0,31714.0,31714.0,1,2026-10-06T22:30:27+00:00
2026-10-06T07:13:00Z,31725.5,31725.5,31725.5,31725.5,1,2026-10-06T22:30:27+00:00
2026-10-06T07:15:00Z,31747.5,31747.5,31747.5,31747.5,1,2026-10-06T22:30:27+00:00
2026-10-06T07:17:00Z,31749.75,31749.75,31749.75,31749.75,1,2026-10-06T22:30:27+00:00
2026-10-06T07:30:00Z,31729.5,31729.5,31729.5,31729.5,1,2026-10-06T22:30:27+00:00
2026-10-06T07:33:00Z,31733.75,31733.75,31733.75,31733.75,1,2026-10-06T22:30:27+00:00
2026-10-06T07:34:00Z,31730.0,31730.0,31730.0,31730.0,1,2026-10-06T22:30:27+00:00
2026-10-06T07:36:00Z,31738.75,31738.75,31738.75,31738.75,1,2026-10-06T22:30:27+00:00
2026-10-06T07:44:00Z,31752.5,31752.5,31752.5,31752.5,1,2026-10-06T22:30:27+00:00
2026-10-06T07:49:00Z,31742.0,31742.0,31742.0,31742.0,1,2026-10-06T22:30:27+00:00
2026-10-06T07:53:00Z,31739.75,31739.75,31739.75,31739.75,1,2026-10-06T22:30:27+00:00
2026-10-06T08:00:00Z,31746.75,31746.75,31745.0,31745.0,2,2026-10-06T22:30:27+00:00
2026-10-06T08:07:00Z,31770.0,31770.0,31770.0,31770.0,1,2026-10-06T22:30:27+00:00
2026-10-06T09:11:00Z,31765.0,31765.0,31765.0,31765.0,1,2026-10-06T22:30:27+00:00
2026-10-06T09:17:00Z,31779.5,31779.5,31779.5,31779.5,1,2026-10-06T22:30:27+00:00
2026-10-06T09:42:00Z,31777.75,31777.75,31777.75,31777.75,5,2026-10-06T22:30:27+00:00
2026-10-06T09:43:00Z,31776.75,31776.75,31776.75,31776.75,5,2026-10-06T22:30:27+00:00
2026-10-06T09:44:00Z,31777.0,31777.0,31773.75,31773.75,15,2026-10-06T22:30:27+00:00
2026-10-06T09:46:00Z,31772.0,31772.0,31772.0,31772.0,5,2026-10-06T22:30:27+00:00
2026-10-06T09:47:00Z,31771.25,31771.25,31771.25,31771.25,5,2026-10-06T22:30:27+00:00
2026-10-06T09:56:00Z,31772.5,31772.5,31772.5,31772.5,5,2026-10-06T22:30:27+00:00
2026-10-06T10:02:00Z,31769.25,31769.25,31766.5,31766.5,11,2026-10-06T22:30:27+00:00
2026-10-06T10:03:00Z,31764.75,31764.75,31760.75,31760.75,11,2026-10-06T22:30:27+00:00
2026-10-06T10:04:00Z,31757.75,31757.75,31757.75,31757.75,10,2026-10-06T22:30:27+00:00
2026-10-06T10:06:00Z,31775.0,31775.0,31775.0,31775.0,1,2026-10-06T22:30:27+00:00
2026-10-06T10:10:00Z,31783.25,31783.25,31783.25,31783.25,1,2026-10-06T22:30:27+00:00
2026-10-06T10:12:00Z,31793.75,31793.75,31793.75,31793.75,1,2026-10-06T22:30:27+00:00
2026-10-06T10:23:00Z,31814.5,31814.5,31814.5,31814.5,1,2026-10-06T22:30:27+00:00
2026-10-06T11:20:00Z,31856.75,31856.75,31856.75,31856.75,1,2026-10-06T22:30:27+00:00
2026-10-06T11:23:00Z,31880.0,31885.25,31880.0,31885.25,3,2026-10-06T22:30:27+00:00
2026-10-06T11:26:00Z,31893.0,31893.0,31893.0,31893.0,5,2026-10-06T22:30:27+00:00
2026-10-06T11:51:00Z,31882.5,31882.5,31882.5,31882.5,2,2026-10-06T22:30:27+00:00
2026-10-06T12:16:00Z,31900.0,31900.0,31900.0,31900.0,1,2026-10-06T22:30:27+00:00
2026-10-06T12:25:00Z,31878.25,31878.25,31878.25,31878.25,1,2026-10-06T22:30:27+00:00
2026-10-06T12:31:00Z,31850.0,31850.0,31850.0,31850.0,1,2026-10-06T22:30:27+00:00
2026-10-06T12:35:00Z,31835.25,31835.25,31835.25,31835.25,1,2026-10-06T22:30:27+00:00
2026-10-06T12:47:00Z,31838.75,31838.75,31835.25,31835.75,3,2026-10-06T22:30:27+00:00
2026-10-06T12:50:00Z,31829.25,31848.75,31829.25,31846.25,4,2026-10-06T22:30:27+00:00
2026-10-06T12:51:00Z,31845.5,31845.5,31845.5,31845.5,1,2026-10-06T22:30:27+00:00
2026-10-06T13:03:00Z,31868.0,31868.0,31868.0,31868.0,2,2026-10-06T22:30:27+00:00
2026-10-06T13:16:00Z,31862.25,31862.25,31862.25,31862.25,1,2026-10-06T22:30:27+00:00
2026-10-06T13:22:00Z,31867.5,31867.5,31867.5,31867.5,1,2026-10-06T22:30:27+00:00
2026-10-06T13:23:00Z,31856.5,31856.5,31856.5,31856.5,6,2026-10-06T22:30:27+00:00
2026-10-06T13:30:00Z,31880.5,31922.5,31880.5,31922.5,3,2026-10-06T22:30:27+00:00
2026-10-06T13:31:00Z,31869.75,31869.75,31869.75,31869.75,1,2026-10-06T22:30:27+00:00
2026-10-06T13:32:00Z,31885.0,31885.0,31857.0,31857.0,2,2026-10-06T22:30:27+00:00
2026-10-06T13:33:00Z,31850.0,31850.0,31848.75,31848.75,2,2026-10-06T22:30:27+00:00
2026-10-06T13:35:00Z,31874.75,31874.75,31849.75,31849.75,2,2026-10-06T22:30:27+00:00
2026-10-06T13:38:00Z,31853.0,31857.5,31853.0,31857.5,2,2026-10-06T22:30:27+00:00
2026-10-06T13:39:00Z,31880.0,31880.0,31880.0,31880.0,1,2026-10-06T22:30:27+00:00
2026-10-06T13:41:00Z,31877.0,31877.0,31877.0,31877.0,2,2026-10-06T22:30:27+00:00
2026-10-06T13:43:00Z,31870.0,31870.0,31870.0,31870.0,2,2026-10-06T22:30:27+00:00
2026-10-06T13:45:00Z,31877.5,31877.5,31877.5,31877.5,2,2026-10-06T22:30:27+00:00
2026-10-06T13:50:00Z,31875.0,31878.5,31875.0,31878.5,4,2026-10-06T22:30:27+00:00
2026-10-06T13:52:00Z,31888.0,31888.0,31888.0,31888.0,2,2026-10-06T22:30:27+00:00
2026-10-06T13:58:00Z,31914.0,31914.0,31914.0,31914.0,1,2026-10-06T22:30:27+00:00
2026-10-06T14:00:00Z,31917.5,31917.5,31917.5,31917.5,1,2026-10-06T22:30:27+00:00
2026-10-06T14:01:00Z,31924.0,31924.0,31924.0,31924.0,1,2026-10-06T22:30:27+00:00
2026-10-06T14:04:00Z,31906.5,31906.5,31906.5,31906.5,1,2026-10-06T22:30:27+00:00
2026-10-06T14:05:00Z,31917.25,31917.25,31917.25,31917.25,1,2026-10-06T22:30:27+00:00
2026-10-06T14:07:00Z,31929.0,31929.0,31929.0,31929.0,1,2026-10-06T22:30:27+00:00
2026-10-06T14:08:00Z,31937.25,31946.5,31937.25,31946.5,10,2026-10-06T22:30:27+00:00
2026-10-06T14:19:00Z,31916.25,31916.25,31909.0,31909.0,9,2026-10-06T22:30:27+00:00
2026-10-06T14:21:00Z,31919.0,31919.0,31919.0,31919.0,1,2026-10-06T22:30:27+00:00
2026-10-06T14:30:00Z,31860.0,31860.0,31860.0,31860.0,1,2026-10-06T22:30:27+00:00
2026-10-06T14:31:00Z,31863.75,31863.75,31863.75,31863.75,1,2026-10-06T22:30:27+00:00
2026-10-06T14:34:00Z,31880.0,31880.0,31880.0,31880.0,1,2026-10-06T22:30:27+00:00
2026-10-06T14:36:00Z,31882.5,31882.5,31882.0,31882.0,2,2026-10-06T22:30:27+00:00
2026-10-06T14:37:00Z,31889.75,31889.75,31889.75,31889.75,1,2026-10-06T22:30:27+00:00
2026-10-06T14:42:00Z,31925.0,31925.0,31925.0,31925.0,1,2026-10-06T22:30:27+00:00
2026-10-06T14:46:00Z,31926.25,31926.25,31924.0,31924.75,3,2026-10-06T22:30:27+00:00
2026-10-06T14:52:00Z,31939.25,31939.25,31939.25,31939.25,1,2026-10-06T22:30:27+00:00
2026-10-06T14:55:00Z,31947.75,31947.75,31947.75,31947.75,1,2026-10-06T22:30:27+00:00
2026-10-06T15:02:00Z,31951.25,31951.25,31949.75,31949.75,2,2026-10-06T22:30:27+00:00
2026-10-06T15:05:00Z,31963.0,31971.5,31963.0,31971.5,10,2026-10-06T22:30:27+00:00
2026-10-06T15:12:00Z,31973.25,31973.25,31973.25,31973.25,1,2026-10-06T22:30:27+00:00
2026-10-06T15:13:00Z,31972.75,31972.75,31972.75,31972.75,1,2026-10-06T22:30:27+00:00
2026-10-06T15:17:00Z,31974.0,31974.0,31974.0,31974.0,1,2026-10-06T22:30:27+00:00
2026-10-06T15:21:00Z,31972.0,31972.0,31972.0,31972.0,1,2026-10-06T22:30:27+00:00
2026-10-06T15:34:00Z,31950.0,31950.0,31949.75,31949.75,2,2026-10-06T22:30:27+00:00
2026-10-06T15:35:00Z,31944.5,31944.5,31944.5,31944.5,1,2026-10-06T22:30:27+00:00
2026-10-06T15:38:00Z,31944.25,31944.25,31944.25,31944.25,2,2026-10-06T22:30:27+00:00
2026-10-06T15:41:00Z,31955.0,31955.0,31955.0,31955.0,1,2026-10-06T22:30:27+00:00
2026-10-06T15:51:00Z,31951.75,31951.75,31951.75,31951.75,1,2026-10-06T22:30:27+00:00
2026-10-06T15:57:00Z,31935.25,31941.5,31935.25,31941.5,4,2026-10-06T22:30:27+00:00
2026-10-06T15:58:00Z,31932.5,31932.5,31932.25,31932.25,2,2026-10-06T22:30:27+00:00
2026-10-06T16:00:00Z,31935.25,31935.25,31935.25,31935.25,1,2026-10-06T22:30:27+00:00
2026-10-06T16:01:00Z,31936.5,31936.5,31928.5,31928.5,9,2026-10-06T22:30:27+00:00
2026-10-06T16:06:00Z,31929.5,31929.5,31929.5,31929.5,1,2026-10-06T22:30:27+00:00
2026-10-06T16:08:00Z,31916.25,31916.25,31916.25,31916.25,1,2026-10-06T22:30:27+00:00
2026-10-06T16:10:00Z,31910.25,31910.25,31910.25,31910.25,1,2026-10-06T22:30:27+00:00
2026-10-06T16:11:00Z,31913.5,31913.5,31913.5,31913.5,1,2026-10-06T22:30:27+00:00
2026-10-06T16:12:00Z,31911.5,31911.5,31907.5,31907.5,13,2026-10-06T22:30:27+00:00
2026-10-06T16:15:00Z,31903.0,31903.0,31903.0,31903.0,1,2026-10-06T22:30:27+00:00
2026-10-06T16:18:00Z,31896.75,31896.75,31896.75,31896.75,1,2026-10-06T22:30:27+00:00
2026-10-06T16:19:00Z,31899.75,31899.75,31899.75,31899.75,1,2026-10-06T22:30:27+00:00
2026-10-06T16:23:00Z,31899.25,31899.25,31899.25,31899.25,1,2026-10-06T22:30:27+00:00
2026-10-06T16:26:00Z,31903.75,31903.75,31903.75,31903.75,1,2026-10-06T22:30:27+00:00
2026-10-06T16:34:00Z,31902.25,31902.25,31902.25,31902.25,1,2026-10-06T22:30:27+00:00
2026-10-06T16:39:00Z,31893.0,31893.0,31893.0,31893.0,1,2026-10-06T22:30:27+00:00
2026-10-06T16:43:00Z,31899.5,31899.5,31899.5,31899.5,1,2026-10-06T22:30:27+00:00
2026-10-06T16:44:00Z,31898.0,31898.0,31898.0,31898.0,1,2026-10-06T22:30:27+00:00
2026-10-06T16:47:00Z,31907.0,31907.0,31907.0,31907.0,1,2026-10-06T22:30:27+00:00
2026-10-06T16:55:00Z,31894.0,31894.0,31894.0,31894.0,1,2026-10-06T22:30:27+00:00
2026-10-06T17:00:00Z,31890.0,31890.0,31890.0,31890.0,2,2026-10-06T22:30:27+00:00
2026-10-06T17:09:00Z,31880.75,31880.75,31880.75,31880.75,1,2026-10-06T22:30:27+00:00
2026-10-06T17:14:00Z,31864.75,31864.75,31855.0,31855.0,77,2026-10-06T22:30:27+00:00
2026-10-06T17:16:00Z,31864.25,31864.25,31864.25,31864.25,1,2026-10-06T22:30:27+00:00
2026-10-06T17:21:00Z,31864.0,31864.0,31850.0,31850.0,3,2026-10-06T22:30:27+00:00
2026-10-06T17:22:00Z,31857.25,31857.25,31849.75,31851.25,10,2026-10-06T22:30:27+00:00
2026-10-06T17:23:00Z,31855.0,31855.0,31852.5,31852.5,3,2026-10-06T22:30:27+00:00
2026-10-06T17:24:00Z,31860.0,31860.0,31860.0,31860.0,3,2026-10-06T22:30:27+00:00
2026-10-06T17:46:00Z,31896.25,31896.25,31896.25,31896.25,1,2026-10-06T22:30:27+00:00
2026-10-06T17:50:00Z,31904.5,31904.5,31904.5,31904.5,16,2026-10-06T22:30:27+00:00
2026-10-06T18:14:00Z,31911.5,31911.5,31911.5,31911.5,1,2026-10-06T22:30:27+00:00
2026-10-06T18:24:00Z,31888.75,31888.75,31888.75,31888.75,2,2026-10-06T22:30:27+00:00
2026-10-06T18:53:00Z,31890.0,31890.0,31890.0,31890.0,1,2026-10-06T22:30:27+00:00
2026-10-06T18:57:00Z,31898.0,31898.0,31898.0,31898.0,1,2026-10-06T22:30:27+00:00
2026-10-06T19:06:00Z,31891.25,31891.25,31891.25,31891.25,1,2026-10-06T22:30:27+00:00
2026-10-06T19:11:00Z,31877.0,31877.0,31876.5,31876.5,2,2026-10-06T22:30:27+00:00
2026-10-06T19:17:00Z,31890.25,31890.25,31890.25,31890.25,1,2026-10-06T22:30:27+00:00
2026-10-06T19:20:00Z,31888.5,31888.5,31888.5,31888.5,1,2026-10-06T22:30:27+00:00
2026-10-06T19:30:00Z,31887.5,31887.5,31887.5,31887.5,1,2026-10-06T22:30:27+00:00
2026-10-06T19:36:00Z,31873.75,31873.75,31873.75,31873.75,1,2026-10-06T22:30:27+00:00
2026-10-06T19:37:00Z,31867.25,31871.5,31867.25,31871.5,2,2026-10-06T22:30:27+00:00
2026-10-06T19:40:00Z,31866.25,31866.25,31866.25,31866.25,2,2026-10-06T22:30:27+00:00
2026-10-06T19:45:00Z,31873.0,31873.0,31873.0,31873.0,1,2026-10-06T22:30:27+00:00
2026-10-06T19:47:00Z,31873.75,31873.75,31873.0,31873.0,21,2026-10-06T22:30:27+00:00
2026-10-06T19:54:00Z,31843.0,31843.0,31836.25,31836.25,5,2026-10-06T22:30:27+00:00
2026-10-06T19:56:00Z,31841.0,31841.0,31841.0,31841.0,1,2026-10-06T22:30:27+00:00
2026-10-06T19:59:00Z,31845.0,31846.5,31845.0,31846.5,3,2026-10-06T22:30:27+00:00
2026-10-06T20:02:00Z,31853.5,31853.5,31853.5,31853.5,10,2026-10-06T22:30:27+00:00
2026-10-06T20:12:00Z,31855.5,31861.75,31855.5,31861.75,2,2026-10-06T22:30:27+00:00
2026-10-06T20:40:00Z,31857.0,31857.0,31857.0,31857.0,1,2026-10-07T22:30:26+00:00
2026-10-07T00:24:00Z,31869.0,31869.0,31869.0,31869.0,0,2026-10-07T22:30:26+00:00
2026-10-07T01:05:00Z,31850.5,31850.5,31850.5,31850.5,1,2026-10-07T22:30:26+00:00
2026-10-07T01:14:00Z,31860.25,31860.25,31860.25,31860.25,1,2026-10-07T22:30:26+00:00
2026-10-07T01:20:00Z,31862.5,31862.5,31862.5,31862.5,1,2026-10-07T22:30:26+00:00
2026-10-07T02:12:00Z,31818.0,31818.0,31818.0,31818.0,1,2026-10-07T22:30:26+00:00
2026-10-07T02:21:00Z,31810.0,31810.0,31810.0,31810.0,1,2026-10-07T22:30:26+00:00
2026-10-07T03:23:00Z,31830.25,31830.25,31830.25,31830.25,1,2026-10-07T22:30:26+00:00
2026-10-07T04:39:00Z,31847.0,31847.0,31847.0,31847.0,1,2026-10-07T22:30:26+00:00
2026-10-07T05:22:00Z,31825.5,31825.5,31825.5,31825.5,1,2026-10-07T22:30:26+00:00
2026-10-07T05:25:00Z,31833.0,31833.0,31833.0,31833.0,1,2026-10-07T22:30:26+00:00
2026-10-07T06:09:00Z,31833.75,31833.75,31833.75,31833.75,1,2026-10-07T22:30:26+00:00
2026-10-07T06:12:00Z,31829.5,31829.5,31829.5,31829.5,1,2026-10-07T22:30:26+00:00
2026-10-07T06:17:00Z,31828.75,31828.75,31828.75,31828.75,1,2026-10-07T22:30:26+00:00
2026-10-07T06:18:00Z,31824.0,31824.0,31824.0,31824.0,1,2026-10-07T22:30:26+00:00
2026-10-07T06:26:00Z,31824.0,31824.0,31824.0,31824.0,1,2026-10-07T22:30:26+00:00
2026-10-07T06:34:00Z,31834.5,31834.5,31834.5,31834.5,1,2026-10-07T22:30:26+00:00
2026-10-07T06:36:00Z,31832.5,31832.5,31832.5,31832.5,1,2026-10-07T22:30:26+00:00
2026-10-07T06:46:00Z,31825.5,31825.5,31825.5,31825.5,1,2026-10-07T22:30:26+00:00
2026-10-07T07:03:00Z,31832.75,31832.75,31828.0,31828.0,2,2026-10-07T22:30:26+00:00
2026-10-07T07:04:00Z,31833.75,31833.75,31833.75,31833.75,1,2026-10-07T22:30:26+00:00
2026-10-07T07:11:00Z,31837.0,31837.0,31837.0,31837.0,1,2026-10-07T22:30:26+00:00
2026-10-07T07:15:00Z,31814.75,31814.75,31814.75,31814.75,1,2026-10-07T22:30:26+00:00
2026-10-07T07:19:00Z,31813.75,31813.75,31813.75,31813.75,1,2026-10-07T22:30:26+00:00
2026-10-07T07:21:00Z,31810.0,31810.0,31810.0,31810.0,1,2026-10-07T22:30:26+00:00
2026-10-07T07:22:00Z,31815.5,31815.5,31815.5,31815.5,1,2026-10-07T22:30:26+00:00
2026-10-07T07:23:00Z,31812.0,31812.0,31812.0,31812.0,1,2026-10-07T22:30:26+00:00
2026-10-07T07:27:00Z,31816.25,31816.25,31816.25,31816.25,1,2026-10-07T22:30:26+00:00
2026-10-07T07:29:00Z,31810.0,31810.0,31810.0,31810.0,1,2026-10-07T22:30:26+00:00
2026-10-07T07:36:00Z,31804.5,31804.5,31804.5,31804.5,1,2026-10-07T22:30:26+00:00
2026-10-07T07:38:00Z,31800.0,31800.0,31800.0,31800.0,1,2026-10-07T22:30:26+00:00
2026-10-07T07:42:00Z,31808.75,31808.75,31808.75,31808.75,1,2026-10-07T22:30:26+00:00
2026-10-07T07:47:00Z,31808.0,31808.0,31808.0,31808.0,1,2026-10-07T22:30:26+00:00
2026-10-07T07:56:00Z,31770.0,31770.0,31770.0,31770.0,1,2026-10-07T22:30:26+00:00
2026-10-07T07:59:00Z,31793.75,31793.75,31793.75,31793.75,1,2026-10-07T22:30:26+00:00
2026-10-07T08:02:00Z,31785.0,31785.0,31785.0,31785.0,1,2026-10-07T22:30:26+00:00
2026-10-07T08:03:00Z,31793.75,31793.75,31793.75,31793.75,1,2026-10-07T22:30:26+00:00
2026-10-07T08:06:00Z,31789.0,31789.0,31789.0,31789.0,1,2026-10-07T22:30:26+00:00
2026-10-07T08:12:00Z,31798.75,31798.75,31798.75,31798.75,1,2026-10-07T22:30:26+00:00
2026-10-07T08:13:00Z,31793.0,31793.0,31793.0,31793.0,1,2026-10-07T22:30:26+00:00
2026-10-07T08:59:00Z,31773.25,31773.25,31773.0,31773.0,2,2026-10-07T22:30:26+00:00
2026-10-07T09:05:00Z,31760.0,31760.0,31760.0,31760.0,1,2026-10-07T22:30:26+00:00
2026-10-07T09:10:00Z,31753.0,31753.0,31753.0,31753.0,1,2026-10-07T22:30:26+00:00
2026-10-07T09:20:00Z,31718.0,31718.0,31718.0,31718.0,1,2026-10-07T22:30:26+00:00
2026-10-07T09:22:00Z,31714.5,31714.5,31714.5,31714.5,2,2026-10-07T22:30:26+00:00
2026-10-07T09:23:00Z,31722.75,31722.75,31722.75,31722.75,1,2026-10-07T22:30:26+00:00
2026-10-07T09:28:00Z,31741.0,31741.0,31741.0,31741.0,1,2026-10-07T22:30:26+00:00
2026-10-07T09:30:00Z,31743.0,31743.0,31743.0,31743.0,1,2026-10-07T22:30:26+00:00
2026-10-07T09:55:00Z,31703.75,31703.75,31703.75,31703.75,1,2026-10-07T22:30:26+00:00
2026-10-07T09:56:00Z,31700.0,31700.0,31700.0,31700.0,4,2026-10-07T22:30:26+00:00
2026-10-07T10:08:00Z,31722.75,31722.75,31722.75,31722.75,1,2026-10-07T22:30:26+00:00
2026-10-07T10:14:00Z,31714.75,31714.75,31714.75,31714.75,2,2026-10-07T22:30:26+00:00
2026-10-07T10:37:00Z,31683.0,31683.0,31683.0,31683.0,1,2026-10-07T22:30:26+00:00
2026-10-07T10:42:00Z,31685.25,31685.25,31685.25,31685.25,1,2026-10-07T22:30:26+00:00
2026-10-07T10:55:00Z,31664.0,31664.0,31664.0,31664.0,1,2026-10-07T22:30:26+00:00
2026-10-07T10:59:00Z,31664.25,31664.25,31664.25,31664.25,2,2026-10-07T22:30:26+00:00
2026-10-07T11:02:00Z,31621.25,31621.25,31621.25,31621.25,1,2026-10-07T22:30:26+00:00
2026-10-07T11:16:00Z,31631.75,31631.75,31631.75,31631.75,1,2026-10-07T22:30:26+00:00
2026-10-07T11:17:00Z,31624.25,31624.25,31624.25,31624.25,1,2026-10-07T22:30:26+00:00
2026-10-07T11:20:00Z,31613.25,31613.25,31609.5,31609.5,3,2026-10-07T22:30:26+00:00
2026-10-07T11:22:00Z,31620.0,31620.0,31620.0,31620.0,3,2026-10-07T22:30:26+00:00
2026-10-07T11:23:00Z,31618.25,31618.25,31618.25,31618.25,2,2026-10-07T22:30:26+00:00
2026-10-07T11:27:00Z,31607.5,31607.5,31607.5,31607.5,1,2026-10-07T22:30:26+00:00
2026-10-07T11:29:00Z,31615.5,31615.75,31615.5,31615.75,2,2026-10-07T22:30:26+00:00
2026-10-07T11:30:00Z,31603.0,31603.0,31595.75,31595.75,4,2026-10-07T22:30:26+00:00
2026-10-07T11:31:00Z,31603.75,31605.0,31603.75,31605.0,2,2026-10-07T22:30:26+00:00
2026-10-07T11:34:00Z,31611.5,31611.5,31611.5,31611.5,1,2026-10-07T22:30:26+00:00
2026-10-07T11:37:00Z,31607.0,31607.0,31607.0,31607.0,1,2026-10-07T22:30:26+00:00
2026-10-07T11:39:00Z,31596.75,31596.75,31596.75,31596.75,1,2026-10-07T22:30:26+00:00
2026-10-07T11:40:00Z,31584.0,31588.25,31584.0,31588.25,2,2026-10-07T22:30:26+00:00
2026-10-07T11:48:00Z,31611.25,31611.25,31611.25,31611.25,1,2026-10-07T22:30:26+00:00
2026-10-07T11:51:00Z,31595.0,31595.0,31595.0,31595.0,1,2026-10-07T22:30:26+00:00
2026-10-07T11:54:00Z,31609.25,31609.25,31609.25,31609.25,1,2026-10-07T22:30:26+00:00
2026-10-07T11:58:00Z,31634.75,31634.75,31634.75,31634.75,1,2026-10-07T22:30:26+00:00
2026-10-07T11:59:00Z,31635.25,31635.25,31635.25,31635.25,1,2026-10-07T22:30:26+00:00
2026-10-07T12:00:00Z,31632.5,31632.5,31632.5,31632.5,1,2026-10-07T22:30:26+00:00
2026-10-07T12:05:00Z,31636.5,31636.5,31636.5,31636.5,1,2026-10-07T22:30:26+00:00
2026-10-07T12:20:00Z,31605.5,31607.5,31605.25,31607.5,3,2026-10-07T22:30:26+00:00
2026-10-07T12:23:00Z,31606.75,31606.75,31606.75,31606.75,1,2026-10-07T22:30:26+00:00
2026-10-07T12:28:00Z,31578.0,31578.0,31578.0,31578.0,1,2026-10-07T22:30:26+00:00
2026-10-07T12:29:00Z,31584.5,31584.5,31584.5,31584.5,1,2026-10-07T22:30:26+00:00
2026-10-07T12:46:00Z,31602.25,31602.25,31602.25,31602.25,1,2026-10-07T22:30:26+00:00
2026-10-07T12:47:00Z,31614.5,31614.5,31614.5,31614.5,1,2026-10-07T22:30:26+00:00
2026-10-07T13:18:00Z,31620.0,31620.0,31620.0,31620.0,1,2026-10-07T22:30:26+00:00
2026-10-07T13:22:00Z,31600.0,31600.0,31600.0,31600.0,1,2026-10-07T22:30:26+00:00
2026-10-07T13:27:00Z,31599.25,31599.25,31598.75,31598.75,2,2026-10-07T22:30:26+00:00
2026-10-07T13:30:00Z,31588.75,31588.75,31587.5,31587.5,2,2026-10-07T22:30:26+00:00
2026-10-07T13:31:00Z,31615.5,31615.5,31615.5,31615.5,1,2026-10-07T22:30:26+00:00
2026-10-07T13:34:00Z,31629.75,31629.75,31629.75,31629.75,1,2026-10-07T22:30:26+00:00
2026-10-07T13:35:00Z,31608.5,31608.5,31608.5,31608.5,1,2026-10-07T22:30:26+00:00
2026-10-07T13:37:00Z,31569.75,31575.75,31569.75,31575.75,3,2026-10-07T22:30:26+00:00
2026-10-07T13:38:00Z,31558.75,31558.75,31539.5,31539.5,8,2026-10-07T22:30:26+00:00
2026-10-07T13:39:00Z,31542.25,31542.25,31539.25,31539.25,3,2026-10-07T22:30:26+00:00
2026-10-07T13:40:00Z,31544.75,31544.75,31544.75,31544.75,1,2026-10-07T22:30:26+00:00
2026-10-07T13:41:00Z,31544.25,31544.25,31544.25,31544.25,3,2026-10-07T22:30:26+00:00
2026-10-07T13:43:00Z,31547.5,31547.5,31547.5,31547.5,1,2026-10-07T22:30:26+00:00
2026-10-07T13:44:00Z,31559.75,31559.75,31559.75,31559.75,1,2026-10-07T22:30:26+00:00
2026-10-07T13:49:00Z,31537.0,31537.0,31537.0,31537.0,1,2026-10-07T22:30:26+00:00
2026-10-07T13:51:00Z,31561.5,31561.5,31561.5,31561.5,2,2026-10-07T22:30:26+00:00
2026-10-07T13:52:00Z,31558.75,31558.75,31558.75,31558.75,2,2026-10-07T22:30:26+00:00
2026-10-07T13:58:00Z,31586.5,31586.5,31586.5,31586.5,1,2026-10-07T22:30:26+00:00
2026-10-07T14:00:00Z,31586.0,31586.0,31586.0,31586.0,1,2026-10-07T22:30:26+00:00
2026-10-07T14:02:00Z,31565.0,31565.0,31565.0,31565.0,1,2026-10-07T22:30:26+00:00
2026-10-07T14:04:00Z,31560.75,31560.75,31560.75,31560.75,1,2026-10-07T22:30:26+00:00
2026-10-07T14:06:00Z,31557.0,31557.0,31557.0,31557.0,1,2026-10-07T22:30:26+00:00
2026-10-07T14:09:00Z,31576.5,31579.75,31576.5,31579.75,2,2026-10-07T22:30:26+00:00
2026-10-07T14:23:00Z,31627.5,31627.75,31627.5,31627.75,2,2026-10-07T22:30:26+00:00
2026-10-07T14:25:00Z,31636.5,31636.5,31636.5,31636.5,1,2026-10-07T22:30:26+00:00
2026-10-07T14:29:00Z,31612.5,31612.75,31611.0,31611.0,3,2026-10-07T22:30:26+00:00
2026-10-07T14:30:00Z,31612.75,31612.75,31612.75,31612.75,1,2026-10-07T22:30:26+00:00
2026-10-07T14:38:00Z,31613.5,31613.75,31613.5,31613.75,2,2026-10-07T22:30:26+00:00
2026-10-07T14:39:00Z,31622.25,31622.25,31622.25,31622.25,1,2026-10-07T22:30:26+00:00
2026-10-07T14:40:00Z,31635.0,31635.0,31631.75,31631.75,2,2026-10-07T22:30:26+00:00
2026-10-07T14:41:00Z,31640.5,31640.5,31640.5,31640.5,1,2026-10-07T22:30:26+00:00
2026-10-07T14:49:00Z,31602.0,31602.0,31602.0,31602.0,2,2026-10-07T22:30:26+00:00
2026-10-07T14:51:00Z,31588.0,31588.0,31588.0,31588.0,1,2026-10-07T22:30:26+00:00
2026-10-07T14:53:00Z,31581.75,31581.75,31581.75,31581.75,1,2026-10-07T22:30:26+00:00
2026-10-07T14:56:00Z,31591.5,31591.5,31591.5,31591.5,4,2026-10-07T22:30:26+00:00
2026-10-07T14:59:00Z,31615.0,31615.0,31615.0,31615.0,1,2026-10-07T22:30:26+00:00
2026-10-07T15:00:00Z,31617.75,31617.75,31610.5,31610.5,2,2026-10-07T22:30:26+00:00
2026-10-07T15:02:00Z,31597.5,31597.5,31597.5,31597.5,1,2026-10-07T22:30:26+00:00
2026-10-07T15:07:00Z,31620.0,31620.0,31620.0,31620.0,1,2026-10-07T22:30:26+00:00
2026-10-07T15:08:00Z,31628.5,31628.5,31628.5,31628.5,2,2026-10-07T22:30:26+00:00
2026-10-07T15:13:00Z,31635.0,31656.75,31635.0,31656.75,8,2026-10-07T22:30:26+00:00
2026-10-07T15:14:00Z,31657.5,31657.5,31654.75,31654.75,2,2026-10-07T22:30:26+00:00
2026-10-07T15:15:00Z,31648.75,31660.5,31648.75,31660.5,3,2026-10-07T22:30:26+00:00
2026-10-07T15:16:00Z,31654.5,31658.5,31654.5,31658.5,4,2026-10-07T22:30:26+00:00
2026-10-07T15:18:00Z,31656.75,31656.75,31656.75,31656.75,1,2026-10-07T22:30:26+00:00
2026-10-07T15:21:00Z,31645.5,31646.25,31645.5,31646.25,2,2026-10-07T22:30:26+00:00
2026-10-07T15:22:00Z,31635.75,31635.75,31635.75,31635.75,1,2026-10-07T22:30:26+00:00
2026-10-07T15:23:00Z,31640.5,31640.5,31640.5,31640.5,1,2026-10-07T22:30:26+00:00
2026-10-07T15:26:00Z,31633.25,31638.25,31633.25,31638.25,2,2026-10-07T22:30:26+00:00
2026-10-07T15:30:00Z,31641.25,31641.25,31641.25,31641.25,1,2026-10-07T22:30:26+00:00
2026-10-07T15:31:00Z,31644.5,31644.5,31644.5,31644.5,1,2026-10-07T22:30:26+00:00
2026-10-07T15:32:00Z,31651.75,31654.75,31651.75,31654.75,2,2026-10-07T22:30:26+00:00
2026-10-07T15:33:00Z,31647.5,31650.75,31647.5,31649.75,4,2026-10-07T22:30:26+00:00
2026-10-07T15:34:00Z,31648.75,31648.75,31648.75,31648.75,1,2026-10-07T22:30:26+00:00
2026-10-07T15:37:00Z,31687.5,31687.5,31687.25,31687.25,2,2026-10-07T22:30:26+00:00
2026-10-07T15:38:00Z,31690.0,31690.0,31690.0,31690.0,1,2026-10-07T22:30:26+00:00
2026-10-07T15:40:00Z,31696.0,31696.0,31696.0,31696.0,4,2026-10-07T22:30:26+00:00
2026-10-07T15:47:00Z,31711.25,31720.0,31711.25,31720.0,2,2026-10-07T22:30:26+00:00
2026-10-07T15:52:00Z,31731.0,31731.0,31725.25,31725.25,2,2026-10-07T22:30:26+00:00
2026-10-07T15:56:00Z,31710.5,31710.5,31710.5,31710.5,1,2026-10-07T22:30:26+00:00
2026-10-07T16:01:00Z,31701.0,31701.0,31680.75,31680.75,6,2026-10-07T22:30:26+00:00
2026-10-07T16:02:00Z,31679.25,31688.5,31678.25,31688.5,6,2026-10-07T22:30:26+00:00
2026-10-07T16:03:00Z,31693.5,31693.5,31693.5,31693.5,1,2026-10-07T22:30:26+00:00
2026-10-07T16:05:00Z,31708.0,31708.0,31708.0,31708.0,1,2026-10-07T22:30:26+00:00
2026-10-07T16:06:00Z,31707.75,31710.0,31707.75,31710.0,3,2026-10-07T22:30:26+00:00
2026-10-07T16:08:00Z,31716.0,31716.0,31716.0,31716.0,2,2026-10-07T22:30:26+00:00
2026-10-07T16:09:00Z,31715.25,31715.25,31715.25,31715.25,1,2026-10-07T22:30:26+00:00
2026-10-07T16:31:00Z,31697.0,31697.0,31697.0,31697.0,1,2026-10-07T22:30:26+00:00
2026-10-07T16:38:00Z,31692.25,31692.25,31692.25,31692.25,1,2026-10-07T22:30:26+00:00
2026-10-07T16:43:00Z,31689.0,31689.0,31687.75,31687.75,2,2026-10-07T22:30:26+00:00
2026-10-07T16:46:00Z,31710.75,31710.75,31701.75,31702.5,5,2026-10-07T22:30:26+00:00
2026-10-07T16:52:00Z,31704.5,31704.5,31704.5,31704.5,1,2026-10-07T22:30:26+00:00
2026-10-07T16:55:00Z,31698.5,31698.5,31698.5,31698.5,1,2026-10-07T22:30:26+00:00
2026-10-07T17:02:00Z,31683.0,31695.25,31683.0,31695.25,2,2026-10-07T22:30:26+00:00
2026-10-07T17:06:00Z,31730.25,31730.25,31728.25,31728.25,2,2026-10-07T22:30:26+00:00
2026-10-07T17:11:00Z,31739.25,31741.5,31739.25,31741.5,2,2026-10-07T22:30:26+00:00
2026-10-07T17:12:00Z,31726.5,31726.5,31725.25,31725.25,2,2026-10-07T22:30:26+00:00
2026-10-07T17:16:00Z,31725.75,31726.0,31725.75,31726.0,2,2026-10-07T22:30:26+00:00
2026-10-07T17:22:00Z,31743.0,31743.0,31741.0,31741.0,2,2026-10-07T22:30:26+00:00
2026-10-07T17:45:00Z,31737.0,31737.0,31737.0,31737.0,1,2026-10-07T22:30:26+00:00
2026-10-07T17:46:00Z,31740.0,31740.0,31740.0,31740.0,3,2026-10-07T22:30:26+00:00
2026-10-07T18:08:00Z,31740.0,31740.0,31740.0,31740.0,1,2026-10-07T22:30:26+00:00
2026-10-07T18:15:00Z,31741.0,31741.0,31741.0,31741.0,1,2026-10-07T22:30:26+00:00
2026-10-07T18:21:00Z,31736.5,31736.5,31736.5,31736.5,1,2026-10-07T22:30:26+00:00
2026-10-07T18:25:00Z,31745.0,31745.0,31745.0,31745.0,1,2026-10-07T22:30:26+00:00
2026-10-07T18:34:00Z,31745.0,31745.0,31745.0,31745.0,1,2026-10-07T22:30:26+00:00
2026-10-07T18:38:00Z,31730.0,31730.0,31730.0,31730.0,1,2026-10-07T22:30:26+00:00
2026-10-07T18:41:00Z,31734.5,31734.75,31734.5,31734.75,2,2026-10-07T22:30:26+00:00
2026-10-07T18:44:00Z,31745.5,31745.5,31745.5,31745.5,1,2026-10-07T22:30:26+00:00
2026-10-07T18:46:00Z,31746.0,31746.0,31746.0,31746.0,1,2026-10-07T22:30:26+00:00
2026-10-07T19:02:00Z,31744.75,31744.75,31744.25,31744.25,2,2026-10-07T22:30:26+00:00
2026-10-07T19:03:00Z,31731.25,31731.25,31720.0,31720.0,2,2026-10-07T22:30:26+00:00
2026-10-07T19:04:00Z,31710.0,31710.0,31710.0,31710.0,1,2026-10-07T22:30:26+00:00
2026-10-07T19:06:00Z,31706.75,31706.75,31706.75,31706.75,1,2026-10-07T22:30:26+00:00
2026-10-07T19:12:00Z,31719.5,31719.5,31719.5,31719.5,1,2026-10-07T22:30:26+00:00
2026-10-07T19:14:00Z,31725.5,31725.5,31725.5,31725.5,11,2026-10-07T22:30:26+00:00
2026-10-07T19:15:00Z,31717.5,31719.0,31717.5,31719.0,12,2026-10-07T22:30:26+00:00
2026-10-07T19:19:00Z,31731.0,31731.0,31731.0,31731.0,1,2026-10-07T22:30:26+00:00
2026-10-07T19:21:00Z,31714.5,31714.5,31714.5,31714.5,10,2026-10-07T22:30:26+00:00
2026-10-07T19:30:00Z,31729.25,31729.25,31729.25,31729.25,1,2026-10-07T22:30:26+00:00
2026-10-07T19:33:00Z,31738.25,31738.25,31738.25,31738.25,1,2026-10-07T22:30:26+00:00
2026-10-07T19:37:00Z,31734.0,31734.0,31734.0,31734.0,1,2026-10-07T22:30:26+00:00
2026-10-07T19:42:00Z,31748.75,31748.75,31748.75,31748.75,4,2026-10-07T22:30:26+00:00
2026-10-07T19:45:00Z,31753.75,31756.25,31753.75,31754.5,3,2026-10-07T22:30:26+00:00
2026-10-07T19:50:00Z,31747.25,31747.25,31747.25,31747.25,1,2026-10-07T22:30:26+00:00
2026-10-07T19:53:00Z,31752.25,31752.25,31752.25,31752.25,31,2026-10-07T22:30:26+00:00
2026-10-07T19:54:00Z,31754.25,31754.25,31754.25,31754.25,2,2026-10-07T22:30:26+00:00
2026-10-07T19:55:00Z,31770.0,31780.0,31770.0,31780.0,4,2026-10-07T22:30:26+00:00
2026-10-07T19:57:00Z,31775.75,31775.75,31773.0,31773.0,3,2026-10-07T22:30:26+00:00
2026-10-07T19:58:00Z,31775.25,31775.25,31775.25,31775.25,1,2026-10-07T22:30:26+00:00
2026-10-07T19:59:00Z,31773.0,31773.0,31769.5,31769.5,21,2026-10-07T22:30:26+00:00
2026-10-07T20:05:00Z,31760.0,31760.0,31760.0,31760.0,1,2026-10-07T22:30:26+00:00
2026-10-07T22:02:00Z,31787.0,31787.0,31787.0,31787.0,0,2026-10-07T22:30:26+00:00
2026-10-07T22:05:00Z,31793.0,31793.0,31793.0,31793.0,1,2026-10-07T22:30:26+00:00
2026-10-07T22:08:00Z,31793.0,31793.0,31793.0,31793.0,2,2026-10-08T22:30:29+00:00
2026-10-07T23:16:00Z,31810.0,31810.0,31810.0,31810.0,1,2026-10-08T22:30:29+00:00
2026-10-07T23:32:00Z,31816.5,31816.5,31816.5,31816.5,1,2026-10-08T22:30:29+00:00
2026-10-08T00:44:00Z,31740.0,31740.0,31740.0,31740.0,1,2026-10-08T22:30:29+00:00
2026-10-08T00:47:00Z,31748.0,31748.0,31748.0,31748.0,1,2026-10-08T22:30:29+00:00
2026-10-08T00:58:00Z,31750.5,31750.5,31750.5,31750.5,1,2026-10-08T22:30:29+00:00
2026-10-08T01:03:00Z,31764.5,31764.5,31764.5,31764.5,1,2026-10-08T22:30:29+00:00
2026-10-08T01:33:00Z,31788.0,31788.0,31788.0,31788.0,1,2026-10-08T22:30:29+00:00
2026-10-08T01:35:00Z,31807.25,31807.25,31807.25,31807.25,1,2026-10-08T22:30:29+00:00
2026-10-08T01:36:00Z,31806.5,31806.5,31806.5,31806.5,1,2026-10-08T22:30:29+00:00
2026-10-08T01:39:00Z,31805.0,31805.0,31805.0,31805.0,1,2026-10-08T22:30:29+00:00
2026-10-08T02:08:00Z,31800.0,31800.0,31800.0,31800.0,2,2026-10-08T22:30:29+00:00
2026-10-08T02:39:00Z,31807.5,31807.5,31807.5,31807.5,1,2026-10-08T22:30:29+00:00
2026-10-08T03:18:00Z,31760.0,31760.0,31760.0,31760.0,1,2026-10-08T22:30:29+00:00
2026-10-08T03:34:00Z,31761.25,31761.25,31761.25,31761.25,1,2026-10-08T22:30:29+00:00
2026-10-08T03:35:00Z,31754.75,31754.75,31754.75,31754.75,1,2026-10-08T22:30:29+00:00
2026-10-08T04:09:00Z,31723.25,31723.25,31723.25,31723.25,1,2026-10-08T22:30:29+00:00
2026-10-08T05:50:00Z,31711.75,31711.75,31711.75,31711.75,1,2026-10-08T22:30:29+00:00
2026-10-08T05:55:00Z,31697.0,31697.0,31697.0,31697.0,1,2026-10-08T22:30:29+00:00
2026-10-08T06:03:00Z,31696.5,31696.5,31696.5,31696.5,1,2026-10-08T22:30:29+00:00
2026-10-08T06:05:00Z,31704.5,31704.5,31704.5,31704.5,5,2026-10-08T22:30:29+00:00
2026-10-08T06:08:00Z,31700.75,31700.75,31700.75,31700.75,5,2026-10-08T22:30:29+00:00
2026-10-08T06:10:00Z,31696.5,31696.5,31690.75,31690.75,10,2026-10-08T22:30:29+00:00
2026-10-08T06:20:00Z,31661.0,31661.0,31661.0,31661.0,1,2026-10-08T22:30:29+00:00
2026-10-08T06:25:00Z,31662.0,31662.0,31662.0,31662.0,1,2026-10-08T22:30:29+00:00
2026-10-08T06:27:00Z,31654.0,31654.0,31654.0,31654.0,1,2026-10-08T22:30:29+00:00
2026-10-08T06:29:00Z,31659.0,31659.0,31659.0,31659.0,1,2026-10-08T22:30:29+00:00
2026-10-08T06:30:00Z,31657.75,31657.75,31657.75,31657.75,1,2026-10-08T22:30:29+00:00
2026-10-08T06:36:00Z,31634.25,31634.25,31634.25,31634.25,1,2026-10-08T22:30:29+00:00
2026-10-08T06:41:00Z,31640.5,31640.5,31640.5,31640.5,1,2026-10-08T22:30:29+00:00
2026-10-08T06:56:00Z,31610.5,31610.5,31610.5,31610.5,1,2026-10-08T22:30:29+00:00
2026-10-08T07:12:00Z,31590.25,31592.0,31586.0,31586.0,7,2026-10-08T22:30:29+00:00
2026-10-08T07:13:00Z,31585.0,31588.0,31585.0,31588.0,6,2026-10-08T22:30:29+00:00
2026-10-08T07:15:00Z,31584.0,31584.0,31582.0,31582.0,7,2026-10-08T22:30:29+00:00
2026-10-08T07:18:00Z,31600.0,31600.0,31597.75,31597.75,2,2026-10-08T22:30:29+00:00
2026-10-08T07:20:00Z,31612.5,31612.5,31612.5,31612.5,1,2026-10-08T22:30:29+00:00
2026-10-08T07:26:00Z,31603.25,31603.25,31603.25,31603.25,1,2026-10-08T22:30:29+00:00
2026-10-08T07:34:00Z,31612.25,31630.0,31612.25,31630.0,2,2026-10-08T22:30:29+00:00
2026-10-08T07:54:00Z,31602.5,31602.5,31602.5,31602.5,1,2026-10-08T22:30:29+00:00
2026-10-08T07:55:00Z,31608.25,31608.25,31608.25,31608.25,1,2026-10-08T22:30:29+00:00
2026-10-08T07:57:00Z,31600.0,31600.0,31599.0,31599.0,5,2026-10-08T22:30:29+00:00
2026-10-08T07:59:00Z,31583.5,31583.5,31583.5,31583.5,4,2026-10-08T22:30:29+00:00
2026-10-08T08:11:00Z,31613.5,31613.5,31613.5,31613.5,1,2026-10-08T22:30:29+00:00
2026-10-08T08:18:00Z,31627.0,31627.0,31627.0,31627.0,1,2026-10-08T22:30:29+00:00
2026-10-08T08:41:00Z,31607.25,31607.25,31605.5,31605.5,2,2026-10-08T22:30:29+00:00
2026-10-08T08:52:00Z,31600.0,31600.0,31600.0,31600.0,1,2026-10-08T22:30:29+00:00
2026-10-08T09:13:00Z,31615.0,31615.0,31615.0,31615.0,1,2026-10-08T22:30:29+00:00
2026-10-08T09:14:00Z,31606.0,31606.0,31606.0,31606.0,1,2026-10-08T22:30:29+00:00
2026-10-08T09:17:00Z,31586.0,31586.0,31586.0,31586.0,1,2026-10-08T22:30:29+00:00
2026-10-08T09:26:00Z,31594.25,31594.25,31594.25,31594.25,1,2026-10-08T22:30:29+00:00
2026-10-08T09:32:00Z,31615.0,31615.0,31615.0,31615.0,1,2026-10-08T22:30:29+00:00
2026-10-08T09:34:00Z,31607.5,31607.5,31594.75,31594.75,3,2026-10-08T22:30:29+00:00
2026-10-08T09:49:00Z,31586.0,31586.0,31586.0,31586.0,1,2026-10-08T22:30:29+00:00
2026-10-08T10:01:00Z,31578.0,31578.0,31578.0,31578.0,1,2026-10-08T22:30:29+00:00
2026-10-08T10:16:00Z,31570.0,31570.0,31570.0,31570.0,1,2026-10-08T22:30:29+00:00
2026-10-08T10:25:00Z,31543.75,31549.0,31525.25,31525.25,3,2026-10-08T22:30:29+00:00
2026-10-08T10:26:00Z,31527.25,31527.25,31527.25,31527.25,1,2026-10-08T22:30:29+00:00
2026-10-08T10:31:00Z,31503.0,31503.0,31503.0,31503.0,1,2026-10-08T22:30:29+00:00
2026-10-08T10:32:00Z,31501.75,31501.75,31501.75,31501.75,1,2026-10-08T22:30:29+00:00
2026-10-08T10:33:00Z,31490.25,31490.25,31490.25,31490.25,1,2026-10-08T22:30:29+00:00
2026-10-08T10:41:00Z,31515.25,31515.25,31511.25,31511.25,2,2026-10-08T22:30:29+00:00
2026-10-08T10:43:00Z,31496.75,31496.75,31496.75,31496.75,1,2026-10-08T22:30:29+00:00
2026-10-08T10:44:00Z,31495.5,31495.5,31495.5,31495.5,1,2026-10-08T22:30:29+00:00
2026-10-08T10:47:00Z,31490.75,31490.75,31490.75,31490.75,1,2026-10-08T22:30:29+00:00
2026-10-08T10:52:00Z,31513.0,31513.0,31513.0,31513.0,1,2026-10-08T22:30:29+00:00
2026-10-08T11:03:00Z,31512.25,31512.25,31512.25,31512.25,1,2026-10-08T22:30:29+00:00
2026-10-08T11:16:00Z,31520.75,31520.75,31520.75,31520.75,1,2026-10-08T22:30:29+00:00
2026-10-08T11:21:00Z,31522.0,31522.0,31522.0,31522.0,1,2026-10-08T22:30:29+00:00
2026-10-08T11:30:00Z,31541.75,31541.75,31541.75,31541.75,1,2026-10-08T22:30:29+00:00
2026-10-08T11:33:00Z,31509.25,31509.25,31509.25,31509.25,1,2026-10-08T22:30:29+00:00
2026-10-08T11:35:00Z,31519.25,31520.25,31519.25,31520.25,2,2026-10-08T22:30:29+00:00
2026-10-08T11:37:00Z,31528.75,31532.75,31528.75,31532.75,2,2026-10-08T22:30:29+00:00
2026-10-08T11:38:00Z,31530.75,31530.75,31530.75,31530.75,1,2026-10-08T22:30:29+00:00
2026-10-08T11:39:00Z,31528.75,31532.75,31528.75,31532.75,2,2026-10-08T22:30:29+00:00
2026-10-08T11:44:00Z,31551.0,31551.0,31551.0,31551.0,1,2026-10-08T22:30:29+00:00
2026-10-08T11:48:00Z,31548.0,31549.75,31548.0,31549.75,2,2026-10-08T22:30:29+00:00
2026-10-08T11:53:00Z,31555.0,31555.0,31555.0,31555.0,2,2026-10-08T22:30:29+00:00
2026-10-08T12:15:00Z,31537.75,31537.75,31537.75,31537.75,1,2026-10-08T22:30:29+00:00
2026-10-08T12:20:00Z,31561.0,31561.0,31561.0,31561.0,1,2026-10-08T22:30:29+00:00
2026-10-08T12:30:00Z,31564.75,31564.75,31564.75,31564.75,2,2026-10-08T22:30:29+00:00
2026-10-08T12:35:00Z,31540.0,31540.0,31540.0,31540.0,1,2026-10-08T22:30:29+00:00
2026-10-08T12:37:00Z,31555.0,31555.0,31555.0,31555.0,1,2026-10-08T22:30:29+00:00
2026-10-08T12:58:00Z,31560.0,31560.0,31560.0,31560.0,2,2026-10-08T22:30:29+00:00
2026-10-08T13:01:00Z,31566.75,31566.75,31566.75,31566.75,10,2026-10-08T22:30:29+00:00
2026-10-08T13:31:00Z,31570.25,31570.25,31570.25,31570.25,1,2026-10-08T22:30:29+00:00
2026-10-08T13:33:00Z,31590.25,31591.5,31590.25,31591.5,2,2026-10-08T22:30:29+00:00
2026-10-08T13:34:00Z,31608.25,31608.25,31608.25,31608.25,1,2026-10-08T22:30:29+00:00
2026-10-08T13:37:00Z,31592.25,31592.25,31592.25,31592.25,1,2026-10-08T22:30:29+00:00
2026-10-08T13:38:00Z,31596.25,31596.25,31592.75,31592.75,2,2026-10-08T22:30:29+00:00
2026-10-08T13:39:00Z,31588.0,31588.0,31588.0,31588.0,33,2026-10-08T22:30:29+00:00
2026-10-08T13:42:00Z,31579.5,31579.5,31579.5,31579.5,1,2026-10-08T22:30:29+00:00
2026-10-08T13:44:00Z,31580.0,31580.0,31580.0,31580.0,1,2026-10-08T22:30:29+00:00
2026-10-08T13:45:00Z,31573.75,31573.75,31573.75,31573.75,1,2026-10-08T22:30:29+00:00
2026-10-08T13:48:00Z,31581.0,31581.0,31581.0,31581.0,1,2026-10-08T22:30:29+00:00
2026-10-08T13:52:00Z,31596.75,31596.75,31570.0,31570.0,2,2026-10-08T22:30:29+00:00
2026-10-08T13:55:00Z,31521.0,31535.0,31521.0,31535.0,4,2026-10-08T22:30:29+00:00
2026-10-08T13:57:00Z,31553.5,31553.5,31553.5,31553.5,1,2026-10-08T22:30:29+00:00
2026-10-08T14:04:00Z,31574.0,31587.5,31574.0,31587.5,2,2026-10-08T22:30:29+00:00
2026-10-08T14:19:00Z,31640.0,31640.0,31640.0,31640.0,1,2026-10-08T22:30:29+00:00
2026-10-08T14:21:00Z,31656.5,31656.5,31656.5,31656.5,1,2026-10-08T22:30:29+00:00
2026-10-08T14:23:00Z,31677.25,31677.5,31677.25,31677.5,2,2026-10-08T22:30:29+00:00
2026-10-08T14:24:00Z,31680.5,31680.5,31680.5,31680.5,1,2026-10-08T22:30:29+00:00
2026-10-08T14:25:00Z,31689.0,31689.0,31689.0,31689.0,3,2026-10-08T22:30:29+00:00
2026-10-08T14:26:00Z,31699.25,31699.25,31699.25,31699.25,6,2026-10-08T22:30:29+00:00
2026-10-08T14:36:00Z,31698.5,31699.5,31698.5,31699.5,2,2026-10-08T22:30:29+00:00
2026-10-08T14:37:00Z,31705.0,31705.0,31705.0,31705.0,1,2026-10-08T22:30:29+00:00
2026-10-08T14:44:00Z,31662.0,31662.0,31662.0,31662.0,5,2026-10-08T22:30:29+00:00
2026-10-08T14:51:00Z,31640.5,31641.0,31640.5,31641.0,7,2026-10-08T22:30:29+00:00
2026-10-08T14:54:00Z,31624.5,31624.5,31624.5,31624.5,1,2026-10-08T22:30:29+00:00
2026-10-08T14:56:00Z,31631.25,31631.25,31631.25,31631.25,1,2026-10-08T22:30:29+00:00
2026-10-08T14:58:00Z,31624.0,31624.0,31624.0,31624.0,1,2026-10-08T22:30:29+00:00
2026-10-08T15:01:00Z,31627.75,31627.75,31627.75,31627.75,1,2026-10-08T22:30:29+00:00
2026-10-08T15:03:00Z,31600.0,31600.0,31600.0,31600.0,1,2026-10-08T22:30:29+00:00
2026-10-08T15:09:00Z,31613.0,31613.0,31613.0,31613.0,1,2026-10-08T22:30:29+00:00
2026-10-08T15:13:00Z,31614.5,31614.5,31614.5,31614.5,1,2026-10-08T22:30:29+00:00
2026-10-08T15:21:00Z,31613.75,31613.75,31610.0,31610.0,3,2026-10-08T22:30:29+00:00
2026-10-08T15:22:00Z,31596.25,31596.25,31596.25,31596.25,2,2026-10-08T22:30:29+00:00
2026-10-08T15:27:00Z,31591.5,31599.75,31591.5,31599.75,5,2026-10-08T22:30:29+00:00
2026-10-08T15:28:00Z,31608.25,31608.25,31608.25,31608.25,1,2026-10-08T22:30:29+00:00
2026-10-08T15:29:00Z,31603.25,31603.25,31603.25,31603.25,1,2026-10-08T22:30:29+00:00
2026-10-08T15:30:00Z,31600.5,31600.5,31590.25,31590.25,3,2026-10-08T22:30:29+00:00
2026-10-08T15:34:00Z,31584.0,31584.0,31582.5,31582.5,6,2026-10-08T22:30:29+00:00
2026-10-08T15:35:00Z,31574.0,31574.25,31568.25,31568.25,3,2026-10-08T22:30:29+00:00
2026-10-08T15:39:00Z,31556.5,31556.5,31556.5,31556.5,2,2026-10-08T22:30:29+00:00
2026-10-08T15:42:00Z,31559.25,31559.25,31559.25,31559.25,3,2026-10-08T22:30:29+00:00
2026-10-08T15:52:00Z,31565.25,31565.25,31565.25,31565.25,12,2026-10-08T22:30:29+00:00
2026-10-08T15:59:00Z,31549.25,31549.25,31549.25,31549.25,3,2026-10-08T22:30:29+00:00
2026-10-08T16:01:00Z,31543.25,31543.25,31543.25,31543.25,1,2026-10-08T22:30:29+00:00
2026-10-08T16:07:00Z,31538.25,31538.25,31537.5,31537.5,2,2026-10-08T22:30:29+00:00
2026-10-08T16:08:00Z,31553.75,31553.75,31553.75,31553.75,1,2026-10-08T22:30:29+00:00
2026-10-08T16:14:00Z,31550.0,31550.0,31550.0,31550.0,1,2026-10-08T22:30:29+00:00
2026-10-08T16:15:00Z,31555.25,31555.25,31555.25,31555.25,1,2026-10-08T22:30:29+00:00
2026-10-08T16:17:00Z,31583.0,31659.75,31583.0,31641.0,12,2026-10-08T22:30:29+00:00
2026-10-08T16:18:00Z,31635.5,31635.5,31607.5,31607.5,15,2026-10-08T22:30:29+00:00
2026-10-08T16:19:00Z,31602.0,31602.25,31588.75,31588.75,11,2026-10-08T22:30:29+00:00
2026-10-08T16:20:00Z,31589.0,31610.75,31585.75,31605.0,8,2026-10-08T22:30:29+00:00
2026-10-08T16:21:00Z,31603.0,31603.0,31603.0,31603.0,1,2026-10-08T22:30:29+00:00
2026-10-08T16:22:00Z,31605.0,31609.75,31605.0,31609.75,2,2026-10-08T22:30:29+00:00
2026-10-08T16:23:00Z,31590.75,31610.0,31590.75,31610.0,2,2026-10-08T22:30:29+00:00
2026-10-08T16:24:00Z,31610.0,31610.0,31610.0,31610.0,1,2026-10-08T22:30:29+00:00
2026-10-08T16:26:00Z,31615.0,31615.0,31615.0,31615.0,1,2026-10-08T22:30:29+00:00
2026-10-08T16:28:00Z,31616.5,31616.5,31616.5,31616.5,1,2026-10-08T22:30:29+00:00
2026-10-08T16:36:00Z,31602.75,31602.75,31602.75,31602.75,1,2026-10-08T22:30:29+00:00
2026-10-08T16:37:00Z,31586.5,31598.0,31586.5,31598.0,3,2026-10-08T22:30:29+00:00
2026-10-08T16:38:00Z,31580.0,31580.0,31580.0,31580.0,1,2026-10-08T22:30:29+00:00
2026-10-08T16:40:00Z,31583.75,31583.75,31583.75,31583.75,1,2026-10-08T22:30:29+00:00
2026-10-08T16:42:00Z,31594.25,31594.25,31572.75,31572.75,6,2026-10-08T22:30:29+00:00
2026-10-08T16:43:00Z,31562.0,31562.0,31545.0,31545.0,3,2026-10-08T22:30:29+00:00
2026-10-08T16:44:00Z,31543.0,31543.0,31543.0,31543.0,1,2026-10-08T22:30:29+00:00
2026-10-08T16:45:00Z,31555.0,31555.0,31555.0,31555.0,1,2026-10-08T22:30:29+00:00
2026-10-08T16:47:00Z,31536.5,31536.5,31536.5,31536.5,1,2026-10-08T22:30:29+00:00
2026-10-08T16:48:00Z,31489.0,31489.0,31465.75,31465.75,12,2026-10-08T22:30:29+00:00
2026-10-08T16:49:00Z,31456.0,31456.0,31437.5,31437.5,7,2026-10-08T22:30:29+00:00
2026-10-08T16:50:00Z,31421.0,31440.0,31400.0,31406.75,9,2026-10-08T22:30:29+00:00
2026-10-08T16:51:00Z,31405.0,31420.0,31405.0,31420.0,3,2026-10-08T22:30:29+00:00
2026-10-08T16:52:00Z,31418.5,31418.5,31395.75,31395.75,2,2026-10-08T22:30:29+00:00
2026-10-08T16:53:00Z,31376.5,31376.5,31368.75,31374.75,19,2026-10-08T22:30:29+00:00
2026-10-08T16:54:00Z,31359.0,31366.25,31359.0,31366.25,2,2026-10-08T22:30:29+00:00
2026-10-08T16:55:00Z,31381.5,31388.75,31377.5,31388.75,7,2026-10-08T22:30:29+00:00
2026-10-08T16:56:00Z,31388.25,31388.25,31356.0,31356.0,13,2026-10-08T22:30:29+00:00
2026-10-08T16:57:00Z,31338.0,31368.75,31318.75,31355.75,57,2026-10-08T22:30:29+00:00
2026-10-08T16:58:00Z,31353.0,31365.0,31353.0,31362.5,4,2026-10-08T22:30:29+00:00
2026-10-08T16:59:00Z,31362.5,31362.5,31362.5,31362.5,1,2026-10-08T22:30:29+00:00
2026-10-08T17:00:00Z,31333.5,31339.25,31319.75,31319.75,5,2026-10-08T22:30:29+00:00
2026-10-08T17:01:00Z,31308.25,31308.25,31303.0,31303.0,3,2026-10-08T22:30:29+00:00
2026-10-08T17:02:00Z,31332.0,31332.0,31322.25,31322.25,3,2026-10-08T22:30:29+00:00
2026-10-08T17:03:00Z,31351.25,31351.25,31351.25,31351.25,1,2026-10-08T22:30:29+00:00
2026-10-08T17:04:00Z,31299.75,31299.75,31299.75,31299.75,3,2026-10-08T22:30:29+00:00
2026-10-08T17:05:00Z,31316.75,31316.75,31284.75,31284.75,6,2026-10-08T22:30:29+00:00
2026-10-08T17:06:00Z,31269.75,31272.75,31269.75,31271.75,3,2026-10-08T22:30:29+00:00
2026-10-08T17:07:00Z,31285.5,31295.0,31274.25,31295.0,8,2026-10-08T22:30:29+00:00
2026-10-08T17:08:00Z,31314.75,31316.0,31314.75,31316.0,5,2026-10-08T22:30:29+00:00
2026-10-08T17:09:00Z,31300.0,31318.0,31300.0,31317.75,8,2026-10-08T22:30:29+00:00
2026-10-08T17:10:00Z,31293.0,31293.0,31293.0,31293.0,1,2026-10-08T22:30:29+00:00
2026-10-08T17:11:00Z,31288.5,31289.0,31288.5,31289.0,5,2026-10-08T22:30:29+00:00
2026-10-08T17:12:00Z,31323.0,31323.0,31323.0,31323.0,4,2026-10-08T22:30:29+00:00
2026-10-08T17:13:00Z,31346.25,31349.5,31343.0,31349.5,7,2026-10-08T22:30:29+00:00
2026-10-08T17:14:00Z,31361.0,31367.0,31361.0,31366.75,6,2026-10-08T22:30:29+00:00
2026-10-08T17:15:00Z,31358.0,31358.0,31349.25,31349.25,6,2026-10-08T22:30:29+00:00
2026-10-08T17:16:00Z,31334.0,31334.0,31316.5,31316.5,3,2026-10-08T22:30:29+00:00
2026-10-08T17:17:00Z,31295.5,31295.5,31282.75,31282.75,3,2026-10-08T22:30:29+00:00
2026-10-08T17:18:00Z,31297.5,31299.25,31290.25,31290.25,4,2026-10-08T22:30:29+00:00
2026-10-08T17:19:00Z,31298.5,31298.5,31293.5,31293.5,13,2026-10-08T22:30:29+00:00
2026-10-08T17:20:00Z,31290.0,31290.0,31277.0,31279.0,4,2026-10-08T22:30:29+00:00
2026-10-08T17:21:00Z,31278.5,31278.5,31264.75,31265.5,3,2026-10-08T22:30:29+00:00
2026-10-08T17:22:00Z,31245.75,31246.5,31245.75,31246.5,2,2026-10-08T22:30:29+00:00
2026-10-08T17:23:00Z,31237.5,31248.75,31237.5,31245.5,7,2026-10-08T22:30:29+00:00
2026-10-08T17:24:00Z,31240.0,31243.25,31240.0,31243.25,2,2026-10-08T22:30:29+00:00
2026-10-08T17:25:00Z,31233.25,31233.25,31216.0,31221.5,10,2026-10-08T22:30:29+00:00
2026-10-08T17:26:00Z,31221.0,31221.0,31158.75,31164.0,23,2026-10-08T22:30:29+00:00
2026-10-08T17:27:00Z,31163.25,31174.75,31157.25,31174.75,12,2026-10-08T22:30:29+00:00
2026-10-08T17:28:00Z,31162.75,31180.25,31162.75,31180.25,3,2026-10-08T22:30:29+00:00
2026-10-08T17:29:00Z,31186.5,31199.25,31186.5,31191.75,5,2026-10-08T22:30:29+00:00
2026-10-08T17:30:00Z,31200.5,31203.0,31190.25,31193.75,5,2026-10-08T22:30:29+00:00
2026-10-08T17:31:00Z,31192.25,31221.25,31192.25,31221.25,4,2026-10-08T22:30:29+00:00
2026-10-08T17:32:00Z,31239.25,31239.75,31236.75,31239.75,7,2026-10-08T22:30:29+00:00
2026-10-08T17:33:00Z,31256.5,31264.25,31256.25,31264.25,6,2026-10-08T22:30:29+00:00
2026-10-08T17:34:00Z,31267.0,31267.0,31266.5,31266.75,4,2026-10-08T22:30:29+00:00
2026-10-08T17:36:00Z,31257.25,31257.25,31257.25,31257.25,1,2026-10-08T22:30:29+00:00
2026-10-08T17:37:00Z,31249.0,31253.25,31249.0,31253.25,7,2026-10-08T22:30:29+00:00
2026-10-08T17:39:00Z,31262.5,31277.25,31262.25,31277.25,11,2026-10-08T22:30:29+00:00
2026-10-08T17:40:00Z,31286.75,31287.25,31286.75,31287.25,4,2026-10-08T22:30:29+00:00
2026-10-08T17:42:00Z,31276.0,31276.0,31276.0,31276.0,1,2026-10-08T22:30:29+00:00
2026-10-08T17:43:00Z,31271.75,31271.75,31271.75,31271.75,1,2026-10-08T22:30:29+00:00
2026-10-08T17:44:00Z,31274.0,31274.0,31259.0,31259.0,3,2026-10-08T22:30:29+00:00
2026-10-08T17:45:00Z,31274.75,31274.75,31273.0,31273.0,2,2026-10-08T22:30:29+00:00
2026-10-08T17:46:00Z,31260.5,31260.5,31242.0,31242.0,3,2026-10-08T22:30:29+00:00
2026-10-08T17:47:00Z,31238.75,31241.75,31237.5,31241.25,9,2026-10-08T22:30:29+00:00
2026-10-08T17:48:00Z,31237.5,31237.5,31237.5,31237.5,1,2026-10-08T22:30:29+00:00
2026-10-08T17:51:00Z,31222.5,31222.5,31222.5,31222.5,1,2026-10-08T22:30:29+00:00
2026-10-08T17:53:00Z,31220.0,31220.0,31220.0,31220.0,1,2026-10-08T22:30:29+00:00
2026-10-08T17:55:00Z,31238.25,31238.25,31230.0,31230.0,3,2026-10-08T22:30:29+00:00
2026-10-08T17:57:00Z,31248.0,31248.0,31248.0,31248.0,1,2026-10-08T22:30:29+00:00
2026-10-08T17:58:00Z,31255.75,31260.75,31255.75,31256.75,6,2026-10-08T22:30:29+00:00
2026-10-08T17:59:00Z,31262.0,31262.0,31254.0,31254.0,2,2026-10-08T22:30:29+00:00
2026-10-08T18:00:00Z,31259.75,31266.25,31234.25,31234.25,5,2026-10-08T22:30:29+00:00
2026-10-08T18:01:00Z,31220.0,31220.0,31220.0,31220.0,1,2026-10-08T22:30:29+00:00
2026-10-08T18:02:00Z,31241.0,31241.0,31241.0,31241.0,1,2026-10-08T22:30:29+00:00
2026-10-08T18:03:00Z,31246.75,31246.75,31246.75,31246.75,1,2026-10-08T22:30:29+00:00
2026-10-08T18:04:00Z,31260.75,31260.75,31245.75,31245.75,2,2026-10-08T22:30:29+00:00
2026-10-08T18:05:00Z,31243.5,31243.5,31243.5,31243.5,1,2026-10-08T22:30:29+00:00
2026-10-08T18:06:00Z,31251.25,31251.25,31251.25,31251.25,1,2026-10-08T22:30:29+00:00
2026-10-08T18:07:00Z,31259.0,31259.0,31259.0,31259.0,1,2026-10-08T22:30:29+00:00
2026-10-08T18:08:00Z,31251.0,31262.75,31251.0,31262.75,14,2026-10-08T22:30:29+00:00
2026-10-08T18:11:00Z,31273.5,31274.25,31273.25,31274.25,14,2026-10-08T22:30:29+00:00
2026-10-08T18:13:00Z,31284.75,31284.75,31284.75,31284.75,1,2026-10-08T22:30:29+00:00
2026-10-08T18:14:00Z,31301.75,31307.25,31301.75,31307.25,3,2026-10-08T22:30:29+00:00
2026-10-08T18:15:00Z,31317.75,31317.75,31317.75,31317.75,1,2026-10-08T22:30:29+00:00
2026-10-08T18:16:00Z,31326.25,31326.25,31326.25,31326.25,1,2026-10-08T22:30:29+00:00
2026-10-08T18:18:00Z,31326.5,31326.5,31326.5,31326.5,1,2026-10-08T22:30:29+00:00
2026-10-08T18:19:00Z,31335.75,31340.0,31334.0,31340.0,8,2026-10-08T22:30:29+00:00
2026-10-08T18:25:00Z,31360.0,31360.0,31360.0,31360.0,1,2026-10-08T22:30:29+00:00
2026-10-08T18:26:00Z,31350.75,31350.75,31350.75,31350.75,9,2026-10-08T22:30:29+00:00
2026-10-08T18:28:00Z,31365.5,31365.5,31365.5,31365.5,2,2026-10-08T22:30:29+00:00
2026-10-08T18:29:00Z,31354.25,31354.25,31354.25,31354.25,1,2026-10-08T22:30:29+00:00
2026-10-08T18:30:00Z,31349.75,31349.75,31337.75,31337.75,5,2026-10-08T22:30:29+00:00
2026-10-08T18:32:00Z,31337.0,31337.0,31337.0,31337.0,1,2026-10-08T22:30:29+00:00
2026-10-08T18:33:00Z,31333.25,31333.25,31316.5,31316.5,9,2026-10-08T22:30:29+00:00
2026-10-08T18:38:00Z,31309.5,31309.5,31304.75,31304.75,2,2026-10-08T22:30:29+00:00
2026-10-08T18:41:00Z,31300.0,31300.0,31299.0,31299.0,2,2026-10-08T22:30:29+00:00
2026-10-08T18:42:00Z,31284.75,31284.75,31281.75,31281.75,11,2026-10-08T22:30:29+00:00
2026-10-08T18:50:00Z,31304.25,31307.0,31304.25,31307.0,3,2026-10-08T22:30:29+00:00
2026-10-08T18:59:00Z,31295.0,31295.0,31295.0,31295.0,2,2026-10-08T22:30:29+00:00
2026-10-08T19:00:00Z,31285.25,31285.25,31285.25,31285.25,1,2026-10-08T22:30:29+00:00
2026-10-08T19:01:00Z,31288.75,31288.75,31288.75,31288.75,6,2026-10-08T22:30:29+00:00
2026-10-08T19:04:00Z,31281.0,31281.25,31281.0,31281.25,2,2026-10-08T22:30:29+00:00
2026-10-08T19:05:00Z,31281.25,31283.5,31281.25,31283.5,2,2026-10-08T22:30:29+00:00
2026-10-08T19:06:00Z,31280.0,31280.0,31280.0,31280.0,2,2026-10-08T22:30:29+00:00
2026-10-08T19:07:00Z,31264.25,31264.25,31257.0,31257.0,2,2026-10-08T22:30:29+00:00
2026-10-08T19:08:00Z,31264.25,31264.25,31264.25,31264.25,1,2026-10-08T22:30:29+00:00
2026-10-08T19:12:00Z,31258.25,31258.25,31251.0,31251.0,6,2026-10-08T22:30:29+00:00
2026-10-08T19:13:00Z,31261.75,31273.5,31261.75,31273.5,4,2026-10-08T22:30:29+00:00
2026-10-08T19:14:00Z,31274.5,31274.5,31273.25,31273.25,2,2026-10-08T22:30:29+00:00
2026-10-08T19:15:00Z,31252.5,31252.5,31252.5,31252.5,1,2026-10-08T22:30:29+00:00
2026-10-08T19:16:00Z,31259.25,31259.25,31259.25,31259.25,1,2026-10-08T22:30:29+00:00
2026-10-08T19:17:00Z,31273.5,31273.5,31270.5,31270.5,2,2026-10-08T22:30:29+00:00
2026-10-08T19:18:00Z,31260.0,31260.0,31260.0,31260.0,1,2026-10-08T22:30:29+00:00
2026-10-08T19:21:00Z,31276.0,31276.0,31276.0,31276.0,1,2026-10-08T22:30:29+00:00
2026-10-08T19:25:00Z,31309.25,31309.25,31309.25,31309.25,1,2026-10-08T22:30:29+00:00
2026-10-08T19:26:00Z,31311.25,31311.25,31308.5,31308.5,7,2026-10-08T22:30:29+00:00
2026-10-08T19:28:00Z,31313.25,31313.25,31292.0,31292.0,2,2026-10-08T22:30:29+00:00
2026-10-08T19:30:00Z,31280.75,31280.75,31280.75,31280.75,1,2026-10-08T22:30:29+00:00
2026-10-08T19:32:00Z,31268.0,31271.25,31268.0,31271.25,6,2026-10-08T22:30:29+00:00
2026-10-08T19:34:00Z,31292.0,31292.0,31292.0,31292.0,1,2026-10-08T22:30:29+00:00
2026-10-08T19:43:00Z,31294.0,31294.0,31294.0,31294.0,1,2026-10-08T22:30:29+00:00
2026-10-08T19:46:00Z,31289.0,31289.0,31289.0,31289.0,1,2026-10-08T22:30:29+00:00
2026-10-08T19:47:00Z,31293.75,31295.0,31288.5,31288.5,6,2026-10-08T22:30:29+00:00
2026-10-08T19:50:00Z,31305.75,31305.75,31305.75,31305.75,2,2026-10-08T22:30:29+00:00
2026-10-08T19:51:00Z,31308.0,31308.0,31308.0,31308.0,1,2026-10-08T22:30:29+00:00
2026-10-08T19:54:00Z,31290.0,31290.0,31283.5,31283.5,3,2026-10-08T22:30:29+00:00
2026-10-08T19:55:00Z,31299.75,31299.75,31299.75,31299.75,11,2026-10-08T22:30:29+00:00
2026-10-08T19:56:00Z,31314.5,31314.5,31314.5,31314.5,1,2026-10-08T22:30:29+00:00
2026-10-08T19:57:00Z,31329.0,31329.0,31329.0,31329.0,4,2026-10-08T22:30:29+00:00
2026-10-08T19:58:00Z,31334.0,31334.25,31334.0,31334.25,2,2026-10-08T22:30:29+00:00
2026-10-08T19:59:00Z,31334.25,31334.25,31319.75,31322.5,4,2026-10-08T22:30:29+00:00
2026-10-08T20:00:00Z,31331.75,31352.0,31331.75,31352.0,7,2026-10-08T22:30:29+00:00
2026-10-08T20:02:00Z,31350.75,31350.75,31350.75,31350.75,1,2026-10-08T22:30:29+00:00
2026-10-08T20:04:00Z,31344.25,31344.25,31343.0,31343.0,0,2026-10-08T22:30:29+00:00
2026-10-08T22:00:00Z,31382.25,31382.25,31382.25,31382.25,2,2026-10-08T22:30:29+00:00
2026-10-08T22:15:00Z,31400.0,31410.0,31400.0,31410.0,3,2026-10-09T22:30:26+00:00
2026-10-08T22:39:00Z,31417.0,31417.0,31417.0,31417.0,1,2026-10-09T22:30:26+00:00
2026-10-08T22:46:00Z,31395.5,31395.5,31395.5,31395.5,1,2026-10-09T22:30:26+00:00
2026-10-08T23:43:00Z,31352.0,31352.0,31352.0,31352.0,2,2026-10-09T22:30:26+00:00
2026-10-09T00:02:00Z,31319.5,31319.5,31319.5,31319.5,1,2026-10-09T22:30:26+00:00
2026-10-09T00:03:00Z,31319.5,31319.5,31319.5,31319.5,1,2026-10-09T22:30:26+00:00
2026-10-09T00:14:00Z,31334.0,31334.0,31334.0,31334.0,1,2026-10-09T22:30:26+00:00
2026-10-09T00:26:00Z,31327.25,31327.25,31327.25,31327.25,1,2026-10-09T22:30:26+00:00
2026-10-09T00:31:00Z,31372.25,31372.25,31372.25,31372.25,1,2026-10-09T22:30:26+00:00
2026-10-09T00:41:00Z,31372.5,31372.5,31372.5,31372.5,1,2026-10-09T22:30:26+00:00
2026-10-09T00:46:00Z,31387.25,31387.25,31387.25,31387.25,1,2026-10-09T22:30:26+00:00
2026-10-09T00:51:00Z,31362.5,31362.5,31362.5,31362.5,1,2026-10-09T22:30:26+00:00
2026-10-09T00:57:00Z,31372.5,31372.5,31360.0,31360.0,2,2026-10-09T22:30:26+00:00
2026-10-09T01:27:00Z,31362.75,31362.75,31362.75,31362.75,1,2026-10-09T22:30:26+00:00
2026-10-09T01:37:00Z,31370.5,31370.5,31370.5,31370.5,3,2026-10-09T22:30:26+00:00
2026-10-09T01:55:00Z,31417.25,31417.25,31417.25,31417.25,2,2026-10-09T22:30:26+00:00
2026-10-09T02:11:00Z,31436.25,31436.25,31436.25,31436.25,1,2026-10-09T22:30:26+00:00
2026-10-09T02:23:00Z,31425.0,31425.0,31425.0,31425.0,1,2026-10-09T22:30:26+00:00
2026-10-09T02:24:00Z,31424.25,31424.25,31424.25,31424.25,5,2026-10-09T22:30:26+00:00
2026-10-09T02:37:00Z,31438.75,31438.75,31438.75,31438.75,1,2026-10-09T22:30:26+00:00
2026-10-09T02:41:00Z,31423.25,31423.25,31423.25,31423.25,1,2026-10-09T22:30:26+00:00
2026-10-09T02:43:00Z,31437.25,31437.25,31437.25,31437.25,4,2026-10-09T22:30:26+00:00
2026-10-09T03:19:00Z,31420.0,31421.0,31420.0,31421.0,2,2026-10-09T22:30:26+00:00
2026-10-09T03:36:00Z,31440.0,31440.0,31440.0,31440.0,4,2026-10-09T22:30:26+00:00
2026-10-09T04:13:00Z,31485.0,31485.0,31485.0,31485.0,1,2026-10-09T22:30:26+00:00
2026-10-09T04:49:00Z,31465.0,31465.0,31465.0,31465.0,1,2026-10-09T22:30:26+00:00
2026-10-09T05:31:00Z,31515.0,31515.0,31515.0,31515.0,1,2026-10-09T22:30:26+00:00
2026-10-09T05:37:00Z,31513.75,31520.0,31513.75,31520.0,7,2026-10-09T22:30:26+00:00
2026-10-09T05:48:00Z,31521.0,31521.0,31521.0,31521.0,3,2026-10-09T22:30:26+00:00
2026-10-09T05:56:00Z,31529.5,31529.5,31529.5,31529.5,1,2026-10-09T22:30:26+00:00
2026-10-09T05:58:00Z,31529.0,31530.0,31529.0,31530.0,2,2026-10-09T22:30:26+00:00
2026-10-09T06:00:00Z,31508.25,31508.25,31508.25,31508.25,1,2026-10-09T22:30:26+00:00
2026-10-09T06:13:00Z,31505.0,31505.0,31505.0,31505.0,1,2026-10-09T22:30:26+00:00
2026-10-09T06:24:00Z,31497.75,31497.75,31497.75,31497.75,1,2026-10-09T22:30:26+00:00
2026-10-09T06:32:00Z,31511.25,31511.25,31511.25,31511.25,1,2026-10-09T22:30:26+00:00
2026-10-09T06:34:00Z,31530.0,31533.25,31530.0,31533.25,4,2026-10-09T22:30:26+00:00
2026-10-09T06:40:00Z,31556.0,31556.0,31556.0,31556.0,1,2026-10-09T22:30:26+00:00
2026-10-09T07:02:00Z,31551.25,31551.25,31551.25,31551.25,1,2026-10-09T22:30:26+00:00
2026-10-09T07:09:00Z,31575.0,31575.0,31575.0,31575.0,1,2026-10-09T22:30:26+00:00
2026-10-09T07:23:00Z,31580.25,31580.25,31580.25,31580.25,1,2026-10-09T22:30:26+00:00
2026-10-09T07:30:00Z,31595.5,31595.5,31595.5,31595.5,1,2026-10-09T22:30:26+00:00
2026-10-09T07:35:00Z,31585.0,31585.0,31585.0,31585.0,4,2026-10-09T22:30:26+00:00
2026-10-09T08:21:00Z,31600.0,31600.0,31600.0,31600.0,2,2026-10-09T22:30:26+00:00
2026-10-09T08:51:00Z,31610.25,31610.25,31610.25,31610.25,1,2026-10-09T22:30:26+00:00
2026-10-09T08:56:00Z,31606.5,31610.0,31606.5,31610.0,5,2026-10-09T22:30:26+00:00
2026-10-09T09:44:00Z,31582.0,31582.0,31577.75,31577.75,4,2026-10-09T22:30:26+00:00
2026-10-09T10:02:00Z,31582.5,31582.5,31582.5,31582.5,3,2026-10-09T22:30:26+00:00
2026-10-09T10:28:00Z,31565.25,31565.25,31565.25,31565.25,4,2026-10-09T22:30:26+00:00
2026-10-09T10:55:00Z,31548.5,31548.5,31548.5,31548.5,2,2026-10-09T22:30:26+00:00
2026-10-09T10:56:00Z,31560.5,31565.75,31560.5,31565.75,2,2026-10-09T22:30:26+00:00
2026-10-09T10:58:00Z,31565.5,31566.5,31562.75,31562.75,3,2026-10-09T22:30:26+00:00
2026-10-09T11:02:00Z,31560.0,31560.0,31560.0,31560.0,1,2026-10-09T22:30:26+00:00
2026-10-09T11:03:00Z,31555.0,31555.0,31555.0,31555.0,1,2026-10-09T22:30:26+00:00
2026-10-09T11:05:00Z,31556.0,31556.0,31552.75,31552.75,2,2026-10-09T22:30:26+00:00
2026-10-09T11:07:00Z,31553.0,31553.0,31553.0,31553.0,1,2026-10-09T22:30:26+00:00
2026-10-09T11:15:00Z,31562.25,31562.25,31562.25,31562.25,1,2026-10-09T22:30:26+00:00
2026-10-09T11:16:00Z,31570.0,31570.0,31570.0,31570.0,1,2026-10-09T22:30:26+00:00
2026-10-09T11:28:00Z,31575.0,31575.0,31575.0,31575.0,2,2026-10-09T22:30:26+00:00
2026-10-09T11:33:00Z,31594.25,31594.25,31594.25,31594.25,2,2026-10-09T22:30:26+00:00
2026-10-09T11:38:00Z,31573.25,31573.25,31573.25,31573.25,1,2026-10-09T22:30:26+00:00
2026-10-09T11:42:00Z,31580.0,31580.0,31580.0,31580.0,1,2026-10-09T22:30:26+00:00
2026-10-09T11:44:00Z,31580.75,31580.75,31580.75,31580.75,1,2026-10-09T22:30:26+00:00
2026-10-09T11:48:00Z,31590.0,31590.0,31590.0,31590.0,1,2026-10-09T22:30:26+00:00
2026-10-09T11:49:00Z,31589.75,31595.5,31589.75,31595.5,9,2026-10-09T22:30:26+00:00
2026-10-09T11:53:00Z,31585.25,31585.25,31585.25,31585.25,1,2026-10-09T22:30:26+00:00
2026-10-09T11:59:00Z,31590.0,31590.0,31590.0,31590.0,4,2026-10-09T22:30:26+00:00
2026-10-09T12:05:00Z,31574.0,31574.0,31568.0,31568.0,8,2026-10-09T22:30:26+00:00
2026-10-09T12:11:00Z,31566.25,31566.25,31566.25,31566.25,6,2026-10-09T22:30:26+00:00
2026-10-09T12:16:00Z,31568.0,31568.0,31568.0,31568.0,1,2026-10-09T22:30:26+00:00
2026-10-09T12:26:00Z,31567.75,31567.75,31567.75,31567.75,1,2026-10-09T22:30:26+00:00
2026-10-09T12:35:00Z,31546.75,31546.75,31546.75,31546.75,1,2026-10-09T22:30:26+00:00
2026-10-09T12:53:00Z,31501.25,31501.25,31501.25,31501.25,1,2026-10-09T22:30:26+00:00
2026-10-09T12:58:00Z,31545.0,31546.5,31545.0,31546.5,9,2026-10-09T22:30:26+00:00
2026-10-09T13:02:00Z,31549.75,31549.75,31549.75,31549.75,1,2026-10-09T22:30:26+00:00
2026-10-09T13:05:00Z,31556.75,31556.75,31556.75,31556.75,2,2026-10-09T22:30:26+00:00
2026-10-09T13:25:00Z,31552.5,31552.5,31552.5,31552.5,2,2026-10-09T22:30:26+00:00
2026-10-09T13:29:00Z,31530.75,31530.75,31530.75,31530.75,1,2026-10-09T22:30:26+00:00
2026-10-09T13:31:00Z,31484.75,31484.75,31484.75,31484.75,1,2026-10-09T22:30:26+00:00
2026-10-09T13:34:00Z,31531.0,31531.0,31531.0,31531.0,1,2026-10-09T22:30:26+00:00
2026-10-09T13:36:00Z,31477.25,31477.25,31472.25,31472.25,4,2026-10-09T22:30:26+00:00
2026-10-09T13:37:00Z,31439.25,31456.25,31439.25,31455.5,5,2026-10-09T22:30:26+00:00
2026-10-09T13:38:00Z,31445.25,31463.75,31445.25,31463.75,4,2026-10-09T22:30:26+00:00
2026-10-09T13:40:00Z,31479.5,31479.5,31458.75,31458.75,2,2026-10-09T22:30:26+00:00
2026-10-09T13:42:00Z,31440.75,31441.0,31440.75,31441.0,2,2026-10-09T22:30:26+00:00
2026-10-09T13:44:00Z,31410.25,31410.25,31386.25,31388.75,10,2026-10-09T22:30:26+00:00
2026-10-09T13:45:00Z,31384.0,31393.75,31384.0,31385.5,3,2026-10-09T22:30:26+00:00
2026-10-09T13:48:00Z,31393.75,31393.75,31360.0,31360.0,2,2026-10-09T22:30:26+00:00
2026-10-09T13:50:00Z,31388.25,31388.25,31378.25,31378.25,5,2026-10-09T22:30:26+00:00
2026-10-09T14:01:00Z,31401.0,31401.0,31401.0,31401.0,1,2026-10-09T22:30:26+00:00
2026-10-09T14:03:00Z,31383.0,31383.0,31375.25,31375.25,4,2026-10-09T22:30:26+00:00
2026-10-09T14:05:00Z,31388.0,31388.0,31388.0,31388.0,1,2026-10-09T22:30:26+00:00
2026-10-09T14:07:00Z,31410.0,31410.0,31410.0,31410.0,1,2026-10-09T22:30:26+00:00
2026-10-09T14:08:00Z,31414.0,31417.5,31414.0,31417.5,4,2026-10-09T22:30:26+00:00
2026-10-09T14:11:00Z,31357.5,31367.25,31353.75,31367.25,4,2026-10-09T22:30:26+00:00
2026-10-09T14:19:00Z,31413.0,31413.0,31413.0,31413.0,1,2026-10-09T22:30:26+00:00
2026-10-09T14:20:00Z,31399.25,31399.25,31399.25,31399.25,1,2026-10-09T22:30:26+00:00
2026-10-09T14:21:00Z,31400.0,31400.0,31400.0,31400.0,1,2026-10-09T22:30:26+00:00
2026-10-09T14:22:00Z,31391.75,31396.75,31391.75,31396.75,7,2026-10-09T22:30:26+00:00
2026-10-09T14:23:00Z,31406.0,31406.0,31406.0,31406.0,1,2026-10-09T22:30:26+00:00
2026-10-09T14:24:00Z,31406.5,31408.0,31406.5,31408.0,2,2026-10-09T22:30:26+00:00
2026-10-09T14:25:00Z,31404.0,31404.0,31404.0,31404.0,1,2026-10-09T22:30:26+00:00
2026-10-09T14:27:00Z,31415.75,31415.75,31415.25,31415.25,2,2026-10-09T22:30:26+00:00
2026-10-09T14:29:00Z,31406.5,31406.5,31406.5,31406.5,1,2026-10-09T22:30:26+00:00
2026-10-09T14:31:00Z,31425.75,31425.75,31425.75,31425.75,1,2026-10-09T22:30:26+00:00
2026-10-09T14:32:00Z,31422.75,31422.75,31422.75,31422.75,1,2026-10-09T22:30:26+00:00
2026-10-09T14:36:00Z,31420.75,31420.75,31420.75,31420.75,1,2026-10-09T22:30:26+00:00
2026-10-09T14:38:00Z,31424.25,31424.25,31424.25,31424.25,2,2026-10-09T22:30:26+00:00
2026-10-09T14:39:00Z,31414.0,31414.0,31414.0,31414.0,1,2026-10-09T22:30:26+00:00
2026-10-09T14:46:00Z,31420.75,31420.75,31420.75,31420.75,3,2026-10-09T22:30:26+00:00
2026-10-09T14:51:00Z,31425.5,31439.0,31425.5,31439.0,2,2026-10-09T22:30:26+00:00
2026-10-09T14:52:00Z,31434.25,31434.25,31434.25,31434.25,1,2026-10-09T22:30:26+00:00
2026-10-09T14:53:00Z,31440.75,31440.75,31440.75,31440.75,1,2026-10-09T22:30:26+00:00
2026-10-09T14:58:00Z,31449.5,31449.5,31449.5,31449.5,1,2026-10-09T22:30:26+00:00
2026-10-09T15:02:00Z,31442.0,31442.0,31442.0,31442.0,1,2026-10-09T22:30:26+00:00
2026-10-09T15:03:00Z,31432.75,31432.75,31432.75,31432.75,3,2026-10-09T22:30:26+00:00
2026-10-09T15:18:00Z,31425.25,31425.25,31425.25,31425.25,2,2026-10-09T22:30:26+00:00
2026-10-09T15:20:00Z,31418.0,31420.5,31418.0,31420.5,2,2026-10-09T22:30:26+00:00
2026-10-09T15:42:00Z,31436.0,31436.0,31436.0,31436.0,2,2026-10-09T22:30:26+00:00
2026-10-09T15:50:00Z,31434.25,31434.25,31434.25,31434.25,1,2026-10-09T22:30:26+00:00
2026-10-09T15:56:00Z,31446.0,31446.0,31446.0,31446.0,1,2026-10-09T22:30:26+00:00
2026-10-09T15:57:00Z,31448.0,31448.0,31448.0,31448.0,1,2026-10-09T22:30:26+00:00
2026-10-09T16:01:00Z,31404.5,31404.5,31404.5,31404.5,1,2026-10-09T22:30:26+00:00
2026-10-09T16:18:00Z,31452.0,31452.0,31452.0,31452.0,2,2026-10-09T22:30:26+00:00
2026-10-09T16:29:00Z,31452.0,31452.0,31452.0,31452.0,1,2026-10-09T22:30:26+00:00
2026-10-09T16:41:00Z,31432.0,31432.0,31432.0,31432.0,1,2026-10-09T22:30:26+00:00
2026-10-09T16:42:00Z,31435.0,31435.0,31435.0,31435.0,1,2026-10-09T22:30:26+00:00
2026-10-09T16:48:00Z,31455.75,31455.75,31455.75,31455.75,1,2026-10-09T22:30:26+00:00
2026-10-09T16:58:00Z,31442.0,31442.0,31442.0,31442.0,1,2026-10-09T22:30:26+00:00
2026-10-09T17:01:00Z,31446.25,31446.25,31446.25,31446.25,1,2026-10-09T22:30:26+00:00
2026-10-09T17:02:00Z,31454.25,31454.25,31454.25,31454.25,1,2026-10-09T22:30:26+00:00
2026-10-09T17:03:00Z,31452.0,31452.0,31452.0,31452.0,1,2026-10-09T22:30:26+00:00
2026-10-09T17:21:00Z,31437.0,31437.0,31437.0,31437.0,1,2026-10-09T22:30:26+00:00
2026-10-09T17:22:00Z,31432.0,31432.0,31432.0,31432.0,1,2026-10-09T22:30:26+00:00
2026-10-09T17:33:00Z,31435.0,31440.0,31435.0,31440.0,2,2026-10-09T22:30:26+00:00
2026-10-09T17:36:00Z,31435.0,31440.0,31435.0,31440.0,5,2026-10-09T22:30:26+00:00
2026-10-09T17:46:00Z,31453.5,31453.5,31453.5,31453.5,1,2026-10-09T22:30:26+00:00
2026-10-09T17:49:00Z,31450.0,31450.0,31450.0,31450.0,1,2026-10-09T22:30:26+00:00
2026-10-09T18:01:00Z,31445.0,31445.0,31445.0,31445.0,1,2026-10-09T22:30:26+00:00
2026-10-09T18:09:00Z,31460.0,31460.0,31460.0,31460.0,1,2026-10-09T22:30:26+00:00
2026-10-09T18:22:00Z,31473.25,31484.5,31473.25,31484.5,18,2026-10-09T22:30:26+00:00
2026-10-09T18:51:00Z,31499.25,31499.25,31499.25,31499.25,2,2026-10-09T22:30:26+00:00
2026-10-09T18:55:00Z,31475.0,31475.0,31475.0,31475.0,1,2026-10-09T22:30:26+00:00
2026-10-09T19:00:00Z,31473.0,31473.0,31473.0,31473.0,1,2026-10-09T22:30:26+00:00
2026-10-09T19:06:00Z,31465.0,31465.0,31465.0,31465.0,3,2026-10-09T22:30:26+00:00
2026-10-09T19:36:00Z,31458.0,31458.0,31458.0,31458.0,1,2026-10-09T22:30:26+00:00
2026-10-09T19:39:00Z,31456.25,31456.25,31455.0,31455.0,2,2026-10-09T22:30:26+00:00
2026-10-09T19:40:00Z,31448.25,31448.25,31448.25,31448.25,1,2026-10-09T22:30:26+00:00
2026-10-09T19:45:00Z,31449.0,31449.0,31449.0,31449.0,2,2026-10-09T22:30:26+00:00
2026-10-09T19:51:00Z,31449.0,31449.0,31449.0,31449.0,2,2026-10-09T22:30:26+00:00
2026-10-09T20:09:00Z,31469.5,31472.25,31469.5,31472.25,5,2026-10-09T22:30:26+00:00
2026-10-09T20:15:00Z,31470.75,31470.75,31470.75,31470.75,1,2026-10-09T22:30:26+00:00
