ts_utc,Open,High,Low,Close,Volume,captured_at
2026-09-17T05:03:00Z,29795.0,29795.0,29795.0,29795.0,0,2026-09-24T16:48:21+00:00
2026-09-17T06:02:00Z,29721.5,29721.5,29721.5,29721.5,5,2026-09-24T16:48:21+00:00
2026-09-17T08:12:00Z,29847.75,29847.75,29847.75,29847.75,6,2026-09-24T16:48:21+00:00
2026-09-17T12:03:00Z,29942.75,29942.75,29942.75,29942.75,1,2026-09-24T16:48:21+00:00
2026-09-17T12:04:00Z,29961.5,29961.5,29961.5,29961.5,1,2026-09-24T16:48:21+00:00
2026-09-17T12:21:00Z,30033.5,30033.5,30033.5,30033.5,6,2026-09-24T16:48:21+00:00
2026-09-17T13:30:00Z,30056.25,30056.25,30056.25,30056.25,1,2026-09-24T16:48:21+00:00
2026-09-17T13:33:00Z,30000.0,30000.0,30000.0,30000.0,4,2026-09-24T16:48:21+00:00
2026-09-17T13:44:00Z,29983.25,29983.25,29983.25,29983.25,1,2026-09-24T16:48:21+00:00
2026-09-17T13:45:00Z,29983.25,29986.0,29983.0,29986.0,5,2026-09-24T16:48:21+00:00
2026-09-17T13:53:00Z,30011.0,30011.0,30011.0,30011.0,1,2026-09-24T16:48:21+00:00
2026-09-17T13:54:00Z,30020.0,30020.0,30020.0,30020.0,1,2026-09-24T16:48:21+00:00
2026-09-17T13:55:00Z,30014.5,30014.5,30014.5,30014.5,1,2026-09-24T16:48:21+00:00
2026-09-17T14:00:00Z,30045.0,30045.0,30045.0,30045.0,1,2026-09-24T16:48:21+00:00
2026-09-17T14:01:00Z,29997.5,30007.0,29997.5,30007.0,3,2026-09-24T16:48:21+00:00
2026-09-17T14:02:00Z,30010.0,30015.0,30010.0,30015.0,8,2026-09-24T16:48:21+00:00
2026-09-17T14:15:00Z,30060.0,30060.0,30060.0,30060.0,11,2026-09-24T16:48:21+00:00
2026-09-17T14:25:00Z,30065.25,30065.25,30065.25,30065.25,1,2026-09-24T16:48:21+00:00
2026-09-17T14:27:00Z,30079.25,30079.25,30079.25,30079.25,3,2026-09-24T16:48:21+00:00
2026-09-17T14:56:00Z,30024.25,30036.25,30024.25,30036.25,8,2026-09-24T16:48:21+00:00
2026-09-17T15:13:00Z,30033.5,30033.5,30033.5,30033.5,6,2026-09-24T16:48:21+00:00
2026-09-17T16:22:00Z,30088.75,30088.75,30088.0,30088.0,3,2026-09-24T16:48:21+00:00
2026-09-17T16:30:00Z,30098.0,30098.0,30095.0,30096.0,6,2026-09-24T16:48:21+00:00
2026-09-17T16:32:00Z,30070.0,30073.25,30070.0,30073.25,5,2026-09-24T16:48:21+00:00
2026-09-17T16:55:00Z,30069.5,30073.5,30064.25,30070.25,15,2026-09-24T16:48:21+00:00
2026-09-17T16:56:00Z,30069.75,30069.75,30069.75,30069.75,2,2026-09-24T16:48:21+00:00
2026-09-17T16:57:00Z,30063.0,30063.0,30063.0,30063.0,1,2026-09-24T16:48:21+00:00
2026-09-17T17:01:00Z,30105.0,30105.0,30105.0,30105.0,1,2026-09-24T16:48:21+00:00
2026-09-17T17:03:00Z,30094.25,30094.25,30094.25,30094.25,6,2026-09-24T16:48:21+00:00
2026-09-17T17:34:00Z,30081.25,30081.25,30081.25,30081.25,1,2026-09-24T16:48:21+00:00
2026-09-17T17:36:00Z,30077.0,30077.0,30077.0,30077.0,1,2026-09-24T16:48:21+00:00
2026-09-17T17:44:00Z,30080.25,30080.25,30080.0,30080.0,3,2026-09-24T16:48:21+00:00
2026-09-17T18:08:00Z,30080.0,30080.0,30080.0,30080.0,1,2026-09-24T16:48:21+00:00
2026-09-17T18:39:00Z,30060.0,30060.0,30060.0,30060.0,1,2026-09-24T16:48:21+00:00
2026-09-17T19:18:00Z,30090.0,30090.0,30090.0,30090.0,1,2026-09-24T16:48:21+00:00
2026-09-17T19:26:00Z,30080.0,30080.0,30080.0,30080.0,1,2026-09-24T16:48:21+00:00
2026-09-17T19:29:00Z,30075.25,30075.25,30075.25,30075.25,1,2026-09-24T16:48:21+00:00
2026-09-17T19:32:00Z,30095.25,30095.25,30095.25,30095.25,2,2026-09-24T16:48:21+00:00
2026-09-17T19:35:00Z,30105.0,30105.0,30105.0,30105.0,1,2026-09-24T16:48:21+00:00
2026-09-17T19:36:00Z,30105.0,30105.0,30105.0,30105.0,1,2026-09-24T16:48:21+00:00
2026-09-17T19:42:00Z,30095.0,30095.0,30095.0,30095.0,1,2026-09-24T16:48:21+00:00
2026-09-17T19:50:00Z,30110.0,30111.0,30110.0,30111.0,16,2026-09-24T16:48:21+00:00
2026-09-17T19:53:00Z,30136.5,30136.75,30136.5,30136.75,3,2026-09-24T16:48:21+00:00
2026-09-17T19:54:00Z,30135.0,30137.75,30135.0,30137.75,5,2026-09-24T16:48:21+00:00
2026-09-17T19:55:00Z,30110.25,30118.25,30110.25,30118.25,7,2026-09-24T16:48:21+00:00
2026-09-17T19:59:00Z,30100.0,30100.0,30084.75,30090.75,15,2026-09-24T16:48:21+00:00
2026-09-17T20:00:00Z,30093.5,30093.5,30086.0,30088.25,30,2026-09-24T16:48:21+00:00
2026-09-17T20:15:00Z,30072.0,30072.0,30072.0,30072.0,1,2026-09-24T16:48:21+00:00
2026-09-17T20:17:00Z,30062.25,30062.25,30062.25,30062.25,0,2026-09-24T16:48:21+00:00
2026-09-17T22:46:00Z,30028.5,30031.75,30028.5,30031.75,3,2026-09-24T16:48:21+00:00
2026-09-18T00:01:00Z,30045.25,30045.25,30045.25,30045.25,7,2026-09-24T16:48:21+00:00
2026-09-18T01:16:00Z,30001.5,30001.5,30001.5,30001.5,1,2026-09-24T16:48:21+00:00
2026-09-18T01:34:00Z,30002.75,30002.75,30002.75,30002.75,17,2026-09-24T16:48:21+00:00
2026-09-18T04:24:00Z,30110.0,30110.0,30110.0,30110.0,1,2026-09-24T16:48:21+00:00
2026-09-18T04:43:00Z,30131.0,30131.0,30131.0,30131.0,1,2026-09-24T16:48:21+00:00
2026-09-18T05:24:00Z,30162.0,30163.0,30162.0,30163.0,5,2026-09-24T16:48:21+00:00
2026-09-18T05:52:00Z,30189.5,30189.5,30189.5,30189.5,2,2026-09-24T16:48:21+00:00
2026-09-18T06:12:00Z,30219.0,30219.0,30219.0,30219.0,1,2026-09-24T16:48:21+00:00
2026-09-18T06:29:00Z,30233.75,30233.75,30233.75,30233.75,1,2026-09-24T16:48:21+00:00
2026-09-18T06:32:00Z,30240.0,30240.0,30240.0,30240.0,15,2026-09-24T16:48:21+00:00
2026-09-18T07:26:00Z,30303.0,30303.0,30303.0,30303.0,1,2026-09-24T16:48:21+00:00
2026-09-18T09:01:00Z,30225.5,30225.5,30225.5,30225.5,2,2026-09-24T16:48:21+00:00
2026-09-18T10:07:00Z,30194.5,30194.5,30194.5,30194.5,2,2026-09-24T16:48:21+00:00
2026-09-18T10:54:00Z,30221.75,30221.75,30221.75,30221.75,1,2026-09-24T16:48:21+00:00
2026-09-18T11:17:00Z,30175.0,30175.0,30175.0,30175.0,1,2026-09-24T16:48:21+00:00
2026-09-18T11:34:00Z,30192.0,30192.0,30192.0,30192.0,27,2026-09-24T16:48:21+00:00
2026-09-18T12:25:00Z,30121.75,30121.75,30121.75,30121.75,25,2026-09-24T16:48:21+00:00
2026-09-18T12:40:00Z,30133.25,30133.25,30133.25,30133.25,2,2026-09-24T16:48:21+00:00
2026-09-18T12:41:00Z,30132.0,30132.0,30132.0,30132.0,38,2026-09-24T16:48:21+00:00
2026-09-18T13:17:00Z,30142.75,30142.75,30142.75,30142.75,4,2026-09-24T16:48:21+00:00
2026-09-18T13:25:00Z,30115.5,30115.5,30115.5,30115.5,1,2026-09-24T16:48:21+00:00
2026-09-18T13:29:00Z,30152.75,30165.25,30152.75,30165.25,4,2026-09-24T16:48:21+00:00
2026-09-18T13:30:00Z,30166.25,30169.25,30166.0,30169.25,3,2026-09-24T16:48:21+00:00
2026-09-18T13:31:00Z,30177.75,30177.75,30177.75,30177.75,1,2026-09-24T16:48:21+00:00
2026-09-18T13:32:00Z,30180.5,30180.5,30180.5,30180.5,2,2026-09-24T16:48:21+00:00
2026-09-18T13:35:00Z,30168.0,30168.0,30168.0,30168.0,1,2026-09-24T16:48:21+00:00
2026-09-18T13:37:00Z,30183.0,30183.0,30183.0,30183.0,1,2026-09-24T16:48:21+00:00
2026-09-18T13:42:00Z,30188.0,30188.0,30188.0,30188.0,1,2026-09-24T16:48:21+00:00
2026-09-18T13:43:00Z,30170.0,30170.0,30170.0,30170.0,1,2026-09-24T16:48:21+00:00
2026-09-18T13:44:00Z,30155.0,30155.0,30155.0,30155.0,2,2026-09-24T16:48:21+00:00
2026-09-18T13:45:00Z,30168.75,30169.0,30168.75,30169.0,2,2026-09-24T16:48:21+00:00
2026-09-18T13:48:00Z,30155.0,30157.0,30155.0,30157.0,19,2026-09-24T16:48:21+00:00
2026-09-18T13:50:00Z,30143.0,30143.0,30143.0,30143.0,1,2026-09-24T16:48:21+00:00
2026-09-18T13:51:00Z,30141.75,30141.75,30141.75,30141.75,1,2026-09-24T16:48:21+00:00
2026-09-18T13:53:00Z,30148.5,30148.5,30142.0,30142.0,5,2026-09-24T16:48:21+00:00
2026-09-18T13:55:00Z,30123.5,30123.5,30123.5,30123.5,1,2026-09-24T16:48:21+00:00
2026-09-18T13:56:00Z,30136.25,30136.25,30136.0,30136.0,2,2026-09-24T16:48:21+00:00
2026-09-18T14:02:00Z,30100.0,30100.0,30094.5,30097.75,3,2026-09-24T16:48:21+00:00
2026-09-18T14:03:00Z,30091.25,30091.25,30085.0,30085.0,4,2026-09-24T16:48:21+00:00
2026-09-18T14:06:00Z,30099.5,30099.5,30099.5,30099.5,1,2026-09-24T16:48:21+00:00
2026-09-18T14:07:00Z,30088.25,30088.25,30087.75,30087.75,2,2026-09-24T16:48:21+00:00
2026-09-18T14:09:00Z,30089.5,30089.5,30089.5,30089.5,1,2026-09-24T16:48:21+00:00
2026-09-18T14:10:00Z,30104.0,30104.0,30104.0,30104.0,1,2026-09-24T16:48:21+00:00
2026-09-18T14:11:00Z,30107.0,30107.0,30107.0,30107.0,1,2026-09-24T16:48:21+00:00
2026-09-18T14:12:00Z,30096.25,30096.25,30096.25,30096.25,2,2026-09-24T16:48:21+00:00
2026-09-18T14:15:00Z,30076.0,30076.0,30076.0,30076.0,1,2026-09-24T16:48:21+00:00
2026-09-18T14:16:00Z,30065.5,30065.5,30047.5,30052.25,8,2026-09-24T16:48:21+00:00
2026-09-18T14:19:00Z,30074.5,30074.5,30074.5,30074.5,1,2026-09-24T16:48:21+00:00
2026-09-18T14:20:00Z,30077.75,30077.75,30077.75,30077.75,1,2026-09-24T16:48:21+00:00
2026-09-18T14:22:00Z,30084.5,30084.5,30084.5,30084.5,1,2026-09-24T16:48:21+00:00
2026-09-18T14:23:00Z,30093.0,30093.0,30092.0,30092.0,2,2026-09-24T16:48:21+00:00
2026-09-18T14:24:00Z,30091.75,30091.75,30089.25,30089.25,2,2026-09-24T16:48:21+00:00
2026-09-18T14:26:00Z,30081.5,30081.5,30081.5,30081.5,1,2026-09-24T16:48:21+00:00
2026-09-18T14:30:00Z,30078.25,30081.0,30078.25,30081.0,3,2026-09-24T16:48:21+00:00
2026-09-18T14:36:00Z,30071.0,30071.0,30071.0,30071.0,1,2026-09-24T16:48:21+00:00
2026-09-18T14:39:00Z,30091.0,30098.5,30088.75,30092.5,21,2026-09-24T16:48:21+00:00
2026-09-18T14:42:00Z,30074.25,30074.25,30067.5,30067.5,2,2026-09-24T16:48:21+00:00
2026-09-18T14:43:00Z,30061.25,30061.25,30061.25,30061.25,1,2026-09-24T16:48:21+00:00
2026-09-18T14:51:00Z,30110.25,30110.25,30108.25,30108.25,3,2026-09-24T16:48:21+00:00
2026-09-18T14:53:00Z,30115.5,30115.5,30114.75,30114.75,2,2026-09-24T16:48:21+00:00
2026-09-18T14:55:00Z,30117.0,30117.0,30117.0,30117.0,1,2026-09-24T16:48:21+00:00
2026-09-18T14:56:00Z,30111.0,30111.0,30111.0,30111.0,1,2026-09-24T16:48:21+00:00
2026-09-18T14:59:00Z,30108.0,30108.0,30108.0,30108.0,1,2026-09-24T16:48:21+00:00
2026-09-18T15:02:00Z,30092.5,30092.5,30092.5,30092.5,1,2026-09-24T16:48:21+00:00
2026-09-18T15:03:00Z,30099.25,30099.25,30099.25,30099.25,1,2026-09-24T16:48:21+00:00
2026-09-18T15:13:00Z,30082.5,30082.5,30082.5,30082.5,1,2026-09-24T16:48:21+00:00
2026-09-18T15:15:00Z,30081.75,30081.75,30081.75,30081.75,1,2026-09-24T16:48:21+00:00
2026-09-18T15:20:00Z,30086.0,30086.0,30086.0,30086.0,1,2026-09-24T16:48:21+00:00
2026-09-18T15:22:00Z,30082.0,30082.0,30082.0,30082.0,1,2026-09-24T16:48:21+00:00
2026-09-18T15:23:00Z,30095.0,30095.0,30095.0,30095.0,1,2026-09-24T16:48:21+00:00
2026-09-18T15:29:00Z,30102.25,30102.25,30102.25,30102.25,1,2026-09-24T16:48:21+00:00
2026-09-18T15:30:00Z,30108.0,30108.0,30106.5,30106.5,2,2026-09-24T16:48:21+00:00
2026-09-18T15:31:00Z,30089.5,30089.5,30083.75,30083.75,7,2026-09-24T16:48:21+00:00
2026-09-18T15:34:00Z,30085.5,30085.5,30085.5,30085.5,1,2026-09-24T16:48:21+00:00
2026-09-18T15:37:00Z,30089.5,30089.5,30089.5,30089.5,1,2026-09-24T16:48:21+00:00
2026-09-18T15:38:00Z,30085.5,30085.5,30085.5,30085.5,1,2026-09-24T16:48:21+00:00
2026-09-18T15:41:00Z,30066.5,30072.25,30066.25,30072.25,5,2026-09-24T16:48:21+00:00
2026-09-18T15:45:00Z,30070.0,30070.0,30070.0,30070.0,1,2026-09-24T16:48:21+00:00
2026-09-18T16:02:00Z,30055.75,30055.75,30055.75,30055.75,1,2026-09-24T16:48:21+00:00
2026-09-18T16:04:00Z,30059.25,30059.25,30059.25,30059.25,1,2026-09-24T16:48:21+00:00
2026-09-18T16:09:00Z,30066.25,30067.25,30066.25,30067.25,2,2026-09-24T16:48:21+00:00
2026-09-18T16:15:00Z,30060.75,30060.75,30060.75,30060.75,1,2026-09-24T16:48:21+00:00
2026-09-18T16:17:00Z,30063.75,30063.75,30063.75,30063.75,1,2026-09-24T16:48:21+00:00
2026-09-18T16:21:00Z,30064.5,30064.5,30064.5,30064.5,2,2026-09-24T16:48:21+00:00
2026-09-18T16:23:00Z,30035.0,30035.0,30030.0,30030.0,2,2026-09-24T16:48:21+00:00
2026-09-18T16:25:00Z,30024.25,30024.25,30022.0,30022.0,2,2026-09-24T16:48:21+00:00
2026-09-18T16:27:00Z,30025.5,30025.5,30025.5,30025.5,1,2026-09-24T16:48:21+00:00
2026-09-18T16:28:00Z,30045.5,30049.5,30040.0,30046.5,16,2026-09-24T16:48:21+00:00
2026-09-18T16:29:00Z,30042.5,30053.0,30042.5,30053.0,14,2026-09-24T16:48:21+00:00
2026-09-18T16:30:00Z,30053.0,30053.0,30046.5,30046.5,23,2026-09-24T16:48:21+00:00
2026-09-18T16:33:00Z,30064.25,30066.75,30064.25,30066.75,3,2026-09-24T16:48:21+00:00
2026-09-18T16:34:00Z,30070.0,30070.0,30070.0,30070.0,4,2026-09-24T16:48:21+00:00
2026-09-18T16:37:00Z,30062.0,30062.0,30062.0,30062.0,5,2026-09-24T16:48:21+00:00
2026-09-18T16:38:00Z,30054.25,30054.25,30054.25,30054.25,1,2026-09-24T16:48:21+00:00
2026-09-18T16:49:00Z,30062.5,30062.5,30062.5,30062.5,1,2026-09-24T16:48:21+00:00
2026-09-18T16:58:00Z,30083.25,30083.25,30083.25,30083.25,1,2026-09-24T16:48:21+00:00
2026-09-18T16:59:00Z,30077.5,30077.5,30077.5,30077.5,1,2026-09-24T16:48:21+00:00
2026-09-18T17:05:00Z,30090.5,30090.5,30090.5,30090.5,1,2026-09-24T16:48:21+00:00
2026-09-18T17:09:00Z,30089.75,30089.75,30089.75,30089.75,1,2026-09-24T16:48:21+00:00
2026-09-18T17:15:00Z,30093.5,30093.5,30093.5,30093.5,1,2026-09-24T16:48:21+00:00
2026-09-18T17:32:00Z,30090.25,30090.75,30090.25,30090.75,2,2026-09-24T16:48:21+00:00
2026-09-18T18:02:00Z,30116.25,30116.25,30116.25,30116.25,1,2026-09-24T16:48:21+00:00
2026-09-18T18:21:00Z,30127.75,30127.75,30127.75,30127.75,1,2026-09-24T16:48:21+00:00
2026-09-18T18:30:00Z,30132.5,30132.75,30132.5,30132.75,63,2026-09-24T16:48:21+00:00
2026-09-18T18:50:00Z,30175.75,30176.0,30175.75,30176.0,2,2026-09-24T16:48:21+00:00
2026-09-18T18:53:00Z,30193.75,30200.0,30193.75,30197.5,5,2026-09-24T16:48:21+00:00
2026-09-18T18:54:00Z,30201.25,30201.25,30199.5,30199.5,3,2026-09-24T16:48:21+00:00
2026-09-18T18:55:00Z,30188.25,30188.25,30188.25,30188.25,2,2026-09-24T16:48:21+00:00
2026-09-18T18:56:00Z,30191.5,30191.5,30191.5,30191.5,1,2026-09-24T16:48:21+00:00
2026-09-18T18:58:00Z,30190.25,30190.5,30190.25,30190.5,2,2026-09-24T16:48:21+00:00
2026-09-18T18:59:00Z,30186.5,30186.5,30185.0,30185.25,5,2026-09-24T16:48:21+00:00
2026-09-18T19:04:00Z,30196.25,30200.0,30196.25,30200.0,18,2026-09-24T16:48:21+00:00
2026-09-18T19:22:00Z,30193.75,30193.75,30193.75,30193.75,1,2026-09-24T16:48:21+00:00
2026-09-18T19:30:00Z,30179.5,30182.25,30179.5,30181.25,4,2026-09-24T16:48:21+00:00
2026-09-18T19:32:00Z,30180.25,30180.25,30180.25,30180.25,1,2026-09-24T16:48:21+00:00
2026-09-18T19:44:00Z,30203.75,30203.75,30203.75,30203.75,1,2026-09-24T16:48:21+00:00
2026-09-18T19:45:00Z,30206.75,30206.75,30206.75,30206.75,1,2026-09-24T16:48:21+00:00
2026-09-18T19:49:00Z,30225.0,30225.0,30225.0,30225.0,2,2026-09-24T16:48:21+00:00
2026-09-18T19:50:00Z,30230.25,30230.25,30230.25,30230.25,1,2026-09-24T16:48:21+00:00
2026-09-18T19:52:00Z,30220.25,30220.25,30220.25,30220.25,1,2026-09-24T16:48:21+00:00
2026-09-18T19:55:00Z,30250.0,30265.5,30250.0,30263.5,8,2026-09-24T16:48:21+00:00
2026-09-18T19:57:00Z,30265.75,30290.0,30265.75,30290.0,6,2026-09-24T16:48:21+00:00
2026-09-18T19:58:00Z,30277.0,30277.0,30277.0,30277.0,2,2026-09-24T16:48:21+00:00
2026-09-18T19:59:00Z,30270.5,30270.5,30269.0,30269.0,3,2026-09-24T16:48:21+00:00
2026-09-18T20:00:00Z,30269.25,30281.0,30269.25,30281.0,50,2026-09-24T16:48:21+00:00
2026-09-18T20:02:00Z,30290.0,30300.0,30290.0,30295.25,6,2026-09-24T16:48:21+00:00
2026-09-18T20:03:00Z,30304.25,30304.25,30304.25,30304.25,1,2026-09-24T16:48:21+00:00
2026-09-18T20:05:00Z,30300.0,30300.0,30300.0,30300.0,1,2026-09-24T16:48:21+00:00
2026-09-18T20:10:00Z,30329.75,30329.75,30329.75,30329.75,1,2026-09-24T16:48:21+00:00
2026-09-18T20:11:00Z,30340.0,30340.0,30340.0,30340.0,2,2026-09-24T16:48:21+00:00
2026-09-18T20:12:00Z,30338.0,30338.0,30338.0,30338.0,1,2026-09-24T16:48:21+00:00
2026-09-18T20:14:00Z,30330.0,30330.0,30330.0,30330.0,2,2026-09-24T16:48:21+00:00
2026-09-18T20:15:00Z,30327.75,30327.75,30327.75,30327.75,1,2026-09-24T16:48:21+00:00
2026-09-18T20:19:00Z,30322.25,30322.25,30322.25,30322.25,1,2026-09-24T16:48:21+00:00
2026-09-18T20:20:00Z,30323.25,30323.25,30323.25,30323.25,2,2026-09-24T16:48:21+00:00
2026-09-18T20:34:00Z,30325.0,30325.0,30325.0,30325.0,1,2026-09-24T16:48:21+00:00
2026-09-18T20:48:00Z,30337.0,30337.0,30337.0,30337.0,2,2026-09-24T16:48:21+00:00
2026-09-18T20:56:00Z,30313.0,30313.0,30313.0,30313.0,1,2026-09-24T16:48:21+00:00
2026-09-18T20:58:00Z,30314.0,30314.0,30272.25,30272.25,3,2026-09-24T16:48:21+00:00
2026-09-20T22:15:00Z,30340.0,30340.0,30339.25,30339.25,0,2026-09-24T16:48:21+00:00
2026-09-20T22:20:00Z,30339.5,30339.5,30339.5,30339.5,3,2026-09-24T16:48:21+00:00
2026-09-20T22:23:00Z,30350.0,30350.0,30350.0,30350.0,2,2026-09-24T16:48:21+00:00
2026-09-20T22:24:00Z,30339.5,30339.5,30339.5,30339.5,1,2026-09-24T16:48:21+00:00
2026-09-20T22:25:00Z,30342.0,30344.75,30342.0,30344.75,3,2026-09-24T16:48:21+00:00
2026-09-20T22:31:00Z,30351.75,30351.75,30351.75,30351.75,2,2026-09-24T16:48:21+00:00
2026-09-20T22:34:00Z,30353.5,30354.75,30353.25,30353.25,5,2026-09-24T16:48:21+00:00
2026-09-20T22:36:00Z,30377.75,30377.75,30377.75,30377.75,1,2026-09-24T16:48:21+00:00
2026-09-20T22:39:00Z,30365.5,30365.5,30365.5,30365.5,1,2026-09-24T16:48:21+00:00
2026-09-20T22:49:00Z,30359.75,30359.75,30359.75,30359.75,2,2026-09-24T16:48:21+00:00
2026-09-20T22:56:00Z,30380.5,30380.5,30380.5,30380.5,1,2026-09-24T16:48:21+00:00
2026-09-20T22:57:00Z,30378.0,30378.0,30378.0,30378.0,1,2026-09-24T16:48:21+00:00
2026-09-20T23:02:00Z,30373.25,30373.25,30373.25,30373.25,1,2026-09-24T16:48:21+00:00
2026-09-20T23:15:00Z,30370.75,30370.75,30370.75,30370.75,2,2026-09-24T16:48:21+00:00
2026-09-20T23:29:00Z,30380.25,30380.25,30380.25,30380.25,1,2026-09-24T16:48:21+00:00
2026-09-20T23:30:00Z,30383.5,30383.5,30383.5,30383.5,1,2026-09-24T16:48:21+00:00
2026-09-20T23:37:00Z,30390.25,30390.25,30390.25,30390.25,1,2026-09-24T16:48:21+00:00
2026-09-20T23:39:00Z,30393.0,30393.25,30393.0,30393.25,2,2026-09-24T16:48:21+00:00
2026-09-20T23:40:00Z,30387.75,30387.75,30387.75,30387.75,1,2026-09-24T16:48:21+00:00
2026-09-21T00:01:00Z,30390.75,30390.75,30390.75,30390.75,1,2026-09-24T16:48:21+00:00
2026-09-21T00:02:00Z,30392.5,30392.5,30392.5,30392.5,1,2026-09-24T16:48:21+00:00
2026-09-21T00:11:00Z,30392.0,30392.0,30392.0,30392.0,1,2026-09-24T16:48:21+00:00
2026-09-21T00:16:00Z,30400.75,30402.0,30400.75,30402.0,8,2026-09-24T16:48:21+00:00
2026-09-21T00:23:00Z,30418.5,30418.5,30418.5,30418.5,1,2026-09-24T16:48:21+00:00
2026-09-21T00:38:00Z,30444.25,30444.25,30444.25,30444.25,2,2026-09-24T16:48:21+00:00
2026-09-21T00:56:00Z,30434.0,30434.0,30434.0,30434.0,1,2026-09-24T16:48:21+00:00
2026-09-21T01:05:00Z,30466.5,30469.75,30466.5,30469.75,2,2026-09-24T16:48:21+00:00
2026-09-21T01:11:00Z,30472.0,30472.0,30472.0,30472.0,2,2026-09-24T16:48:21+00:00
2026-09-21T01:12:00Z,30472.75,30480.5,30470.25,30470.25,12,2026-09-24T16:48:21+00:00
2026-09-21T01:13:00Z,30470.0,30470.0,30470.0,30470.0,1,2026-09-24T16:48:21+00:00
2026-09-21T01:23:00Z,30462.0,30462.0,30462.0,30462.0,1,2026-09-24T16:48:21+00:00
2026-09-21T01:32:00Z,30473.0,30473.0,30473.0,30473.0,1,2026-09-24T16:48:21+00:00
2026-09-21T01:47:00Z,30458.0,30458.0,30458.0,30458.0,2,2026-09-24T16:48:21+00:00
2026-09-21T01:49:00Z,30450.0,30450.0,30450.0,30450.0,1,2026-09-24T16:48:21+00:00
2026-09-21T01:50:00Z,30443.0,30443.0,30443.0,30443.0,1,2026-09-24T16:48:21+00:00
2026-09-21T01:51:00Z,30441.5,30441.5,30441.5,30441.5,2,2026-09-24T16:48:21+00:00
2026-09-21T02:06:00Z,30427.75,30427.75,30427.75,30427.75,1,2026-09-24T16:48:21+00:00
2026-09-21T02:15:00Z,30433.0,30433.0,30433.0,30433.0,1,2026-09-24T16:48:21+00:00
2026-09-21T02:16:00Z,30435.0,30435.0,30435.0,30435.0,1,2026-09-24T16:48:21+00:00
2026-09-21T02:17:00Z,30438.75,30438.75,30438.75,30438.75,1,2026-09-24T16:48:21+00:00
2026-09-21T02:21:00Z,30432.0,30433.0,30432.0,30433.0,10,2026-09-24T16:48:21+00:00
2026-09-21T02:24:00Z,30433.25,30433.25,30433.25,30433.25,1,2026-09-24T16:48:21+00:00
2026-09-21T02:30:00Z,30435.5,30435.5,30435.5,30435.5,5,2026-09-24T16:48:21+00:00
2026-09-21T02:40:00Z,30430.0,30430.0,30430.0,30430.0,1,2026-09-24T16:48:21+00:00
2026-09-21T02:42:00Z,30437.25,30437.25,30437.25,30437.25,1,2026-09-24T16:48:21+00:00
2026-09-21T02:55:00Z,30440.75,30440.75,30440.75,30440.75,1,2026-09-24T16:48:21+00:00
2026-09-21T02:56:00Z,30436.5,30436.5,30436.5,30436.5,1,2026-09-24T16:48:21+00:00
2026-09-21T03:16:00Z,30458.0,30458.0,30458.0,30458.0,1,2026-09-24T16:48:21+00:00
2026-09-21T03:31:00Z,30444.5,30444.5,30444.5,30444.5,1,2026-09-24T16:48:21+00:00
2026-09-21T03:56:00Z,30445.75,30445.75,30445.75,30445.75,1,2026-09-24T16:48:21+00:00
2026-09-21T04:04:00Z,30439.75,30439.75,30439.75,30439.75,2,2026-09-24T16:48:21+00:00
2026-09-21T04:05:00Z,30437.75,30437.75,30437.75,30437.75,1,2026-09-24T16:48:21+00:00
2026-09-21T04:06:00Z,30437.75,30437.75,30437.75,30437.75,1,2026-09-24T16:48:21+00:00
2026-09-21T04:18:00Z,30455.5,30455.5,30455.5,30455.5,1,2026-09-24T16:48:21+00:00
2026-09-21T06:16:00Z,30473.5,30473.5,30473.5,30473.5,1,2026-09-24T16:48:21+00:00
2026-09-21T06:25:00Z,30466.75,30466.75,30466.75,30466.75,1,2026-09-24T16:48:21+00:00
2026-09-21T06:31:00Z,30466.0,30466.0,30466.0,30466.0,3,2026-09-24T16:48:21+00:00
2026-09-21T06:46:00Z,30483.5,30483.5,30483.5,30483.5,1,2026-09-24T16:48:21+00:00
2026-09-21T06:59:00Z,30492.5,30492.5,30492.5,30492.5,1,2026-09-24T16:48:21+00:00
2026-09-21T07:00:00Z,30500.0,30500.0,30500.0,30500.0,2,2026-09-24T16:48:21+00:00
2026-09-21T07:41:00Z,30498.25,30498.25,30498.25,30498.25,1,2026-09-24T16:48:21+00:00
2026-09-21T08:07:00Z,30559.0,30559.0,30559.0,30559.0,2,2026-09-24T16:48:21+00:00
2026-09-21T08:38:00Z,30584.25,30584.25,30584.25,30584.25,1,2026-09-24T16:48:21+00:00
2026-09-21T08:41:00Z,30588.5,30590.5,30588.5,30590.5,2,2026-09-24T16:48:21+00:00
2026-09-21T08:46:00Z,30588.5,30588.5,30588.5,30588.5,1,2026-09-24T16:48:21+00:00
2026-09-21T08:51:00Z,30585.5,30585.5,30585.5,30585.5,1,2026-09-24T16:48:21+00:00
2026-09-21T08:57:00Z,30591.25,30591.25,30591.25,30591.25,1,2026-09-24T16:48:21+00:00
2026-09-21T09:08:00Z,30600.0,30600.0,30600.0,30600.0,2,2026-09-24T16:48:21+00:00
2026-09-21T09:11:00Z,30589.5,30589.5,30589.5,30589.5,1,2026-09-24T16:48:21+00:00
2026-09-21T09:19:00Z,30589.5,30589.5,30589.5,30589.5,5,2026-09-24T16:48:21+00:00
2026-09-21T09:47:00Z,30615.25,30615.25,30611.75,30611.75,2,2026-09-24T16:48:21+00:00
2026-09-21T10:00:00Z,30592.0,30592.0,30592.0,30592.0,1,2026-09-24T16:48:21+00:00
2026-09-21T10:53:00Z,30605.0,30605.0,30605.0,30605.0,1,2026-09-24T16:48:21+00:00
2026-09-21T11:24:00Z,30578.5,30578.5,30578.5,30578.5,5,2026-09-24T16:48:21+00:00
2026-09-21T11:25:00Z,30577.5,30577.5,30577.5,30577.5,1,2026-09-24T16:48:21+00:00
2026-09-21T11:49:00Z,30600.0,30600.0,30600.0,30600.0,1,2026-09-24T16:48:21+00:00
2026-09-21T12:02:00Z,30596.5,30596.5,30595.75,30595.75,3,2026-09-24T16:48:21+00:00
2026-09-21T12:04:00Z,30610.0,30610.0,30610.0,30610.0,1,2026-09-24T16:48:21+00:00
2026-09-21T12:05:00Z,30626.25,30628.5,30626.25,30628.5,6,2026-09-24T16:48:21+00:00
2026-09-21T12:17:00Z,30606.25,30606.25,30602.0,30602.0,2,2026-09-24T16:48:21+00:00
2026-09-21T12:25:00Z,30591.75,30591.75,30591.75,30591.75,5,2026-09-24T16:48:21+00:00
2026-09-21T12:26:00Z,30594.0,30594.0,30594.0,30594.0,1,2026-09-24T16:48:21+00:00
2026-09-21T12:28:00Z,30585.0,30585.0,30585.0,30585.0,3,2026-09-24T16:48:21+00:00
2026-09-21T12:46:00Z,30605.0,30605.0,30605.0,30605.0,2,2026-09-24T16:48:21+00:00
2026-09-21T12:52:00Z,30596.25,30596.25,30596.25,30596.25,8,2026-09-24T16:48:21+00:00
2026-09-21T13:21:00Z,30576.5,30576.5,30576.25,30576.25,2,2026-09-24T16:48:21+00:00
2026-09-21T13:22:00Z,30571.5,30572.25,30571.5,30572.25,5,2026-09-24T16:48:21+00:00
2026-09-21T13:23:00Z,30566.0,30566.0,30566.0,30566.0,1,2026-09-24T16:48:21+00:00
2026-09-21T13:24:00Z,30563.5,30563.5,30563.5,30563.5,5,2026-09-24T16:48:21+00:00
2026-09-21T13:30:00Z,30606.0,30618.0,30606.0,30606.25,16,2026-09-24T16:48:21+00:00
2026-09-21T13:31:00Z,30606.25,30606.25,30599.0,30604.75,29,2026-09-24T16:48:21+00:00
2026-09-21T13:35:00Z,30611.0,30611.75,30603.0,30603.0,13,2026-09-24T16:48:21+00:00
2026-09-21T13:37:00Z,30623.75,30652.5,30623.75,30652.5,3,2026-09-24T16:48:21+00:00
2026-09-21T13:39:00Z,30650.75,30654.0,30650.75,30654.0,2,2026-09-24T16:48:21+00:00
2026-09-21T13:40:00Z,30664.75,30664.75,30664.75,30664.75,1,2026-09-24T16:48:21+00:00
2026-09-21T13:41:00Z,30670.75,30671.0,30670.75,30671.0,2,2026-09-24T16:48:21+00:00
2026-09-21T13:43:00Z,30680.0,30688.5,30677.5,30688.5,3,2026-09-24T16:48:21+00:00
2026-09-21T13:45:00Z,30700.0,30719.75,30700.0,30718.75,9,2026-09-24T16:48:21+00:00
2026-09-21T13:46:00Z,30720.75,30728.5,30720.75,30728.5,2,2026-09-24T16:48:21+00:00
2026-09-21T13:47:00Z,30720.0,30720.0,30720.0,30720.0,2,2026-09-24T16:48:21+00:00
2026-09-21T13:48:00Z,30730.0,30730.0,30730.0,30730.0,1,2026-09-24T16:48:21+00:00
2026-09-21T13:49:00Z,30720.0,30720.0,30720.0,30720.0,1,2026-09-24T16:48:21+00:00
2026-09-21T13:51:00Z,30731.25,30731.25,30731.25,30731.25,1,2026-09-24T16:48:21+00:00
2026-09-21T13:52:00Z,30736.75,30754.25,30736.75,30754.25,2,2026-09-24T16:48:21+00:00
2026-09-21T13:53:00Z,30757.5,30757.5,30752.0,30752.0,6,2026-09-24T16:48:21+00:00
2026-09-21T13:55:00Z,30760.25,30764.25,30760.25,30764.25,2,2026-09-24T16:48:21+00:00
2026-09-21T13:56:00Z,30762.5,30762.5,30757.0,30757.0,7,2026-09-24T16:48:21+00:00
2026-09-21T13:57:00Z,30760.0,30773.5,30760.0,30773.5,4,2026-09-24T16:48:21+00:00
2026-09-21T13:58:00Z,30778.25,30782.75,30769.5,30769.5,11,2026-09-24T16:48:21+00:00
2026-09-21T13:59:00Z,30778.25,30778.5,30778.25,30778.5,2,2026-09-24T16:48:21+00:00
2026-09-21T14:00:00Z,30778.0,30784.25,30778.0,30780.0,5,2026-09-24T16:48:21+00:00
2026-09-21T14:01:00Z,30777.0,30792.5,30777.0,30788.75,4,2026-09-24T16:48:21+00:00
2026-09-21T14:02:00Z,30783.25,30783.25,30783.25,30783.25,1,2026-09-24T16:48:21+00:00
2026-09-21T14:03:00Z,30773.25,30773.25,30773.25,30773.25,1,2026-09-24T16:48:21+00:00
2026-09-21T14:04:00Z,30773.75,30778.0,30773.75,30777.5,9,2026-09-24T16:48:21+00:00
2026-09-21T14:05:00Z,30763.0,30763.5,30763.0,30763.5,2,2026-09-24T16:48:21+00:00
2026-09-21T14:06:00Z,30763.0,30763.0,30763.0,30763.0,1,2026-09-24T16:48:21+00:00
2026-09-21T14:09:00Z,30777.25,30777.25,30771.0,30771.0,3,2026-09-24T16:48:21+00:00
2026-09-21T14:10:00Z,30775.0,30777.5,30775.0,30777.5,2,2026-09-24T16:48:21+00:00
2026-09-21T14:12:00Z,30784.0,30792.0,30784.0,30792.0,3,2026-09-24T16:48:21+00:00
2026-09-21T14:13:00Z,30791.5,30798.0,30791.5,30797.0,5,2026-09-24T16:48:21+00:00
2026-09-21T14:14:00Z,30794.5,30794.5,30794.5,30794.5,1,2026-09-24T16:48:21+00:00
2026-09-21T14:15:00Z,30810.75,30810.75,30809.25,30809.25,2,2026-09-24T16:48:21+00:00
2026-09-21T14:16:00Z,30826.5,30827.0,30825.5,30825.5,3,2026-09-24T16:48:21+00:00
2026-09-21T14:17:00Z,30824.25,30824.75,30824.25,30824.75,2,2026-09-24T16:48:21+00:00
2026-09-21T14:19:00Z,30825.0,30825.0,30824.5,30824.5,15,2026-09-24T16:48:21+00:00
2026-09-21T14:20:00Z,30828.75,30828.75,30828.75,30828.75,1,2026-09-24T16:48:21+00:00
2026-09-21T14:21:00Z,30823.25,30830.5,30823.25,30830.5,5,2026-09-24T16:48:21+00:00
2026-09-21T14:22:00Z,30849.5,30849.5,30849.5,30849.5,1,2026-09-24T16:48:21+00:00
2026-09-21T14:25:00Z,30855.25,30855.25,30855.25,30855.25,1,2026-09-24T16:48:21+00:00
2026-09-21T14:27:00Z,30869.25,30870.75,30869.25,30870.5,4,2026-09-24T16:48:21+00:00
2026-09-21T14:29:00Z,30873.75,30873.75,30873.75,30873.75,1,2026-09-24T16:48:21+00:00
2026-09-21T14:30:00Z,30880.0,30880.75,30880.0,30880.5,4,2026-09-24T16:48:21+00:00
2026-09-21T14:31:00Z,30878.5,30878.5,30878.5,30878.5,1,2026-09-24T16:48:21+00:00
2026-09-21T14:32:00Z,30888.5,30888.5,30888.5,30888.5,1,2026-09-24T16:48:21+00:00
2026-09-21T14:34:00Z,30886.25,30886.25,30880.5,30880.5,3,2026-09-24T16:48:21+00:00
2026-09-21T14:36:00Z,30900.0,30905.0,30900.0,30905.0,3,2026-09-24T16:48:21+00:00
2026-09-21T14:37:00Z,30908.75,30913.0,30908.75,30909.25,4,2026-09-24T16:48:21+00:00
2026-09-21T14:39:00Z,30889.75,30889.75,30889.75,30889.75,10,2026-09-24T16:48:21+00:00
2026-09-21T14:41:00Z,30880.25,30880.25,30880.25,30880.25,1,2026-09-24T16:48:21+00:00
2026-09-21T14:42:00Z,30877.25,30877.25,30874.5,30874.5,2,2026-09-24T16:48:21+00:00
2026-09-21T14:43:00Z,30868.0,30868.0,30868.0,30868.0,1,2026-09-24T16:48:21+00:00
2026-09-21T14:44:00Z,30864.75,30874.75,30864.75,30874.75,2,2026-09-24T16:48:21+00:00
2026-09-21T14:45:00Z,30870.5,30870.5,30870.5,30870.5,1,2026-09-24T16:48:21+00:00
2026-09-21T14:46:00Z,30884.25,30884.25,30884.25,30884.25,3,2026-09-24T16:48:21+00:00
2026-09-21T14:47:00Z,30883.5,30894.25,30883.5,30885.0,11,2026-09-24T16:48:21+00:00
2026-09-21T14:48:00Z,30885.0,30885.0,30883.5,30883.5,2,2026-09-24T16:48:21+00:00
2026-09-21T14:50:00Z,30879.5,30879.5,30877.5,30877.5,6,2026-09-24T16:48:21+00:00
2026-09-21T14:53:00Z,30867.75,30867.75,30867.75,30867.75,1,2026-09-24T16:48:21+00:00
2026-09-21T14:54:00Z,30888.5,30889.0,30888.5,30889.0,2,2026-09-24T16:48:21+00:00
2026-09-21T14:55:00Z,30882.0,30882.0,30882.0,30882.0,3,2026-09-24T16:48:21+00:00
2026-09-21T14:56:00Z,30882.0,30882.0,30882.0,30882.0,2,2026-09-24T16:48:21+00:00
2026-09-21T14:57:00Z,30901.75,30901.75,30901.0,30901.25,6,2026-09-24T16:48:21+00:00
2026-09-21T14:58:00Z,30910.0,30910.0,30910.0,30910.0,1,2026-09-24T16:48:21+00:00
2026-09-21T14:59:00Z,30905.0,30905.0,30905.0,30905.0,5,2026-09-24T16:48:21+00:00
2026-09-21T15:00:00Z,30912.75,30912.75,30912.75,30912.75,1,2026-09-24T16:48:21+00:00
2026-09-21T15:01:00Z,30912.0,30914.0,30912.0,30913.5,9,2026-09-24T16:48:21+00:00
2026-09-21T15:04:00Z,30935.0,30935.75,30935.0,30935.75,2,2026-09-24T16:48:21+00:00
2026-09-21T15:05:00Z,30936.25,30936.25,30932.0,30932.0,2,2026-09-24T16:48:21+00:00
2026-09-21T15:06:00Z,30926.75,30926.75,30926.75,30926.75,1,2026-09-24T16:48:21+00:00
2026-09-21T15:07:00Z,30924.0,30924.0,30923.5,30923.5,2,2026-09-24T16:48:21+00:00
2026-09-21T15:09:00Z,30936.0,30936.0,30936.0,30936.0,1,2026-09-24T16:48:21+00:00
2026-09-21T15:10:00Z,30933.0,30933.0,30933.0,30933.0,1,2026-09-24T16:48:21+00:00
2026-09-21T15:12:00Z,30935.0,30935.0,30935.0,30935.0,2,2026-09-24T16:48:21+00:00
2026-09-21T15:14:00Z,30931.5,30931.5,30931.5,30931.5,7,2026-09-24T16:48:21+00:00
2026-09-21T15:16:00Z,30939.0,30939.0,30935.0,30935.0,3,2026-09-24T16:48:21+00:00
2026-09-21T15:17:00Z,30937.25,30937.25,30937.25,30937.25,2,2026-09-24T16:48:21+00:00
2026-09-21T15:19:00Z,30938.0,30938.0,30938.0,30938.0,1,2026-09-24T16:48:21+00:00
2026-09-21T15:21:00Z,30939.75,30939.75,30939.75,30939.75,1,2026-09-24T16:48:21+00:00
2026-09-21T15:23:00Z,30932.0,30932.0,30932.0,30932.0,7,2026-09-24T16:48:21+00:00
2026-09-21T15:25:00Z,30940.75,30942.75,30940.75,30942.75,2,2026-09-24T16:48:21+00:00
2026-09-21T15:26:00Z,30934.5,30940.0,30933.75,30940.0,3,2026-09-24T16:48:21+00:00
2026-09-21T15:27:00Z,30941.5,30943.0,30941.5,30943.0,8,2026-09-24T16:48:21+00:00
2026-09-21T15:28:00Z,30938.25,30938.25,30938.25,30938.25,1,2026-09-24T16:48:21+00:00
2026-09-21T15:30:00Z,30951.0,30951.0,30951.0,30951.0,1,2026-09-24T16:48:21+00:00
2026-09-21T15:31:00Z,30951.0,30951.0,30951.0,30951.0,1,2026-09-24T16:48:21+00:00
2026-09-21T15:34:00Z,30947.0,30947.0,30941.0,30941.0,7,2026-09-24T16:48:21+00:00
2026-09-21T15:36:00Z,30947.75,30956.5,30947.75,30951.5,6,2026-09-24T16:48:21+00:00
2026-09-21T15:37:00Z,30956.5,30956.5,30956.5,30956.5,1,2026-09-24T16:48:21+00:00
2026-09-21T15:38:00Z,30958.0,30959.25,30958.0,30959.25,2,2026-09-24T16:48:21+00:00
2026-09-21T15:39:00Z,30964.75,30964.75,30964.75,30964.75,2,2026-09-24T16:48:21+00:00
2026-09-21T15:40:00Z,30964.0,30964.0,30964.0,30964.0,2,2026-09-24T16:48:21+00:00
2026-09-21T15:42:00Z,30966.0,30966.0,30966.0,30966.0,1,2026-09-24T16:48:21+00:00
2026-09-21T15:44:00Z,30970.0,30970.0,30970.0,30970.0,1,2026-09-24T16:48:21+00:00
2026-09-21T15:45:00Z,30979.75,30979.75,30979.75,30979.75,1,2026-09-24T16:48:21+00:00
2026-09-21T15:47:00Z,30987.5,30988.5,30987.5,30988.5,2,2026-09-24T16:48:21+00:00
2026-09-21T15:48:00Z,30989.5,30989.5,30989.5,30989.5,1,2026-09-24T16:48:21+00:00
2026-09-21T15:49:00Z,30983.0,30983.0,30983.0,30983.0,2,2026-09-24T16:48:21+00:00
2026-09-21T15:50:00Z,30985.0,30992.0,30985.0,30992.0,2,2026-09-24T16:48:21+00:00
2026-09-21T15:51:00Z,30978.75,30978.75,30978.75,30978.75,1,2026-09-24T16:48:21+00:00
2026-09-21T15:52:00Z,30982.75,30982.75,30982.5,30982.5,2,2026-09-24T16:48:21+00:00
2026-09-21T15:53:00Z,30981.5,30981.5,30981.5,30981.5,1,2026-09-24T16:48:21+00:00
2026-09-21T15:54:00Z,30975.75,30975.75,30975.75,30975.75,1,2026-09-24T16:48:21+00:00
2026-09-21T15:57:00Z,30961.5,30964.5,30961.5,30964.5,2,2026-09-24T16:48:21+00:00
2026-09-21T15:58:00Z,30963.75,30968.0,30963.75,30968.0,2,2026-09-24T16:48:21+00:00
2026-09-21T16:00:00Z,30963.0,30963.0,30963.0,30963.0,29,2026-09-24T16:48:21+00:00
2026-09-21T16:01:00Z,30968.0,30968.0,30968.0,30968.0,2,2026-09-24T16:48:21+00:00
2026-09-21T16:02:00Z,30973.0,30973.0,30973.0,30973.0,1,2026-09-24T16:48:21+00:00
2026-09-21T16:03:00Z,30986.0,30986.0,30986.0,30986.0,1,2026-09-24T16:48:21+00:00
2026-09-21T16:07:00Z,30989.25,31006.25,30989.0,30998.5,18,2026-09-24T16:48:21+00:00
2026-09-21T16:08:00Z,31003.25,31003.25,31003.25,31003.25,1,2026-09-24T16:48:21+00:00
2026-09-21T16:11:00Z,31020.0,31020.0,31020.0,31020.0,1,2026-09-24T16:48:21+00:00
2026-09-21T16:12:00Z,31009.75,31009.75,31009.75,31009.75,1,2026-09-24T16:48:21+00:00
2026-09-21T16:14:00Z,31010.0,31010.0,31010.0,31010.0,1,2026-09-24T16:48:21+00:00
2026-09-21T16:15:00Z,31017.5,31017.5,31017.5,31017.5,1,2026-09-24T16:48:21+00:00
2026-09-21T16:17:00Z,31019.25,31019.25,31016.0,31016.0,4,2026-09-24T16:48:21+00:00
2026-09-21T16:18:00Z,31009.75,31010.75,31009.5,31010.75,4,2026-09-24T16:48:21+00:00
2026-09-21T16:20:00Z,31020.0,31020.0,31019.75,31019.75,2,2026-09-24T16:48:21+00:00
2026-09-21T16:21:00Z,31018.0,31018.0,31014.0,31014.0,4,2026-09-24T16:48:21+00:00
2026-09-21T16:22:00Z,31028.75,31028.75,31028.75,31028.75,1,2026-09-24T16:48:21+00:00
2026-09-21T16:23:00Z,31029.0,31029.0,31029.0,31029.0,4,2026-09-24T16:48:21+00:00
2026-09-21T16:28:00Z,31049.25,31049.25,31049.25,31049.25,1,2026-09-24T16:48:21+00:00
2026-09-21T16:29:00Z,31040.0,31042.0,31040.0,31042.0,3,2026-09-24T16:48:21+00:00
2026-09-21T16:32:00Z,31059.75,31059.75,31059.75,31059.75,2,2026-09-24T16:48:21+00:00
2026-09-21T16:36:00Z,31054.75,31054.75,31054.75,31054.75,1,2026-09-24T16:48:21+00:00
2026-09-21T16:38:00Z,31044.0,31044.0,31040.0,31040.0,9,2026-09-24T16:48:21+00:00
2026-09-21T16:39:00Z,31033.25,31033.25,31033.25,31033.25,1,2026-09-24T16:48:21+00:00
2026-09-21T16:40:00Z,31029.25,31029.25,31029.25,31029.25,2,2026-09-24T16:48:21+00:00
2026-09-21T16:43:00Z,31042.25,31042.25,31041.5,31041.5,7,2026-09-24T16:48:21+00:00
2026-09-21T16:45:00Z,31034.25,31041.0,31034.25,31041.0,3,2026-09-24T16:48:21+00:00
2026-09-21T16:51:00Z,31035.0,31035.75,31034.5,31035.75,8,2026-09-24T16:48:21+00:00
2026-09-21T16:52:00Z,31029.0,31029.0,31027.25,31027.25,2,2026-09-24T16:48:21+00:00
2026-09-21T16:53:00Z,31033.0,31033.0,31033.0,31033.0,1,2026-09-24T16:48:21+00:00
2026-09-21T16:57:00Z,31034.75,31034.75,31034.75,31034.75,1,2026-09-24T16:48:21+00:00
2026-09-21T17:01:00Z,31049.75,31049.75,31047.25,31047.25,10,2026-09-24T16:48:21+00:00
2026-09-21T17:06:00Z,31050.75,31050.75,31050.75,31050.75,4,2026-09-24T16:48:21+00:00
2026-09-21T17:07:00Z,31049.25,31049.25,31047.5,31047.5,15,2026-09-24T16:48:21+00:00
2026-09-21T17:11:00Z,31041.5,31041.5,31041.5,31041.5,4,2026-09-24T16:48:21+00:00
2026-09-21T17:12:00Z,31043.25,31048.75,31043.25,31048.75,7,2026-09-24T16:48:21+00:00
2026-09-21T17:13:00Z,31053.0,31053.0,31053.0,31053.0,1,2026-09-24T16:48:21+00:00
2026-09-21T17:16:00Z,31050.75,31050.75,31050.75,31050.75,2,2026-09-24T16:48:21+00:00
2026-09-21T17:23:00Z,31036.5,31036.5,31036.5,31036.5,5,2026-09-24T16:48:21+00:00
2026-09-21T17:26:00Z,31032.0,31032.0,31032.0,31032.0,21,2026-09-24T16:48:21+00:00
2026-09-21T17:27:00Z,31032.0,31032.0,31032.0,31032.0,75,2026-09-24T16:48:21+00:00
2026-09-21T17:28:00Z,31040.25,31040.25,31040.25,31040.25,7,2026-09-24T16:48:21+00:00
2026-09-21T17:29:00Z,31054.25,31054.25,31054.25,31054.25,1,2026-09-24T16:48:21+00:00
2026-09-21T17:31:00Z,31057.25,31057.25,31043.0,31043.0,6,2026-09-24T16:48:21+00:00
2026-09-21T17:43:00Z,31063.0,31063.0,31063.0,31063.0,1,2026-09-24T16:48:21+00:00
2026-09-21T17:44:00Z,31080.0,31080.0,31080.0,31080.0,1,2026-09-24T16:48:21+00:00
2026-09-21T17:45:00Z,31081.25,31085.0,31081.25,31085.0,3,2026-09-24T16:48:21+00:00
2026-09-21T17:46:00Z,31087.25,31087.25,31087.25,31087.25,1,2026-09-24T16:48:21+00:00
2026-09-21T17:47:00Z,31080.5,31081.0,31080.5,31081.0,2,2026-09-24T16:48:21+00:00
2026-09-21T17:57:00Z,31076.5,31076.5,31076.5,31076.5,4,2026-09-24T16:48:21+00:00
2026-09-21T17:58:00Z,31080.5,31080.5,31080.5,31080.5,1,2026-09-24T16:48:21+00:00
2026-09-21T18:02:00Z,31086.0,31087.0,31086.0,31087.0,2,2026-09-24T16:48:21+00:00
2026-09-21T18:03:00Z,31088.0,31088.0,31084.25,31084.75,3,2026-09-24T16:48:21+00:00
2026-09-21T18:04:00Z,31087.0,31087.25,31087.0,31087.25,2,2026-09-24T16:48:21+00:00
2026-09-21T18:07:00Z,31093.25,31093.25,31093.25,31093.25,1,2026-09-24T16:48:21+00:00
2026-09-21T18:14:00Z,31100.0,31100.0,31100.0,31100.0,1,2026-09-24T16:48:21+00:00
2026-09-21T18:33:00Z,31110.0,31110.0,31110.0,31110.0,8,2026-09-24T16:48:21+00:00
2026-09-21T18:38:00Z,31121.0,31121.0,31121.0,31121.0,1,2026-09-24T16:48:21+00:00
2026-09-21T19:00:00Z,31153.75,31153.75,31153.75,31153.75,3,2026-09-24T16:48:21+00:00
2026-09-21T19:06:00Z,31140.0,31140.0,31140.0,31140.0,1,2026-09-24T16:48:21+00:00
2026-09-21T19:17:00Z,31172.0,31172.0,31172.0,31172.0,1,2026-09-24T16:48:21+00:00
2026-09-21T19:25:00Z,31172.0,31172.0,31172.0,31172.0,1,2026-09-24T16:48:21+00:00
2026-09-21T19:28:00Z,31176.0,31176.0,31176.0,31176.0,1,2026-09-24T16:48:21+00:00
2026-09-21T19:29:00Z,31171.75,31172.0,31171.75,31172.0,2,2026-09-24T16:48:21+00:00
2026-09-21T19:38:00Z,31226.5,31236.25,31226.5,31236.25,17,2026-09-24T16:48:21+00:00
2026-09-21T19:39:00Z,31229.0,31229.0,31229.0,31229.0,139,2026-09-24T16:48:21+00:00
2026-09-21T19:40:00Z,31224.0,31224.0,31224.0,31224.0,14,2026-09-24T16:48:21+00:00
2026-09-21T19:42:00Z,31200.0,31200.0,31200.0,31200.0,5,2026-09-24T16:48:21+00:00
2026-09-21T19:45:00Z,31198.75,31198.75,31198.75,31198.75,5,2026-09-24T16:48:21+00:00
2026-09-21T19:49:00Z,31196.25,31196.25,31196.25,31196.25,1,2026-09-24T16:48:21+00:00
2026-09-21T19:51:00Z,31172.0,31173.5,31162.0,31162.0,17,2026-09-24T16:48:21+00:00
2026-09-21T19:56:00Z,31167.5,31167.5,31166.25,31166.25,4,2026-09-24T16:48:21+00:00
2026-09-21T19:58:00Z,31168.75,31168.75,31168.75,31168.75,2,2026-09-24T16:48:21+00:00
2026-09-21T19:59:00Z,31159.5,31159.5,31148.0,31148.0,3,2026-09-24T16:48:21+00:00
2026-09-21T20:00:00Z,31148.5,31148.5,31148.0,31148.0,15,2026-09-24T16:48:21+00:00
2026-09-21T20:02:00Z,31147.75,31148.75,31147.75,31148.75,4,2026-09-24T16:48:21+00:00
2026-09-21T20:03:00Z,31144.5,31144.5,31144.5,31144.5,25,2026-09-24T16:48:21+00:00
2026-09-21T20:09:00Z,31153.75,31153.75,31153.75,31153.75,1,2026-09-24T16:48:21+00:00
2026-09-21T20:10:00Z,31152.75,31152.75,31152.75,31152.75,42,2026-09-24T16:48:21+00:00
2026-09-21T20:16:00Z,31139.75,31139.75,31139.75,31139.75,1,2026-09-24T16:48:21+00:00
2026-09-21T20:18:00Z,31136.0,31138.5,31135.75,31138.5,25,2026-09-24T16:48:21+00:00
2026-09-21T20:35:00Z,31140.75,31140.75,31140.75,31140.75,2,2026-09-24T16:48:21+00:00
2026-09-21T20:38:00Z,31133.0,31133.0,31133.0,31133.0,15,2026-09-24T16:48:21+00:00
2026-09-21T20:54:00Z,31141.75,31141.75,31141.75,31141.75,2,2026-09-24T16:48:21+00:00
2026-09-21T22:00:00Z,31166.25,31166.25,31166.0,31166.0,0,2026-09-24T16:48:21+00:00
2026-09-21T22:04:00Z,31168.0,31168.0,31168.0,31168.0,1,2026-09-24T16:48:21+00:00
2026-09-21T22:33:00Z,31180.5,31180.5,31180.5,31180.5,1,2026-09-24T16:48:21+00:00
2026-09-21T22:50:00Z,31198.25,31198.25,31198.25,31198.25,1,2026-09-24T16:48:21+00:00
2026-09-22T00:10:00Z,31251.5,31251.5,31251.5,31251.5,2,2026-09-24T16:48:21+00:00
2026-09-22T00:29:00Z,31267.0,31267.0,31267.0,31267.0,1,2026-09-24T16:48:21+00:00
2026-09-22T00:33:00Z,31273.75,31273.75,31273.75,31273.75,3,2026-09-24T16:48:21+00:00
2026-09-22T00:40:00Z,31251.25,31251.25,31251.25,31251.25,1,2026-09-24T16:48:21+00:00
2026-09-22T00:48:00Z,31263.0,31263.0,31263.0,31263.0,1,2026-09-24T16:48:21+00:00
2026-09-22T01:28:00Z,31250.0,31250.0,31250.0,31250.0,1,2026-09-24T16:48:21+00:00
2026-09-22T01:29:00Z,31255.0,31255.0,31255.0,31255.0,1,2026-09-24T16:48:21+00:00
2026-09-22T01:40:00Z,31260.0,31260.0,31260.0,31260.0,3,2026-09-24T16:48:21+00:00
2026-09-22T01:46:00Z,31256.75,31256.75,31256.75,31256.75,1,2026-09-24T16:48:21+00:00
2026-09-22T02:02:00Z,31262.0,31262.0,31262.0,31262.0,3,2026-09-24T16:48:21+00:00
2026-09-22T04:16:00Z,31223.5,31223.5,31223.5,31223.5,1,2026-09-24T16:48:21+00:00
2026-09-22T04:37:00Z,31205.5,31205.5,31205.5,31205.5,1,2026-09-24T16:48:21+00:00
2026-09-22T04:49:00Z,31196.5,31196.5,31196.5,31196.5,3,2026-09-24T16:48:21+00:00
2026-09-22T04:50:00Z,31190.75,31190.75,31190.75,31190.75,5,2026-09-24T16:48:21+00:00
2026-09-22T05:47:00Z,31205.25,31205.25,31205.25,31205.25,1,2026-09-24T16:48:21+00:00
2026-09-22T05:48:00Z,31206.5,31206.5,31203.25,31203.25,2,2026-09-24T16:48:21+00:00
2026-09-22T06:05:00Z,31159.75,31168.25,31159.75,31168.25,2,2026-09-24T16:48:21+00:00
2026-09-22T06:17:00Z,31150.0,31150.0,31150.0,31150.0,2,2026-09-24T16:48:21+00:00
2026-09-22T06:21:00Z,31146.25,31146.25,31146.25,31146.25,1,2026-09-24T16:48:21+00:00
2026-09-22T06:54:00Z,31152.25,31152.25,31152.25,31152.25,1,2026-09-24T16:48:21+00:00
2026-09-22T06:59:00Z,31156.25,31156.25,31156.25,31156.25,1,2026-09-24T16:48:21+00:00
2026-09-22T07:32:00Z,31146.0,31146.0,31146.0,31146.0,1,2026-09-24T16:48:21+00:00
2026-09-22T07:34:00Z,31137.75,31137.75,31137.75,31137.75,2,2026-09-24T16:48:21+00:00
2026-09-22T08:05:00Z,31107.0,31107.0,31107.0,31107.0,1,2026-09-24T16:48:21+00:00
2026-09-22T08:18:00Z,31088.75,31088.75,31088.75,31088.75,1,2026-09-24T16:48:21+00:00
2026-09-22T08:22:00Z,31076.25,31076.25,31073.75,31073.75,2,2026-09-24T16:48:21+00:00
2026-09-22T08:25:00Z,31091.25,31091.25,31072.75,31072.75,5,2026-09-24T16:48:21+00:00
2026-09-22T08:32:00Z,31068.75,31068.75,31068.75,31068.75,1,2026-09-24T16:48:21+00:00
2026-09-22T08:34:00Z,31064.25,31064.5,31064.25,31064.5,2,2026-09-24T16:48:21+00:00
2026-09-22T08:50:00Z,31146.5,31146.5,31146.5,31146.5,1,2026-09-24T16:48:21+00:00
2026-09-22T08:54:00Z,31155.75,31160.75,31155.75,31160.75,2,2026-09-24T16:48:21+00:00
2026-09-22T09:03:00Z,31155.25,31155.25,31155.25,31155.25,1,2026-09-24T16:48:21+00:00
2026-09-22T09:04:00Z,31133.0,31134.25,31133.0,31134.25,2,2026-09-24T16:48:21+00:00
2026-09-22T09:20:00Z,31139.0,31139.0,31139.0,31139.0,1,2026-09-24T16:48:21+00:00
2026-09-22T09:41:00Z,31151.0,31151.0,31151.0,31151.0,1,2026-09-24T16:48:21+00:00
2026-09-22T09:48:00Z,31161.75,31161.75,31161.75,31161.75,2,2026-09-24T16:48:21+00:00
2026-09-22T09:51:00Z,31164.75,31164.75,31164.75,31164.75,1,2026-09-24T16:48:21+00:00
2026-09-22T09:52:00Z,31177.25,31220.25,31177.0,31220.25,7,2026-09-24T16:48:21+00:00
2026-09-22T09:53:00Z,31180.5,31199.75,31175.5,31198.75,8,2026-09-24T16:48:21+00:00
2026-09-22T09:54:00Z,31191.0,31191.0,31185.75,31185.75,6,2026-09-24T16:48:21+00:00
2026-09-22T09:55:00Z,31178.0,31179.25,31170.75,31179.25,4,2026-09-24T16:48:21+00:00
2026-09-22T09:56:00Z,31209.75,31209.75,31197.25,31197.25,3,2026-09-24T16:48:21+00:00
2026-09-22T09:57:00Z,31181.0,31181.0,31181.0,31181.0,1,2026-09-24T16:48:21+00:00
2026-09-22T10:00:00Z,31200.5,31200.5,31194.25,31194.25,2,2026-09-24T16:48:21+00:00
2026-09-22T10:01:00Z,31200.25,31200.25,31200.25,31200.25,9,2026-09-24T16:48:21+00:00
2026-09-22T10:26:00Z,31176.5,31176.5,31176.5,31176.5,1,2026-09-24T16:48:21+00:00
2026-09-22T10:31:00Z,31179.75,31179.75,31179.75,31179.75,1,2026-09-24T16:48:21+00:00
2026-09-22T10:41:00Z,31183.25,31183.25,31183.25,31183.25,1,2026-09-24T16:48:21+00:00
2026-09-22T10:42:00Z,31187.0,31187.0,31187.0,31187.0,1,2026-09-24T16:48:21+00:00
2026-09-22T11:03:00Z,31170.25,31170.25,31170.25,31170.25,1,2026-09-24T16:48:21+00:00
2026-09-22T11:09:00Z,31146.0,31146.0,31146.0,31146.0,1,2026-09-24T16:48:21+00:00
2026-09-22T11:10:00Z,31148.75,31148.75,31148.75,31148.75,1,2026-09-24T16:48:21+00:00
2026-09-22T11:12:00Z,31171.0,31171.0,31150.5,31150.5,4,2026-09-24T16:48:21+00:00
2026-09-22T11:30:00Z,31150.0,31150.0,31150.0,31150.0,1,2026-09-24T16:48:21+00:00
2026-09-22T11:42:00Z,31171.0,31171.0,31165.75,31165.75,2,2026-09-24T16:48:21+00:00
2026-09-22T11:43:00Z,31162.75,31162.75,31162.75,31162.75,1,2026-09-24T16:48:21+00:00
2026-09-22T11:44:00Z,31160.75,31160.75,31160.75,31160.75,1,2026-09-24T16:48:21+00:00
2026-09-22T11:49:00Z,31157.75,31157.75,31157.75,31157.75,1,2026-09-24T16:48:21+00:00
2026-09-22T11:55:00Z,31157.0,31157.0,31157.0,31157.0,32,2026-09-24T16:48:21+00:00
2026-09-22T12:31:00Z,31149.25,31149.25,31149.25,31149.25,1,2026-09-24T16:48:21+00:00
2026-09-22T12:38:00Z,31135.0,31135.0,31135.0,31135.0,2,2026-09-24T16:48:21+00:00
2026-09-22T12:41:00Z,31143.5,31143.5,31143.5,31143.5,1,2026-09-24T16:48:21+00:00
2026-09-22T13:06:00Z,31133.5,31133.5,31133.5,31133.5,8,2026-09-24T16:48:21+00:00
2026-09-22T13:09:00Z,31138.25,31138.25,31138.25,31138.25,13,2026-09-24T16:48:21+00:00
2026-09-22T13:28:00Z,31128.25,31128.25,31128.25,31128.25,1,2026-09-24T16:48:21+00:00
2026-09-22T13:31:00Z,31193.0,31193.0,31193.0,31193.0,1,2026-09-24T16:48:21+00:00
2026-09-22T13:32:00Z,31225.75,31227.0,31225.75,31227.0,5,2026-09-24T16:48:21+00:00
2026-09-22T13:33:00Z,31235.75,31235.75,31228.75,31228.75,2,2026-09-24T16:48:21+00:00
2026-09-22T13:35:00Z,31253.75,31253.75,31248.5,31248.5,3,2026-09-24T16:48:21+00:00
2026-09-22T13:37:00Z,31255.0,31255.0,31255.0,31255.0,1,2026-09-24T16:48:21+00:00
2026-09-22T13:40:00Z,31262.0,31262.0,31262.0,31262.0,2,2026-09-24T16:48:21+00:00
2026-09-22T13:41:00Z,31261.25,31279.5,31260.25,31264.0,7,2026-09-24T16:48:21+00:00
2026-09-22T13:44:00Z,31280.0,31280.0,31274.25,31274.5,4,2026-09-24T16:48:21+00:00
2026-09-22T13:46:00Z,31285.0,31285.0,31264.5,31264.5,3,2026-09-24T16:48:21+00:00
2026-09-22T13:47:00Z,31263.0,31263.0,31263.0,31263.0,2,2026-09-24T16:48:21+00:00
2026-09-22T13:48:00Z,31271.5,31281.5,31264.75,31281.5,7,2026-09-24T16:48:21+00:00
2026-09-22T13:50:00Z,31287.0,31303.0,31287.0,31303.0,5,2026-09-24T16:48:21+00:00
2026-09-22T13:52:00Z,31305.0,31305.0,31305.0,31305.0,1,2026-09-24T16:48:21+00:00
2026-09-22T13:55:00Z,31302.25,31302.25,31302.25,31302.25,1,2026-09-24T16:48:21+00:00
2026-09-22T13:57:00Z,31280.0,31280.0,31280.0,31280.0,4,2026-09-24T16:48:21+00:00
2026-09-22T13:59:00Z,31295.5,31295.5,31295.5,31295.5,1,2026-09-24T16:48:21+00:00
2026-09-22T14:08:00Z,31290.0,31290.0,31290.0,31290.0,1,2026-09-24T16:48:21+00:00
2026-09-22T14:10:00Z,31296.75,31296.75,31296.75,31296.75,1,2026-09-24T16:48:21+00:00
2026-09-22T14:11:00Z,31308.5,31316.0,31308.5,31316.0,2,2026-09-24T16:48:21+00:00
2026-09-22T14:12:00Z,31330.75,31330.75,31330.75,31330.75,1,2026-09-24T16:48:21+00:00
2026-09-22T14:13:00Z,31334.0,31334.0,31334.0,31334.0,1,2026-09-24T16:48:21+00:00
2026-09-22T14:15:00Z,31331.0,31331.0,31331.0,31331.0,5,2026-09-24T16:48:21+00:00
2026-09-22T14:18:00Z,31322.75,31322.75,31309.5,31309.5,4,2026-09-24T16:48:21+00:00
2026-09-22T14:19:00Z,31314.25,31314.25,31313.25,31313.25,2,2026-09-24T16:48:21+00:00
2026-09-22T14:22:00Z,31316.75,31316.75,31316.75,31316.75,1,2026-09-24T16:48:21+00:00
2026-09-22T14:26:00Z,31330.0,31330.0,31330.0,31330.0,2,2026-09-24T16:48:21+00:00
2026-09-22T14:27:00Z,31329.25,31329.25,31327.0,31329.0,3,2026-09-24T16:48:21+00:00
2026-09-22T14:30:00Z,31330.0,31330.0,31330.0,31330.0,1,2026-09-24T16:48:21+00:00
2026-09-22T14:35:00Z,31348.0,31348.0,31333.25,31333.25,8,2026-09-24T16:48:21+00:00
2026-09-22T14:37:00Z,31326.25,31326.25,31326.25,31326.25,1,2026-09-24T16:48:21+00:00
2026-09-22T14:38:00Z,31321.0,31321.0,31321.0,31321.0,1,2026-09-24T16:48:21+00:00
2026-09-22T14:39:00Z,31353.0,31353.0,31308.5,31308.5,5,2026-09-24T16:48:21+00:00
2026-09-22T14:40:00Z,31315.25,31315.25,31315.25,31315.25,1,2026-09-24T16:48:21+00:00
2026-09-22T14:41:00Z,31293.0,31293.0,31276.75,31276.75,4,2026-09-24T16:48:21+00:00
2026-09-22T14:42:00Z,31280.5,31280.5,31271.75,31271.75,2,2026-09-24T16:48:21+00:00
2026-09-22T14:43:00Z,31278.5,31278.5,31278.5,31278.5,1,2026-09-24T16:48:21+00:00
2026-09-22T14:45:00Z,31281.25,31281.25,31281.25,31281.25,1,2026-09-24T16:48:21+00:00
2026-09-22T14:47:00Z,31284.75,31284.75,31284.75,31284.75,1,2026-09-24T16:48:21+00:00
2026-09-22T14:49:00Z,31307.25,31307.25,31307.25,31307.25,1,2026-09-24T16:48:21+00:00
2026-09-22T14:50:00Z,31316.5,31316.5,31316.5,31316.5,1,2026-09-24T16:48:21+00:00
2026-09-22T14:52:00Z,31295.25,31295.5,31294.75,31294.75,4,2026-09-24T16:48:21+00:00
2026-09-22T14:54:00Z,31302.25,31304.0,31302.25,31304.0,2,2026-09-24T16:48:21+00:00
2026-09-22T14:55:00Z,31307.0,31307.0,31307.0,31307.0,1,2026-09-24T16:48:21+00:00
2026-09-22T14:56:00Z,31310.75,31310.75,31306.0,31306.0,3,2026-09-24T16:48:21+00:00
2026-09-22T14:57:00Z,31303.25,31305.75,31302.0,31302.0,3,2026-09-24T16:48:21+00:00
2026-09-22T15:04:00Z,31285.25,31285.25,31285.25,31285.25,1,2026-09-24T16:48:21+00:00
2026-09-22T15:06:00Z,31295.5,31295.5,31289.5,31289.5,2,2026-09-24T16:48:21+00:00
2026-09-22T15:07:00Z,31299.5,31299.5,31299.5,31299.5,1,2026-09-24T16:48:21+00:00
2026-09-22T15:14:00Z,31287.0,31296.5,31287.0,31296.5,5,2026-09-24T16:48:21+00:00
2026-09-22T15:40:00Z,31261.0,31261.0,31261.0,31261.0,1,2026-09-24T16:48:21+00:00
2026-09-22T15:50:00Z,31279.25,31279.25,31279.25,31279.25,1,2026-09-24T16:48:21+00:00
2026-09-22T15:51:00Z,31277.0,31277.0,31277.0,31277.0,2,2026-09-24T16:48:21+00:00
2026-09-22T16:00:00Z,31287.25,31287.25,31287.25,31287.25,1,2026-09-24T16:48:21+00:00
2026-09-22T16:04:00Z,31276.5,31276.5,31276.5,31276.5,1,2026-09-24T16:48:21+00:00
2026-09-22T16:09:00Z,31302.25,31302.25,31302.25,31302.25,1,2026-09-24T16:48:21+00:00
2026-09-22T16:14:00Z,31290.0,31293.5,31289.75,31293.5,5,2026-09-24T16:48:21+00:00
2026-09-22T16:20:00Z,31279.75,31281.75,31275.5,31281.75,3,2026-09-24T16:48:21+00:00
2026-09-22T16:22:00Z,31289.25,31289.25,31288.0,31288.0,2,2026-09-24T16:48:21+00:00
2026-09-22T16:23:00Z,31292.0,31292.0,31292.0,31292.0,1,2026-09-24T16:48:21+00:00
2026-09-22T16:33:00Z,31281.75,31281.75,31281.75,31281.75,1,2026-09-24T16:48:21+00:00
2026-09-22T16:34:00Z,31280.75,31283.25,31280.75,31283.25,3,2026-09-24T16:48:21+00:00
2026-09-22T16:39:00Z,31276.5,31276.5,31276.5,31276.5,1,2026-09-24T16:48:21+00:00
2026-09-22T16:41:00Z,31273.25,31273.5,31273.25,31273.5,2,2026-09-24T16:48:21+00:00
2026-09-22T16:44:00Z,31276.5,31276.5,31276.5,31276.5,1,2026-09-24T16:48:21+00:00
2026-09-22T16:45:00Z,31284.25,31284.25,31284.25,31284.25,1,2026-09-24T16:48:21+00:00
2026-09-22T16:47:00Z,31285.0,31285.0,31285.0,31285.0,6,2026-09-24T16:48:21+00:00
2026-09-22T16:57:00Z,31305.25,31305.25,31305.25,31305.25,2,2026-09-24T16:48:21+00:00
2026-09-22T17:20:00Z,31305.0,31305.0,31305.0,31305.0,2,2026-09-24T16:48:21+00:00
2026-09-22T17:23:00Z,31305.75,31305.75,31305.75,31305.75,1,2026-09-24T16:48:21+00:00
2026-09-22T17:35:00Z,31309.25,31309.25,31309.25,31309.25,1,2026-09-24T16:48:21+00:00
2026-09-22T17:38:00Z,31302.5,31302.5,31302.5,31302.5,1,2026-09-24T16:48:21+00:00
2026-09-22T17:50:00Z,31309.0,31309.0,31309.0,31309.0,1,2026-09-24T16:48:21+00:00
2026-09-22T17:52:00Z,31320.75,31335.25,31320.75,31335.25,2,2026-09-24T16:48:21+00:00
2026-09-22T17:53:00Z,31346.75,31346.75,31346.5,31346.5,2,2026-09-24T16:48:21+00:00
2026-09-22T17:54:00Z,31350.5,31350.5,31350.5,31350.5,1,2026-09-24T16:48:21+00:00
2026-09-22T17:57:00Z,31340.0,31340.0,31340.0,31340.0,2,2026-09-24T16:48:21+00:00
2026-09-22T18:00:00Z,31342.5,31342.5,31342.25,31342.25,2,2026-09-24T16:48:21+00:00
2026-09-22T18:03:00Z,31326.75,31326.75,31326.75,31326.75,1,2026-09-24T16:48:21+00:00
2026-09-22T18:04:00Z,31330.5,31335.0,31330.5,31335.0,2,2026-09-24T16:48:21+00:00
2026-09-22T18:05:00Z,31333.75,31333.75,31333.75,31333.75,1,2026-09-24T16:48:21+00:00
2026-09-22T18:09:00Z,31350.0,31350.0,31350.0,31350.0,1,2026-09-24T16:48:21+00:00
2026-09-22T18:16:00Z,31353.25,31353.25,31353.25,31353.25,1,2026-09-24T16:48:21+00:00
2026-09-22T18:26:00Z,31370.0,31370.0,31370.0,31370.0,1,2026-09-24T16:48:21+00:00
2026-09-22T18:27:00Z,31364.0,31364.0,31364.0,31364.0,1,2026-09-24T16:48:21+00:00
2026-09-22T18:30:00Z,31363.0,31363.0,31363.0,31363.0,2,2026-09-24T16:48:21+00:00
2026-09-22T18:31:00Z,31368.25,31368.25,31364.25,31364.25,2,2026-09-24T16:48:21+00:00
2026-09-22T18:36:00Z,31342.0,31351.25,31342.0,31351.25,3,2026-09-24T16:48:21+00:00
2026-09-22T18:38:00Z,31343.25,31343.25,31343.25,31343.25,1,2026-09-24T16:48:21+00:00
2026-09-22T18:40:00Z,31341.25,31341.25,31340.5,31340.5,4,2026-09-24T16:48:21+00:00
2026-09-22T18:48:00Z,31356.5,31356.5,31356.5,31356.5,1,2026-09-24T16:48:21+00:00
2026-09-22T18:58:00Z,31347.0,31347.0,31347.0,31347.0,1,2026-09-24T16:48:21+00:00
2026-09-22T19:08:00Z,31368.25,31368.25,31368.25,31368.25,1,2026-09-24T16:48:21+00:00
2026-09-22T19:12:00Z,31372.75,31372.75,31372.75,31372.75,1,2026-09-24T16:48:21+00:00
2026-09-22T19:17:00Z,31383.0,31383.0,31383.0,31383.0,2,2026-09-24T16:48:21+00:00
2026-09-22T19:25:00Z,31384.0,31385.0,31384.0,31385.0,2,2026-09-24T16:48:21+00:00
2026-09-22T19:34:00Z,31415.25,31419.0,31415.25,31419.0,2,2026-09-24T16:48:21+00:00
2026-09-22T19:35:00Z,31420.0,31420.0,31420.0,31420.0,5,2026-09-24T16:48:21+00:00
2026-09-22T19:36:00Z,31416.75,31416.75,31414.75,31414.75,4,2026-09-24T16:48:21+00:00
2026-09-22T19:38:00Z,31411.25,31411.25,31411.25,31411.25,2,2026-09-24T16:48:21+00:00
2026-09-22T19:43:00Z,31401.5,31401.5,31401.5,31401.5,2,2026-09-24T16:48:21+00:00
2026-09-22T19:49:00Z,31419.0,31419.0,31419.0,31419.0,1,2026-09-24T16:48:21+00:00
2026-09-22T19:50:00Z,31413.0,31417.75,31413.0,31417.75,4,2026-09-24T16:48:21+00:00
2026-09-22T19:52:00Z,31431.0,31431.0,31431.0,31431.0,1,2026-09-24T16:48:21+00:00
2026-09-22T19:54:00Z,31416.5,31416.5,31416.5,31416.5,1,2026-09-24T16:48:21+00:00
2026-09-22T19:55:00Z,31402.25,31402.25,31402.25,31402.25,1,2026-09-24T16:48:21+00:00
2026-09-22T19:59:00Z,31403.5,31403.5,31403.5,31403.5,4,2026-09-24T16:48:21+00:00
2026-09-22T20:23:00Z,31375.0,31375.0,31375.0,31375.0,1,2026-09-24T16:48:21+00:00
2026-09-22T20:51:00Z,31376.0,31376.0,31376.0,31376.0,6,2026-09-24T16:48:21+00:00
2026-09-22T22:00:00Z,31386.25,31390.0,31386.25,31390.0,0,2026-09-24T16:48:21+00:00
2026-09-22T23:00:00Z,31420.5,31420.5,31420.5,31420.5,1,2026-09-24T16:48:21+00:00
2026-09-22T23:23:00Z,31430.0,31430.0,31430.0,31430.0,1,2026-09-24T16:48:21+00:00
2026-09-22T23:57:00Z,31433.5,31433.5,31433.5,31433.5,2,2026-09-24T16:48:21+00:00
2026-09-23T00:00:00Z,31432.75,31432.75,31432.75,31432.75,1,2026-09-24T16:48:21+00:00
2026-09-23T00:02:00Z,31422.0,31422.0,31422.0,31422.0,2,2026-09-24T16:48:21+00:00
2026-09-23T00:09:00Z,31418.0,31421.5,31418.0,31421.5,3,2026-09-24T16:48:21+00:00
2026-09-23T00:17:00Z,31416.5,31416.5,31416.5,31416.5,1,2026-09-24T16:48:21+00:00
2026-09-23T00:24:00Z,31419.75,31419.75,31419.75,31419.75,1,2026-09-24T16:48:21+00:00
2026-09-23T00:49:00Z,31404.75,31404.75,31404.75,31404.75,1,2026-09-24T16:48:21+00:00
2026-09-23T00:56:00Z,31390.25,31390.25,31390.25,31390.25,1,2026-09-24T16:48:21+00:00
2026-09-23T01:30:00Z,31429.75,31429.75,31429.75,31429.75,1,2026-09-24T16:48:21+00:00
2026-09-23T01:41:00Z,31389.5,31389.5,31389.5,31389.5,1,2026-09-24T16:48:21+00:00
2026-09-23T01:42:00Z,31389.75,31389.75,31389.75,31389.75,1,2026-09-24T16:48:21+00:00
2026-09-23T02:07:00Z,31379.5,31379.5,31379.5,31379.5,1,2026-09-24T16:48:21+00:00
2026-09-23T02:10:00Z,31373.5,31373.5,31373.5,31373.5,2,2026-09-24T16:48:21+00:00
2026-09-23T02:24:00Z,31378.5,31378.5,31378.5,31378.5,1,2026-09-24T16:48:21+00:00
2026-09-23T02:31:00Z,31383.5,31383.5,31383.5,31383.5,1,2026-09-24T16:48:21+00:00
2026-09-23T02:58:00Z,31381.0,31382.0,31381.0,31382.0,2,2026-09-24T16:48:21+00:00
2026-09-23T03:00:00Z,31381.0,31381.0,31380.0,31380.0,3,2026-09-24T16:48:21+00:00
2026-09-23T03:11:00Z,31379.0,31379.0,31379.0,31379.0,1,2026-09-24T16:48:21+00:00
2026-09-23T03:14:00Z,31380.0,31380.0,31380.0,31380.0,1,2026-09-24T16:48:21+00:00
2026-09-23T03:37:00Z,31380.5,31380.5,31380.5,31380.5,1,2026-09-24T16:48:21+00:00
2026-09-23T03:42:00Z,31399.25,31399.25,31399.25,31399.25,1,2026-09-24T16:48:21+00:00
2026-09-23T04:15:00Z,31409.5,31409.5,31409.5,31409.5,1,2026-09-24T16:48:21+00:00
2026-09-23T04:20:00Z,31410.5,31410.5,31410.5,31410.5,2,2026-09-24T16:48:21+00:00
2026-09-23T04:25:00Z,31417.25,31417.25,31417.25,31417.25,2,2026-09-24T16:48:21+00:00
2026-09-23T04:31:00Z,31420.5,31422.0,31420.5,31422.0,3,2026-09-24T16:48:21+00:00
2026-09-23T04:36:00Z,31424.75,31424.75,31424.75,31424.75,3,2026-09-24T16:48:21+00:00
2026-09-23T04:43:00Z,31422.75,31423.0,31422.75,31423.0,2,2026-09-24T16:48:21+00:00
2026-09-23T05:01:00Z,31402.0,31402.0,31402.0,31402.0,1,2026-09-24T16:48:21+00:00
2026-09-23T05:17:00Z,31416.0,31416.0,31416.0,31416.0,1,2026-09-24T16:48:21+00:00
2026-09-23T05:48:00Z,31414.5,31414.5,31414.5,31414.5,1,2026-09-24T16:48:21+00:00
2026-09-23T05:49:00Z,31409.0,31414.5,31409.0,31414.5,5,2026-09-24T16:48:21+00:00
2026-09-23T05:51:00Z,31404.5,31404.5,31404.25,31404.25,2,2026-09-24T16:48:21+00:00
2026-09-23T05:53:00Z,31415.25,31416.25,31415.25,31416.25,2,2026-09-24T16:48:21+00:00
2026-09-23T05:55:00Z,31409.5,31409.5,31409.5,31409.5,1,2026-09-24T16:48:21+00:00
2026-09-23T05:56:00Z,31402.75,31402.75,31402.75,31402.75,1,2026-09-24T16:48:21+00:00
2026-09-23T06:00:00Z,31411.75,31411.75,31411.75,31411.75,2,2026-09-24T16:48:21+00:00
2026-09-23T06:05:00Z,31421.25,31421.25,31421.25,31421.25,1,2026-09-24T16:48:21+00:00
2026-09-23T06:10:00Z,31420.0,31420.0,31420.0,31420.0,2,2026-09-24T16:48:21+00:00
2026-09-23T06:14:00Z,31432.5,31432.5,31432.5,31432.5,2,2026-09-24T16:48:21+00:00
2026-09-23T06:20:00Z,31428.0,31428.0,31428.0,31428.0,1,2026-09-24T16:48:21+00:00
2026-09-23T06:48:00Z,31454.75,31454.75,31454.75,31454.75,1,2026-09-24T16:48:21+00:00
2026-09-23T07:23:00Z,31403.75,31403.75,31403.75,31403.75,1,2026-09-24T16:48:21+00:00
2026-09-23T08:35:00Z,31401.5,31401.5,31401.5,31401.5,1,2026-09-24T16:48:21+00:00
2026-09-23T08:38:00Z,31389.5,31389.5,31386.75,31386.75,4,2026-09-24T16:48:21+00:00
2026-09-23T08:43:00Z,31384.75,31384.75,31384.75,31384.75,1,2026-09-24T16:48:21+00:00
2026-09-23T09:47:00Z,31382.75,31382.75,31382.75,31382.75,1,2026-09-24T16:48:21+00:00
2026-09-23T09:54:00Z,31389.75,31389.75,31389.75,31389.75,7,2026-09-24T16:48:21+00:00
2026-09-23T11:16:00Z,31383.0,31383.0,31383.0,31383.0,1,2026-09-24T16:48:21+00:00
2026-09-23T11:20:00Z,31365.5,31366.75,31365.5,31366.75,2,2026-09-24T16:48:21+00:00
2026-09-23T11:26:00Z,31328.25,31328.25,31328.25,31328.25,1,2026-09-24T16:48:21+00:00
2026-09-23T11:31:00Z,31322.5,31322.5,31322.5,31322.5,1,2026-09-24T16:48:21+00:00
2026-09-23T11:37:00Z,31301.0,31301.0,31301.0,31301.0,1,2026-09-24T16:48:21+00:00
2026-09-23T11:38:00Z,31289.0,31289.0,31289.0,31289.0,1,2026-09-24T16:48:21+00:00
2026-09-23T11:39:00Z,31301.5,31301.5,31301.5,31301.5,1,2026-09-24T16:48:21+00:00
2026-09-23T11:44:00Z,31294.25,31294.25,31294.25,31294.25,1,2026-09-24T16:48:21+00:00
2026-09-23T11:46:00Z,31324.0,31324.0,31322.25,31322.25,2,2026-09-24T16:48:21+00:00
2026-09-23T11:47:00Z,31329.25,31329.25,31329.25,31329.25,2,2026-09-24T16:48:21+00:00
2026-09-23T12:05:00Z,31317.75,31317.75,31317.75,31317.75,8,2026-09-24T16:48:21+00:00
2026-09-23T12:06:00Z,31317.75,31317.75,31317.75,31317.75,18,2026-09-24T16:48:21+00:00
2026-09-23T12:13:00Z,31301.5,31301.5,31301.5,31301.5,1,2026-09-24T16:48:21+00:00
2026-09-23T12:17:00Z,31301.0,31301.0,31293.5,31293.5,4,2026-09-24T16:48:21+00:00
2026-09-23T12:19:00Z,31305.0,31305.0,31305.0,31305.0,1,2026-09-24T16:48:21+00:00
2026-09-23T12:22:00Z,31306.75,31306.75,31306.75,31306.75,1,2026-09-24T16:48:21+00:00
2026-09-23T12:24:00Z,31310.25,31310.25,31310.25,31310.25,1,2026-09-24T16:48:21+00:00
2026-09-23T12:31:00Z,31321.25,31321.25,31321.25,31321.25,12,2026-09-24T16:48:21+00:00
2026-09-23T12:47:00Z,31336.25,31336.25,31336.25,31336.25,1,2026-09-24T16:48:21+00:00
2026-09-23T13:06:00Z,31323.0,31323.0,31322.75,31322.75,30,2026-09-24T16:48:21+00:00
2026-09-23T13:07:00Z,31320.0,31320.0,31320.0,31320.0,1,2026-09-24T16:48:21+00:00
2026-09-23T13:11:00Z,31325.0,31325.0,31325.0,31325.0,3,2026-09-24T16:48:21+00:00
2026-09-23T13:17:00Z,31337.0,31337.0,31337.0,31337.0,5,2026-09-24T16:48:21+00:00
2026-09-23T13:27:00Z,31360.0,31360.0,31360.0,31360.0,2,2026-09-24T16:48:21+00:00
2026-09-23T13:29:00Z,31372.0,31372.0,31372.0,31372.0,1,2026-09-24T16:48:21+00:00
2026-09-23T13:30:00Z,31345.0,31345.0,31331.0,31331.0,4,2026-09-24T16:48:21+00:00
2026-09-23T13:31:00Z,31331.0,31331.0,31321.75,31321.75,8,2026-09-24T16:48:21+00:00
2026-09-23T13:32:00Z,31301.5,31301.5,31300.0,31300.0,11,2026-09-24T16:48:21+00:00
2026-09-23T13:34:00Z,31300.0,31300.0,31300.0,31300.0,4,2026-09-24T16:48:21+00:00
2026-09-23T13:35:00Z,31295.5,31295.5,31295.5,31295.5,12,2026-09-24T16:48:21+00:00
2026-09-23T13:37:00Z,31289.0,31289.0,31289.0,31289.0,1,2026-09-24T16:48:21+00:00
2026-09-23T13:38:00Z,31275.0,31275.0,31275.0,31275.0,1,2026-09-24T16:48:21+00:00
2026-09-23T13:39:00Z,31283.0,31283.0,31283.0,31283.0,3,2026-09-24T16:48:21+00:00
2026-09-23T13:42:00Z,31279.25,31279.25,31279.25,31279.25,1,2026-09-24T16:48:21+00:00
2026-09-23T13:45:00Z,31280.5,31280.5,31280.5,31280.5,1,2026-09-24T16:48:21+00:00
2026-09-23T13:46:00Z,31265.5,31265.5,31252.5,31252.5,3,2026-09-24T16:48:21+00:00
2026-09-23T13:47:00Z,31254.75,31254.75,31254.75,31254.75,30,2026-09-24T16:48:21+00:00
2026-09-23T13:49:00Z,31248.0,31257.0,31243.75,31257.0,24,2026-09-24T16:48:21+00:00
2026-09-23T13:52:00Z,31216.5,31223.0,31216.5,31223.0,3,2026-09-24T16:48:21+00:00
2026-09-23T13:54:00Z,31215.75,31215.75,31215.75,31215.75,1,2026-09-24T16:48:21+00:00
2026-09-23T13:58:00Z,31227.5,31227.5,31227.5,31227.5,13,2026-09-24T16:48:21+00:00
2026-09-23T13:59:00Z,31216.25,31216.25,31206.0,31206.0,11,2026-09-24T16:48:21+00:00
2026-09-23T14:00:00Z,31230.75,31230.75,31230.75,31230.75,1,2026-09-24T16:48:21+00:00
2026-09-23T14:01:00Z,31233.75,31233.75,31233.75,31233.75,1,2026-09-24T16:48:21+00:00
2026-09-23T14:02:00Z,31217.75,31217.75,31196.25,31196.25,43,2026-09-24T16:48:21+00:00
2026-09-23T14:03:00Z,31196.25,31196.25,31190.0,31190.0,55,2026-09-24T16:48:21+00:00
2026-09-23T14:10:00Z,31136.75,31136.75,31132.5,31132.5,2,2026-09-24T16:48:21+00:00
2026-09-23T14:11:00Z,31091.5,31110.5,31090.75,31110.5,20,2026-09-24T16:48:21+00:00
2026-09-23T14:12:00Z,31110.5,31110.5,31095.0,31095.0,12,2026-09-24T16:48:21+00:00
2026-09-23T14:13:00Z,31071.75,31089.25,31069.5,31083.25,124,2026-09-24T16:48:21+00:00
2026-09-23T14:14:00Z,31081.25,31093.75,31081.25,31093.75,15,2026-09-24T16:48:21+00:00
2026-09-23T14:15:00Z,31097.25,31104.5,31097.25,31104.5,3,2026-09-24T16:48:21+00:00
2026-09-23T14:16:00Z,31105.25,31105.25,31093.75,31093.75,2,2026-09-24T16:48:21+00:00
2026-09-23T14:17:00Z,31068.5,31068.5,31060.0,31060.0,4,2026-09-24T16:48:21+00:00
2026-09-23T14:18:00Z,31052.0,31052.0,31050.25,31050.25,2,2026-09-24T16:48:21+00:00
2026-09-23T14:19:00Z,31046.25,31046.25,31041.75,31041.75,3,2026-09-24T16:48:21+00:00
2026-09-23T14:20:00Z,31030.0,31030.0,31030.0,31030.0,1,2026-09-24T16:48:21+00:00
2026-09-23T14:21:00Z,31043.0,31043.0,31032.5,31032.5,2,2026-09-24T16:48:21+00:00
2026-09-23T14:22:00Z,31020.0,31022.5,31020.0,31022.5,4,2026-09-24T16:48:21+00:00
2026-09-23T14:24:00Z,31027.5,31032.0,31027.5,31032.0,3,2026-09-24T16:48:21+00:00
2026-09-23T14:25:00Z,31044.25,31052.0,31033.5,31049.25,11,2026-09-24T16:48:21+00:00
2026-09-23T14:26:00Z,31025.0,31027.25,31009.75,31009.75,12,2026-09-24T16:48:21+00:00
2026-09-23T14:27:00Z,31035.0,31035.0,31034.75,31034.75,2,2026-09-24T16:48:21+00:00
2026-09-23T14:28:00Z,31050.25,31050.25,31044.5,31044.5,3,2026-09-24T16:48:21+00:00
2026-09-23T14:29:00Z,31041.75,31058.25,31041.5,31056.75,5,2026-09-24T16:48:21+00:00
2026-09-23T14:30:00Z,31045.0,31050.75,31045.0,31050.75,4,2026-09-24T16:48:21+00:00
2026-09-23T14:33:00Z,31076.75,31076.75,31076.75,31076.75,1,2026-09-24T16:48:21+00:00
2026-09-23T14:34:00Z,31074.25,31088.25,31073.5,31088.25,3,2026-09-24T16:48:21+00:00
2026-09-23T14:35:00Z,31087.25,31103.25,31087.25,31103.25,25,2026-09-24T16:48:21+00:00
2026-09-23T14:37:00Z,31081.5,31089.75,31081.5,31089.75,4,2026-09-24T16:48:21+00:00
2026-09-23T14:39:00Z,31063.25,31063.25,31063.25,31063.25,1,2026-09-24T16:48:21+00:00
2026-09-23T14:40:00Z,31068.25,31068.25,31068.25,31068.25,1,2026-09-24T16:48:21+00:00
2026-09-23T14:41:00Z,31075.75,31076.0,31075.75,31076.0,2,2026-09-24T16:48:21+00:00
2026-09-23T14:42:00Z,31075.25,31075.25,31067.0,31067.0,6,2026-09-24T16:48:21+00:00
2026-09-23T14:43:00Z,31065.0,31065.0,31065.0,31065.0,1,2026-09-24T16:48:21+00:00
2026-09-23T14:44:00Z,31079.25,31089.25,31079.25,31089.25,3,2026-09-24T16:48:21+00:00
2026-09-23T14:46:00Z,31103.75,31103.75,31103.75,31103.75,1,2026-09-24T16:48:21+00:00
2026-09-23T14:47:00Z,31097.5,31097.5,31097.5,31097.5,1,2026-09-24T16:48:21+00:00
2026-09-23T14:49:00Z,31106.0,31106.0,31106.0,31106.0,1,2026-09-24T16:48:21+00:00
2026-09-23T14:51:00Z,31085.75,31128.5,31085.75,31119.75,10,2026-09-24T16:48:21+00:00
2026-09-23T14:52:00Z,31112.25,31123.75,31112.25,31122.5,25,2026-09-24T16:48:21+00:00
2026-09-23T14:53:00Z,31149.75,31168.0,31143.75,31168.0,56,2026-09-24T16:48:21+00:00
2026-09-23T14:54:00Z,31172.5,31172.5,31172.5,31172.5,1,2026-09-24T16:48:21+00:00
2026-09-23T14:55:00Z,31179.5,31179.5,31158.75,31164.75,18,2026-09-24T16:48:21+00:00
2026-09-23T14:57:00Z,31186.25,31188.0,31186.25,31187.25,103,2026-09-24T16:48:21+00:00
2026-09-23T14:58:00Z,31187.75,31187.75,31184.0,31184.0,32,2026-09-24T16:48:21+00:00
2026-09-23T15:00:00Z,31195.75,31197.5,31192.0,31192.0,20,2026-09-24T16:48:21+00:00
2026-09-23T15:02:00Z,31181.0,31181.0,31181.0,31181.0,1,2026-09-24T16:48:21+00:00
2026-09-23T15:03:00Z,31175.75,31175.75,31170.75,31170.75,10,2026-09-24T16:48:21+00:00
2026-09-23T15:05:00Z,31172.5,31172.5,31167.5,31167.5,3,2026-09-24T16:48:21+00:00
2026-09-23T15:06:00Z,31165.25,31169.75,31164.5,31169.75,15,2026-09-24T16:48:21+00:00
2026-09-23T15:07:00Z,31181.75,31181.75,31175.5,31175.5,7,2026-09-24T16:48:21+00:00
2026-09-23T15:08:00Z,31184.75,31185.0,31184.75,31185.0,2,2026-09-24T16:48:21+00:00
2026-09-23T15:09:00Z,31179.0,31179.0,31179.0,31179.0,22,2026-09-24T16:48:21+00:00
2026-09-23T15:11:00Z,31163.25,31163.25,31162.0,31163.0,21,2026-09-24T16:48:21+00:00
2026-09-23T15:12:00Z,31158.0,31170.5,31158.0,31170.5,2,2026-09-24T16:48:21+00:00
2026-09-23T15:14:00Z,31161.0,31161.0,31161.0,31161.0,5,2026-09-24T16:48:21+00:00
2026-09-23T15:15:00Z,31165.0,31165.0,31165.0,31165.0,3,2026-09-24T16:48:21+00:00
2026-09-23T15:16:00Z,31165.0,31165.0,31158.5,31158.5,7,2026-09-24T16:48:21+00:00
2026-09-23T15:17:00Z,31152.0,31152.0,31130.25,31130.25,100,2026-09-24T16:48:21+00:00
2026-09-23T15:19:00Z,31144.5,31159.25,31144.5,31159.25,3,2026-09-24T16:48:21+00:00
2026-09-23T15:22:00Z,31178.5,31188.75,31178.5,31188.75,2,2026-09-24T16:48:21+00:00
2026-09-23T15:23:00Z,31181.25,31181.25,31181.25,31181.25,1,2026-09-24T16:48:21+00:00
2026-09-23T15:24:00Z,31180.25,31180.25,31180.0,31180.0,2,2026-09-24T16:48:21+00:00
2026-09-23T15:25:00Z,31181.75,31181.75,31181.75,31181.75,1,2026-09-24T16:48:21+00:00
2026-09-23T15:28:00Z,31165.5,31165.5,31159.5,31159.5,3,2026-09-24T16:48:21+00:00
2026-09-23T15:29:00Z,31151.0,31151.0,31145.0,31145.0,2,2026-09-24T16:48:21+00:00
2026-09-23T15:30:00Z,31138.5,31146.0,31138.5,31146.0,19,2026-09-24T16:48:21+00:00
2026-09-23T15:37:00Z,31136.0,31136.0,31136.0,31136.0,2,2026-09-24T16:48:21+00:00
2026-09-23T15:39:00Z,31136.0,31136.0,31134.5,31134.5,6,2026-09-24T16:48:21+00:00
2026-09-23T15:41:00Z,31128.0,31128.0,31126.5,31126.5,7,2026-09-24T16:48:21+00:00
2026-09-23T15:44:00Z,31152.75,31152.75,31152.75,31152.75,1,2026-09-24T16:48:21+00:00
2026-09-23T15:47:00Z,31141.75,31141.75,31126.5,31129.0,22,2026-09-24T16:48:21+00:00
2026-09-23T15:48:00Z,31122.5,31122.5,31114.0,31114.5,45,2026-09-24T16:48:21+00:00
2026-09-23T15:49:00Z,31107.5,31113.25,31107.5,31113.25,6,2026-09-24T16:48:21+00:00
2026-09-23T15:50:00Z,31118.0,31118.0,31118.0,31118.0,5,2026-09-24T16:48:21+00:00
2026-09-23T15:52:00Z,31111.0,31111.0,31111.0,31111.0,3,2026-09-24T16:48:21+00:00
2026-09-23T15:54:00Z,31121.5,31121.5,31121.5,31121.5,1,2026-09-24T16:48:21+00:00
2026-09-23T16:01:00Z,31104.75,31104.75,31104.75,31104.75,1,2026-09-24T16:48:21+00:00
2026-09-23T16:04:00Z,31110.0,31110.0,31110.0,31110.0,1,2026-09-24T16:48:21+00:00
2026-09-23T16:05:00Z,31108.5,31112.75,31108.5,31112.75,24,2026-09-24T16:48:21+00:00
2026-09-23T16:06:00Z,31106.0,31106.0,31106.0,31106.0,1,2026-09-24T16:48:21+00:00
2026-09-23T16:08:00Z,31117.0,31120.0,31117.0,31120.0,3,2026-09-24T16:48:21+00:00
2026-09-23T16:09:00Z,31115.5,31115.5,31115.5,31115.5,1,2026-09-24T16:48:21+00:00
2026-09-23T16:14:00Z,31110.25,31110.25,31110.25,31110.25,29,2026-09-24T16:48:21+00:00
2026-09-23T16:16:00Z,31116.5,31116.5,31116.5,31116.5,1,2026-09-24T16:48:21+00:00
2026-09-23T16:18:00Z,31104.75,31104.75,31104.75,31104.75,8,2026-09-24T16:48:21+00:00
2026-09-23T16:21:00Z,31090.0,31090.0,31090.0,31090.0,1,2026-09-24T16:48:21+00:00
2026-09-23T16:22:00Z,31094.5,31094.5,31094.5,31094.5,1,2026-09-24T16:48:21+00:00
2026-09-23T16:23:00Z,31098.25,31098.25,31098.25,31098.25,1,2026-09-24T16:48:21+00:00
2026-09-23T16:26:00Z,31093.0,31093.0,31093.0,31093.0,1,2026-09-24T16:48:21+00:00
2026-09-23T16:28:00Z,31092.0,31092.0,31092.0,31092.0,5,2026-09-24T16:48:21+00:00
2026-09-23T16:29:00Z,31096.75,31096.75,31096.75,31096.75,2,2026-09-24T16:48:21+00:00
2026-09-23T16:32:00Z,31120.0,31120.0,31120.0,31120.0,1,2026-09-24T16:48:21+00:00
2026-09-23T16:37:00Z,31105.5,31105.5,31105.5,31105.5,1,2026-09-24T16:48:21+00:00
2026-09-23T16:38:00Z,31110.0,31110.0,31103.75,31103.75,2,2026-09-24T16:48:21+00:00
2026-09-23T16:41:00Z,31082.5,31082.5,31082.5,31082.5,1,2026-09-24T16:48:21+00:00
2026-09-23T16:45:00Z,31069.25,31073.0,31060.0,31073.0,11,2026-09-24T16:48:21+00:00
2026-09-23T16:46:00Z,31075.5,31075.5,31075.5,31075.5,1,2026-09-24T16:48:21+00:00
2026-09-23T16:47:00Z,31080.0,31080.0,31080.0,31080.0,1,2026-09-24T16:48:21+00:00
2026-09-23T16:50:00Z,31057.75,31057.75,31057.75,31057.75,1,2026-09-24T16:48:21+00:00
2026-09-23T16:51:00Z,31046.75,31046.75,31046.75,31046.75,1,2026-09-24T16:48:21+00:00
2026-09-23T16:52:00Z,31046.5,31046.5,31046.5,31046.5,1,2026-09-24T16:48:21+00:00
2026-09-23T16:57:00Z,31062.25,31062.25,31050.75,31050.75,2,2026-09-24T16:48:21+00:00
2026-09-23T16:59:00Z,31060.75,31060.75,31060.75,31060.75,1,2026-09-24T16:48:21+00:00
2026-09-23T17:02:00Z,31062.75,31062.75,31029.75,31029.75,6,2026-09-24T16:48:21+00:00
2026-09-23T17:03:00Z,31023.0,31023.0,31023.0,31023.0,1,2026-09-24T16:48:21+00:00
2026-09-23T17:08:00Z,31038.5,31038.5,31038.5,31038.5,1,2026-09-24T16:48:21+00:00
2026-09-23T17:09:00Z,31049.5,31049.5,31049.5,31049.5,1,2026-09-24T16:48:21+00:00
2026-09-23T17:10:00Z,31037.25,31037.25,31037.25,31037.25,7,2026-09-24T16:48:21+00:00
2026-09-23T17:11:00Z,31045.25,31045.25,31027.0,31028.0,7,2026-09-24T16:48:21+00:00
2026-09-23T17:12:00Z,31029.75,31031.25,31027.25,31027.25,6,2026-09-24T16:48:21+00:00
2026-09-23T17:14:00Z,31041.25,31041.25,31041.25,31041.25,1,2026-09-24T16:48:21+00:00
2026-09-23T17:16:00Z,31054.75,31054.75,31052.75,31053.75,43,2026-09-24T16:48:21+00:00
2026-09-23T17:17:00Z,31053.0,31053.0,31053.0,31053.0,45,2026-09-24T16:48:21+00:00
2026-09-23T17:18:00Z,31064.75,31066.25,31063.5,31066.25,98,2026-09-24T16:48:21+00:00
2026-09-23T17:21:00Z,31080.75,31080.75,31080.75,31080.75,10,2026-09-24T16:48:21+00:00
2026-09-23T17:24:00Z,31056.75,31056.75,31055.75,31055.75,2,2026-09-24T16:48:21+00:00
2026-09-23T17:25:00Z,31056.25,31060.75,31056.25,31060.75,61,2026-09-24T16:48:21+00:00
2026-09-23T17:27:00Z,31052.25,31052.25,31052.25,31052.25,20,2026-09-24T16:48:21+00:00
2026-09-23T17:30:00Z,31043.5,31047.25,31043.5,31047.25,28,2026-09-24T16:48:21+00:00
2026-09-23T17:31:00Z,31047.25,31047.25,31047.25,31047.25,6,2026-09-24T16:48:21+00:00
2026-09-23T17:33:00Z,31065.0,31070.75,31065.0,31067.5,35,2026-09-24T16:48:21+00:00
2026-09-23T17:37:00Z,31075.0,31075.0,31075.0,31075.0,1,2026-09-24T16:48:21+00:00
2026-09-23T17:40:00Z,31065.0,31081.0,31059.0,31081.0,5,2026-09-24T16:48:21+00:00
2026-09-23T17:41:00Z,31077.25,31087.0,31077.25,31082.5,5,2026-09-24T16:48:21+00:00
2026-09-23T17:43:00Z,31110.0,31120.75,31110.0,31120.75,5,2026-09-24T16:48:21+00:00
2026-09-23T17:44:00Z,31119.75,31119.75,31119.75,31119.75,1,2026-09-24T16:48:21+00:00
2026-09-23T17:45:00Z,31121.75,31121.75,31121.75,31121.75,1,2026-09-24T16:48:21+00:00
2026-09-23T17:54:00Z,31122.0,31122.0,31122.0,31122.0,1,2026-09-24T16:48:21+00:00
2026-09-23T17:59:00Z,31143.5,31143.5,31143.5,31143.5,1,2026-09-24T16:48:21+00:00
2026-09-23T18:00:00Z,31135.0,31135.0,31135.0,31135.0,1,2026-09-24T16:48:21+00:00
2026-09-23T18:01:00Z,31130.75,31130.75,31130.75,31130.75,1,2026-09-24T16:48:21+00:00
2026-09-23T18:02:00Z,31126.75,31126.75,31126.75,31126.75,2,2026-09-24T16:48:21+00:00
2026-09-23T18:04:00Z,31107.75,31107.75,31107.75,31107.75,1,2026-09-24T16:48:21+00:00
2026-09-23T18:13:00Z,31113.0,31113.0,31113.0,31113.0,1,2026-09-24T16:48:21+00:00
2026-09-23T18:38:00Z,31102.25,31102.25,31101.75,31101.75,3,2026-09-24T16:48:21+00:00
2026-09-23T18:42:00Z,31113.0,31113.0,31113.0,31113.0,8,2026-09-24T16:48:21+00:00
2026-09-23T18:58:00Z,31133.75,31133.75,31133.75,31133.75,1,2026-09-24T16:48:21+00:00
2026-09-23T18:59:00Z,31132.0,31132.0,31132.0,31132.0,2,2026-09-24T16:48:21+00:00
2026-09-23T19:06:00Z,31125.5,31125.5,31125.5,31125.5,1,2026-09-24T16:48:21+00:00
2026-09-23T19:07:00Z,31141.5,31149.5,31141.5,31149.5,2,2026-09-24T16:48:21+00:00
2026-09-23T19:12:00Z,31139.5,31139.5,31139.5,31139.5,1,2026-09-24T16:48:21+00:00
2026-09-23T19:13:00Z,31125.5,31125.5,31125.5,31125.5,1,2026-09-24T16:48:21+00:00
2026-09-23T19:15:00Z,31122.5,31122.5,31122.5,31122.5,1,2026-09-24T16:48:21+00:00
2026-09-23T19:17:00Z,31117.0,31118.75,31117.0,31118.75,3,2026-09-24T16:48:21+00:00
2026-09-23T19:19:00Z,31124.25,31134.25,31124.25,31134.25,10,2026-09-24T16:48:21+00:00
2026-09-23T19:21:00Z,31114.75,31121.0,31114.75,31121.0,2,2026-09-24T16:48:21+00:00
2026-09-23T19:25:00Z,31123.5,31123.5,31123.5,31123.5,1,2026-09-24T16:48:21+00:00
2026-09-23T19:27:00Z,31120.5,31120.5,31120.5,31120.5,7,2026-09-24T16:48:21+00:00
2026-09-23T19:32:00Z,31134.5,31134.5,31134.5,31134.5,1,2026-09-24T16:48:21+00:00
2026-09-23T19:33:00Z,31142.5,31142.5,31142.5,31142.5,1,2026-09-24T16:48:21+00:00
2026-09-23T19:35:00Z,31138.5,31138.5,31138.5,31138.5,1,2026-09-24T16:48:21+00:00
2026-09-23T19:36:00Z,31139.25,31139.25,31139.25,31139.25,2,2026-09-24T16:48:21+00:00
2026-09-23T19:39:00Z,31139.25,31139.25,31139.25,31139.25,1,2026-09-24T16:48:21+00:00
2026-09-23T19:40:00Z,31142.5,31142.5,31137.75,31137.75,2,2026-09-24T16:48:21+00:00
2026-09-23T19:41:00Z,31135.0,31135.25,31135.0,31135.25,3,2026-09-24T16:48:21+00:00
2026-09-23T19:47:00Z,31133.75,31133.75,31133.75,31133.75,1,2026-09-24T16:48:21+00:00
2026-09-23T19:49:00Z,31135.75,31135.75,31133.5,31133.5,2,2026-09-24T16:48:21+00:00
2026-09-23T19:50:00Z,31127.0,31127.0,31100.75,31101.0,7,2026-09-24T16:48:21+00:00
2026-09-23T19:51:00Z,31101.0,31101.0,31098.25,31098.25,2,2026-09-24T16:48:21+00:00
2026-09-23T19:52:00Z,31092.5,31095.75,31084.0,31084.0,3,2026-09-24T16:48:21+00:00
2026-09-23T19:53:00Z,31097.0,31097.0,31096.0,31096.0,15,2026-09-24T16:48:21+00:00
2026-09-23T19:54:00Z,31101.0,31101.0,31092.25,31092.25,36,2026-09-24T16:48:21+00:00
2026-09-23T19:55:00Z,31095.25,31123.75,31095.25,31123.75,116,2026-09-24T16:48:21+00:00
2026-09-23T19:56:00Z,31112.75,31112.75,31112.75,31112.75,6,2026-09-24T16:48:21+00:00
2026-09-23T19:59:00Z,31131.75,31131.75,31131.75,31131.75,5,2026-09-24T16:48:21+00:00
2026-09-23T20:07:00Z,31124.0,31124.0,31124.0,31124.0,1,2026-09-24T16:48:21+00:00
2026-09-23T20:08:00Z,31122.5,31122.5,31122.5,31122.5,20,2026-09-24T16:48:21+00:00
2026-09-23T22:00:00Z,31145.25,31145.25,31145.25,31145.25,0,2026-09-24T16:48:21+00:00
2026-09-23T22:15:00Z,31180.0,31180.0,31180.0,31180.0,1,2026-09-24T16:48:21+00:00
2026-09-23T22:28:00Z,31157.25,31157.25,31157.25,31157.25,1,2026-09-24T16:48:21+00:00
2026-09-23T22:32:00Z,31158.0,31158.0,31158.0,31158.0,1,2026-09-24T16:48:21+00:00
2026-09-23T23:21:00Z,31140.0,31140.0,31140.0,31140.0,1,2026-09-24T16:48:21+00:00
2026-09-23T23:24:00Z,31139.25,31139.25,31139.25,31139.25,1,2026-09-24T16:48:21+00:00
2026-09-23T23:38:00Z,31140.0,31140.0,31140.0,31140.0,1,2026-09-24T16:48:21+00:00
2026-09-23T23:42:00Z,31137.0,31137.0,31137.0,31137.0,1,2026-09-24T16:48:21+00:00
2026-09-23T23:49:00Z,31131.5,31131.5,31131.5,31131.5,1,2026-09-24T16:48:21+00:00
2026-09-24T00:12:00Z,31103.0,31103.0,31103.0,31103.0,1,2026-09-24T16:48:21+00:00
2026-09-24T00:44:00Z,31087.5,31087.5,31087.5,31087.5,1,2026-09-24T16:48:21+00:00
2026-09-24T01:01:00Z,31103.75,31103.75,31103.75,31103.75,1,2026-09-24T16:48:21+00:00
2026-09-24T01:06:00Z,31106.25,31106.25,31106.25,31106.25,1,2026-09-24T16:48:21+00:00
2026-09-24T01:11:00Z,31115.25,31115.25,31110.0,31110.0,2,2026-09-24T16:48:21+00:00
2026-09-24T01:16:00Z,31118.0,31118.0,31118.0,31118.0,3,2026-09-24T16:48:21+00:00
2026-09-24T01:26:00Z,31112.75,31115.0,31112.75,31115.0,2,2026-09-24T16:48:21+00:00
2026-09-24T01:28:00Z,31105.0,31105.0,31105.0,31105.0,1,2026-09-24T16:48:21+00:00
2026-09-24T01:32:00Z,31120.25,31120.25,31120.25,31120.25,3,2026-09-24T16:48:21+00:00
2026-09-24T01:36:00Z,31115.0,31115.0,31115.0,31115.0,1,2026-09-24T16:48:21+00:00
2026-09-24T01:41:00Z,31117.75,31117.75,31117.75,31117.75,1,2026-09-24T16:48:21+00:00
2026-09-24T01:43:00Z,31112.5,31112.5,31112.5,31112.5,1,2026-09-24T16:48:21+00:00
2026-09-24T01:49:00Z,31095.25,31095.25,31095.25,31095.25,1,2026-09-24T16:48:21+00:00
2026-09-24T01:50:00Z,31087.5,31087.5,31087.5,31087.5,1,2026-09-24T16:48:21+00:00
2026-09-24T01:58:00Z,31106.25,31112.75,31106.25,31112.75,2,2026-09-24T16:48:21+00:00
2026-09-24T02:03:00Z,31107.5,31107.5,31107.5,31107.5,1,2026-09-24T16:48:21+00:00
2026-09-24T02:15:00Z,31098.5,31099.25,31098.5,31099.25,2,2026-09-24T16:48:21+00:00
2026-09-24T02:45:00Z,31115.25,31115.25,31115.25,31115.25,1,2026-09-24T16:48:21+00:00
2026-09-24T02:51:00Z,31110.0,31110.0,31110.0,31110.0,1,2026-09-24T16:48:21+00:00
2026-09-24T02:54:00Z,31110.25,31110.25,31110.25,31110.25,1,2026-09-24T16:48:21+00:00
2026-09-24T02:59:00Z,31110.5,31110.5,31110.5,31110.5,1,2026-09-24T16:48:21+00:00
2026-09-24T03:03:00Z,31105.0,31105.0,31105.0,31105.0,1,2026-09-24T16:48:21+00:00
2026-09-24T03:07:00Z,31086.0,31086.0,31086.0,31086.0,1,2026-09-24T16:48:21+00:00
2026-09-24T03:08:00Z,31081.0,31081.0,31077.5,31077.5,2,2026-09-24T16:48:21+00:00
2026-09-24T03:11:00Z,31080.25,31080.25,31080.25,31080.25,1,2026-09-24T16:48:21+00:00
2026-09-24T03:25:00Z,31077.5,31077.5,31077.5,31077.5,1,2026-09-24T16:48:21+00:00
2026-09-24T03:26:00Z,31071.75,31071.75,31071.75,31071.75,1,2026-09-24T16:48:21+00:00
2026-09-24T03:42:00Z,31068.0,31068.0,31068.0,31068.0,30,2026-09-24T16:48:21+00:00
2026-09-24T04:09:00Z,31035.25,31035.25,31035.25,31035.25,1,2026-09-24T16:48:21+00:00
2026-09-24T04:13:00Z,31030.0,31030.0,31030.0,31030.0,1,2026-09-24T16:48:21+00:00
2026-09-24T04:16:00Z,31030.75,31030.75,31030.75,31030.75,1,2026-09-24T16:48:21+00:00
2026-09-24T04:32:00Z,31059.25,31059.25,31059.25,31059.25,1,2026-09-24T16:48:21+00:00
2026-09-24T04:46:00Z,31050.25,31050.25,31050.25,31050.25,1,2026-09-24T16:48:21+00:00
2026-09-24T04:48:00Z,31047.5,31047.5,31047.5,31047.5,1,2026-09-24T16:48:21+00:00
2026-09-24T04:49:00Z,31050.25,31050.25,31050.25,31050.25,1,2026-09-24T16:48:21+00:00
2026-09-24T04:51:00Z,31046.5,31046.5,31046.5,31046.5,1,2026-09-24T16:48:21+00:00
2026-09-24T04:55:00Z,31052.25,31052.25,31052.25,31052.25,1,2026-09-24T16:48:21+00:00
2026-09-24T05:02:00Z,31075.0,31075.0,31075.0,31075.0,1,2026-09-24T16:48:21+00:00
2026-09-24T05:29:00Z,31080.5,31080.5,31080.5,31080.5,1,2026-09-24T16:48:21+00:00
2026-09-24T05:40:00Z,31065.25,31065.25,31062.0,31062.0,21,2026-09-24T16:48:21+00:00
2026-09-24T05:56:00Z,31012.5,31012.5,31000.0,31000.0,3,2026-09-24T16:48:21+00:00
2026-09-24T06:02:00Z,30950.0,30950.0,30950.0,30950.0,1,2026-09-24T16:48:21+00:00
2026-09-24T06:03:00Z,30950.25,30950.25,30950.25,30950.25,1,2026-09-24T16:48:21+00:00
2026-09-24T06:05:00Z,30940.0,30940.0,30940.0,30940.0,1,2026-09-24T16:48:21+00:00
2026-09-24T06:37:00Z,30942.75,30942.75,30942.75,30942.75,1,2026-09-24T16:48:21+00:00
2026-09-24T06:38:00Z,30937.5,30937.5,30937.5,30937.5,1,2026-09-24T16:48:21+00:00
2026-09-24T06:40:00Z,30945.25,30945.25,30937.5,30937.5,2,2026-09-24T16:48:21+00:00
2026-09-24T06:42:00Z,30942.75,30942.75,30942.75,30942.75,1,2026-09-24T16:48:21+00:00
2026-09-24T06:49:00Z,30953.5,30953.5,30953.5,30953.5,1,2026-09-24T16:48:21+00:00
2026-09-24T06:52:00Z,30937.5,30937.5,30937.5,30937.5,1,2026-09-24T16:48:21+00:00
2026-09-24T06:54:00Z,30930.25,30930.25,30927.0,30927.0,2,2026-09-24T16:48:21+00:00
2026-09-24T06:55:00Z,30925.0,30926.5,30925.0,30926.5,2,2026-09-24T16:48:21+00:00
2026-09-24T07:00:00Z,30900.75,30900.75,30900.75,30900.75,1,2026-09-24T16:48:21+00:00
2026-09-24T07:03:00Z,30885.0,30885.0,30885.0,30885.0,1,2026-09-24T16:48:21+00:00
2026-09-24T07:04:00Z,30905.25,30905.25,30905.25,30905.25,1,2026-09-24T16:48:21+00:00
2026-09-24T07:05:00Z,30900.0,30900.0,30900.0,30900.0,1,2026-09-24T16:48:21+00:00
2026-09-24T07:06:00Z,30925.25,30925.25,30925.25,30925.25,1,2026-09-24T16:48:21+00:00
2026-09-24T07:30:00Z,30981.25,30981.25,30981.25,30981.25,1,2026-09-24T16:48:21+00:00
2026-09-24T07:59:00Z,30933.0,30933.0,30930.75,30930.75,2,2026-09-24T16:48:21+00:00
2026-09-24T08:03:00Z,30920.0,30920.0,30920.0,30920.0,1,2026-09-24T16:48:21+00:00
2026-09-24T08:16:00Z,30860.0,30860.0,30860.0,30860.0,1,2026-09-24T16:48:21+00:00
2026-09-24T08:17:00Z,30873.0,30873.0,30873.0,30873.0,1,2026-09-24T16:48:21+00:00
2026-09-24T08:19:00Z,30861.75,30861.75,30861.75,30861.75,1,2026-09-24T16:48:21+00:00
2026-09-24T08:21:00Z,30848.25,30848.25,30845.0,30845.0,2,2026-09-24T16:48:21+00:00
2026-09-24T08:26:00Z,30839.25,30839.25,30839.25,30839.25,1,2026-09-24T16:48:21+00:00
2026-09-24T08:28:00Z,30830.25,30830.25,30830.25,30830.25,1,2026-09-24T16:48:21+00:00
2026-09-24T08:30:00Z,30825.0,30825.0,30825.0,30825.0,1,2026-09-24T16:48:21+00:00
2026-09-24T08:31:00Z,30840.25,30840.25,30840.25,30840.25,1,2026-09-24T16:48:21+00:00
2026-09-24T08:34:00Z,30846.0,30846.0,30830.0,30830.0,12,2026-09-24T16:48:21+00:00
2026-09-24T08:35:00Z,30821.75,30821.75,30821.75,30821.75,1,2026-09-24T16:48:21+00:00
2026-09-24T08:42:00Z,30820.25,30820.25,30820.25,30820.25,1,2026-09-24T16:48:21+00:00
2026-09-24T08:45:00Z,30810.0,30810.0,30810.0,30810.0,1,2026-09-24T16:48:21+00:00
2026-09-24T08:53:00Z,30801.0,30801.0,30801.0,30801.0,1,2026-09-24T16:48:21+00:00
2026-09-24T08:58:00Z,30800.25,30800.25,30800.25,30800.25,1,2026-09-24T16:48:21+00:00
2026-09-24T09:00:00Z,30805.25,30805.25,30805.25,30805.25,1,2026-09-24T16:48:21+00:00
2026-09-24T09:04:00Z,30809.0,30809.0,30809.0,30809.0,1,2026-09-24T16:48:21+00:00
2026-09-24T09:06:00Z,30800.0,30800.0,30800.0,30800.0,1,2026-09-24T16:48:21+00:00
2026-09-24T09:12:00Z,30792.5,30792.5,30792.5,30792.5,1,2026-09-24T16:48:21+00:00
2026-09-24T09:13:00Z,30791.0,30791.0,30791.0,30791.0,1,2026-09-24T16:48:21+00:00
2026-09-24T09:17:00Z,30810.25,30810.25,30800.0,30800.0,2,2026-09-24T16:48:21+00:00
2026-09-24T09:21:00Z,30812.0,30812.0,30812.0,30812.0,1,2026-09-24T16:48:21+00:00
2026-09-24T09:23:00Z,30821.75,30821.75,30821.75,30821.75,1,2026-09-24T16:48:21+00:00
2026-09-24T09:24:00Z,30821.0,30821.0,30821.0,30821.0,1,2026-09-24T16:48:21+00:00
2026-09-24T09:30:00Z,30806.25,30806.25,30806.25,30806.25,1,2026-09-24T16:48:21+00:00
2026-09-24T09:35:00Z,30801.25,30801.25,30801.25,30801.25,1,2026-09-24T16:48:21+00:00
2026-09-24T09:41:00Z,30770.25,30770.25,30767.0,30767.0,2,2026-09-24T16:48:21+00:00
2026-09-24T09:43:00Z,30758.5,30758.5,30758.5,30758.5,1,2026-09-24T16:48:21+00:00
2026-09-24T09:44:00Z,30745.0,30745.0,30745.0,30745.0,1,2026-09-24T16:48:21+00:00
2026-09-24T09:47:00Z,30760.5,30766.5,30760.5,30764.75,3,2026-09-24T16:48:21+00:00
2026-09-24T09:49:00Z,30770.5,30776.25,30770.5,30776.25,2,2026-09-24T16:48:21+00:00
2026-09-24T09:53:00Z,30784.5,30784.5,30784.5,30784.5,1,2026-09-24T16:48:21+00:00
2026-09-24T09:54:00Z,30785.25,30785.25,30785.25,30785.25,1,2026-09-24T16:48:21+00:00
2026-09-24T09:59:00Z,30805.0,30805.0,30805.0,30805.0,1,2026-09-24T16:48:21+00:00
2026-09-24T10:06:00Z,30790.0,30793.25,30790.0,30793.25,2,2026-09-24T16:48:21+00:00
2026-09-24T10:20:00Z,30816.5,30816.5,30816.5,30816.5,1,2026-09-24T16:48:21+00:00
2026-09-24T10:24:00Z,30807.5,30815.0,30801.5,30801.5,3,2026-09-24T16:48:21+00:00
2026-09-24T10:30:00Z,30793.5,30793.5,30793.5,30793.5,1,2026-09-24T16:48:21+00:00
2026-09-24T10:41:00Z,30843.5,30843.5,30843.5,30843.5,1,2026-09-24T16:48:21+00:00
2026-09-24T10:44:00Z,30849.0,30849.0,30846.75,30846.75,2,2026-09-24T16:48:21+00:00
2026-09-24T10:48:00Z,30846.75,30846.75,30846.75,30846.75,1,2026-09-24T16:48:21+00:00
2026-09-24T10:49:00Z,30871.75,30890.0,30863.0,30890.0,8,2026-09-24T16:48:21+00:00
2026-09-24T10:50:00Z,30870.0,30870.0,30870.0,30870.0,1,2026-09-24T16:48:21+00:00
2026-09-24T10:52:00Z,30862.75,30862.75,30862.75,30862.75,1,2026-09-24T16:48:21+00:00
2026-09-24T10:54:00Z,30860.0,30860.0,30860.0,30860.0,1,2026-09-24T16:48:21+00:00
2026-09-24T10:57:00Z,30850.25,30850.25,30850.25,30850.25,1,2026-09-24T16:48:21+00:00
2026-09-24T11:05:00Z,30845.0,30846.5,30845.0,30846.5,2,2026-09-24T16:48:21+00:00
2026-09-24T11:13:00Z,30835.25,30835.25,30835.25,30835.25,1,2026-09-24T16:48:21+00:00
2026-09-24T11:14:00Z,30851.0,30851.0,30851.0,30851.0,1,2026-09-24T16:48:21+00:00
2026-09-24T11:15:00Z,30853.0,30872.0,30853.0,30872.0,2,2026-09-24T16:48:21+00:00
2026-09-24T11:16:00Z,30873.5,30873.5,30873.5,30873.5,1,2026-09-24T16:48:21+00:00
2026-09-24T11:17:00Z,30875.0,30875.0,30875.0,30875.0,1,2026-09-24T16:48:21+00:00
2026-09-24T11:18:00Z,30858.75,30858.75,30858.75,30858.75,1,2026-09-24T16:48:21+00:00
2026-09-24T11:20:00Z,30857.75,30857.75,30857.75,30857.75,1,2026-09-24T16:48:21+00:00
2026-09-24T11:21:00Z,30855.0,30855.0,30855.0,30855.0,1,2026-09-24T16:48:21+00:00
2026-09-24T11:22:00Z,30850.25,30850.25,30850.25,30850.25,1,2026-09-24T16:48:21+00:00
2026-09-24T11:27:00Z,30845.0,30845.0,30845.0,30845.0,1,2026-09-24T16:48:21+00:00
2026-09-24T11:35:00Z,30830.0,30830.0,30822.25,30822.25,6,2026-09-24T16:48:21+00:00
2026-09-24T11:39:00Z,30820.25,30820.25,30820.25,30820.25,1,2026-09-24T16:48:21+00:00
2026-09-24T11:43:00Z,30815.0,30815.0,30815.0,30815.0,1,2026-09-24T16:48:21+00:00
2026-09-24T11:46:00Z,30811.75,30811.75,30811.75,30811.75,2,2026-09-24T16:48:21+00:00
2026-09-24T11:58:00Z,30818.0,30818.0,30818.0,30818.0,1,2026-09-24T16:48:21+00:00
2026-09-24T11:59:00Z,30829.0,30841.75,30829.0,30841.75,4,2026-09-24T16:48:21+00:00
2026-09-24T12:01:00Z,30817.5,30817.5,30796.25,30796.25,2,2026-09-24T16:48:21+00:00
2026-09-24T12:02:00Z,30804.0,30804.0,30804.0,30804.0,1,2026-09-24T16:48:21+00:00
2026-09-24T12:06:00Z,30814.5,30814.5,30811.5,30811.5,2,2026-09-24T16:48:21+00:00
2026-09-24T12:07:00Z,30824.0,30824.0,30824.0,30824.0,1,2026-09-24T16:48:21+00:00
2026-09-24T12:11:00Z,30835.25,30835.25,30835.25,30835.25,1,2026-09-24T16:48:21+00:00
2026-09-24T12:14:00Z,30837.25,30837.25,30837.25,30837.25,2,2026-09-24T16:48:21+00:00
2026-09-24T12:20:00Z,30870.25,30870.25,30870.25,30870.25,1,2026-09-24T16:48:21+00:00
2026-09-24T12:21:00Z,30867.5,30867.5,30867.5,30867.5,2,2026-09-24T16:48:21+00:00
2026-09-24T12:25:00Z,30869.0,30869.0,30834.25,30854.25,31,2026-09-24T16:48:21+00:00
2026-09-24T12:32:00Z,30827.25,30827.25,30827.25,30827.25,1,2026-09-24T16:48:21+00:00
2026-09-24T12:34:00Z,30815.25,30815.25,30810.0,30810.0,2,2026-09-24T16:48:21+00:00
2026-09-24T12:37:00Z,30805.25,30805.25,30805.25,30805.25,1,2026-09-24T16:48:21+00:00
2026-09-24T12:38:00Z,30793.5,30793.5,30792.5,30792.5,7,2026-09-24T16:48:21+00:00
2026-09-24T12:39:00Z,30805.25,30805.25,30805.25,30805.25,1,2026-09-24T16:48:21+00:00
2026-09-24T12:54:00Z,30840.25,30840.25,30840.25,30840.25,1,2026-09-24T16:48:21+00:00
2026-09-24T13:01:00Z,30863.75,30863.75,30863.75,30863.75,1,2026-09-24T16:48:21+00:00
2026-09-24T13:15:00Z,30876.25,30876.25,30876.25,30876.25,2,2026-09-24T16:48:21+00:00
2026-09-24T13:30:00Z,30888.75,30888.75,30879.75,30879.75,3,2026-09-24T16:48:21+00:00
2026-09-24T13:31:00Z,30880.5,30880.5,30867.5,30868.5,11,2026-09-24T16:48:21+00:00
2026-09-24T13:32:00Z,30899.5,30899.5,30891.75,30892.5,7,2026-09-24T16:48:21+00:00
2026-09-24T13:33:00Z,30886.5,30886.5,30886.5,30886.5,1,2026-09-24T16:48:21+00:00
2026-09-24T13:35:00Z,30906.0,30913.0,30906.0,30913.0,2,2026-09-24T16:48:21+00:00
2026-09-24T13:36:00Z,30957.75,30957.75,30957.75,30957.75,4,2026-09-24T16:48:21+00:00
2026-09-24T13:40:00Z,30953.5,30953.5,30953.5,30953.5,1,2026-09-24T16:48:21+00:00
2026-09-24T13:41:00Z,30955.0,30955.0,30955.0,30955.0,1,2026-09-24T16:48:21+00:00
2026-09-24T13:42:00Z,30933.75,30933.75,30933.75,30933.75,1,2026-09-24T16:48:21+00:00
2026-09-24T13:43:00Z,30932.0,30932.0,30932.0,30932.0,5,2026-09-24T16:48:21+00:00
2026-09-24T13:44:00Z,30937.5,30937.5,30937.5,30937.5,1,2026-09-24T16:48:21+00:00
2026-09-24T13:45:00Z,30937.5,30937.5,30937.5,30937.5,4,2026-09-24T16:48:21+00:00
2026-09-24T13:47:00Z,30979.75,30979.75,30979.75,30979.75,2,2026-09-24T16:48:21+00:00
2026-09-24T13:48:00Z,30962.5,30962.5,30962.5,30962.5,5,2026-09-24T16:48:21+00:00
2026-09-24T13:49:00Z,30949.5,30949.5,30939.0,30939.0,7,2026-09-24T16:48:21+00:00
2026-09-24T13:54:00Z,30921.5,30921.5,30921.5,30921.5,5,2026-09-24T16:48:21+00:00
2026-09-24T13:55:00Z,30915.5,30915.5,30915.5,30915.5,1,2026-09-24T16:48:21+00:00
2026-09-24T13:56:00Z,30910.25,30915.25,30910.25,30915.25,2,2026-09-24T16:48:21+00:00
2026-09-24T13:58:00Z,30916.0,30916.0,30916.0,30916.0,1,2026-09-24T16:48:21+00:00
2026-09-24T14:01:00Z,30965.0,30965.0,30959.0,30959.0,2,2026-09-24T16:48:21+00:00
2026-09-24T14:02:00Z,30961.25,30961.25,30956.5,30956.5,8,2026-09-24T16:48:21+00:00
2026-09-24T14:03:00Z,30956.75,30956.75,30956.75,30956.75,5,2026-09-24T16:48:21+00:00
2026-09-24T14:04:00Z,30975.0,30975.0,30975.0,30975.0,1,2026-09-24T16:48:21+00:00
2026-09-24T14:07:00Z,30976.5,30976.5,30974.0,30974.0,2,2026-09-24T16:48:21+00:00
2026-09-24T14:08:00Z,30976.0,30976.0,30973.0,30973.0,5,2026-09-24T16:48:21+00:00
2026-09-24T14:10:00Z,30960.0,30963.5,30953.5,30963.5,7,2026-09-24T16:48:21+00:00
2026-09-24T14:14:00Z,30952.0,30952.0,30952.0,30952.0,2,2026-09-24T16:48:21+00:00
2026-09-24T14:18:00Z,30946.25,30946.25,30946.25,30946.25,1,2026-09-24T16:48:21+00:00
2026-09-24T14:19:00Z,30964.5,30964.5,30964.5,30964.5,5,2026-09-24T16:48:21+00:00
2026-09-24T14:21:00Z,30965.25,30965.25,30965.25,30965.25,1,2026-09-24T16:48:21+00:00
2026-09-24T14:25:00Z,30970.5,30970.5,30965.25,30965.25,6,2026-09-24T16:48:21+00:00
2026-09-24T14:26:00Z,30977.0,30977.0,30977.0,30977.0,1,2026-09-24T16:48:21+00:00
2026-09-24T14:27:00Z,30991.75,30991.75,30991.75,30991.75,1,2026-09-24T16:48:21+00:00
2026-09-24T14:28:00Z,31003.0,31003.0,31003.0,31003.0,1,2026-09-24T16:48:21+00:00
2026-09-24T14:29:00Z,31003.0,31003.0,30998.0,30998.0,2,2026-09-24T16:48:21+00:00
2026-09-24T14:30:00Z,30972.5,30972.5,30972.5,30972.5,3,2026-09-24T16:48:21+00:00
2026-09-24T14:37:00Z,30981.0,30981.0,30981.0,30981.0,2,2026-09-24T16:48:21+00:00
2026-09-24T14:39:00Z,30973.0,30975.5,30971.5,30975.5,6,2026-09-24T16:48:21+00:00
2026-09-24T14:40:00Z,30977.5,30977.5,30977.5,30977.5,1,2026-09-24T16:48:21+00:00
2026-09-24T14:41:00Z,30966.75,30966.75,30966.75,30966.75,6,2026-09-24T16:48:21+00:00
2026-09-24T14:43:00Z,30962.0,30962.0,30958.5,30958.5,8,2026-09-24T16:48:21+00:00
2026-09-24T14:44:00Z,30954.75,30954.75,30954.0,30954.0,10,2026-09-24T16:48:21+00:00
2026-09-24T14:45:00Z,30942.5,30942.5,30942.5,30942.5,5,2026-09-24T16:48:21+00:00
2026-09-24T14:46:00Z,30942.0,30942.0,30942.0,30942.0,1,2026-09-24T16:48:21+00:00
2026-09-24T14:52:00Z,30954.0,30954.0,30945.75,30945.75,2,2026-09-24T16:48:21+00:00
2026-09-24T14:53:00Z,30925.75,30925.75,30925.75,30925.75,1,2026-09-24T16:48:21+00:00
2026-09-24T14:54:00Z,30932.75,30932.75,30932.75,30932.75,1,2026-09-24T16:48:21+00:00
2026-09-24T14:56:00Z,30916.5,30916.5,30916.5,30916.5,1,2026-09-24T16:48:21+00:00
2026-09-24T14:58:00Z,30909.0,30909.0,30907.5,30907.5,3,2026-09-24T16:48:21+00:00
2026-09-24T15:00:00Z,30916.25,30916.75,30911.0,30911.0,9,2026-09-24T16:48:21+00:00
2026-09-24T15:02:00Z,30921.75,30921.75,30921.75,30921.75,1,2026-09-24T16:48:21+00:00
2026-09-24T15:03:00Z,30920.25,30920.25,30920.25,30920.25,1,2026-09-24T16:48:21+00:00
2026-09-24T15:05:00Z,30922.25,30922.25,30922.25,30922.25,1,2026-09-24T16:48:21+00:00
2026-09-24T15:06:00Z,30907.5,30907.5,30904.5,30904.5,10,2026-09-24T16:48:21+00:00
2026-09-24T15:11:00Z,30895.5,30895.5,30895.5,30895.5,1,2026-09-24T16:48:21+00:00
2026-09-24T15:13:00Z,30880.0,30880.0,30880.0,30880.0,1,2026-09-24T16:48:21+00:00
2026-09-24T15:15:00Z,30877.75,30883.75,30874.0,30883.75,4,2026-09-24T16:48:21+00:00
2026-09-24T15:21:00Z,30893.5,30893.5,30893.5,30893.5,1,2026-09-24T16:48:21+00:00
2026-09-24T15:25:00Z,30902.25,30902.25,30902.25,30902.25,1,2026-09-24T16:48:21+00:00
2026-09-24T15:26:00Z,30901.25,30901.25,30901.25,30901.25,1,2026-09-24T16:48:21+00:00
2026-09-24T15:27:00Z,30883.5,30888.75,30882.0,30888.25,5,2026-09-24T16:48:21+00:00
2026-09-24T15:32:00Z,30878.5,30885.5,30878.5,30885.5,2,2026-09-24T16:48:21+00:00
2026-09-24T15:34:00Z,30889.25,30894.5,30889.25,30894.5,2,2026-09-24T16:48:21+00:00
2026-09-24T15:36:00Z,30909.0,30909.0,30909.0,30909.0,1,2026-09-24T16:48:21+00:00
2026-09-24T15:39:00Z,30894.5,30894.5,30894.5,30894.5,1,2026-09-24T16:48:21+00:00
2026-09-24T15:43:00Z,30887.0,30887.0,30887.0,30887.0,1,2026-09-24T16:48:21+00:00
2026-09-24T15:44:00Z,30895.25,30895.25,30895.25,30895.25,1,2026-09-24T16:48:21+00:00
2026-09-24T15:45:00Z,30910.0,30915.0,30910.0,30915.0,4,2026-09-24T16:48:21+00:00
2026-09-24T15:46:00Z,30908.0,30908.0,30908.0,30908.0,1,2026-09-24T16:48:21+00:00
2026-09-24T15:47:00Z,30904.0,30904.0,30904.0,30904.0,1,2026-09-24T16:48:21+00:00
2026-09-24T15:49:00Z,30878.0,30878.0,30878.0,30878.0,1,2026-09-24T16:48:21+00:00
2026-09-24T15:52:00Z,30921.0,30921.0,30921.0,30921.0,1,2026-09-24T16:48:21+00:00
2026-09-24T15:56:00Z,30918.0,30918.0,30918.0,30918.0,1,2026-09-24T16:48:21+00:00
2026-09-24T16:00:00Z,30898.75,30898.75,30898.75,30898.75,1,2026-09-24T16:48:21+00:00
2026-09-24T16:11:00Z,30880.75,30880.75,30880.75,30880.75,1,2026-09-24T16:48:21+00:00
2026-09-24T16:14:00Z,30909.75,30910.5,30909.75,30910.5,2,2026-09-24T16:48:21+00:00
2026-09-24T16:15:00Z,30956.0,30998.75,30936.75,30998.75,15,2026-09-24T16:48:21+00:00
2026-09-24T16:16:00Z,31000.0,31074.5,30996.25,31074.5,25,2026-09-24T16:48:21+00:00
2026-09-24T16:17:00Z,31058.5,31077.0,31050.75,31077.0,6,2026-09-24T16:48:21+00:00
2026-09-24T16:18:00Z,31097.5,31100.75,31065.0,31069.25,15,2026-09-24T16:48:21+00:00
2026-09-24T16:19:00Z,31064.0,31064.0,31037.0,31041.75,10,2026-09-24T16:48:21+00:00
2026-09-24T16:20:00Z,31070.75,31071.5,31070.75,31071.5,3,2026-09-24T16:48:21+00:00
2026-09-24T16:22:00Z,31064.0,31064.0,31064.0,31064.0,1,2026-09-24T16:48:21+00:00
2026-09-24T16:23:00Z,31071.0,31071.0,31057.0,31063.25,8,2026-09-24T16:48:21+00:00
2026-09-24T16:24:00Z,31057.75,31057.75,31057.75,31057.75,1,2026-09-24T16:48:21+00:00
2026-09-24T16:25:00Z,31052.25,31052.25,31026.25,31033.75,7,2026-09-24T16:48:21+00:00
2026-09-24T16:26:00Z,31035.25,31041.0,31035.25,31041.0,2,2026-09-24T16:48:21+00:00
2026-09-24T16:27:00Z,31054.25,31055.0,31054.25,31055.0,3,2026-09-24T16:48:21+00:00
2026-09-24T16:28:00Z,31061.0,31072.25,31061.0,31072.25,7,2026-09-24T18:10:50+00:00
2026-09-24T16:36:00Z,31077.5,31077.5,31077.5,31077.5,1,2026-09-24T18:10:50+00:00
2026-09-24T16:37:00Z,31111.75,31111.75,31111.75,31111.75,1,2026-09-24T18:10:50+00:00
2026-09-24T16:38:00Z,31109.75,31109.75,31105.25,31105.25,2,2026-09-24T18:10:50+00:00
2026-09-24T16:40:00Z,31126.25,31135.0,31126.25,31135.0,2,2026-09-24T18:10:50+00:00
2026-09-24T16:41:00Z,31152.25,31152.25,31152.25,31152.25,1,2026-09-24T18:10:50+00:00
2026-09-24T16:42:00Z,31170.0,31182.25,31170.0,31182.25,3,2026-09-24T18:10:50+00:00
2026-09-24T16:45:00Z,31111.75,31116.0,31111.75,31116.0,3,2026-09-24T18:10:50+00:00
2026-09-24T16:46:00Z,31113.0,31113.0,31113.0,31113.0,1,2026-09-24T18:10:50+00:00
2026-09-24T16:47:00Z,31111.25,31111.25,31106.75,31107.5,3,2026-09-24T18:10:50+00:00
2026-09-24T16:48:00Z,31125.0,31125.0,31124.5,31124.5,2,2026-09-24T18:10:50+00:00
2026-09-24T16:51:00Z,31160.0,31166.25,31160.0,31166.25,2,2026-09-24T18:10:50+00:00
2026-09-24T16:52:00Z,31140.75,31140.75,31140.75,31140.75,1,2026-09-24T18:10:50+00:00
2026-09-24T16:55:00Z,31144.5,31144.5,31144.5,31144.5,2,2026-09-24T18:10:50+00:00
2026-09-24T16:57:00Z,31176.25,31176.75,31176.25,31176.75,3,2026-09-24T18:10:50+00:00
2026-09-24T17:01:00Z,31144.25,31144.25,31144.25,31144.25,1,2026-09-24T18:10:50+00:00
2026-09-24T17:02:00Z,31139.25,31139.25,31139.25,31139.25,1,2026-09-24T18:10:50+00:00
2026-09-24T17:04:00Z,31165.0,31169.0,31165.0,31166.5,3,2026-09-24T18:10:50+00:00
2026-09-24T17:06:00Z,31170.25,31179.75,31170.25,31179.75,2,2026-09-24T18:10:50+00:00
2026-09-24T17:07:00Z,31179.25,31179.25,31179.25,31179.25,1,2026-09-24T18:10:50+00:00
2026-09-24T17:09:00Z,31162.0,31162.0,31162.0,31162.0,1,2026-09-24T18:10:50+00:00
2026-09-24T17:10:00Z,31150.0,31150.0,31142.0,31142.0,2,2026-09-24T18:10:50+00:00
2026-09-24T17:11:00Z,31137.5,31137.5,31137.5,31137.5,1,2026-09-24T18:10:50+00:00
2026-09-24T17:14:00Z,31153.75,31153.75,31153.75,31153.75,1,2026-09-24T18:10:50+00:00
2026-09-24T17:16:00Z,31148.0,31148.0,31148.0,31148.0,1,2026-09-24T18:10:50+00:00
2026-09-24T17:19:00Z,31148.0,31148.0,31142.5,31142.5,2,2026-09-24T18:10:50+00:00
2026-09-24T17:20:00Z,31106.75,31106.75,31103.5,31103.5,3,2026-09-24T18:10:50+00:00
2026-09-24T17:22:00Z,31129.0,31129.0,31129.0,31129.0,1,2026-09-24T18:10:50+00:00
2026-09-24T17:23:00Z,31119.0,31119.0,31119.0,31119.0,1,2026-09-24T18:10:50+00:00
2026-09-24T17:27:00Z,31086.5,31086.5,31086.5,31086.5,1,2026-09-24T18:10:50+00:00
2026-09-24T17:29:00Z,31109.25,31109.25,31106.0,31106.0,2,2026-09-24T18:10:50+00:00
2026-09-24T17:30:00Z,31112.0,31123.0,31112.0,31123.0,7,2026-09-24T18:10:50+00:00
2026-09-24T17:33:00Z,31103.5,31109.0,31103.5,31108.75,3,2026-09-24T18:10:50+00:00
2026-09-24T17:34:00Z,31105.5,31105.5,31098.5,31098.5,2,2026-09-24T18:10:50+00:00
2026-09-24T17:35:00Z,31088.5,31088.5,31088.5,31088.5,1,2026-09-24T18:10:50+00:00
2026-09-24T17:36:00Z,31092.75,31092.75,31092.75,31092.75,1,2026-09-24T18:10:50+00:00
2026-09-24T17:37:00Z,31081.5,31081.5,31081.5,31081.5,1,2026-09-24T18:10:50+00:00
2026-09-24T17:41:00Z,31082.25,31082.25,31077.5,31081.25,4,2026-09-24T18:10:50+00:00
2026-09-24T17:42:00Z,31082.25,31082.25,31082.25,31082.25,1,2026-09-24T18:10:50+00:00
2026-09-24T17:43:00Z,31043.0,31046.5,31043.0,31046.5,2,2026-09-24T18:10:50+00:00
2026-09-24T17:44:00Z,31041.75,31041.75,31041.75,31041.75,1,2026-09-24T18:10:50+00:00
2026-09-24T17:45:00Z,31044.5,31044.5,31044.5,31044.5,1,2026-09-24T18:10:50+00:00
2026-09-24T17:47:00Z,31062.25,31062.25,31061.75,31061.75,3,2026-09-24T18:10:50+00:00
2026-09-24T17:54:00Z,31050.75,31052.25,31050.75,31052.25,2,2026-09-24T22:30:24+00:00
2026-09-24T17:56:00Z,31062.75,31070.0,31062.75,31070.0,2,2026-09-24T22:30:24+00:00
2026-09-24T17:57:00Z,31059.5,31059.5,31059.5,31059.5,1,2026-09-24T22:30:24+00:00
2026-09-24T18:00:00Z,31057.0,31058.0,31057.0,31058.0,2,2026-09-24T22:30:24+00:00
2026-09-24T18:02:00Z,31022.0,31022.0,31022.0,31022.0,1,2026-09-24T22:30:24+00:00
2026-09-24T18:03:00Z,31006.0,31006.0,31006.0,31006.0,1,2026-09-24T22:30:24+00:00
2026-09-24T18:04:00Z,31006.5,31006.75,31000.5,31000.5,3,2026-09-24T22:30:24+00:00
2026-09-24T18:08:00Z,31038.5,31038.5,31038.5,31038.5,1,2026-09-24T22:30:24+00:00
2026-09-24T18:09:00Z,31052.25,31052.25,31052.25,31052.25,1,2026-09-24T22:30:24+00:00
2026-09-24T18:10:00Z,31053.5,31053.5,31050.0,31050.0,2,2026-09-24T22:30:24+00:00
2026-09-24T18:14:00Z,31064.5,31064.5,31064.5,31064.5,1,2026-09-24T22:30:24+00:00
2026-09-24T18:16:00Z,31075.75,31075.75,31075.75,31075.75,1,2026-09-24T22:30:24+00:00
2026-09-24T18:22:00Z,31077.5,31077.5,31077.5,31077.5,3,2026-09-24T22:30:24+00:00
2026-09-24T18:25:00Z,31092.0,31111.0,31092.0,31111.0,3,2026-09-24T22:30:24+00:00
2026-09-24T18:27:00Z,31111.25,31111.25,31108.5,31108.5,2,2026-09-24T22:30:24+00:00
2026-09-24T18:28:00Z,31110.25,31110.5,31110.25,31110.5,2,2026-09-24T22:30:24+00:00
2026-09-24T18:29:00Z,31115.0,31115.0,31115.0,31115.0,1,2026-09-24T22:30:24+00:00
2026-09-24T18:32:00Z,31101.75,31101.75,31101.75,31101.75,1,2026-09-24T22:30:24+00:00
2026-09-24T18:38:00Z,31089.75,31125.0,31089.75,31120.75,4,2026-09-24T22:30:24+00:00
2026-09-24T18:39:00Z,31136.0,31150.0,31120.25,31120.25,9,2026-09-24T22:30:24+00:00
2026-09-24T18:45:00Z,31110.0,31110.0,31110.0,31110.0,1,2026-09-24T22:30:24+00:00
2026-09-24T18:46:00Z,31115.25,31115.25,31115.25,31115.25,1,2026-09-24T22:30:24+00:00
2026-09-24T18:50:00Z,31124.75,31126.5,31124.75,31125.5,6,2026-09-24T22:30:24+00:00
2026-09-24T18:59:00Z,31152.5,31152.5,31152.25,31152.25,2,2026-09-24T22:30:24+00:00
2026-09-24T19:00:00Z,31146.5,31146.5,31141.5,31141.5,2,2026-09-24T22:30:24+00:00
2026-09-24T19:01:00Z,31137.5,31137.5,31125.5,31125.5,3,2026-09-24T22:30:24+00:00
2026-09-24T19:02:00Z,31128.0,31128.0,31128.0,31128.0,1,2026-09-24T22:30:24+00:00
2026-09-24T19:06:00Z,31110.25,31110.25,31110.25,31110.25,1,2026-09-24T22:30:24+00:00
2026-09-24T19:07:00Z,31110.25,31110.25,31110.25,31110.25,1,2026-09-24T22:30:24+00:00
2026-09-24T19:09:00Z,31108.0,31108.0,31107.75,31107.75,2,2026-09-24T22:30:24+00:00
2026-09-24T19:10:00Z,31104.0,31104.0,31104.0,31104.0,1,2026-09-24T22:30:24+00:00
2026-09-24T19:12:00Z,31100.0,31100.0,31100.0,31100.0,4,2026-09-24T22:30:24+00:00
2026-09-24T19:15:00Z,31105.0,31110.0,31105.0,31110.0,9,2026-09-24T22:30:24+00:00
2026-09-24T19:19:00Z,31130.75,31130.75,31130.75,31130.75,1,2026-09-24T22:30:24+00:00
2026-09-24T19:34:00Z,31124.5,31136.0,31124.5,31136.0,3,2026-09-24T22:30:24+00:00
2026-09-24T19:46:00Z,31127.5,31127.75,31127.5,31127.75,2,2026-09-24T22:30:24+00:00
2026-09-24T19:49:00Z,31122.0,31122.0,31122.0,31122.0,1,2026-09-24T22:30:24+00:00
2026-09-24T19:50:00Z,31135.75,31135.75,31135.75,31135.75,1,2026-09-24T22:30:24+00:00
2026-09-24T19:52:00Z,31146.5,31146.5,31146.5,31146.5,1,2026-09-24T22:30:24+00:00
2026-09-24T19:53:00Z,31155.75,31158.5,31155.75,31157.25,5,2026-09-24T22:30:24+00:00
2026-09-24T19:54:00Z,31153.0,31153.0,31148.25,31152.0,4,2026-09-24T22:30:24+00:00
2026-09-24T19:55:00Z,31139.25,31139.25,31139.25,31139.25,1,2026-09-24T22:30:24+00:00
2026-09-24T19:56:00Z,31139.5,31139.5,31137.5,31139.5,55,2026-09-24T22:30:24+00:00
2026-09-24T19:57:00Z,31139.5,31139.5,31138.75,31139.5,33,2026-09-24T22:30:24+00:00
2026-09-24T19:58:00Z,31139.5,31139.5,31139.5,31139.5,24,2026-09-24T22:30:24+00:00
2026-09-24T19:59:00Z,31142.25,31142.25,31141.5,31141.5,2,2026-09-24T22:30:24+00:00
2026-09-24T20:02:00Z,31099.75,31099.75,31099.75,31099.75,19,2026-09-24T22:30:24+00:00
2026-09-24T20:10:00Z,31089.5,31089.5,31089.5,31089.5,10,2026-09-24T22:30:24+00:00
2026-09-24T20:15:00Z,31067.75,31067.75,31067.5,31067.5,5,2026-09-24T22:30:24+00:00
2026-09-24T20:33:00Z,31047.0,31047.0,31047.0,31047.0,2,2026-09-24T22:30:24+00:00
2026-09-24T22:02:00Z,31124.0,31124.0,31124.0,31124.0,0,2026-09-24T22:30:24+00:00
2026-09-24T22:07:00Z,31087.25,31095.25,31087.25,31095.25,2,2026-09-25T22:30:18+00:00
2026-09-24T22:48:00Z,31094.75,31094.75,31094.75,31094.75,1,2026-09-25T22:30:18+00:00
2026-09-24T22:49:00Z,31098.75,31098.75,31098.75,31098.75,1,2026-09-25T22:30:18+00:00
2026-09-24T23:05:00Z,31104.25,31104.25,31104.25,31104.25,1,2026-09-25T22:30:18+00:00
2026-09-24T23:08:00Z,31095.5,31095.5,31093.5,31093.5,3,2026-09-25T22:30:18+00:00
2026-09-25T00:32:00Z,31070.0,31070.0,31070.0,31070.0,2,2026-09-25T22:30:18+00:00
2026-09-25T01:04:00Z,31081.0,31081.0,31081.0,31081.0,1,2026-09-25T22:30:18+00:00
2026-09-25T01:12:00Z,31128.0,31128.0,31128.0,31128.0,1,2026-09-25T22:30:18+00:00
2026-09-25T01:17:00Z,31153.5,31153.5,31153.5,31153.5,1,2026-09-25T22:30:18+00:00
2026-09-25T01:22:00Z,31158.0,31158.0,31158.0,31158.0,1,2026-09-25T22:30:18+00:00
2026-09-25T01:27:00Z,31155.0,31155.0,31155.0,31155.0,1,2026-09-25T22:30:18+00:00
2026-09-25T02:05:00Z,31163.25,31166.25,31163.25,31166.25,2,2026-09-25T22:30:18+00:00
2026-09-25T02:20:00Z,31176.5,31176.5,31176.5,31176.5,1,2026-09-25T22:30:18+00:00
2026-09-25T02:34:00Z,31141.0,31141.0,31141.0,31141.0,1,2026-09-25T22:30:18+00:00
2026-09-25T03:06:00Z,31163.5,31163.5,31163.5,31163.5,1,2026-09-25T22:30:18+00:00
2026-09-25T03:38:00Z,31173.5,31175.0,31173.5,31175.0,2,2026-09-25T22:30:18+00:00
2026-09-25T03:53:00Z,31158.75,31158.75,31158.75,31158.75,1,2026-09-25T22:30:18+00:00
2026-09-25T04:20:00Z,31142.0,31142.0,31142.0,31142.0,1,2026-09-25T22:30:18+00:00
2026-09-25T04:22:00Z,31137.0,31137.0,31134.5,31134.5,2,2026-09-25T22:30:18+00:00
2026-09-25T04:38:00Z,31154.5,31154.5,31154.5,31154.5,1,2026-09-25T22:30:18+00:00
2026-09-25T04:46:00Z,31157.0,31157.0,31157.0,31157.0,1,2026-09-25T22:30:18+00:00
2026-09-25T05:04:00Z,31158.75,31158.75,31158.75,31158.75,1,2026-09-25T22:30:18+00:00
2026-09-25T05:17:00Z,31180.25,31180.25,31180.25,31180.25,1,2026-09-25T22:30:18+00:00
2026-09-25T05:31:00Z,31198.0,31200.0,31196.75,31196.75,4,2026-09-25T22:30:18+00:00
2026-09-25T05:32:00Z,31202.25,31202.25,31202.25,31202.25,1,2026-09-25T22:30:18+00:00
2026-09-25T05:35:00Z,31216.5,31216.5,31216.5,31216.5,1,2026-09-25T22:30:18+00:00
2026-09-25T05:36:00Z,31217.0,31217.0,31217.0,31217.0,1,2026-09-25T22:30:18+00:00
2026-09-25T05:40:00Z,31223.5,31223.5,31223.5,31223.5,1,2026-09-25T22:30:18+00:00
2026-09-25T05:44:00Z,31228.25,31231.5,31228.25,31231.5,3,2026-09-25T22:30:18+00:00
2026-09-25T05:51:00Z,31233.0,31233.0,31233.0,31233.0,1,2026-09-25T22:30:18+00:00
2026-09-25T06:12:00Z,31257.25,31257.25,31257.25,31257.25,1,2026-09-25T22:30:18+00:00
2026-09-25T06:17:00Z,31267.5,31267.5,31267.5,31267.5,1,2026-09-25T22:30:18+00:00
2026-09-25T06:27:00Z,31256.25,31256.25,31256.25,31256.25,1,2026-09-25T22:30:18+00:00
2026-09-25T06:55:00Z,31246.0,31246.0,31246.0,31246.0,1,2026-09-25T22:30:18+00:00
2026-09-25T07:20:00Z,31250.25,31250.25,31250.25,31250.25,1,2026-09-25T22:30:18+00:00
2026-09-25T07:25:00Z,31249.75,31249.75,31249.75,31249.75,1,2026-09-25T22:30:18+00:00
2026-09-25T07:33:00Z,31241.25,31241.25,31241.25,31241.25,1,2026-09-25T22:30:18+00:00
2026-09-25T07:38:00Z,31240.75,31240.75,31240.75,31240.75,1,2026-09-25T22:30:18+00:00
2026-09-25T07:49:00Z,31233.0,31233.0,31233.0,31233.0,5,2026-09-25T22:30:18+00:00
2026-09-25T07:54:00Z,31234.75,31234.75,31234.75,31234.75,5,2026-09-25T22:30:18+00:00
2026-09-25T07:58:00Z,31237.25,31237.25,31237.25,31237.25,5,2026-09-25T22:30:18+00:00
2026-09-25T08:00:00Z,31234.75,31234.75,31234.75,31234.75,6,2026-09-25T22:30:18+00:00
2026-09-25T08:03:00Z,31231.25,31231.25,31218.75,31218.75,16,2026-09-25T22:30:18+00:00
2026-09-25T08:04:00Z,31217.25,31217.25,31217.25,31217.25,12,2026-09-25T22:30:18+00:00
2026-09-25T08:07:00Z,31211.5,31211.5,31211.5,31211.5,10,2026-09-25T22:30:18+00:00
2026-09-25T08:13:00Z,31258.75,31258.75,31258.75,31258.75,1,2026-09-25T22:30:18+00:00
2026-09-25T08:20:00Z,31259.75,31259.75,31259.75,31259.75,1,2026-09-25T22:30:18+00:00
2026-09-25T08:21:00Z,31260.25,31260.25,31260.25,31260.25,1,2026-09-25T22:30:18+00:00
2026-09-25T08:22:00Z,31271.5,31271.5,31271.25,31271.25,2,2026-09-25T22:30:18+00:00
2026-09-25T08:25:00Z,31279.25,31279.25,31279.25,31279.25,1,2026-09-25T22:30:18+00:00
2026-09-25T08:27:00Z,31275.5,31276.0,31275.5,31276.0,2,2026-09-25T22:30:18+00:00
2026-09-25T08:30:00Z,31295.5,31295.5,31295.5,31295.5,1,2026-09-25T22:30:18+00:00
2026-09-25T08:35:00Z,31303.0,31303.0,31303.0,31303.0,1,2026-09-25T22:30:18+00:00
2026-09-25T08:40:00Z,31295.75,31295.75,31295.75,31295.75,1,2026-09-25T22:30:18+00:00
2026-09-25T08:45:00Z,31309.75,31309.75,31309.75,31309.75,3,2026-09-25T22:30:18+00:00
2026-09-25T08:51:00Z,31305.0,31307.25,31305.0,31307.25,5,2026-09-25T22:30:18+00:00
2026-09-25T08:53:00Z,31308.25,31308.25,31308.25,31308.25,1,2026-09-25T22:30:18+00:00
2026-09-25T08:58:00Z,31323.5,31323.5,31323.5,31323.5,11,2026-09-25T22:30:18+00:00
2026-09-25T09:15:00Z,31327.0,31327.0,31327.0,31327.0,1,2026-09-25T22:30:18+00:00
2026-09-25T10:03:00Z,31277.75,31277.75,31276.0,31276.0,11,2026-09-25T22:30:18+00:00
2026-09-25T10:20:00Z,31309.0,31309.0,31309.0,31309.0,1,2026-09-25T22:30:18+00:00
2026-09-25T10:23:00Z,31302.0,31302.0,31300.75,31300.75,3,2026-09-25T22:30:18+00:00
2026-09-25T10:39:00Z,31282.5,31282.5,31282.5,31282.5,1,2026-09-25T22:30:18+00:00
2026-09-25T10:45:00Z,31289.75,31289.75,31289.75,31289.75,5,2026-09-25T22:30:18+00:00
2026-09-25T10:46:00Z,31289.75,31289.75,31289.75,31289.75,6,2026-09-25T22:30:18+00:00
2026-09-25T10:57:00Z,31289.75,31289.75,31289.75,31289.75,5,2026-09-25T22:30:18+00:00
2026-09-25T10:58:00Z,31289.75,31289.75,31289.75,31289.75,5,2026-09-25T22:30:18+00:00
2026-09-25T10:59:00Z,31287.75,31287.75,31287.75,31287.75,5,2026-09-25T22:30:18+00:00
2026-09-25T11:04:00Z,31288.75,31288.75,31288.25,31288.25,2,2026-09-25T22:30:18+00:00
2026-09-25T11:14:00Z,31336.75,31343.5,31336.75,31343.5,5,2026-09-25T22:30:18+00:00
2026-09-25T11:15:00Z,31350.0,31350.0,31350.0,31350.0,8,2026-09-25T22:30:18+00:00
2026-09-25T11:35:00Z,31358.5,31358.5,31356.75,31356.75,3,2026-09-25T22:30:18+00:00
2026-09-25T11:42:00Z,31339.75,31339.75,31339.75,31339.75,1,2026-09-25T22:30:18+00:00
2026-09-25T11:43:00Z,31342.0,31342.0,31342.0,31342.0,1,2026-09-25T22:30:18+00:00
2026-09-25T11:44:00Z,31343.5,31343.5,31343.5,31343.5,1,2026-09-25T22:30:18+00:00
2026-09-25T11:46:00Z,31340.5,31340.5,31340.5,31340.5,1,2026-09-25T22:30:18+00:00
2026-09-25T11:59:00Z,31337.0,31337.0,31337.0,31337.0,1,2026-09-25T22:30:18+00:00
2026-09-25T12:00:00Z,31330.25,31335.0,31330.25,31334.75,3,2026-09-25T22:30:18+00:00
2026-09-25T12:11:00Z,31325.5,31325.5,31325.5,31325.5,1,2026-09-25T22:30:18+00:00
2026-09-25T12:17:00Z,31300.0,31300.0,31300.0,31300.0,3,2026-09-25T22:30:18+00:00
2026-09-25T12:19:00Z,31290.25,31290.25,31288.5,31288.5,2,2026-09-25T22:30:18+00:00
2026-09-25T12:24:00Z,31313.0,31313.0,31313.0,31313.0,6,2026-09-25T22:30:18+00:00
2026-09-25T12:32:00Z,31281.25,31281.25,31281.25,31281.25,1,2026-09-25T22:30:18+00:00
2026-09-25T12:38:00Z,31279.25,31279.25,31279.25,31279.25,1,2026-09-25T22:30:18+00:00
2026-09-25T12:41:00Z,31275.0,31275.0,31275.0,31275.0,1,2026-09-25T22:30:18+00:00
2026-09-25T12:44:00Z,31263.75,31263.75,31263.75,31263.75,1,2026-09-25T22:30:18+00:00
2026-09-25T12:46:00Z,31272.0,31272.0,31272.0,31272.0,2,2026-09-25T22:30:18+00:00
2026-09-25T12:48:00Z,31283.0,31283.0,31283.0,31283.0,1,2026-09-25T22:30:18+00:00
2026-09-25T12:49:00Z,31269.0,31269.0,31255.5,31255.5,2,2026-09-25T22:30:18+00:00
2026-09-25T12:51:00Z,31249.25,31249.25,31249.25,31249.25,1,2026-09-25T22:30:18+00:00
2026-09-25T13:03:00Z,31249.5,31249.75,31249.5,31249.75,3,2026-09-25T22:30:18+00:00
2026-09-25T13:09:00Z,31264.25,31264.25,31264.25,31264.25,1,2026-09-25T22:30:18+00:00
2026-09-25T13:16:00Z,31255.25,31255.25,31255.25,31255.25,14,2026-09-25T22:30:18+00:00
2026-09-25T13:21:00Z,31231.25,31231.25,31231.25,31231.25,1,2026-09-25T22:30:18+00:00
2026-09-25T13:26:00Z,31225.0,31225.0,31211.5,31211.5,6,2026-09-25T22:30:18+00:00
2026-09-25T13:27:00Z,31201.5,31201.5,31201.5,31201.5,12,2026-09-25T22:30:18+00:00
2026-09-25T13:30:00Z,31178.25,31178.75,31160.0,31164.25,17,2026-09-25T22:30:18+00:00
2026-09-25T13:31:00Z,31182.75,31182.75,31177.5,31177.5,3,2026-09-25T22:30:18+00:00
2026-09-25T13:34:00Z,31198.0,31209.25,31198.0,31201.5,4,2026-09-25T22:30:18+00:00
2026-09-25T13:36:00Z,31224.25,31224.25,31223.25,31223.25,7,2026-09-25T22:30:18+00:00
2026-09-25T13:37:00Z,31226.25,31226.25,31225.5,31225.5,3,2026-09-25T22:30:18+00:00
2026-09-25T13:38:00Z,31240.75,31240.75,31240.75,31240.75,1,2026-09-25T22:30:18+00:00
2026-09-25T13:39:00Z,31232.25,31232.25,31227.75,31227.75,3,2026-09-25T22:30:18+00:00
2026-09-25T13:40:00Z,31237.75,31237.75,31237.75,31237.75,2,2026-09-25T22:30:18+00:00
2026-09-25T13:41:00Z,31256.75,31256.75,31256.75,31256.75,1,2026-09-25T22:30:18+00:00
2026-09-25T13:42:00Z,31242.75,31242.75,31242.75,31242.75,7,2026-09-25T22:30:18+00:00
2026-09-25T13:45:00Z,31251.25,31251.25,31233.25,31233.25,4,2026-09-25T22:30:18+00:00
2026-09-25T13:46:00Z,31229.0,31240.5,31228.25,31240.5,5,2026-09-25T22:30:18+00:00
2026-09-25T13:48:00Z,31224.25,31224.25,31224.25,31224.25,1,2026-09-25T22:30:18+00:00
2026-09-25T13:49:00Z,31229.5,31242.75,31229.5,31242.75,2,2026-09-25T22:30:18+00:00
2026-09-25T13:52:00Z,31260.5,31265.0,31260.5,31265.0,4,2026-09-25T22:30:18+00:00
2026-09-25T13:55:00Z,31281.5,31289.0,31281.5,31289.0,3,2026-09-25T22:30:18+00:00
2026-09-25T14:00:00Z,31261.25,31270.0,31246.0,31246.0,3,2026-09-25T22:30:18+00:00
2026-09-25T14:01:00Z,31229.75,31229.75,31218.5,31218.5,4,2026-09-25T22:30:18+00:00
2026-09-25T14:02:00Z,31199.75,31213.25,31199.75,31213.25,3,2026-09-25T22:30:18+00:00
2026-09-25T14:03:00Z,31201.25,31201.25,31198.25,31198.25,2,2026-09-25T22:30:18+00:00
2026-09-25T14:04:00Z,31184.5,31184.5,31184.5,31184.5,6,2026-09-25T22:30:18+00:00
2026-09-25T14:05:00Z,31138.25,31138.25,31138.25,31138.25,6,2026-09-25T22:30:18+00:00
2026-09-25T14:06:00Z,31133.75,31144.75,31133.75,31144.75,3,2026-09-25T22:30:18+00:00
2026-09-25T14:08:00Z,31158.75,31160.25,31158.75,31160.0,3,2026-09-25T22:30:18+00:00
2026-09-25T14:09:00Z,31167.75,31168.0,31167.75,31168.0,2,2026-09-25T22:30:18+00:00
2026-09-25T14:11:00Z,31166.0,31168.25,31166.0,31168.25,2,2026-09-25T22:30:18+00:00
2026-09-25T14:12:00Z,31171.5,31171.5,31171.5,31171.5,1,2026-09-25T22:30:18+00:00
2026-09-25T14:13:00Z,31160.0,31160.0,31136.75,31136.75,18,2026-09-25T22:30:18+00:00
2026-09-25T14:14:00Z,31114.0,31114.0,31114.0,31114.0,1,2026-09-25T22:30:18+00:00
2026-09-25T14:15:00Z,31090.0,31114.0,31090.0,31114.0,7,2026-09-25T22:30:18+00:00
2026-09-25T14:17:00Z,31070.0,31070.0,31068.25,31068.25,2,2026-09-25T22:30:18+00:00
2026-09-25T14:19:00Z,31070.0,31070.0,31070.0,31070.0,1,2026-09-25T22:30:18+00:00
2026-09-25T14:21:00Z,31096.75,31096.75,31096.75,31096.75,1,2026-09-25T22:30:18+00:00
2026-09-25T14:29:00Z,31110.0,31110.0,31110.0,31110.0,1,2026-09-25T22:30:18+00:00
2026-09-25T14:32:00Z,31119.0,31127.25,31119.0,31127.25,3,2026-09-25T22:30:18+00:00
2026-09-25T14:36:00Z,31144.75,31144.75,31144.75,31144.75,1,2026-09-25T22:30:18+00:00
2026-09-25T14:38:00Z,31164.5,31164.5,31164.5,31164.5,1,2026-09-25T22:30:18+00:00
2026-09-25T14:41:00Z,31122.25,31122.25,31120.0,31120.0,2,2026-09-25T22:30:18+00:00
2026-09-25T14:46:00Z,31134.0,31147.5,31132.0,31147.5,13,2026-09-25T22:30:18+00:00
2026-09-25T14:51:00Z,31129.25,31129.25,31129.25,31129.25,1,2026-09-25T22:30:18+00:00
2026-09-25T14:56:00Z,31180.5,31180.5,31180.5,31180.5,1,2026-09-25T22:30:18+00:00
2026-09-25T14:59:00Z,31192.5,31192.5,31192.5,31192.5,1,2026-09-25T22:30:18+00:00
2026-09-25T15:00:00Z,31188.75,31191.25,31188.75,31191.25,2,2026-09-25T22:30:18+00:00
2026-09-25T15:01:00Z,31195.0,31207.75,31195.0,31207.75,7,2026-09-25T22:30:18+00:00
2026-09-25T15:04:00Z,31240.75,31240.75,31240.75,31240.75,1,2026-09-25T22:30:18+00:00
2026-09-25T15:05:00Z,31236.0,31236.25,31236.0,31236.25,3,2026-09-25T22:30:18+00:00
2026-09-25T15:15:00Z,31192.0,31192.0,31192.0,31192.0,1,2026-09-25T22:30:18+00:00
2026-09-25T15:16:00Z,31193.5,31193.5,31193.5,31193.5,1,2026-09-25T22:30:18+00:00
2026-09-25T15:24:00Z,31180.5,31180.5,31180.5,31180.5,1,2026-09-25T22:30:18+00:00
2026-09-25T15:30:00Z,31211.25,31215.0,31200.75,31200.75,5,2026-09-25T22:30:18+00:00
2026-09-25T15:31:00Z,31207.75,31208.5,31207.75,31208.5,3,2026-09-25T22:30:18+00:00
2026-09-25T15:33:00Z,31221.25,31225.0,31221.25,31225.0,2,2026-09-25T22:30:18+00:00
2026-09-25T15:34:00Z,31212.0,31212.0,31198.5,31198.5,16,2026-09-25T22:30:18+00:00
2026-09-25T15:35:00Z,31188.25,31188.25,31185.25,31185.25,5,2026-09-25T22:30:18+00:00
2026-09-25T15:42:00Z,31141.75,31143.5,31141.75,31143.5,2,2026-09-25T22:30:18+00:00
2026-09-25T15:44:00Z,31126.5,31126.5,31126.5,31126.5,1,2026-09-25T22:30:18+00:00
2026-09-25T15:45:00Z,31121.0,31121.0,31121.0,31121.0,1,2026-09-25T22:30:18+00:00
2026-09-25T15:51:00Z,31130.75,31130.75,31130.75,31130.75,1,2026-09-25T22:30:18+00:00
2026-09-25T15:53:00Z,31116.0,31116.0,31114.25,31114.25,3,2026-09-25T22:30:18+00:00
2026-09-25T15:54:00Z,31128.0,31143.75,31121.5,31143.75,14,2026-09-25T22:30:18+00:00
2026-09-25T16:00:00Z,31224.75,31243.75,31224.75,31243.75,2,2026-09-25T22:30:18+00:00
2026-09-25T16:01:00Z,31255.5,31259.0,31248.25,31259.0,7,2026-09-25T22:30:18+00:00
2026-09-25T16:02:00Z,31273.5,31273.5,31273.5,31273.5,1,2026-09-25T22:30:18+00:00
2026-09-25T16:03:00Z,31285.75,31285.75,31285.75,31285.75,4,2026-09-25T22:30:18+00:00
2026-09-25T16:06:00Z,31292.75,31292.75,31292.75,31292.75,1,2026-09-25T22:30:18+00:00
2026-09-25T16:08:00Z,31304.5,31304.5,31291.75,31291.75,6,2026-09-25T22:30:18+00:00
2026-09-25T16:12:00Z,31302.25,31302.25,31302.25,31302.25,2,2026-09-25T22:30:18+00:00
2026-09-25T16:15:00Z,31297.5,31297.5,31297.5,31297.5,1,2026-09-25T22:30:18+00:00
2026-09-25T16:19:00Z,31277.0,31277.0,31277.0,31277.0,1,2026-09-25T22:30:18+00:00
2026-09-25T16:21:00Z,31251.0,31251.0,31251.0,31251.0,1,2026-09-25T22:30:18+00:00
2026-09-25T16:22:00Z,31251.5,31251.5,31251.5,31251.5,1,2026-09-25T22:30:18+00:00
2026-09-25T16:31:00Z,31296.75,31296.75,31296.75,31296.75,1,2026-09-25T22:30:18+00:00
2026-09-25T16:33:00Z,31295.75,31301.5,31295.75,31301.5,2,2026-09-25T22:30:18+00:00
2026-09-25T16:34:00Z,31301.0,31301.0,31293.25,31293.25,7,2026-09-25T22:30:18+00:00
2026-09-25T16:35:00Z,31264.5,31264.5,31264.5,31264.5,1,2026-09-25T22:30:18+00:00
2026-09-25T16:37:00Z,31286.25,31286.25,31286.25,31286.25,1,2026-09-25T22:30:18+00:00
2026-09-25T16:43:00Z,31290.75,31290.75,31290.75,31290.75,1,2026-09-25T22:30:18+00:00
2026-09-25T16:45:00Z,31267.75,31267.75,31267.75,31267.75,1,2026-09-25T22:30:18+00:00
2026-09-25T16:46:00Z,31271.75,31271.75,31271.75,31271.75,1,2026-09-25T22:30:18+00:00
2026-09-25T16:47:00Z,31266.25,31266.25,31266.25,31266.25,1,2026-09-25T22:30:18+00:00
2026-09-25T16:50:00Z,31257.25,31257.25,31257.25,31257.25,1,2026-09-25T22:30:18+00:00
2026-09-25T16:56:00Z,31260.75,31260.75,31260.75,31260.75,2,2026-09-25T22:30:18+00:00
2026-09-25T16:58:00Z,31249.5,31249.5,31249.5,31249.5,1,2026-09-25T22:30:18+00:00
2026-09-25T16:59:00Z,31249.75,31249.75,31249.75,31249.75,1,2026-09-25T22:30:18+00:00
2026-09-25T17:00:00Z,31252.5,31253.5,31252.5,31253.5,2,2026-09-25T22:30:18+00:00
2026-09-25T17:04:00Z,31284.25,31284.25,31280.25,31280.25,2,2026-09-25T22:30:18+00:00
2026-09-25T17:09:00Z,31280.75,31280.75,31280.75,31280.75,1,2026-09-25T22:30:18+00:00
2026-09-25T17:16:00Z,31292.75,31292.75,31292.75,31292.75,1,2026-09-25T22:30:18+00:00
2026-09-25T17:23:00Z,31295.25,31295.25,31295.25,31295.25,1,2026-09-25T22:30:18+00:00
2026-09-25T17:28:00Z,31289.0,31291.75,31289.0,31291.75,5,2026-09-25T22:30:18+00:00
2026-09-25T17:30:00Z,31294.5,31294.5,31294.5,31294.5,1,2026-09-25T22:30:18+00:00
2026-09-25T17:33:00Z,31277.5,31277.5,31277.5,31277.5,1,2026-09-25T22:30:18+00:00
2026-09-25T17:34:00Z,31265.75,31265.75,31265.75,31265.75,2,2026-09-25T22:30:18+00:00
2026-09-25T17:37:00Z,31261.5,31261.5,31261.5,31261.5,1,2026-09-25T22:30:18+00:00
2026-09-25T17:39:00Z,31279.0,31279.0,31278.25,31278.25,2,2026-09-25T22:30:18+00:00
2026-09-25T17:41:00Z,31287.75,31287.75,31287.75,31287.75,1,2026-09-25T22:30:18+00:00
2026-09-25T17:49:00Z,31289.0,31289.0,31289.0,31289.0,1,2026-09-25T22:30:18+00:00
2026-09-25T18:05:00Z,31275.5,31275.5,31275.5,31275.5,1,2026-09-25T22:30:18+00:00
2026-09-25T18:21:00Z,31293.25,31293.25,31293.25,31293.25,1,2026-09-25T22:30:18+00:00
2026-09-25T18:26:00Z,31285.25,31285.25,31269.75,31269.75,3,2026-09-25T22:30:18+00:00
2026-09-25T18:27:00Z,31265.75,31265.75,31265.75,31265.75,2,2026-09-25T22:30:18+00:00
2026-09-25T18:28:00Z,31253.5,31253.5,31253.5,31253.5,1,2026-09-25T22:30:18+00:00
2026-09-25T18:33:00Z,31286.75,31286.75,31286.75,31286.75,1,2026-09-25T22:30:18+00:00
2026-09-25T18:35:00Z,31280.0,31280.0,31280.0,31280.0,1,2026-09-25T22:30:18+00:00
2026-09-25T18:39:00Z,31255.5,31255.5,31255.5,31255.5,1,2026-09-25T22:30:18+00:00
2026-09-25T18:41:00Z,31246.5,31246.5,31246.5,31246.5,1,2026-09-25T22:30:18+00:00
2026-09-25T18:42:00Z,31259.25,31259.25,31259.25,31259.25,2,2026-09-25T22:30:18+00:00
2026-09-25T18:48:00Z,31257.5,31257.5,31257.5,31257.5,1,2026-09-25T22:30:18+00:00
2026-09-25T18:54:00Z,31246.5,31246.5,31246.5,31246.5,1,2026-09-25T22:30:18+00:00
2026-09-25T19:01:00Z,31244.5,31253.5,31244.5,31253.5,2,2026-09-25T22:30:18+00:00
2026-09-25T19:05:00Z,31252.25,31252.25,31252.25,31252.25,1,2026-09-25T22:30:18+00:00
2026-09-25T19:08:00Z,31264.0,31264.0,31264.0,31264.0,1,2026-09-25T22:30:18+00:00
2026-09-25T19:11:00Z,31260.0,31260.0,31260.0,31260.0,6,2026-09-25T22:30:18+00:00
2026-09-25T19:15:00Z,31268.5,31268.5,31268.5,31268.5,1,2026-09-25T22:30:18+00:00
2026-09-25T19:21:00Z,31253.0,31253.0,31253.0,31253.0,9,2026-09-25T22:30:18+00:00
2026-09-25T19:27:00Z,31241.5,31241.5,31241.5,31241.5,1,2026-09-25T22:30:18+00:00
2026-09-25T19:31:00Z,31233.5,31233.5,31233.0,31233.0,2,2026-09-25T22:30:18+00:00
2026-09-25T19:34:00Z,31239.0,31239.0,31239.0,31239.0,2,2026-09-25T22:30:18+00:00
2026-09-25T19:37:00Z,31235.0,31242.5,31234.75,31242.5,6,2026-09-25T22:30:18+00:00
2026-09-25T19:38:00Z,31244.75,31249.75,31244.75,31249.75,3,2026-09-25T22:30:18+00:00
2026-09-25T19:43:00Z,31266.25,31266.25,31266.25,31266.25,1,2026-09-25T22:30:18+00:00
2026-09-25T19:45:00Z,31277.75,31283.0,31277.75,31283.0,2,2026-09-25T22:30:18+00:00
2026-09-25T19:47:00Z,31284.5,31284.5,31284.5,31284.5,1,2026-09-25T22:30:18+00:00
2026-09-25T19:50:00Z,31297.0,31298.75,31297.0,31298.75,5,2026-09-25T22:30:18+00:00
2026-09-25T19:52:00Z,31300.0,31300.0,31285.0,31296.25,24,2026-09-25T22:30:18+00:00
2026-09-25T19:53:00Z,31294.75,31300.0,31294.75,31298.75,25,2026-09-25T22:30:18+00:00
2026-09-25T19:57:00Z,31269.5,31269.5,31269.5,31269.5,1,2026-09-25T22:30:18+00:00
2026-09-25T19:58:00Z,31274.5,31276.5,31272.25,31272.25,4,2026-09-25T22:30:18+00:00
2026-09-25T19:59:00Z,31262.75,31263.75,31262.75,31263.75,2,2026-09-25T22:30:18+00:00
2026-09-25T20:00:00Z,31265.75,31265.75,31264.75,31264.75,2,2026-09-25T22:30:18+00:00
2026-09-25T20:01:00Z,31264.5,31264.5,31264.5,31264.5,2,2026-09-25T22:30:18+00:00
2026-09-25T20:14:00Z,31266.0,31266.0,31245.0,31245.0,88,2026-09-25T22:30:18+00:00
2026-09-25T20:20:00Z,31260.0,31260.0,31260.0,31260.0,5,2026-09-25T22:30:18+00:00
2026-09-25T20:22:00Z,31255.0,31255.0,31255.0,31255.0,38,2026-09-25T22:30:18+00:00
2026-09-25T20:23:00Z,31253.25,31253.25,31253.25,31253.25,18,2026-09-25T22:30:18+00:00
2026-09-25T20:36:00Z,31284.25,31285.25,31284.25,31285.25,4,2026-09-25T22:30:18+00:00
2026-09-25T20:44:00Z,31283.5,31283.5,31260.75,31260.75,10,2026-09-28T22:30:29+00:00
2026-09-27T22:20:00Z,31186.5,31186.5,31186.5,31186.5,0,2026-09-28T22:30:29+00:00
2026-09-27T22:27:00Z,31201.25,31201.25,31201.25,31201.25,1,2026-09-28T22:30:29+00:00
2026-09-27T22:40:00Z,31175.0,31175.0,31175.0,31175.0,1,2026-09-28T22:30:29+00:00
2026-09-27T22:46:00Z,31172.0,31173.0,31172.0,31173.0,2,2026-09-28T22:30:29+00:00
2026-09-27T22:52:00Z,31156.0,31156.0,31154.75,31154.75,2,2026-09-28T22:30:29+00:00
2026-09-27T23:02:00Z,31161.0,31161.0,31161.0,31161.0,1,2026-09-28T22:30:29+00:00
2026-09-27T23:04:00Z,31162.25,31162.25,31162.25,31162.25,1,2026-09-28T22:30:29+00:00
2026-09-27T23:14:00Z,31177.75,31177.75,31177.75,31177.75,1,2026-09-28T22:30:29+00:00
2026-09-27T23:19:00Z,31181.0,31181.0,31181.0,31181.0,1,2026-09-28T22:30:29+00:00
2026-09-27T23:42:00Z,31170.0,31170.0,31170.0,31170.0,1,2026-09-28T22:30:29+00:00
2026-09-27T23:46:00Z,31196.0,31196.0,31196.0,31196.0,1,2026-09-28T22:30:29+00:00
2026-09-28T00:15:00Z,31258.5,31258.5,31258.5,31258.5,1,2026-09-28T22:30:29+00:00
2026-09-28T01:06:00Z,31160.0,31160.0,31160.0,31160.0,1,2026-09-28T22:30:29+00:00
2026-09-28T01:09:00Z,31178.0,31178.0,31178.0,31178.0,1,2026-09-28T22:30:29+00:00
2026-09-28T01:17:00Z,31156.75,31156.75,31156.75,31156.75,1,2026-09-28T22:30:29+00:00
2026-09-28T01:24:00Z,31148.25,31148.25,31148.25,31148.25,1,2026-09-28T22:30:29+00:00
2026-09-28T01:30:00Z,31180.25,31180.25,31180.25,31180.25,1,2026-09-28T22:30:29+00:00
2026-09-28T01:40:00Z,31173.5,31173.5,31173.5,31173.5,3,2026-09-28T22:30:29+00:00
2026-09-28T01:42:00Z,31184.5,31184.5,31184.5,31184.5,1,2026-09-28T22:30:29+00:00
2026-09-28T01:45:00Z,31147.75,31147.75,31147.75,31147.75,1,2026-09-28T22:30:29+00:00
2026-09-28T01:46:00Z,31149.25,31149.25,31149.25,31149.25,1,2026-09-28T22:30:29+00:00
2026-09-28T01:51:00Z,31129.75,31129.75,31129.75,31129.75,1,2026-09-28T22:30:29+00:00
2026-09-28T02:06:00Z,31099.0,31099.0,31099.0,31099.0,1,2026-09-28T22:30:29+00:00
2026-09-28T02:14:00Z,31125.5,31125.5,31120.0,31120.0,2,2026-09-28T22:30:29+00:00
2026-09-28T02:16:00Z,31105.0,31105.0,31105.0,31105.0,3,2026-09-28T22:30:29+00:00
2026-09-28T02:21:00Z,31089.75,31089.75,31089.75,31089.75,1,2026-09-28T22:30:29+00:00
2026-09-28T02:24:00Z,31078.5,31078.5,31078.5,31078.5,1,2026-09-28T22:30:29+00:00
2026-09-28T02:27:00Z,31100.5,31100.5,31100.5,31100.5,2,2026-09-28T22:30:29+00:00
2026-09-28T02:30:00Z,31077.25,31077.25,31077.25,31077.25,1,2026-09-28T22:30:29+00:00
2026-09-28T02:36:00Z,31070.5,31070.5,31070.5,31070.5,1,2026-09-28T22:30:29+00:00
2026-09-28T02:41:00Z,31063.75,31063.75,31063.75,31063.75,1,2026-09-28T22:30:29+00:00
2026-09-28T02:55:00Z,31046.0,31046.0,31046.0,31046.0,5,2026-09-28T22:30:29+00:00
2026-09-28T03:02:00Z,31047.75,31047.75,31047.75,31047.75,1,2026-09-28T22:30:29+00:00
2026-09-28T03:07:00Z,31071.25,31071.25,31071.25,31071.25,1,2026-09-28T22:30:29+00:00
2026-09-28T03:11:00Z,31059.25,31059.25,31059.25,31059.25,1,2026-09-28T22:30:29+00:00
2026-09-28T03:39:00Z,31025.75,31026.75,31025.75,31026.75,5,2026-09-28T22:30:29+00:00
2026-09-28T03:40:00Z,31024.25,31024.25,31024.25,31024.25,1,2026-09-28T22:30:29+00:00
2026-09-28T03:51:00Z,31030.5,31030.5,31030.5,31030.5,1,2026-09-28T22:30:29+00:00
2026-09-28T03:54:00Z,31036.75,31036.75,31036.75,31036.75,1,2026-09-28T22:30:29+00:00
2026-09-28T03:56:00Z,31020.0,31020.0,31020.0,31020.0,1,2026-09-28T22:30:29+00:00
2026-09-28T04:59:00Z,31049.5,31049.5,31049.5,31049.5,1,2026-09-28T22:30:29+00:00
2026-09-28T05:04:00Z,31064.0,31064.0,31064.0,31064.0,1,2026-09-28T22:30:29+00:00
2026-09-28T05:11:00Z,31042.75,31042.75,31042.75,31042.75,1,2026-09-28T22:30:29+00:00
2026-09-28T05:27:00Z,31037.0,31037.0,31037.0,31037.0,1,2026-09-28T22:30:29+00:00
2026-09-28T05:29:00Z,31029.5,31029.5,31029.5,31029.5,1,2026-09-28T22:30:29+00:00
2026-09-28T05:33:00Z,31032.75,31032.75,31032.75,31032.75,1,2026-09-28T22:30:29+00:00
2026-09-28T05:42:00Z,31004.75,31004.75,31004.75,31004.75,1,2026-09-28T22:30:29+00:00
2026-09-28T05:43:00Z,31000.0,31000.5,31000.0,31000.5,3,2026-09-28T22:30:29+00:00
2026-09-28T05:46:00Z,31018.0,31018.0,31018.0,31018.0,1,2026-09-28T22:30:29+00:00
2026-09-28T05:51:00Z,31010.0,31010.0,31010.0,31010.0,1,2026-09-28T22:30:29+00:00
2026-09-28T05:55:00Z,31012.25,31012.25,31012.25,31012.25,1,2026-09-28T22:30:29+00:00
2026-09-28T05:57:00Z,31019.0,31019.0,31019.0,31019.0,1,2026-09-28T22:30:29+00:00
2026-09-28T06:00:00Z,31024.25,31024.25,31024.25,31024.25,1,2026-09-28T22:30:29+00:00
2026-09-28T06:05:00Z,31000.0,31000.0,31000.0,31000.0,2,2026-09-28T22:30:29+00:00
2026-09-28T06:08:00Z,31026.5,31026.5,31026.5,31026.5,1,2026-09-28T22:30:29+00:00
2026-09-28T06:09:00Z,31032.5,31032.5,31032.5,31032.5,1,2026-09-28T22:30:29+00:00
2026-09-28T06:16:00Z,31004.0,31004.25,31004.0,31004.25,2,2026-09-28T22:30:29+00:00
2026-09-28T06:21:00Z,30975.25,30975.25,30975.25,30975.25,1,2026-09-28T22:30:29+00:00
2026-09-28T06:22:00Z,30975.0,30980.75,30975.0,30980.75,6,2026-09-28T22:30:29+00:00
2026-09-28T06:25:00Z,30959.75,30959.75,30959.75,30959.75,3,2026-09-28T22:30:29+00:00
2026-09-28T06:31:00Z,30965.0,30978.25,30965.0,30978.25,3,2026-09-28T22:30:29+00:00
2026-09-28T06:33:00Z,30970.0,30970.0,30970.0,30970.0,2,2026-09-28T22:30:29+00:00
2026-09-28T07:01:00Z,30986.0,30987.25,30986.0,30987.25,10,2026-09-28T22:30:29+00:00
2026-09-28T07:11:00Z,30976.75,30976.75,30976.75,30976.75,1,2026-09-28T22:30:29+00:00
2026-09-28T07:21:00Z,30967.25,30967.25,30967.25,30967.25,1,2026-09-28T22:30:29+00:00
2026-09-28T07:24:00Z,30978.5,30978.5,30978.5,30978.5,1,2026-09-28T22:30:29+00:00
2026-09-28T07:26:00Z,30966.0,30966.0,30966.0,30966.0,1,2026-09-28T22:30:29+00:00
2026-09-28T07:32:00Z,30962.5,30962.5,30962.5,30962.5,1,2026-09-28T22:30:29+00:00
2026-09-28T07:38:00Z,30952.5,30952.5,30947.0,30947.0,2,2026-09-28T22:30:29+00:00
2026-09-28T07:49:00Z,30981.75,30981.75,30981.75,30981.75,1,2026-09-28T22:30:29+00:00
2026-09-28T07:51:00Z,30981.0,30981.0,30981.0,30981.0,1,2026-09-28T22:30:29+00:00
2026-09-28T07:52:00Z,30976.0,30976.0,30976.0,30976.0,1,2026-09-28T22:30:29+00:00
2026-09-28T07:59:00Z,30977.75,30977.75,30977.75,30977.75,1,2026-09-28T22:30:29+00:00
2026-09-28T08:03:00Z,30958.5,30958.5,30958.5,30958.5,1,2026-09-28T22:30:29+00:00
2026-09-28T08:08:00Z,30987.25,30987.25,30987.25,30987.25,1,2026-09-28T22:30:29+00:00
2026-09-28T08:13:00Z,30969.75,30969.75,30969.75,30969.75,1,2026-09-28T22:30:29+00:00
2026-09-28T08:15:00Z,31004.25,31004.25,31004.25,31004.25,29,2026-09-28T22:30:29+00:00
2026-09-28T08:18:00Z,30983.0,30983.0,30982.0,30982.0,2,2026-09-28T22:30:29+00:00
2026-09-28T08:23:00Z,30977.0,30977.0,30977.0,30977.0,1,2026-09-28T22:30:29+00:00
2026-09-28T08:32:00Z,30972.75,30972.75,30972.75,30972.75,1,2026-09-28T22:30:29+00:00
2026-09-28T08:34:00Z,30977.0,30977.0,30977.0,30977.0,1,2026-09-28T22:30:29+00:00
2026-09-28T08:37:00Z,30960.5,30960.5,30960.5,30960.5,1,2026-09-28T22:30:29+00:00
2026-09-28T08:39:00Z,30948.75,30948.75,30948.75,30948.75,1,2026-09-28T22:30:29+00:00
2026-09-28T08:43:00Z,30956.25,30956.25,30956.25,30956.25,1,2026-09-28T22:30:29+00:00
2026-09-28T08:50:00Z,30964.5,30964.75,30964.5,30964.75,2,2026-09-28T22:30:29+00:00
2026-09-28T08:52:00Z,30956.5,30956.5,30948.0,30948.0,3,2026-09-28T22:30:29+00:00
2026-09-28T08:54:00Z,30962.0,30962.0,30962.0,30962.0,1,2026-09-28T22:30:29+00:00
2026-09-28T08:56:00Z,30948.0,30948.0,30946.5,30946.5,2,2026-09-28T22:30:29+00:00
2026-09-28T09:00:00Z,30953.5,30970.75,30953.5,30968.75,5,2026-09-28T22:30:29+00:00
2026-09-28T09:01:00Z,30959.25,30959.25,30959.25,30959.25,1,2026-09-28T22:30:29+00:00
2026-09-28T09:04:00Z,30933.0,30934.0,30933.0,30934.0,2,2026-09-28T22:30:29+00:00
2026-09-28T09:06:00Z,30931.75,30931.75,30931.75,30931.75,1,2026-09-28T22:30:29+00:00
2026-09-28T09:08:00Z,30932.5,30933.75,30932.5,30933.75,2,2026-09-28T22:30:29+00:00
2026-09-28T09:10:00Z,30918.0,30918.0,30918.0,30918.0,1,2026-09-28T22:30:29+00:00
2026-09-28T09:11:00Z,30916.0,30916.5,30909.5,30909.5,5,2026-09-28T22:30:29+00:00
2026-09-28T09:12:00Z,30909.5,30909.5,30908.75,30908.75,3,2026-09-28T22:30:29+00:00
2026-09-28T09:16:00Z,30911.25,30911.25,30911.25,30911.25,1,2026-09-28T22:30:29+00:00
2026-09-28T09:19:00Z,30931.5,30938.25,30931.5,30938.25,2,2026-09-28T22:30:29+00:00
2026-09-28T09:28:00Z,30944.0,30944.0,30944.0,30944.0,1,2026-09-28T22:30:29+00:00
2026-09-28T09:35:00Z,30940.25,30940.25,30940.25,30940.25,1,2026-09-28T22:30:29+00:00
2026-09-28T09:50:00Z,30971.75,30971.75,30971.75,30971.75,1,2026-09-28T22:30:29+00:00
2026-09-28T09:51:00Z,30966.5,30966.5,30966.5,30966.5,1,2026-09-28T22:30:29+00:00
2026-09-28T09:53:00Z,30971.5,30971.5,30971.5,30971.5,1,2026-09-28T22:30:29+00:00
2026-09-28T09:57:00Z,30956.0,30956.0,30956.0,30956.0,1,2026-09-28T22:30:29+00:00
2026-09-28T10:00:00Z,30973.5,30973.5,30973.5,30973.5,1,2026-09-28T22:30:29+00:00
2026-09-28T10:08:00Z,30940.25,30940.25,30940.25,30940.25,1,2026-09-28T22:30:29+00:00
2026-09-28T10:12:00Z,30935.25,30935.25,30934.5,30934.5,2,2026-09-28T22:30:29+00:00
2026-09-28T10:15:00Z,30944.0,30944.0,30944.0,30944.0,1,2026-09-28T22:30:29+00:00
2026-09-28T10:18:00Z,30935.75,30935.75,30935.75,30935.75,1,2026-09-28T22:30:29+00:00
2026-09-28T10:28:00Z,30936.5,30936.5,30936.5,30936.5,2,2026-09-28T22:30:29+00:00
2026-09-28T10:37:00Z,30940.5,30940.5,30940.5,30940.5,1,2026-09-28T22:30:29+00:00
2026-09-28T10:44:00Z,30949.25,30949.25,30947.25,30947.25,8,2026-09-28T22:30:29+00:00
2026-09-28T10:47:00Z,30949.75,30949.75,30949.75,30949.75,1,2026-09-28T22:30:29+00:00
2026-09-28T10:52:00Z,30977.0,30979.75,30977.0,30979.75,3,2026-09-28T22:30:29+00:00
2026-09-28T10:59:00Z,30964.25,30964.25,30953.75,30953.75,4,2026-09-28T22:30:29+00:00
2026-09-28T11:00:00Z,30979.25,31005.75,30979.25,31001.25,8,2026-09-28T22:30:29+00:00
2026-09-28T11:01:00Z,30998.75,31002.0,30996.5,31002.0,5,2026-09-28T22:30:29+00:00
2026-09-28T11:02:00Z,30992.25,30992.25,30992.25,30992.25,1,2026-09-28T22:30:29+00:00
2026-09-28T11:04:00Z,30976.5,30976.5,30974.75,30974.75,2,2026-09-28T22:30:29+00:00
2026-09-28T11:05:00Z,30986.25,30986.25,30986.25,30986.25,1,2026-09-28T22:30:29+00:00
2026-09-28T11:08:00Z,30968.25,30968.25,30968.25,30968.25,1,2026-09-28T22:30:29+00:00
2026-09-28T11:13:00Z,30963.75,30963.75,30963.75,30963.75,3,2026-09-28T22:30:29+00:00
2026-09-28T11:17:00Z,30996.25,30996.25,30996.25,30996.25,1,2026-09-28T22:30:29+00:00
2026-09-28T11:19:00Z,30972.75,30972.75,30959.5,30959.5,2,2026-09-28T22:30:29+00:00
2026-09-28T11:22:00Z,30985.25,30985.25,30985.25,30985.25,1,2026-09-28T22:30:29+00:00
2026-09-28T11:23:00Z,30998.0,30999.5,30998.0,30999.5,2,2026-09-28T22:30:29+00:00
2026-09-28T11:37:00Z,31007.0,31007.0,31007.0,31007.0,1,2026-09-28T22:30:29+00:00
2026-09-28T11:38:00Z,31007.25,31007.25,31007.25,31007.25,1,2026-09-28T22:30:29+00:00
2026-09-28T11:45:00Z,31012.0,31012.0,31012.0,31012.0,1,2026-09-28T22:30:29+00:00
2026-09-28T11:52:00Z,31014.0,31014.0,31014.0,31014.0,1,2026-09-28T22:30:29+00:00
2026-09-28T12:00:00Z,31013.5,31013.5,31013.5,31013.5,1,2026-09-28T22:30:29+00:00
2026-09-28T12:01:00Z,30984.0,30984.0,30983.0,30983.0,2,2026-09-28T22:30:29+00:00
2026-09-28T12:02:00Z,30988.5,30988.5,30985.0,30985.0,2,2026-09-28T22:30:29+00:00
2026-09-28T12:04:00Z,30991.75,31041.5,30991.75,31038.75,20,2026-09-28T22:30:29+00:00
2026-09-28T12:05:00Z,31053.25,31053.25,31053.25,31053.25,1,2026-09-28T22:30:29+00:00
2026-09-28T12:06:00Z,31070.0,31070.0,31065.5,31065.5,3,2026-09-28T22:30:29+00:00
2026-09-28T12:08:00Z,31063.0,31063.0,31063.0,31063.0,1,2026-09-28T22:30:29+00:00
2026-09-28T12:11:00Z,31085.5,31085.5,31085.5,31085.5,4,2026-09-28T22:30:29+00:00
2026-09-28T12:17:00Z,31082.5,31082.5,31082.5,31082.5,2,2026-09-28T22:30:29+00:00
2026-09-28T12:43:00Z,31093.25,31093.25,31093.25,31093.25,1,2026-09-28T22:30:29+00:00
2026-09-28T12:57:00Z,31119.25,31119.25,31119.25,31119.25,1,2026-09-28T22:30:29+00:00
2026-09-28T13:15:00Z,31081.5,31081.5,31081.5,31081.5,1,2026-09-28T22:30:29+00:00
2026-09-28T13:31:00Z,31053.75,31053.75,31048.5,31048.5,3,2026-09-28T22:30:29+00:00
2026-09-28T13:32:00Z,31080.75,31080.75,31080.75,31080.75,1,2026-09-28T22:30:29+00:00
2026-09-28T13:34:00Z,31054.75,31054.75,31054.75,31054.75,2,2026-09-28T22:30:29+00:00
2026-09-28T13:35:00Z,31040.0,31040.0,30991.75,30991.75,4,2026-09-28T22:30:29+00:00
2026-09-28T13:37:00Z,31036.25,31036.25,31026.75,31026.75,4,2026-09-28T22:30:29+00:00
2026-09-28T13:38:00Z,31020.0,31020.0,31020.0,31020.0,1,2026-09-28T22:30:29+00:00
2026-09-28T13:44:00Z,30980.0,30980.0,30980.0,30980.0,1,2026-09-28T22:30:29+00:00
2026-09-28T13:47:00Z,30980.75,30980.75,30980.75,30980.75,1,2026-09-28T22:30:29+00:00
2026-09-28T13:48:00Z,30986.5,30986.5,30986.5,30986.5,1,2026-09-28T22:30:29+00:00
2026-09-28T13:49:00Z,31000.0,31000.0,31000.0,31000.0,2,2026-09-28T22:30:29+00:00
2026-09-28T13:51:00Z,30963.0,30963.75,30963.0,30963.75,2,2026-09-28T22:30:29+00:00
2026-09-28T13:52:00Z,30973.0,30973.0,30973.0,30973.0,1,2026-09-28T22:30:29+00:00
2026-09-28T13:53:00Z,30999.75,30999.75,30999.75,30999.75,1,2026-09-28T22:30:29+00:00
2026-09-28T13:54:00Z,31026.0,31028.25,31026.0,31028.25,2,2026-09-28T22:30:29+00:00
2026-09-28T13:55:00Z,31033.75,31033.75,31033.75,31033.75,2,2026-09-28T22:30:29+00:00
2026-09-28T13:57:00Z,31004.0,31004.0,31004.0,31004.0,1,2026-09-28T22:30:29+00:00
2026-09-28T13:59:00Z,31017.25,31017.25,31017.25,31017.25,4,2026-09-28T22:30:29+00:00
2026-09-28T14:00:00Z,31010.25,31018.75,31010.25,31018.25,3,2026-09-28T22:30:29+00:00
2026-09-28T14:03:00Z,30990.75,30990.75,30979.0,30979.0,2,2026-09-28T22:30:29+00:00
2026-09-28T14:04:00Z,30975.0,30975.0,30975.0,30975.0,4,2026-09-28T22:30:29+00:00
2026-09-28T14:08:00Z,30943.75,30943.75,30938.75,30938.75,41,2026-09-28T22:30:29+00:00
2026-09-28T14:09:00Z,30931.5,30931.5,30931.5,30931.5,1,2026-09-28T22:30:29+00:00
2026-09-28T14:10:00Z,30929.0,30929.0,30925.5,30925.5,4,2026-09-28T22:30:29+00:00
2026-09-28T14:11:00Z,30899.75,30904.0,30899.0,30899.0,51,2026-09-28T22:30:29+00:00
2026-09-28T14:12:00Z,30904.0,30905.0,30894.25,30903.0,5,2026-09-28T22:30:29+00:00
2026-09-28T14:13:00Z,30895.0,30895.0,30895.0,30895.0,1,2026-09-28T22:30:29+00:00
2026-09-28T14:14:00Z,30898.0,30898.25,30894.75,30898.25,5,2026-09-28T22:30:29+00:00
2026-09-28T14:15:00Z,30895.5,30923.5,30895.0,30923.5,9,2026-09-28T22:30:29+00:00
2026-09-28T14:16:00Z,30906.75,30907.25,30906.75,30907.25,2,2026-09-28T22:30:29+00:00
2026-09-28T14:17:00Z,30925.0,30925.0,30925.0,30925.0,1,2026-09-28T22:30:29+00:00
2026-09-28T14:20:00Z,30929.75,30929.75,30929.75,30929.75,1,2026-09-28T22:30:29+00:00
2026-09-28T14:22:00Z,30960.5,30960.5,30960.5,30960.5,1,2026-09-28T22:30:29+00:00
2026-09-28T14:25:00Z,30948.0,30948.0,30939.75,30939.75,2,2026-09-28T22:30:29+00:00
2026-09-28T14:29:00Z,30915.0,30915.0,30911.25,30911.25,130,2026-09-28T22:30:29+00:00
2026-09-28T14:31:00Z,30910.25,30910.25,30910.25,30910.25,1,2026-09-28T22:30:29+00:00
2026-09-28T14:33:00Z,30929.5,30929.5,30929.5,30929.5,4,2026-09-28T22:30:29+00:00
2026-09-28T14:35:00Z,30906.5,30908.75,30906.5,30906.75,24,2026-09-28T22:30:29+00:00
2026-09-28T14:36:00Z,30906.75,30907.0,30905.75,30906.0,55,2026-09-28T22:30:29+00:00
2026-09-28T14:38:00Z,30877.75,30878.5,30875.0,30878.5,24,2026-09-28T22:30:29+00:00
2026-09-28T14:39:00Z,30865.0,30865.0,30865.0,30865.0,1,2026-09-28T22:30:29+00:00
2026-09-28T14:40:00Z,30862.25,30878.5,30862.25,30878.5,118,2026-09-28T22:30:29+00:00
2026-09-28T14:43:00Z,30837.5,30837.5,30820.0,30820.0,3,2026-09-28T22:30:29+00:00
2026-09-28T14:44:00Z,30800.0,30802.75,30800.0,30802.75,2,2026-09-28T22:30:29+00:00
2026-09-28T14:45:00Z,30788.75,30788.75,30772.5,30772.5,9,2026-09-28T22:30:29+00:00
2026-09-28T14:46:00Z,30763.75,30769.0,30763.75,30769.0,2,2026-09-28T22:30:29+00:00
2026-09-28T14:47:00Z,30745.5,30745.5,30738.0,30738.5,24,2026-09-28T22:30:29+00:00
2026-09-28T14:48:00Z,30736.0,30736.0,30736.0,30736.0,2,2026-09-28T22:30:29+00:00
2026-09-28T14:50:00Z,30749.75,30774.25,30749.75,30774.25,4,2026-09-28T22:30:29+00:00
2026-09-28T14:51:00Z,30764.0,30764.0,30757.0,30757.0,4,2026-09-28T22:30:29+00:00
2026-09-28T14:52:00Z,30752.5,30752.5,30752.5,30752.5,1,2026-09-28T22:30:29+00:00
2026-09-28T14:53:00Z,30760.75,30760.75,30760.75,30760.75,1,2026-09-28T22:30:29+00:00
2026-09-28T14:54:00Z,30746.25,30748.75,30746.25,30746.25,6,2026-09-28T22:30:29+00:00
2026-09-28T14:55:00Z,30742.5,30746.75,30740.5,30740.5,14,2026-09-28T22:30:29+00:00
2026-09-28T14:56:00Z,30770.0,30770.0,30765.0,30765.25,3,2026-09-28T22:30:29+00:00
2026-09-28T14:57:00Z,30767.25,30768.0,30767.25,30768.0,3,2026-09-28T22:30:29+00:00
2026-09-28T14:58:00Z,30775.5,30775.5,30765.75,30765.75,2,2026-09-28T22:30:29+00:00
2026-09-28T15:00:00Z,30783.75,30786.0,30783.75,30786.0,3,2026-09-28T22:30:29+00:00
2026-09-28T15:01:00Z,30784.5,30784.5,30784.5,30784.5,1,2026-09-28T22:30:29+00:00
2026-09-28T15:03:00Z,30804.75,30808.25,30804.75,30808.25,7,2026-09-28T22:30:29+00:00
2026-09-28T15:04:00Z,30810.0,30810.0,30810.0,30810.0,1,2026-09-28T22:30:29+00:00
2026-09-28T15:05:00Z,30814.0,30814.0,30814.0,30814.0,1,2026-09-28T22:30:29+00:00
2026-09-28T15:06:00Z,30800.0,30823.75,30800.0,30823.75,2,2026-09-28T22:30:29+00:00
2026-09-28T15:07:00Z,30824.0,30824.0,30824.0,30824.0,1,2026-09-28T22:30:29+00:00
2026-09-28T15:09:00Z,30843.75,30843.75,30843.75,30843.75,13,2026-09-28T22:30:29+00:00
2026-09-28T15:10:00Z,30857.75,30857.75,30856.0,30856.0,2,2026-09-28T22:30:29+00:00
2026-09-28T15:11:00Z,30858.75,30858.75,30858.75,30858.75,1,2026-09-28T22:30:29+00:00
2026-09-28T15:17:00Z,30821.25,30821.25,30820.5,30820.5,4,2026-09-28T22:30:29+00:00
2026-09-28T15:22:00Z,30821.0,30821.0,30820.75,30820.75,2,2026-09-28T22:30:29+00:00
2026-09-28T15:25:00Z,30832.5,30855.5,30832.5,30855.5,19,2026-09-28T22:30:29+00:00
2026-09-28T15:33:00Z,30857.75,30857.75,30857.75,30857.75,1,2026-09-28T22:30:29+00:00
2026-09-28T15:36:00Z,30875.75,30882.25,30875.75,30882.25,78,2026-09-28T22:30:29+00:00
2026-09-28T15:40:00Z,30874.25,30874.25,30874.25,30874.25,1,2026-09-28T22:30:29+00:00
2026-09-28T15:42:00Z,30843.25,30843.25,30843.0,30843.25,21,2026-09-28T22:30:29+00:00
2026-09-28T15:43:00Z,30831.75,30831.75,30827.25,30827.25,22,2026-09-28T22:30:29+00:00
2026-09-28T15:44:00Z,30828.0,30828.0,30828.0,30828.0,1,2026-09-28T22:30:29+00:00
2026-09-28T15:45:00Z,30834.0,30835.0,30834.0,30835.0,7,2026-09-28T22:30:29+00:00
2026-09-28T15:50:00Z,30862.5,30862.5,30862.5,30862.5,1,2026-09-28T22:30:29+00:00
2026-09-28T15:52:00Z,30850.0,30850.0,30850.0,30850.0,1,2026-09-28T22:30:29+00:00
2026-09-28T15:56:00Z,30890.0,30890.0,30890.0,30890.0,1,2026-09-28T22:30:29+00:00
2026-09-28T16:00:00Z,30886.25,30886.25,30874.75,30874.75,22,2026-09-28T22:30:29+00:00
2026-09-28T16:01:00Z,30874.75,30874.75,30874.75,30874.75,13,2026-09-28T22:30:29+00:00
2026-09-28T16:02:00Z,30876.5,30877.25,30876.5,30877.25,22,2026-09-28T22:30:29+00:00
2026-09-28T16:08:00Z,30886.25,30886.25,30886.25,30886.25,1,2026-09-28T22:30:29+00:00
2026-09-28T16:12:00Z,30886.25,30886.25,30886.25,30886.25,4,2026-09-28T22:30:29+00:00
2026-09-28T16:16:00Z,30881.25,30930.0,30881.25,30930.0,8,2026-09-28T22:30:29+00:00
2026-09-28T16:17:00Z,30944.5,30944.5,30944.5,30944.5,62,2026-09-28T22:30:29+00:00
2026-09-28T16:18:00Z,30942.25,30942.25,30942.25,30942.25,1,2026-09-28T22:30:29+00:00
2026-09-28T16:19:00Z,30926.25,30926.25,30926.25,30926.25,2,2026-09-28T22:30:29+00:00
2026-09-28T16:20:00Z,30956.75,30956.75,30956.75,30956.75,1,2026-09-28T22:30:29+00:00
2026-09-28T16:21:00Z,30989.5,30989.5,30989.5,30989.5,1,2026-09-28T22:30:29+00:00
2026-09-28T16:24:00Z,30987.5,31006.25,30987.5,31006.25,2,2026-09-28T22:30:29+00:00
2026-09-28T16:25:00Z,31024.25,31024.25,31024.25,31024.25,1,2026-09-28T22:30:29+00:00
2026-09-28T16:26:00Z,31027.75,31063.5,31027.75,31063.5,4,2026-09-28T22:30:29+00:00
2026-09-28T16:27:00Z,31068.0,31068.0,31068.0,31068.0,2,2026-09-28T22:30:29+00:00
2026-09-28T16:28:00Z,31074.75,31081.5,31074.75,31081.5,8,2026-09-28T22:30:29+00:00
2026-09-28T16:30:00Z,31055.0,31055.0,31055.0,31055.0,1,2026-09-28T22:30:29+00:00
2026-09-28T16:31:00Z,31032.25,31032.25,31032.25,31032.25,1,2026-09-28T22:30:29+00:00
2026-09-28T16:32:00Z,31036.75,31036.75,31005.0,31005.0,4,2026-09-28T22:30:29+00:00
2026-09-28T16:33:00Z,31001.0,31001.0,31001.0,31001.0,1,2026-09-28T22:30:29+00:00
2026-09-28T16:36:00Z,31037.75,31039.75,31037.75,31039.75,5,2026-09-28T22:30:29+00:00
2026-09-28T16:38:00Z,31009.5,31009.5,31009.5,31009.5,1,2026-09-28T22:30:29+00:00
2026-09-28T16:39:00Z,31006.25,31008.75,31001.75,31001.75,4,2026-09-28T22:30:29+00:00
2026-09-28T16:40:00Z,31004.0,31004.0,31004.0,31004.0,2,2026-09-28T22:30:29+00:00
2026-09-28T16:43:00Z,30960.25,30974.5,30960.25,30972.25,4,2026-09-28T22:30:29+00:00
2026-09-28T16:44:00Z,30969.5,30977.5,30969.5,30976.75,8,2026-09-28T22:30:29+00:00
2026-09-28T16:45:00Z,30979.5,30981.5,30979.25,30979.25,4,2026-09-28T22:30:29+00:00
2026-09-28T16:47:00Z,30978.25,30986.25,30978.25,30983.5,5,2026-09-28T22:30:29+00:00
2026-09-28T16:49:00Z,30976.5,30976.5,30974.0,30974.0,2,2026-09-28T22:30:29+00:00
2026-09-28T17:06:00Z,30941.75,30941.75,30941.75,30941.75,1,2026-09-28T22:30:29+00:00
2026-09-28T17:11:00Z,30991.5,30991.5,30991.5,30991.5,2,2026-09-28T22:30:29+00:00
2026-09-28T17:13:00Z,31042.25,31042.25,31042.25,31042.25,1,2026-09-28T22:30:29+00:00
2026-09-28T17:14:00Z,31042.25,31042.25,31042.25,31042.25,2,2026-09-28T22:30:29+00:00
2026-09-28T17:16:00Z,31051.75,31051.75,31042.75,31045.25,3,2026-09-28T22:30:29+00:00
2026-09-28T17:17:00Z,31031.0,31031.0,31011.5,31015.5,7,2026-09-28T22:30:29+00:00
2026-09-28T17:21:00Z,30986.5,30986.5,30986.5,30986.5,1,2026-09-28T22:30:29+00:00
2026-09-28T17:29:00Z,30986.25,30986.25,30986.25,30986.25,1,2026-09-28T22:30:29+00:00
2026-09-28T17:30:00Z,30998.25,30998.25,30998.25,30998.25,1,2026-09-28T22:30:29+00:00
2026-09-28T17:31:00Z,31001.5,31001.5,31001.5,31001.5,1,2026-09-28T22:30:29+00:00
2026-09-28T17:34:00Z,30991.0,30997.75,30991.0,30997.75,3,2026-09-28T22:30:29+00:00
2026-09-28T17:37:00Z,31013.75,31013.75,31013.75,31013.75,1,2026-09-28T22:30:29+00:00
2026-09-28T17:53:00Z,31002.0,31002.0,31002.0,31002.0,1,2026-09-28T22:30:29+00:00
2026-09-28T17:55:00Z,30996.75,30996.75,30990.5,30990.5,2,2026-09-28T22:30:29+00:00
2026-09-28T18:23:00Z,30999.75,30999.75,30999.75,30999.75,1,2026-09-28T22:30:29+00:00
2026-09-28T18:30:00Z,30986.25,30986.25,30986.25,30986.25,1,2026-09-28T22:30:29+00:00
2026-09-28T18:33:00Z,30978.0,30978.0,30978.0,30978.0,1,2026-09-28T22:30:29+00:00
2026-09-28T18:38:00Z,30978.75,30978.75,30973.5,30973.5,3,2026-09-28T22:30:29+00:00
2026-09-28T18:40:00Z,30957.25,30960.0,30957.25,30960.0,3,2026-09-28T22:30:29+00:00
2026-09-28T18:41:00Z,30968.0,30968.0,30968.0,30968.0,1,2026-09-28T22:30:29+00:00
2026-09-28T18:48:00Z,30986.75,30995.0,30986.75,30995.0,3,2026-09-28T22:30:29+00:00
2026-09-28T18:49:00Z,30995.0,30995.0,30995.0,30995.0,1,2026-09-28T22:30:29+00:00
2026-09-28T18:51:00Z,30999.25,30999.25,30999.25,30999.25,1,2026-09-28T22:30:29+00:00
2026-09-28T18:52:00Z,31010.0,31010.0,31010.0,31010.0,1,2026-09-28T22:30:29+00:00
2026-09-28T18:53:00Z,31004.5,31015.25,31004.5,31007.5,6,2026-09-28T22:30:29+00:00
2026-09-28T18:54:00Z,31001.25,31002.25,30999.25,31000.25,5,2026-09-28T22:30:29+00:00
2026-09-28T18:55:00Z,31009.0,31009.0,31002.5,31005.75,9,2026-09-28T22:30:29+00:00
2026-09-28T18:56:00Z,31009.25,31009.25,31008.5,31008.5,4,2026-09-28T22:30:29+00:00
2026-09-28T18:57:00Z,31011.5,31011.5,31007.5,31007.5,3,2026-09-28T22:30:29+00:00
2026-09-28T18:58:00Z,31009.25,31009.25,31009.25,31009.25,1,2026-09-28T22:30:29+00:00
2026-09-28T18:59:00Z,31009.75,31009.75,31009.75,31009.75,1,2026-09-28T22:30:29+00:00
2026-09-28T19:00:00Z,31005.5,31005.5,31005.5,31005.5,12,2026-09-28T22:30:29+00:00
2026-09-28T19:02:00Z,30972.5,30972.5,30972.5,30972.5,1,2026-09-28T22:30:29+00:00
2026-09-28T19:03:00Z,30986.25,30986.25,30986.25,30986.25,1,2026-09-28T22:30:29+00:00
2026-09-28T19:06:00Z,30970.0,30970.0,30970.0,30970.0,1,2026-09-28T22:30:29+00:00
2026-09-28T19:08:00Z,30968.25,30968.25,30968.25,30968.25,1,2026-09-28T22:30:29+00:00
2026-09-28T19:13:00Z,30957.25,30957.25,30957.25,30957.25,1,2026-09-28T22:30:29+00:00
2026-09-28T19:17:00Z,30952.75,30952.75,30951.5,30951.5,2,2026-09-28T22:30:29+00:00
2026-09-28T19:18:00Z,30959.75,30961.0,30959.75,30961.0,2,2026-09-28T22:30:29+00:00
2026-09-28T19:21:00Z,30961.0,30961.25,30961.0,30961.25,2,2026-09-28T22:30:29+00:00
2026-09-28T19:25:00Z,30970.25,30970.25,30970.25,30970.25,1,2026-09-28T22:30:29+00:00
2026-09-28T19:28:00Z,30963.25,30967.5,30963.25,30967.5,6,2026-09-28T22:30:29+00:00
2026-09-28T19:30:00Z,30950.75,30950.75,30950.75,30950.75,1,2026-09-28T22:30:29+00:00
2026-09-28T19:32:00Z,30948.0,30948.0,30948.0,30948.0,1,2026-09-28T22:30:29+00:00
2026-09-28T19:33:00Z,30959.5,30959.75,30959.5,30959.5,3,2026-09-28T22:30:29+00:00
2026-09-28T19:34:00Z,30951.75,30954.0,30950.25,30954.0,3,2026-09-28T22:30:29+00:00
2026-09-28T19:35:00Z,30961.75,30961.75,30961.0,30961.0,2,2026-09-28T22:30:29+00:00
2026-09-28T19:36:00Z,30946.5,30946.5,30943.0,30943.0,4,2026-09-28T22:30:29+00:00
2026-09-28T19:38:00Z,30935.25,30935.75,30926.0,30926.0,3,2026-09-28T22:30:29+00:00
2026-09-28T19:39:00Z,30918.5,30918.5,30914.0,30914.0,6,2026-09-28T22:30:29+00:00
2026-09-28T19:40:00Z,30921.0,30921.0,30921.0,30921.0,1,2026-09-28T22:30:29+00:00
2026-09-28T19:42:00Z,30926.25,30926.5,30926.25,30926.5,2,2026-09-28T22:30:29+00:00
2026-09-28T19:43:00Z,30935.75,30935.75,30928.75,30928.75,6,2026-09-28T22:30:29+00:00
2026-09-28T19:46:00Z,30942.0,30942.0,30942.0,30942.0,1,2026-09-28T22:30:29+00:00
2026-09-28T19:47:00Z,30940.0,30940.0,30940.0,30940.0,9,2026-09-28T22:30:29+00:00
2026-09-28T19:49:00Z,30934.25,30934.25,30934.25,30934.25,3,2026-09-28T22:30:29+00:00
2026-09-28T19:52:00Z,30926.25,30926.25,30924.75,30925.75,3,2026-09-28T22:30:29+00:00
2026-09-28T19:53:00Z,30921.25,30923.0,30921.25,30923.0,2,2026-09-28T22:30:29+00:00
2026-09-28T19:54:00Z,30915.0,30919.25,30915.0,30919.25,3,2026-09-28T22:30:29+00:00
2026-09-28T19:55:00Z,30915.0,30917.75,30915.0,30917.5,5,2026-09-28T22:30:29+00:00
2026-09-28T19:59:00Z,30936.25,30937.5,30936.25,30937.5,6,2026-09-28T22:30:29+00:00
2026-09-28T20:00:00Z,30940.75,30944.5,30940.75,30944.5,8,2026-09-28T22:30:29+00:00
2026-09-28T20:04:00Z,30944.25,30944.25,30943.25,30943.25,19,2026-09-28T22:30:29+00:00
2026-09-28T20:15:00Z,30931.5,30931.5,30931.5,30931.5,0,2026-09-29T22:30:23+00:00
2026-09-28T22:32:00Z,30957.0,30957.0,30957.0,30957.0,1,2026-09-29T22:30:23+00:00
2026-09-29T00:02:00Z,30965.0,30965.0,30965.0,30965.0,1,2026-09-29T22:30:23+00:00
2026-09-29T00:31:00Z,30891.75,30891.75,30891.75,30891.75,1,2026-09-29T22:30:23+00:00
2026-09-29T00:39:00Z,30917.25,30917.25,30917.25,30917.25,1,2026-09-29T22:30:23+00:00
2026-09-29T00:55:00Z,30885.0,30885.0,30885.0,30885.0,1,2026-09-29T22:30:23+00:00
2026-09-29T01:05:00Z,30868.0,30868.0,30868.0,30868.0,1,2026-09-29T22:30:23+00:00
2026-09-29T01:19:00Z,30813.0,30813.0,30811.5,30811.5,2,2026-09-29T22:30:23+00:00
2026-09-29T01:24:00Z,30842.0,30842.0,30839.5,30839.5,2,2026-09-29T22:30:23+00:00
2026-09-29T01:32:00Z,30851.75,30851.75,30851.75,30851.75,1,2026-09-29T22:30:23+00:00
2026-09-29T01:36:00Z,30858.25,30858.25,30858.25,30858.25,1,2026-09-29T22:30:23+00:00
2026-09-29T01:55:00Z,30872.75,30872.75,30872.75,30872.75,1,2026-09-29T22:30:23+00:00
2026-09-29T02:37:00Z,30850.25,30850.25,30850.25,30850.25,1,2026-09-29T22:30:23+00:00
2026-09-29T02:51:00Z,30837.5,30837.5,30837.5,30837.5,1,2026-09-29T22:30:23+00:00
2026-09-29T03:13:00Z,30805.0,30805.0,30805.0,30805.0,2,2026-09-29T22:30:23+00:00
2026-09-29T03:14:00Z,30795.75,30795.75,30787.5,30793.5,8,2026-09-29T22:30:23+00:00
2026-09-29T03:17:00Z,30798.0,30798.0,30798.0,30798.0,1,2026-09-29T22:30:23+00:00
2026-09-29T03:35:00Z,30842.0,30842.0,30842.0,30842.0,1,2026-09-29T22:30:23+00:00
2026-09-29T03:36:00Z,30850.25,30850.25,30850.25,30850.25,1,2026-09-29T22:30:23+00:00
2026-09-29T03:50:00Z,30837.5,30837.5,30837.5,30837.5,1,2026-09-29T22:30:23+00:00
2026-09-29T03:53:00Z,30829.75,30829.75,30829.75,30829.75,9,2026-09-29T22:30:23+00:00
2026-09-29T04:15:00Z,30802.25,30802.25,30802.25,30802.25,1,2026-09-29T22:30:23+00:00
2026-09-29T04:29:00Z,30804.75,30804.75,30804.75,30804.75,1,2026-09-29T22:30:23+00:00
2026-09-29T04:59:00Z,30801.0,30801.0,30801.0,30801.0,1,2026-09-29T22:30:23+00:00
2026-09-29T05:10:00Z,30790.25,30790.25,30788.0,30788.0,7,2026-09-29T22:30:23+00:00
2026-09-29T05:32:00Z,30777.0,30777.0,30777.0,30777.0,2,2026-09-29T22:30:23+00:00
2026-09-29T05:37:00Z,30745.5,30745.5,30745.5,30745.5,1,2026-09-29T22:30:23+00:00
2026-09-29T05:50:00Z,30791.25,30791.25,30791.25,30791.25,1,2026-09-29T22:30:23+00:00
2026-09-29T06:02:00Z,30811.5,30811.5,30810.0,30810.0,2,2026-09-29T22:30:23+00:00
2026-09-29T06:04:00Z,30827.0,30827.0,30827.0,30827.0,1,2026-09-29T22:30:23+00:00
2026-09-29T06:07:00Z,30825.5,30827.75,30821.25,30827.75,7,2026-09-29T22:30:23+00:00
2026-09-29T06:08:00Z,30837.25,30841.5,30837.25,30841.5,2,2026-09-29T22:30:23+00:00
2026-09-29T06:21:00Z,30863.0,30863.0,30863.0,30863.0,1,2026-09-29T22:30:23+00:00
2026-09-29T06:31:00Z,30915.5,30915.5,30915.5,30915.5,1,2026-09-29T22:30:23+00:00
2026-09-29T06:58:00Z,30911.75,30911.75,30911.75,30911.75,2,2026-09-29T22:30:23+00:00
2026-09-29T06:59:00Z,30911.75,30911.75,30911.75,30911.75,3,2026-09-29T22:30:23+00:00
2026-09-29T07:20:00Z,30936.5,30936.5,30936.5,30936.5,1,2026-09-29T22:30:23+00:00
2026-09-29T07:27:00Z,30959.25,30959.25,30959.25,30959.25,1,2026-09-29T22:30:23+00:00
2026-09-29T07:32:00Z,30965.5,30965.5,30965.5,30965.5,1,2026-09-29T22:30:23+00:00
2026-09-29T07:39:00Z,30981.5,30988.5,30981.5,30988.5,2,2026-09-29T22:30:23+00:00
2026-09-29T08:06:00Z,30959.5,30959.5,30959.5,30959.5,2,2026-09-29T22:30:23+00:00
2026-09-29T08:15:00Z,30957.5,30957.5,30957.5,30957.5,1,2026-09-29T22:30:23+00:00
2026-09-29T08:21:00Z,30999.0,31000.0,30999.0,31000.0,2,2026-09-29T22:30:23+00:00
2026-09-29T08:28:00Z,30992.5,30992.5,30992.5,30992.5,1,2026-09-29T22:30:23+00:00
2026-09-29T08:34:00Z,30972.75,30972.75,30972.75,30972.75,1,2026-09-29T22:30:23+00:00
2026-09-29T08:39:00Z,30988.75,30988.75,30988.75,30988.75,1,2026-09-29T22:30:23+00:00
2026-09-29T08:49:00Z,31000.0,31000.0,30996.0,30996.0,2,2026-09-29T22:30:23+00:00
2026-09-29T08:50:00Z,30986.0,30986.0,30986.0,30986.0,1,2026-09-29T22:30:23+00:00
2026-09-29T09:10:00Z,30954.25,30954.25,30954.25,30954.25,1,2026-09-29T22:30:23+00:00
2026-09-29T09:53:00Z,30936.25,30936.25,30936.25,30936.25,1,2026-09-29T22:30:23+00:00
2026-09-29T09:55:00Z,30957.0,30957.0,30957.0,30957.0,1,2026-09-29T22:30:23+00:00
2026-09-29T10:13:00Z,30982.75,30988.5,30982.75,30988.5,4,2026-09-29T22:30:23+00:00
2026-09-29T10:25:00Z,30974.5,30974.5,30974.5,30974.5,1,2026-09-29T22:30:23+00:00
2026-09-29T10:30:00Z,30987.25,30987.25,30987.25,30987.25,1,2026-09-29T22:30:23+00:00
2026-09-29T10:40:00Z,30991.5,30991.5,30991.5,30991.5,1,2026-09-29T22:30:23+00:00
2026-09-29T10:52:00Z,30992.5,30992.5,30992.5,30992.5,1,2026-09-29T22:30:23+00:00
2026-09-29T10:54:00Z,31000.0,31000.0,31000.0,31000.0,2,2026-09-29T22:30:23+00:00
2026-09-29T11:00:00Z,31020.0,31020.0,31020.0,31020.0,1,2026-09-29T22:30:23+00:00
2026-09-29T11:03:00Z,31039.25,31039.25,31039.25,31039.25,3,2026-09-29T22:30:23+00:00
2026-09-29T11:09:00Z,31021.0,31021.0,31021.0,31021.0,1,2026-09-29T22:30:23+00:00
2026-09-29T11:49:00Z,31032.0,31072.5,31032.0,31072.5,6,2026-09-29T22:30:23+00:00
2026-09-29T11:51:00Z,31046.75,31046.75,31046.75,31046.75,1,2026-09-29T22:30:23+00:00
2026-09-29T12:17:00Z,31077.75,31077.75,31077.75,31077.75,3,2026-09-29T22:30:23+00:00
2026-09-29T12:26:00Z,31036.0,31036.0,31036.0,31036.0,1,2026-09-29T22:30:23+00:00
2026-09-29T12:33:00Z,31036.0,31036.0,31036.0,31036.0,5,2026-09-29T22:30:23+00:00
2026-09-29T12:44:00Z,31023.25,31023.25,31017.5,31017.5,6,2026-09-29T22:30:23+00:00
2026-09-29T12:54:00Z,31005.0,31005.0,31005.0,31005.0,1,2026-09-29T22:30:23+00:00
2026-09-29T13:02:00Z,31009.5,31009.5,31009.5,31009.5,1,2026-09-29T22:30:23+00:00
2026-09-29T13:21:00Z,31036.0,31036.0,31036.0,31036.0,1,2026-09-29T22:30:23+00:00
2026-09-29T13:25:00Z,31050.0,31050.0,31050.0,31050.0,1,2026-09-29T22:30:23+00:00
2026-09-29T13:27:00Z,31055.5,31058.0,31055.5,31058.0,3,2026-09-29T22:30:23+00:00
2026-09-29T13:28:00Z,31063.5,31063.5,31063.5,31063.5,1,2026-09-29T22:30:23+00:00
2026-09-29T13:30:00Z,31085.5,31096.75,31044.5,31054.0,13,2026-09-29T22:30:23+00:00
2026-09-29T13:31:00Z,31044.0,31051.25,31031.5,31031.5,4,2026-09-29T22:30:23+00:00
2026-09-29T13:32:00Z,31039.0,31044.25,31027.0,31036.25,8,2026-09-29T22:30:23+00:00
2026-09-29T13:33:00Z,31015.75,31016.0,31002.0,31002.0,14,2026-09-29T22:30:23+00:00
2026-09-29T13:34:00Z,30984.5,30984.5,30984.5,30984.5,1,2026-09-29T22:30:23+00:00
2026-09-29T13:35:00Z,30987.5,30987.5,30963.5,30963.5,12,2026-09-29T22:30:23+00:00
2026-09-29T13:37:00Z,30983.0,31004.0,30979.0,31004.0,7,2026-09-29T22:30:23+00:00
2026-09-29T13:38:00Z,30973.25,30973.25,30973.25,30973.25,1,2026-09-29T22:30:23+00:00
2026-09-29T13:44:00Z,30933.25,30933.25,30933.25,30933.25,1,2026-09-29T22:30:23+00:00
2026-09-29T13:47:00Z,30971.0,30971.0,30971.0,30971.0,1,2026-09-29T22:30:23+00:00
2026-09-29T13:48:00Z,30943.5,30943.5,30943.25,30943.25,2,2026-09-29T22:30:23+00:00
2026-09-29T13:49:00Z,30944.0,30944.0,30944.0,30944.0,1,2026-09-29T22:30:23+00:00
2026-09-29T13:51:00Z,30971.25,30971.25,30971.25,30971.25,1,2026-09-29T22:30:23+00:00
2026-09-29T13:52:00Z,30976.5,30985.0,30976.5,30985.0,2,2026-09-29T22:30:23+00:00
2026-09-29T13:53:00Z,30992.0,30992.0,30989.0,30989.0,5,2026-09-29T22:30:23+00:00
2026-09-29T13:54:00Z,30996.5,30996.5,30996.5,30996.5,1,2026-09-29T22:30:23+00:00
2026-09-29T14:01:00Z,30995.75,30995.75,30995.75,30995.75,1,2026-09-29T22:30:23+00:00
2026-09-29T14:02:00Z,30981.0,30991.0,30981.0,30991.0,2,2026-09-29T22:30:23+00:00
2026-09-29T14:03:00Z,30986.5,30986.5,30986.5,30986.5,10,2026-09-29T22:30:23+00:00
2026-09-29T14:05:00Z,31003.75,31003.75,31003.75,31003.75,1,2026-09-29T22:30:23+00:00
2026-09-29T14:06:00Z,30994.5,30994.5,30989.75,30989.75,11,2026-09-29T22:30:23+00:00
2026-09-29T14:09:00Z,30974.5,30974.5,30974.5,30974.5,1,2026-09-29T22:30:23+00:00
2026-09-29T14:10:00Z,30989.75,30989.75,30989.75,30989.75,1,2026-09-29T22:30:23+00:00
2026-09-29T14:12:00Z,30988.25,30988.25,30988.25,30988.25,1,2026-09-29T22:30:23+00:00
2026-09-29T14:13:00Z,31007.0,31007.0,31007.0,31007.0,1,2026-09-29T22:30:23+00:00
2026-09-29T14:16:00Z,30980.0,31009.0,30980.0,31009.0,9,2026-09-29T22:30:23+00:00
2026-09-29T14:18:00Z,31019.0,31019.0,31019.0,31019.0,1,2026-09-29T22:30:23+00:00
2026-09-29T14:20:00Z,31034.0,31034.0,30997.0,30997.0,6,2026-09-29T22:30:23+00:00
2026-09-29T14:21:00Z,30998.5,31016.75,30996.75,31016.75,5,2026-09-29T22:30:23+00:00
2026-09-29T14:23:00Z,31038.25,31038.25,31038.25,31038.25,1,2026-09-29T22:30:23+00:00
2026-09-29T14:24:00Z,31024.75,31024.75,31024.75,31024.75,5,2026-09-29T22:30:23+00:00
2026-09-29T14:25:00Z,31055.0,31055.0,31051.5,31051.75,3,2026-09-29T22:30:23+00:00
2026-09-29T14:29:00Z,31028.5,31037.5,31028.5,31037.5,4,2026-09-29T22:30:23+00:00
2026-09-29T14:31:00Z,31053.75,31065.0,31053.75,31065.0,4,2026-09-29T22:30:23+00:00
2026-09-29T14:33:00Z,31063.0,31065.0,31063.0,31065.0,5,2026-09-29T22:30:23+00:00
2026-09-29T14:34:00Z,31060.75,31060.75,31055.0,31055.0,16,2026-09-29T22:30:23+00:00
2026-09-29T14:35:00Z,31064.25,31064.25,31064.25,31064.25,1,2026-09-29T22:30:23+00:00
2026-09-29T14:37:00Z,31047.25,31047.25,31046.75,31046.75,2,2026-09-29T22:30:23+00:00
2026-09-29T14:39:00Z,31055.25,31055.25,31055.25,31055.25,4,2026-09-29T22:30:23+00:00
2026-09-29T14:43:00Z,31049.0,31049.0,31042.5,31042.5,29,2026-09-29T22:30:23+00:00
2026-09-29T14:47:00Z,31051.0,31051.0,31051.0,31051.0,1,2026-09-29T22:30:23+00:00
2026-09-29T14:48:00Z,31055.0,31055.0,31040.75,31040.75,2,2026-09-29T22:30:23+00:00
2026-09-29T14:49:00Z,31033.25,31033.25,31025.25,31025.25,10,2026-09-29T22:30:23+00:00
2026-09-29T14:50:00Z,31021.75,31021.75,31021.75,31021.75,10,2026-09-29T22:30:23+00:00
2026-09-29T14:51:00Z,31055.0,31060.0,31055.0,31060.0,3,2026-09-29T22:30:23+00:00
2026-09-29T14:52:00Z,31070.25,31070.25,31070.25,31070.25,1,2026-09-29T22:30:23+00:00
2026-09-29T14:55:00Z,31064.75,31065.5,31064.75,31065.5,2,2026-09-29T22:30:23+00:00
2026-09-29T14:56:00Z,31064.5,31066.75,31064.5,31066.75,2,2026-09-29T22:30:23+00:00
2026-09-29T14:58:00Z,31060.0,31060.0,31060.0,31060.0,1,2026-09-29T22:30:23+00:00
2026-09-29T14:59:00Z,31035.0,31035.0,31034.75,31034.75,2,2026-09-29T22:30:23+00:00
2026-09-29T15:02:00Z,31019.25,31019.25,31019.25,31019.25,2,2026-09-29T22:30:23+00:00
2026-09-29T15:05:00Z,30997.25,30997.25,30997.25,30997.25,1,2026-09-29T22:30:23+00:00
2026-09-29T15:08:00Z,30990.0,30990.0,30990.0,30990.0,1,2026-09-29T22:30:23+00:00
2026-09-29T15:09:00Z,30989.25,30989.25,30989.25,30989.25,1,2026-09-29T22:30:23+00:00
2026-09-29T15:15:00Z,31016.0,31016.0,31016.0,31016.0,1,2026-09-29T22:30:23+00:00
2026-09-29T15:18:00Z,30987.25,30987.25,30987.25,30987.25,1,2026-09-29T22:30:23+00:00
2026-09-29T15:21:00Z,30946.0,30946.0,30946.0,30946.0,1,2026-09-29T22:30:23+00:00
2026-09-29T15:26:00Z,30930.0,30930.0,30930.0,30930.0,1,2026-09-29T22:30:23+00:00
2026-09-29T15:27:00Z,30904.75,30904.75,30904.75,30904.75,1,2026-09-29T22:30:23+00:00
2026-09-29T15:30:00Z,30932.5,30932.75,30932.5,30932.75,2,2026-09-29T22:30:23+00:00
2026-09-29T15:31:00Z,30928.25,30928.75,30927.25,30927.25,5,2026-09-29T22:30:23+00:00
2026-09-29T15:33:00Z,30951.0,30956.5,30951.0,30956.5,2,2026-09-29T22:30:23+00:00
2026-09-29T15:34:00Z,30971.25,30971.25,30971.25,30971.25,2,2026-09-29T22:30:23+00:00
2026-09-29T15:38:00Z,30964.0,30964.0,30964.0,30964.0,1,2026-09-29T22:30:23+00:00
2026-09-29T15:39:00Z,30973.5,30973.5,30973.5,30973.5,1,2026-09-29T22:30:23+00:00
2026-09-29T15:41:00Z,30941.25,30941.25,30941.25,30941.25,1,2026-09-29T22:30:23+00:00
2026-09-29T15:44:00Z,30947.0,30947.0,30947.0,30947.0,1,2026-09-29T22:30:23+00:00
2026-09-29T15:46:00Z,30935.75,30935.75,30935.75,30935.75,1,2026-09-29T22:30:23+00:00
2026-09-29T15:47:00Z,30944.25,30979.75,30944.25,30969.0,10,2026-09-29T22:30:23+00:00
2026-09-29T15:48:00Z,30955.5,30955.5,30950.0,30950.0,2,2026-09-29T22:30:23+00:00
2026-09-29T15:51:00Z,30947.5,30947.5,30939.75,30939.75,2,2026-09-29T22:30:23+00:00
2026-09-29T15:57:00Z,30939.25,30943.5,30939.25,30943.5,2,2026-09-29T22:30:23+00:00
2026-09-29T16:00:00Z,30946.25,30946.25,30946.25,30946.25,1,2026-09-29T22:30:23+00:00
2026-09-29T16:02:00Z,30937.25,30937.25,30937.25,30937.25,1,2026-09-29T22:30:23+00:00
2026-09-29T16:08:00Z,30942.0,30942.0,30942.0,30942.0,1,2026-09-29T22:30:23+00:00
2026-09-29T16:09:00Z,30955.25,30955.25,30955.25,30955.25,1,2026-09-29T22:30:23+00:00
2026-09-29T16:11:00Z,30950.5,30950.5,30950.5,30950.5,1,2026-09-29T22:30:23+00:00
2026-09-29T16:12:00Z,30950.75,30950.75,30950.75,30950.75,1,2026-09-29T22:30:23+00:00
2026-09-29T16:13:00Z,30933.0,30933.0,30933.0,30933.0,1,2026-09-29T22:30:23+00:00
2026-09-29T16:14:00Z,30936.75,30936.75,30936.75,30936.75,1,2026-09-29T22:30:23+00:00
2026-09-29T16:16:00Z,30933.25,30933.25,30933.25,30933.25,1,2026-09-29T22:30:23+00:00
2026-09-29T16:21:00Z,30948.5,30948.5,30948.25,30948.25,3,2026-09-29T22:30:23+00:00
2026-09-29T16:22:00Z,30940.75,30941.0,30940.75,30941.0,2,2026-09-29T22:30:23+00:00
2026-09-29T16:23:00Z,30939.75,30939.75,30939.75,30939.75,1,2026-09-29T22:30:23+00:00
2026-09-29T16:29:00Z,30958.0,30958.0,30958.0,30958.0,1,2026-09-29T22:30:23+00:00
2026-09-29T16:31:00Z,30938.75,30938.75,30938.75,30938.75,2,2026-09-29T22:30:23+00:00
2026-09-29T16:38:00Z,30951.0,30951.0,30951.0,30951.0,1,2026-09-29T22:30:23+00:00
2026-09-29T16:41:00Z,30913.25,30913.25,30913.25,30913.25,1,2026-09-29T22:30:23+00:00
2026-09-29T16:42:00Z,30912.0,30912.0,30912.0,30912.0,1,2026-09-29T22:30:23+00:00
2026-09-29T16:43:00Z,30910.25,30915.25,30909.75,30909.75,5,2026-09-29T22:30:23+00:00
2026-09-29T16:44:00Z,30897.5,30897.5,30897.5,30897.5,1,2026-09-29T22:30:23+00:00
2026-09-29T16:45:00Z,30887.5,30901.0,30887.5,30901.0,7,2026-09-29T22:30:23+00:00
2026-09-29T16:47:00Z,30911.25,30914.5,30911.25,30914.5,2,2026-09-29T22:30:23+00:00
2026-09-29T16:48:00Z,30919.5,30919.5,30919.5,30919.5,1,2026-09-29T22:30:23+00:00
2026-09-29T16:51:00Z,30935.75,30935.75,30935.75,30935.75,1,2026-09-29T22:30:23+00:00
2026-09-29T16:55:00Z,30904.25,30904.25,30904.25,30904.25,1,2026-09-29T22:30:23+00:00
2026-09-29T16:56:00Z,30889.75,30891.0,30889.75,30891.0,4,2026-09-29T22:30:23+00:00
2026-09-29T17:00:00Z,30897.5,30897.5,30897.5,30897.5,2,2026-09-29T22:30:23+00:00
2026-09-29T17:03:00Z,30895.0,30895.0,30895.0,30895.0,1,2026-09-29T22:30:23+00:00
2026-09-29T17:04:00Z,30901.25,30901.25,30901.25,30901.25,5,2026-09-29T22:30:23+00:00
2026-09-29T17:07:00Z,30900.25,30900.25,30900.25,30900.25,1,2026-09-29T22:30:23+00:00
2026-09-29T17:10:00Z,30907.25,30907.5,30897.5,30907.5,4,2026-09-29T22:30:23+00:00
2026-09-29T17:13:00Z,30903.25,30903.25,30903.25,30903.25,1,2026-09-29T22:30:23+00:00
2026-09-29T17:15:00Z,30916.25,30916.25,30906.0,30906.0,9,2026-09-29T22:30:23+00:00
2026-09-29T17:16:00Z,30907.5,30907.5,30907.5,30907.5,1,2026-09-29T22:30:23+00:00
2026-09-29T17:18:00Z,30898.5,30912.75,30898.5,30912.75,4,2026-09-29T22:30:23+00:00
2026-09-29T17:23:00Z,30917.25,30917.25,30916.25,30916.25,2,2026-09-29T22:30:23+00:00
2026-09-29T17:24:00Z,30927.0,30927.0,30919.75,30919.75,9,2026-09-29T22:30:23+00:00
2026-09-29T17:25:00Z,30941.5,30941.5,30941.5,30941.5,1,2026-09-29T22:30:23+00:00
2026-09-29T17:30:00Z,30929.25,30929.25,30929.25,30929.25,1,2026-09-29T22:30:23+00:00
2026-09-29T17:41:00Z,30923.75,30923.75,30923.75,30923.75,5,2026-09-29T22:30:23+00:00
2026-09-29T17:42:00Z,30916.25,30916.25,30916.25,30916.25,5,2026-09-29T22:30:23+00:00
2026-09-29T17:51:00Z,30916.0,30916.0,30915.5,30915.5,2,2026-09-29T22:30:23+00:00
2026-09-29T17:57:00Z,30883.75,30883.75,30883.75,30883.75,1,2026-09-29T22:30:23+00:00
2026-09-29T17:59:00Z,30884.5,30887.25,30884.5,30887.25,4,2026-09-29T22:30:23+00:00
2026-09-29T18:00:00Z,30895.5,30939.25,30895.5,30939.25,11,2026-09-29T22:30:23+00:00
2026-09-29T18:02:00Z,30940.0,30940.0,30940.0,30940.0,5,2026-09-29T22:30:23+00:00
2026-09-29T18:06:00Z,30958.75,30958.75,30958.75,30958.75,1,2026-09-29T22:30:23+00:00
2026-09-29T18:07:00Z,30958.5,30958.5,30958.5,30958.5,10,2026-09-29T22:30:23+00:00
2026-09-29T18:14:00Z,30951.5,30951.5,30951.5,30951.5,2,2026-09-29T22:30:23+00:00
2026-09-29T18:17:00Z,30958.5,30959.0,30958.5,30959.0,2,2026-09-29T22:30:23+00:00
2026-09-29T18:19:00Z,30970.0,30970.0,30970.0,30970.0,1,2026-09-29T22:30:23+00:00
2026-09-29T18:21:00Z,30963.5,30963.75,30963.5,30963.75,2,2026-09-29T22:30:23+00:00
2026-09-29T18:22:00Z,30975.0,30975.0,30975.0,30975.0,1,2026-09-29T22:30:23+00:00
2026-09-29T18:23:00Z,30983.75,30983.75,30983.75,30983.75,1,2026-09-29T22:30:23+00:00
2026-09-29T18:24:00Z,30967.25,30967.25,30967.0,30967.0,2,2026-09-29T22:30:23+00:00
2026-09-29T18:27:00Z,30977.0,30977.0,30977.0,30977.0,1,2026-09-29T22:30:23+00:00
2026-09-29T18:28:00Z,30980.0,30989.25,30980.0,30989.25,2,2026-09-29T22:30:23+00:00
2026-09-29T18:29:00Z,30971.75,30971.75,30971.75,30971.75,1,2026-09-29T22:30:23+00:00
2026-09-29T18:30:00Z,30983.0,30983.0,30983.0,30983.0,2,2026-09-29T22:30:23+00:00
2026-09-29T18:32:00Z,30959.5,30959.5,30959.5,30959.5,1,2026-09-29T22:30:23+00:00
2026-09-29T18:36:00Z,30973.5,30974.75,30973.5,30974.75,2,2026-09-29T22:30:23+00:00
2026-09-29T18:38:00Z,30995.0,30995.0,30995.0,30995.0,1,2026-09-29T22:30:23+00:00
2026-09-29T18:39:00Z,31006.0,31008.0,31006.0,31008.0,2,2026-09-29T22:30:23+00:00
2026-09-29T18:40:00Z,31021.5,31021.5,31016.0,31016.0,3,2026-09-29T22:30:23+00:00
2026-09-29T18:41:00Z,31024.0,31024.0,31024.0,31024.0,1,2026-09-29T22:30:23+00:00
2026-09-29T18:43:00Z,31005.5,31005.5,31005.5,31005.5,1,2026-09-29T22:30:23+00:00
2026-09-29T18:44:00Z,31002.5,31002.5,31002.5,31002.5,1,2026-09-29T22:30:23+00:00
2026-09-29T18:47:00Z,31006.5,31006.5,31002.5,31002.5,2,2026-09-29T22:30:23+00:00
2026-09-29T18:48:00Z,31000.0,31006.5,31000.0,31006.5,2,2026-09-29T22:30:23+00:00
2026-09-29T19:01:00Z,31020.75,31020.75,31020.75,31020.75,1,2026-09-29T22:30:23+00:00
2026-09-29T19:06:00Z,31026.0,31026.0,31026.0,31026.0,1,2026-09-29T22:30:23+00:00
2026-09-29T19:18:00Z,30997.0,30998.5,30997.0,30998.5,3,2026-09-29T22:30:23+00:00
2026-09-29T19:22:00Z,31001.75,31001.75,31001.75,31001.75,1,2026-09-29T22:30:23+00:00
2026-09-29T19:30:00Z,30987.75,30987.75,30987.75,30987.75,1,2026-09-29T22:30:23+00:00
2026-09-29T19:31:00Z,31000.0,31000.0,31000.0,31000.0,1,2026-09-29T22:30:23+00:00
2026-09-29T19:34:00Z,30999.75,30999.75,30999.75,30999.75,1,2026-09-29T22:30:23+00:00
2026-09-29T19:39:00Z,30998.25,30998.25,30998.25,30998.25,1,2026-09-29T22:30:23+00:00
2026-09-29T19:43:00Z,30978.0,30978.0,30978.0,30978.0,1,2026-09-29T22:30:23+00:00
2026-09-29T19:50:00Z,30987.0,30987.0,30987.0,30987.0,1,2026-09-29T22:30:23+00:00
2026-09-29T19:51:00Z,30995.5,30995.5,30995.5,30995.5,1,2026-09-29T22:30:23+00:00
2026-09-29T19:52:00Z,30996.25,31008.25,30996.25,31008.25,3,2026-09-29T22:30:23+00:00
2026-09-29T19:53:00Z,30998.75,31002.75,30998.75,31001.75,67,2026-09-29T22:30:23+00:00
2026-09-29T19:54:00Z,31002.75,31012.25,31002.75,31009.5,33,2026-09-29T22:30:23+00:00
2026-09-29T19:55:00Z,30978.75,30978.75,30978.75,30978.75,1,2026-09-29T22:30:23+00:00
2026-09-29T19:56:00Z,30974.0,30974.0,30974.0,30974.0,1,2026-09-29T22:30:23+00:00
2026-09-29T19:57:00Z,30989.0,30989.0,30989.0,30989.0,3,2026-09-29T22:30:23+00:00
2026-09-29T19:59:00Z,30978.0,30983.75,30978.0,30983.75,4,2026-09-29T22:30:23+00:00
2026-09-29T20:00:00Z,30997.75,30997.75,30996.25,30996.25,19,2026-09-29T22:30:23+00:00
2026-09-29T20:06:00Z,31001.0,31001.0,31001.0,31001.0,1,2026-09-29T22:30:23+00:00
2026-09-29T20:09:00Z,30996.25,30996.25,30996.25,30996.25,4,2026-09-29T22:30:23+00:00
2026-09-29T20:25:00Z,31012.25,31012.25,31012.25,31012.25,1,2026-09-29T22:30:23+00:00
2026-09-29T20:37:00Z,31028.0,31028.0,31028.0,31028.0,1,2026-09-29T22:30:23+00:00
2026-09-29T20:44:00Z,31041.0,31041.0,31041.0,31041.0,6,2026-09-30T22:30:25+00:00
2026-09-30T00:01:00Z,31083.75,31083.75,31083.75,31083.75,0,2026-09-30T22:30:25+00:00
2026-09-30T00:43:00Z,31051.0,31051.0,31051.0,31051.0,1,2026-09-30T22:30:25+00:00
2026-09-30T00:44:00Z,31050.25,31050.25,31050.25,31050.25,1,2026-09-30T22:30:25+00:00
2026-09-30T01:03:00Z,31029.0,31029.0,31026.75,31027.5,4,2026-09-30T22:30:25+00:00
2026-09-30T01:21:00Z,31005.0,31005.0,31005.0,31005.0,1,2026-09-30T22:30:25+00:00
2026-09-30T01:29:00Z,31004.5,31004.5,31004.5,31004.5,1,2026-09-30T22:30:25+00:00
2026-09-30T02:34:00Z,30958.0,30958.0,30958.0,30958.0,1,2026-09-30T22:30:25+00:00
2026-09-30T02:48:00Z,30991.75,30991.75,30991.75,30991.75,1,2026-09-30T22:30:25+00:00
2026-09-30T03:25:00Z,30965.75,30965.75,30965.75,30965.75,1,2026-09-30T22:30:25+00:00
2026-09-30T03:33:00Z,30999.75,30999.75,30999.75,30999.75,1,2026-09-30T22:30:25+00:00
2026-09-30T03:39:00Z,31016.25,31016.25,31016.25,31016.25,1,2026-09-30T22:30:25+00:00
2026-09-30T04:55:00Z,31010.5,31010.5,31010.5,31010.5,1,2026-09-30T22:30:25+00:00
2026-09-30T05:47:00Z,30975.0,30975.0,30975.0,30975.0,1,2026-09-30T22:30:25+00:00
2026-09-30T05:53:00Z,30966.5,30966.5,30966.5,30966.5,1,2026-09-30T22:30:25+00:00
2026-09-30T06:01:00Z,30990.0,30990.0,30990.0,30990.0,1,2026-09-30T22:30:25+00:00
2026-09-30T06:15:00Z,30963.75,30963.75,30963.75,30963.75,3,2026-09-30T22:30:25+00:00
2026-09-30T06:23:00Z,30973.5,30973.5,30973.5,30973.5,1,2026-09-30T22:30:25+00:00
2026-09-30T06:27:00Z,30976.25,30976.25,30976.25,30976.25,1,2026-09-30T22:30:25+00:00
2026-09-30T07:03:00Z,30983.0,30983.0,30983.0,30983.0,1,2026-09-30T22:30:25+00:00
2026-09-30T07:14:00Z,31002.5,31002.5,31002.5,31002.5,1,2026-09-30T22:30:25+00:00
2026-09-30T07:19:00Z,31036.0,31036.0,31036.0,31036.0,1,2026-09-30T22:30:25+00:00
2026-09-30T07:20:00Z,31036.25,31036.25,31036.25,31036.25,1,2026-09-30T22:30:25+00:00
2026-09-30T07:24:00Z,31054.25,31054.25,31054.25,31054.25,1,2026-09-30T22:30:25+00:00
2026-09-30T07:36:00Z,31041.75,31047.0,31041.75,31047.0,2,2026-09-30T22:30:25+00:00
2026-09-30T08:24:00Z,31030.0,31030.0,31030.0,31030.0,1,2026-09-30T22:30:25+00:00
2026-09-30T08:29:00Z,31035.25,31035.25,31035.25,31035.25,1,2026-09-30T22:30:25+00:00
2026-09-30T09:04:00Z,30990.0,30990.0,30990.0,30990.0,1,2026-09-30T22:30:25+00:00
2026-09-30T09:08:00Z,30969.0,30983.5,30969.0,30983.5,5,2026-09-30T22:30:25+00:00
2026-09-30T09:32:00Z,31002.75,31006.75,31002.75,31006.75,3,2026-09-30T22:30:25+00:00
2026-09-30T09:43:00Z,30969.5,30969.5,30969.5,30969.5,1,2026-09-30T22:30:25+00:00
2026-09-30T09:46:00Z,30975.0,30975.0,30975.0,30975.0,1,2026-09-30T22:30:25+00:00
2026-09-30T09:53:00Z,30973.75,30973.75,30973.75,30973.75,1,2026-09-30T22:30:25+00:00
2026-09-30T10:04:00Z,30967.5,30967.5,30967.5,30967.5,2,2026-09-30T22:30:25+00:00
2026-09-30T10:22:00Z,30968.5,30968.5,30968.5,30968.5,1,2026-09-30T22:30:25+00:00
2026-09-30T11:00:00Z,30957.5,30957.5,30957.5,30957.5,1,2026-09-30T22:30:25+00:00
2026-09-30T11:07:00Z,30920.25,30920.25,30920.25,30920.25,1,2026-09-30T22:30:25+00:00
2026-09-30T11:10:00Z,30910.0,30910.0,30909.5,30909.5,2,2026-09-30T22:30:25+00:00
2026-09-30T11:11:00Z,30899.0,30899.0,30899.0,30899.0,1,2026-09-30T22:30:25+00:00
2026-09-30T11:16:00Z,30890.5,30890.5,30890.5,30890.5,1,2026-09-30T22:30:25+00:00
2026-09-30T11:17:00Z,30898.25,30898.25,30898.25,30898.25,1,2026-09-30T22:30:25+00:00
2026-09-30T11:19:00Z,30887.0,30887.0,30887.0,30887.0,1,2026-09-30T22:30:25+00:00
2026-09-30T11:26:00Z,30947.25,30947.25,30947.25,30947.25,1,2026-09-30T22:30:25+00:00
2026-09-30T11:34:00Z,30970.0,30970.0,30970.0,30970.0,1,2026-09-30T22:30:25+00:00
2026-09-30T11:46:00Z,30964.25,30964.25,30957.75,30957.75,2,2026-09-30T22:30:25+00:00
2026-09-30T11:58:00Z,30944.0,30944.0,30942.0,30942.0,2,2026-09-30T22:30:25+00:00
2026-09-30T12:02:00Z,30936.75,30936.75,30936.75,30936.75,1,2026-09-30T22:30:25+00:00
2026-09-30T12:14:00Z,30942.75,30942.75,30942.75,30942.75,1,2026-09-30T22:30:25+00:00
2026-09-30T12:15:00Z,30927.5,30927.5,30927.5,30927.5,1,2026-09-30T22:30:25+00:00
2026-09-30T12:25:00Z,30960.0,30960.0,30954.25,30954.25,2,2026-09-30T22:30:25+00:00
2026-09-30T12:29:00Z,30980.0,30980.0,30980.0,30980.0,2,2026-09-30T22:30:25+00:00
2026-09-30T12:30:00Z,31052.0,31063.75,31046.25,31063.75,4,2026-09-30T22:30:25+00:00
2026-09-30T12:31:00Z,31132.5,31132.5,31131.75,31131.75,6,2026-09-30T22:30:25+00:00
2026-09-30T12:32:00Z,31130.0,31130.5,31130.0,31130.5,3,2026-09-30T22:30:25+00:00
2026-09-30T12:33:00Z,31097.25,31097.25,31097.25,31097.25,1,2026-09-30T22:30:25+00:00
2026-09-30T12:35:00Z,31113.25,31116.5,31113.25,31116.5,2,2026-09-30T22:30:25+00:00
2026-09-30T12:36:00Z,31079.75,31079.75,31079.75,31079.75,1,2026-09-30T22:30:25+00:00
2026-09-30T12:37:00Z,31058.0,31063.25,31058.0,31063.25,3,2026-09-30T22:30:25+00:00
2026-09-30T12:38:00Z,31072.25,31072.25,31072.25,31072.25,1,2026-09-30T22:30:25+00:00
2026-09-30T12:40:00Z,31092.0,31092.0,31092.0,31092.0,1,2026-09-30T22:30:25+00:00
2026-09-30T12:43:00Z,31098.5,31098.5,31098.5,31098.5,1,2026-09-30T22:30:25+00:00
2026-09-30T12:46:00Z,31091.75,31091.75,31064.0,31064.0,15,2026-09-30T22:30:25+00:00
2026-09-30T12:47:00Z,31048.0,31048.0,31048.0,31048.0,2,2026-09-30T22:30:25+00:00
2026-09-30T12:48:00Z,31057.5,31066.0,31057.5,31066.0,2,2026-09-30T22:30:25+00:00
2026-09-30T12:50:00Z,31061.0,31061.0,31061.0,31061.0,1,2026-09-30T22:30:25+00:00
2026-09-30T12:52:00Z,31076.75,31078.5,31076.75,31078.25,8,2026-09-30T22:30:25+00:00
2026-09-30T12:55:00Z,31097.75,31097.75,31097.75,31097.75,1,2026-09-30T22:30:25+00:00
2026-09-30T13:04:00Z,31108.75,31108.75,31108.75,31108.75,1,2026-09-30T22:30:25+00:00
2026-09-30T13:05:00Z,31120.5,31120.5,31120.5,31120.5,1,2026-09-30T22:30:25+00:00
2026-09-30T13:06:00Z,31111.75,31124.25,31111.75,31121.0,6,2026-09-30T22:30:25+00:00
2026-09-30T13:07:00Z,31127.25,31127.25,31127.25,31127.25,1,2026-09-30T22:30:25+00:00
2026-09-30T13:08:00Z,31134.25,31134.25,31118.75,31118.75,3,2026-09-30T22:30:25+00:00
2026-09-30T13:10:00Z,31111.75,31111.75,31111.75,31111.75,12,2026-09-30T22:30:25+00:00
2026-09-30T13:11:00Z,31113.5,31120.5,31113.5,31120.5,3,2026-09-30T22:30:25+00:00
2026-09-30T13:13:00Z,31114.5,31114.5,31114.5,31114.5,1,2026-09-30T22:30:25+00:00
2026-09-30T13:14:00Z,31104.5,31104.5,31104.5,31104.5,2,2026-09-30T22:30:25+00:00
2026-09-30T13:20:00Z,31066.25,31066.25,31066.25,31066.25,1,2026-09-30T22:30:25+00:00
2026-09-30T13:22:00Z,31070.75,31073.75,31070.75,31073.75,3,2026-09-30T22:30:25+00:00
2026-09-30T13:24:00Z,31073.75,31074.0,31073.75,31074.0,2,2026-09-30T22:30:25+00:00
2026-09-30T13:26:00Z,31093.25,31093.25,31093.25,31093.25,1,2026-09-30T22:30:25+00:00
2026-09-30T13:27:00Z,31095.0,31095.0,31095.0,31095.0,1,2026-09-30T22:30:25+00:00
2026-09-30T13:28:00Z,31075.75,31075.75,31064.0,31064.0,6,2026-09-30T22:30:25+00:00
2026-09-30T13:30:00Z,31057.5,31061.5,31053.25,31061.5,4,2026-09-30T22:30:25+00:00
2026-09-30T13:31:00Z,31107.5,31163.0,31107.5,31163.0,7,2026-09-30T22:30:25+00:00
2026-09-30T13:32:00Z,31152.5,31154.5,31152.5,31154.5,2,2026-09-30T22:30:25+00:00
2026-09-30T13:33:00Z,31119.0,31119.0,31092.75,31092.75,4,2026-09-30T22:30:25+00:00
2026-09-30T13:34:00Z,31145.75,31145.75,31135.5,31138.25,3,2026-09-30T22:30:25+00:00
2026-09-30T13:35:00Z,31136.0,31136.0,31087.75,31087.75,21,2026-09-30T22:30:25+00:00
2026-09-30T13:36:00Z,31094.0,31094.0,31088.5,31088.5,4,2026-09-30T22:30:25+00:00
2026-09-30T13:37:00Z,31131.0,31131.0,31131.0,31131.0,1,2026-09-30T22:30:25+00:00
2026-09-30T13:39:00Z,31102.5,31102.5,31102.5,31102.5,1,2026-09-30T22:30:25+00:00
2026-09-30T13:41:00Z,31123.0,31123.0,31123.0,31123.0,5,2026-09-30T22:30:25+00:00
2026-09-30T13:42:00Z,31134.5,31134.5,31134.5,31134.5,1,2026-09-30T22:30:25+00:00
2026-09-30T13:43:00Z,31126.75,31146.75,31124.75,31146.75,4,2026-09-30T22:30:25+00:00
2026-09-30T13:44:00Z,31122.0,31136.0,31122.0,31131.5,3,2026-09-30T22:30:25+00:00
2026-09-30T13:45:00Z,31149.25,31149.25,31112.25,31112.25,3,2026-09-30T22:30:25+00:00
2026-09-30T13:46:00Z,31094.25,31094.25,31094.25,31094.25,1,2026-09-30T22:30:25+00:00
2026-09-30T13:47:00Z,31099.25,31099.25,31093.25,31093.25,2,2026-09-30T22:30:25+00:00
2026-09-30T13:48:00Z,31100.25,31100.25,31100.0,31100.0,2,2026-09-30T22:30:25+00:00
2026-09-30T13:49:00Z,31135.5,31144.0,31135.5,31143.0,8,2026-09-30T22:30:25+00:00
2026-09-30T13:50:00Z,31141.5,31141.5,31141.5,31141.5,1,2026-09-30T22:30:25+00:00
2026-09-30T13:51:00Z,31146.0,31146.0,31146.0,31146.0,1,2026-09-30T22:30:25+00:00
2026-09-30T13:52:00Z,31131.25,31131.25,31130.25,31130.25,2,2026-09-30T22:30:25+00:00
2026-09-30T13:53:00Z,31117.75,31130.0,31105.75,31130.0,3,2026-09-30T22:30:25+00:00
2026-09-30T13:54:00Z,31126.25,31140.75,31126.25,31140.75,3,2026-09-30T22:30:25+00:00
2026-09-30T13:55:00Z,31165.75,31170.0,31163.0,31163.0,4,2026-09-30T22:30:25+00:00
2026-09-30T13:57:00Z,31159.0,31163.75,31159.0,31163.75,2,2026-09-30T22:30:25+00:00
2026-09-30T13:58:00Z,31154.25,31167.25,31154.25,31167.25,3,2026-09-30T22:30:25+00:00
2026-09-30T13:59:00Z,31165.25,31210.25,31165.25,31210.25,13,2026-09-30T22:30:25+00:00
2026-09-30T14:00:00Z,31219.75,31219.75,31217.5,31217.5,2,2026-09-30T22:30:25+00:00
2026-09-30T14:01:00Z,31218.75,31218.75,31218.75,31218.75,1,2026-09-30T22:30:25+00:00
2026-09-30T14:02:00Z,31221.25,31240.5,31221.25,31240.5,3,2026-09-30T22:30:25+00:00
2026-09-30T14:03:00Z,31229.0,31236.0,31226.0,31236.0,3,2026-09-30T22:30:25+00:00
2026-09-30T14:06:00Z,31258.0,31258.0,31258.0,31258.0,1,2026-09-30T22:30:25+00:00
2026-09-30T14:08:00Z,31227.0,31227.0,31222.0,31222.0,6,2026-09-30T22:30:25+00:00
2026-09-30T14:09:00Z,31229.5,31229.5,31218.25,31218.25,2,2026-09-30T22:30:25+00:00
2026-09-30T14:10:00Z,31221.5,31221.5,31214.0,31214.0,2,2026-09-30T22:30:25+00:00
2026-09-30T14:11:00Z,31191.0,31191.0,31191.0,31191.0,1,2026-09-30T22:30:25+00:00
2026-09-30T14:12:00Z,31195.5,31195.5,31195.5,31195.5,1,2026-09-30T22:30:25+00:00
2026-09-30T14:13:00Z,31195.0,31195.0,31184.75,31184.75,3,2026-09-30T22:30:25+00:00
2026-09-30T14:15:00Z,31207.0,31208.5,31201.25,31201.25,3,2026-09-30T22:30:25+00:00
2026-09-30T14:17:00Z,31183.0,31183.0,31183.0,31183.0,1,2026-09-30T22:30:25+00:00
2026-09-30T14:18:00Z,31209.75,31209.75,31209.75,31209.75,2,2026-09-30T22:30:25+00:00
2026-09-30T14:20:00Z,31215.25,31228.75,31215.25,31228.75,5,2026-09-30T22:30:25+00:00
2026-09-30T14:21:00Z,31222.25,31222.25,31222.25,31222.25,1,2026-09-30T22:30:25+00:00
2026-09-30T14:23:00Z,31200.5,31218.75,31200.5,31218.75,2,2026-09-30T22:30:25+00:00
2026-09-30T14:25:00Z,31197.5,31197.75,31192.0,31192.0,3,2026-09-30T22:30:25+00:00
2026-09-30T14:26:00Z,31194.75,31194.75,31194.75,31194.75,1,2026-09-30T22:30:25+00:00
2026-09-30T14:27:00Z,31189.5,31189.5,31189.5,31189.5,1,2026-09-30T22:30:25+00:00
2026-09-30T14:28:00Z,31180.5,31180.5,31180.5,31180.5,1,2026-09-30T22:30:25+00:00
2026-09-30T14:29:00Z,31185.25,31195.0,31185.25,31190.5,3,2026-09-30T22:30:25+00:00
2026-09-30T14:31:00Z,31192.25,31201.0,31184.5,31201.0,5,2026-09-30T22:30:25+00:00
2026-09-30T14:32:00Z,31207.5,31207.5,31187.0,31187.0,5,2026-09-30T22:30:25+00:00
2026-09-30T14:33:00Z,31180.0,31180.0,31180.0,31180.0,1,2026-09-30T22:30:25+00:00
2026-09-30T14:34:00Z,31172.75,31172.75,31150.5,31150.5,12,2026-09-30T22:30:25+00:00
2026-09-30T14:35:00Z,31153.75,31153.75,31152.25,31152.25,2,2026-09-30T22:30:25+00:00
2026-09-30T14:36:00Z,31147.75,31147.75,31147.75,31147.75,2,2026-09-30T22:30:25+00:00
2026-09-30T14:38:00Z,31173.0,31178.25,31164.5,31178.25,5,2026-09-30T22:30:25+00:00
2026-09-30T14:39:00Z,31182.5,31187.25,31174.0,31174.0,4,2026-09-30T22:30:25+00:00
2026-09-30T14:42:00Z,31183.5,31190.5,31182.75,31190.5,3,2026-09-30T22:30:25+00:00
2026-09-30T14:43:00Z,31197.25,31197.25,31172.25,31172.25,5,2026-09-30T22:30:25+00:00
2026-09-30T14:44:00Z,31179.5,31179.5,31179.5,31179.5,1,2026-09-30T22:30:25+00:00
2026-09-30T14:47:00Z,31185.5,31185.5,31185.5,31185.5,1,2026-09-30T22:30:25+00:00
2026-09-30T14:48:00Z,31189.0,31203.25,31189.0,31203.25,5,2026-09-30T22:30:25+00:00
2026-09-30T14:49:00Z,31209.75,31216.25,31209.75,31216.25,4,2026-09-30T22:30:25+00:00
2026-09-30T14:52:00Z,31208.75,31220.5,31208.75,31220.5,3,2026-09-30T22:30:25+00:00
2026-09-30T14:54:00Z,31235.75,31242.75,31233.0,31239.0,10,2026-09-30T22:30:25+00:00
2026-09-30T14:55:00Z,31238.0,31238.0,31238.0,31238.0,5,2026-09-30T22:30:25+00:00
2026-09-30T14:56:00Z,31226.0,31226.0,31225.75,31225.75,2,2026-09-30T22:30:25+00:00
2026-09-30T14:58:00Z,31234.25,31234.25,31234.25,31234.25,1,2026-09-30T22:30:25+00:00
2026-09-30T15:00:00Z,31206.5,31212.5,31206.5,31212.5,10,2026-09-30T22:30:25+00:00
2026-09-30T15:01:00Z,31198.25,31198.25,31197.75,31197.75,2,2026-09-30T22:30:25+00:00
2026-09-30T15:02:00Z,31194.25,31194.25,31194.25,31194.25,1,2026-09-30T22:30:25+00:00
2026-09-30T15:04:00Z,31196.0,31202.5,31196.0,31202.5,3,2026-09-30T22:30:25+00:00
2026-09-30T15:08:00Z,31195.25,31195.75,31195.25,31195.75,2,2026-09-30T22:30:25+00:00
2026-09-30T15:09:00Z,31206.25,31212.5,31206.25,31212.5,2,2026-09-30T22:30:25+00:00
2026-09-30T15:10:00Z,31218.0,31218.0,31213.0,31213.0,3,2026-09-30T22:30:25+00:00
2026-09-30T15:11:00Z,31214.5,31214.5,31210.5,31210.5,3,2026-09-30T22:30:25+00:00
2026-09-30T15:12:00Z,31204.75,31204.75,31193.25,31196.25,5,2026-09-30T22:30:25+00:00
2026-09-30T15:13:00Z,31203.25,31206.0,31203.0,31206.0,4,2026-09-30T22:30:25+00:00
2026-09-30T15:14:00Z,31190.25,31190.25,31190.25,31190.25,1,2026-09-30T22:30:25+00:00
2026-09-30T15:15:00Z,31201.5,31209.25,31201.5,31209.25,3,2026-09-30T22:30:25+00:00
2026-09-30T15:16:00Z,31221.75,31223.5,31221.75,31223.5,3,2026-09-30T22:30:25+00:00
2026-09-30T15:18:00Z,31203.75,31203.75,31203.75,31203.75,1,2026-09-30T22:30:25+00:00
2026-09-30T15:20:00Z,31207.75,31207.75,31207.75,31207.75,1,2026-09-30T22:30:25+00:00
2026-09-30T15:22:00Z,31177.0,31177.0,31177.0,31177.0,1,2026-09-30T22:30:25+00:00
2026-09-30T15:24:00Z,31189.25,31189.25,31187.75,31187.75,2,2026-09-30T22:30:25+00:00
2026-09-30T15:27:00Z,31206.75,31206.75,31206.75,31206.75,1,2026-09-30T22:30:25+00:00
2026-09-30T15:29:00Z,31211.75,31221.75,31211.75,31221.75,4,2026-09-30T22:30:25+00:00
2026-09-30T15:30:00Z,31227.25,31227.25,31225.75,31225.75,3,2026-09-30T22:30:25+00:00
2026-09-30T15:31:00Z,31228.25,31233.25,31228.25,31233.25,6,2026-09-30T22:30:25+00:00
2026-09-30T15:32:00Z,31235.75,31241.0,31235.75,31241.0,8,2026-09-30T22:30:25+00:00
2026-09-30T15:34:00Z,31239.0,31239.0,31227.75,31227.75,6,2026-09-30T22:30:25+00:00
2026-09-30T15:35:00Z,31236.75,31236.75,31236.25,31236.25,2,2026-09-30T22:30:25+00:00
2026-09-30T15:37:00Z,31212.75,31212.75,31212.75,31212.75,1,2026-09-30T22:30:25+00:00
2026-09-30T15:38:00Z,31232.5,31232.5,31230.25,31230.25,2,2026-09-30T22:30:25+00:00
2026-09-30T15:39:00Z,31236.0,31236.0,31235.75,31235.75,2,2026-09-30T22:30:25+00:00
2026-09-30T15:40:00Z,31234.0,31235.25,31233.75,31235.25,4,2026-09-30T22:30:25+00:00
2026-09-30T15:41:00Z,31233.5,31233.5,31231.5,31231.5,3,2026-09-30T22:30:25+00:00
2026-09-30T15:43:00Z,31205.5,31205.5,31205.5,31205.5,1,2026-09-30T22:30:25+00:00
2026-09-30T15:44:00Z,31205.0,31205.0,31195.5,31195.5,4,2026-09-30T22:30:25+00:00
2026-09-30T15:45:00Z,31205.0,31205.0,31205.0,31205.0,1,2026-09-30T22:30:25+00:00
2026-09-30T15:47:00Z,31203.5,31203.5,31203.5,31203.5,1,2026-09-30T22:30:25+00:00
2026-09-30T15:48:00Z,31224.5,31233.25,31224.5,31233.25,6,2026-09-30T22:30:25+00:00
2026-09-30T15:50:00Z,31268.75,31273.25,31264.5,31264.5,5,2026-09-30T22:30:25+00:00
2026-09-30T15:54:00Z,31238.25,31238.25,31238.25,31238.25,1,2026-09-30T22:30:25+00:00
2026-09-30T16:00:00Z,31242.0,31244.0,31239.25,31239.25,4,2026-09-30T22:30:25+00:00
2026-09-30T16:01:00Z,31244.75,31244.75,31242.0,31242.0,2,2026-09-30T22:30:25+00:00
2026-09-30T16:02:00Z,31248.75,31249.25,31248.75,31249.25,2,2026-09-30T22:30:25+00:00
2026-09-30T16:03:00Z,31249.75,31249.75,31249.75,31249.75,2,2026-09-30T22:30:25+00:00
2026-09-30T16:04:00Z,31245.5,31245.5,31243.75,31243.75,3,2026-09-30T22:30:25+00:00
2026-09-30T16:06:00Z,31248.5,31248.5,31248.5,31248.5,1,2026-09-30T22:30:25+00:00
2026-09-30T16:11:00Z,31254.25,31262.5,31254.25,31254.75,6,2026-09-30T22:30:25+00:00
2026-09-30T16:12:00Z,31241.75,31241.75,31241.75,31241.75,1,2026-09-30T22:30:25+00:00
2026-09-30T16:17:00Z,31226.75,31226.75,31226.75,31226.75,2,2026-09-30T22:30:25+00:00
2026-09-30T16:19:00Z,31230.5,31230.5,31230.5,31230.5,1,2026-09-30T22:30:25+00:00
2026-09-30T16:26:00Z,31226.0,31226.0,31226.0,31226.0,1,2026-09-30T22:30:25+00:00
2026-09-30T16:27:00Z,31223.75,31223.75,31223.75,31223.75,1,2026-09-30T22:30:25+00:00
2026-09-30T16:28:00Z,31219.25,31221.75,31219.25,31221.75,2,2026-09-30T22:30:25+00:00
2026-09-30T16:32:00Z,31195.75,31195.75,31195.75,31195.75,1,2026-09-30T22:30:25+00:00
2026-09-30T16:34:00Z,31202.0,31202.0,31198.25,31198.25,2,2026-09-30T22:30:25+00:00
2026-09-30T16:36:00Z,31194.0,31194.0,31191.5,31191.5,7,2026-09-30T22:30:25+00:00
2026-09-30T16:38:00Z,31201.0,31201.0,31201.0,31201.0,1,2026-09-30T22:30:25+00:00
2026-09-30T16:40:00Z,31208.5,31208.5,31208.5,31208.5,1,2026-09-30T22:30:25+00:00
2026-09-30T16:41:00Z,31226.5,31226.5,31224.25,31224.25,2,2026-09-30T22:30:25+00:00
2026-09-30T16:44:00Z,31231.25,31231.25,31231.25,31231.25,1,2026-09-30T22:30:25+00:00
2026-09-30T16:47:00Z,31225.75,31225.75,31225.75,31225.75,1,2026-09-30T22:30:25+00:00
2026-09-30T16:58:00Z,31225.0,31225.0,31225.0,31225.0,1,2026-09-30T22:30:25+00:00
2026-09-30T17:00:00Z,31235.5,31235.5,31235.5,31235.5,6,2026-09-30T22:30:25+00:00
2026-09-30T17:01:00Z,31235.0,31235.0,31234.25,31234.25,2,2026-09-30T22:30:25+00:00
2026-09-30T17:02:00Z,31238.25,31238.25,31238.25,31238.25,1,2026-09-30T22:30:25+00:00
2026-09-30T17:05:00Z,31226.0,31226.0,31226.0,31226.0,1,2026-09-30T22:30:25+00:00
2026-09-30T17:06:00Z,31236.0,31236.0,31236.0,31236.0,1,2026-09-30T22:30:25+00:00
2026-09-30T17:10:00Z,31229.5,31229.5,31229.5,31229.5,1,2026-09-30T22:30:25+00:00
2026-09-30T17:16:00Z,31169.25,31173.5,31169.25,31173.5,2,2026-09-30T22:30:25+00:00
2026-09-30T17:19:00Z,31171.0,31171.0,31160.25,31160.25,8,2026-09-30T22:30:25+00:00
2026-09-30T17:23:00Z,31162.5,31162.5,31162.5,31162.5,1,2026-09-30T22:30:25+00:00
2026-09-30T17:25:00Z,31159.25,31171.5,31145.0,31145.0,99,2026-09-30T22:30:25+00:00
2026-09-30T17:26:00Z,31156.5,31156.5,31153.75,31153.75,6,2026-09-30T22:30:25+00:00
2026-09-30T17:27:00Z,31136.75,31145.0,31135.75,31145.0,8,2026-09-30T22:30:25+00:00
2026-09-30T17:29:00Z,31154.5,31160.75,31154.5,31160.75,6,2026-09-30T22:30:25+00:00
2026-09-30T17:30:00Z,31160.5,31160.5,31160.5,31160.5,1,2026-09-30T22:30:25+00:00
2026-09-30T17:31:00Z,31166.25,31166.25,31166.25,31166.25,6,2026-09-30T22:30:25+00:00
2026-09-30T17:32:00Z,31177.0,31177.0,31177.0,31177.0,1,2026-09-30T22:30:25+00:00
2026-09-30T17:33:00Z,31177.75,31177.75,31177.75,31177.75,5,2026-09-30T22:30:25+00:00
2026-09-30T17:37:00Z,31172.0,31172.0,31161.25,31161.25,14,2026-09-30T22:30:25+00:00
2026-09-30T17:40:00Z,31196.0,31196.0,31196.0,31196.0,1,2026-09-30T22:30:25+00:00
2026-09-30T17:41:00Z,31192.0,31197.0,31188.0,31197.0,54,2026-09-30T22:30:25+00:00
2026-09-30T17:47:00Z,31205.0,31211.5,31205.0,31211.5,5,2026-09-30T22:30:25+00:00
2026-09-30T17:49:00Z,31220.25,31248.0,31219.5,31219.5,50,2026-09-30T22:30:25+00:00
2026-09-30T17:50:00Z,31225.25,31225.25,31225.25,31225.25,1,2026-09-30T22:30:25+00:00
2026-09-30T17:52:00Z,31225.75,31225.75,31225.75,31225.75,1,2026-09-30T22:30:25+00:00
2026-09-30T17:53:00Z,31218.5,31218.5,31217.25,31217.25,2,2026-09-30T22:30:25+00:00
2026-09-30T17:57:00Z,31228.25,31229.0,31228.25,31229.0,2,2026-09-30T22:30:25+00:00
2026-09-30T17:58:00Z,31223.0,31223.0,31223.0,31223.0,10,2026-09-30T22:30:25+00:00
2026-09-30T18:06:00Z,31195.5,31195.5,31184.75,31184.75,13,2026-09-30T22:30:25+00:00
2026-09-30T18:09:00Z,31211.25,31211.25,31211.25,31211.25,12,2026-09-30T22:30:25+00:00
2026-09-30T18:30:00Z,31196.5,31196.5,31196.5,31196.5,1,2026-09-30T22:30:25+00:00
2026-09-30T18:31:00Z,31188.0,31188.0,31188.0,31188.0,1,2026-09-30T22:30:25+00:00
2026-09-30T18:39:00Z,31187.0,31198.25,31187.0,31198.25,2,2026-09-30T22:30:25+00:00
2026-09-30T18:48:00Z,31174.25,31174.25,31174.25,31174.25,1,2026-09-30T22:30:25+00:00
2026-09-30T18:55:00Z,31168.25,31168.25,31168.25,31168.25,1,2026-09-30T22:30:25+00:00
2026-09-30T19:00:00Z,31184.5,31184.5,31184.5,31184.5,1,2026-09-30T22:30:25+00:00
2026-09-30T19:03:00Z,31198.25,31199.75,31198.25,31199.75,11,2026-09-30T22:30:25+00:00
2026-09-30T19:06:00Z,31209.5,31209.5,31209.5,31209.5,1,2026-09-30T22:30:25+00:00
2026-09-30T19:07:00Z,31211.25,31211.25,31211.25,31211.25,3,2026-09-30T22:30:25+00:00
2026-09-30T19:08:00Z,31221.0,31221.0,31221.0,31221.0,1,2026-09-30T22:30:25+00:00
2026-09-30T19:14:00Z,31215.0,31215.0,31215.0,31215.0,1,2026-09-30T22:30:25+00:00
2026-09-30T19:21:00Z,31206.25,31206.25,31206.25,31206.25,2,2026-09-30T22:30:25+00:00
2026-09-30T19:24:00Z,31196.5,31196.5,31196.5,31196.5,1,2026-09-30T22:30:25+00:00
2026-09-30T19:32:00Z,31215.0,31215.0,31215.0,31215.0,1,2026-09-30T22:30:25+00:00
2026-09-30T19:35:00Z,31214.25,31222.0,31214.25,31221.75,3,2026-09-30T22:30:25+00:00
2026-09-30T19:36:00Z,31212.5,31212.5,31212.5,31212.5,1,2026-09-30T22:30:25+00:00
2026-09-30T19:39:00Z,31207.25,31208.25,31207.25,31208.25,2,2026-09-30T22:30:25+00:00
2026-09-30T19:40:00Z,31204.75,31204.75,31203.25,31203.25,2,2026-09-30T22:30:25+00:00
2026-09-30T19:41:00Z,31194.0,31194.0,31194.0,31194.0,1,2026-09-30T22:30:25+00:00
2026-09-30T19:42:00Z,31192.5,31192.5,31192.5,31192.5,1,2026-09-30T22:30:25+00:00
2026-09-30T19:43:00Z,31183.75,31183.75,31183.25,31183.25,2,2026-09-30T22:30:25+00:00
2026-09-30T19:45:00Z,31193.5,31193.5,31193.0,31193.0,7,2026-09-30T22:30:25+00:00
2026-09-30T19:46:00Z,31195.0,31195.0,31194.0,31194.0,13,2026-09-30T22:30:25+00:00
2026-09-30T19:47:00Z,31197.5,31197.5,31196.5,31196.5,10,2026-09-30T22:30:25+00:00
2026-09-30T19:48:00Z,31188.25,31203.75,31188.25,31203.75,37,2026-09-30T22:30:25+00:00
2026-09-30T19:49:00Z,31198.75,31198.75,31198.25,31198.25,4,2026-09-30T22:30:25+00:00
2026-09-30T19:50:00Z,31180.75,31180.75,31165.25,31168.0,4,2026-09-30T22:30:25+00:00
2026-09-30T19:51:00Z,31151.75,31152.75,31140.25,31140.25,3,2026-09-30T22:30:25+00:00
2026-09-30T19:52:00Z,31146.25,31156.25,31142.25,31145.75,17,2026-09-30T22:30:25+00:00
2026-09-30T19:53:00Z,31154.25,31154.25,31148.0,31150.75,5,2026-09-30T22:30:25+00:00
2026-09-30T19:54:00Z,31108.0,31108.5,31091.5,31091.5,5,2026-09-30T22:30:25+00:00
2026-09-30T19:55:00Z,31074.5,31078.0,31074.5,31078.0,3,2026-09-30T22:30:25+00:00
2026-09-30T19:56:00Z,31096.25,31096.25,31091.75,31094.0,3,2026-09-30T22:30:25+00:00
2026-09-30T19:57:00Z,31089.5,31104.75,31089.5,31104.75,6,2026-09-30T22:30:25+00:00
2026-09-30T19:58:00Z,31085.5,31085.75,31085.5,31085.75,3,2026-09-30T22:30:25+00:00
2026-09-30T19:59:00Z,31115.0,31115.0,31049.0,31049.0,23,2026-09-30T22:30:25+00:00
2026-09-30T20:00:00Z,31044.5,31044.5,31044.5,31044.5,4,2026-09-30T22:30:25+00:00
2026-09-30T20:01:00Z,31038.75,31038.75,31038.75,31038.75,2,2026-09-30T22:30:25+00:00
2026-09-30T20:03:00Z,31021.0,31021.0,31021.0,31021.0,23,2026-09-30T22:30:25+00:00
2026-09-30T20:04:00Z,31046.5,31046.5,31046.5,31046.5,16,2026-09-30T22:30:25+00:00
2026-09-30T20:05:00Z,31046.5,31054.0,31046.5,31054.0,8,2026-09-30T22:30:25+00:00
2026-09-30T20:07:00Z,31070.0,31070.0,31070.0,31070.0,5,2026-09-30T22:30:25+00:00
2026-09-30T20:13:00Z,31066.0,31069.0,31066.0,31069.0,10,2026-09-30T22:30:25+00:00
2026-09-30T20:14:00Z,31087.25,31087.25,31087.25,31087.25,2,2026-09-30T22:30:25+00:00
2026-09-30T20:16:00Z,31086.75,31086.75,31086.75,31086.75,157,2026-09-30T22:30:25+00:00
