ts_utc,Open,High,Low,Close,Volume,captured_at
2026-09-17T04:09:00Z,29466.0,29466.0,29462.25,29462.75,0,2026-09-24T16:48:21+00:00
2026-09-17T04:10:00Z,29462.0,29464.0,29461.25,29462.75,49,2026-09-24T16:48:21+00:00
2026-09-17T04:11:00Z,29462.5,29462.5,29460.0,29461.25,38,2026-09-24T16:48:21+00:00
2026-09-17T04:12:00Z,29460.5,29461.25,29453.25,29454.25,88,2026-09-24T16:48:21+00:00
2026-09-17T04:13:00Z,29454.5,29459.5,29454.0,29457.75,69,2026-09-24T16:48:21+00:00
2026-09-17T04:14:00Z,29457.75,29459.5,29456.25,29459.5,19,2026-09-24T16:48:21+00:00
2026-09-17T04:15:00Z,29458.5,29461.25,29454.0,29456.25,88,2026-09-24T16:48:21+00:00
2026-09-17T04:16:00Z,29457.25,29459.5,29456.25,29456.25,19,2026-09-24T16:48:21+00:00
2026-09-17T04:17:00Z,29455.75,29456.25,29453.25,29455.25,25,2026-09-24T16:48:21+00:00
2026-09-17T04:18:00Z,29454.0,29455.0,29453.75,29454.5,11,2026-09-24T16:48:21+00:00
2026-09-17T04:19:00Z,29455.0,29456.0,29448.75,29449.25,97,2026-09-24T16:48:21+00:00
2026-09-17T04:20:00Z,29449.25,29451.0,29445.75,29450.0,51,2026-09-24T16:48:21+00:00
2026-09-17T04:21:00Z,29450.25,29452.0,29447.75,29450.0,49,2026-09-24T16:48:21+00:00
2026-09-17T04:22:00Z,29450.25,29450.25,29444.0,29446.5,49,2026-09-24T16:48:21+00:00
2026-09-17T04:23:00Z,29446.75,29449.0,29446.0,29448.0,39,2026-09-24T16:48:21+00:00
2026-09-17T04:24:00Z,29448.25,29448.25,29445.0,29446.25,24,2026-09-24T16:48:21+00:00
2026-09-17T04:25:00Z,29446.25,29447.5,29444.0,29445.0,34,2026-09-24T16:48:21+00:00
2026-09-17T04:26:00Z,29445.25,29446.25,29442.75,29443.75,91,2026-09-24T16:48:21+00:00
2026-09-17T04:27:00Z,29442.0,29451.25,29440.75,29450.0,64,2026-09-24T16:48:21+00:00
2026-09-17T04:28:00Z,29451.5,29454.75,29450.5,29453.75,51,2026-09-24T16:48:21+00:00
2026-09-17T04:29:00Z,29452.75,29453.0,29450.75,29451.25,42,2026-09-24T16:48:21+00:00
2026-09-17T04:30:00Z,29450.5,29451.75,29438.75,29441.25,92,2026-09-24T16:48:21+00:00
2026-09-17T04:31:00Z,29441.5,29448.5,29441.25,29445.5,43,2026-09-24T16:48:21+00:00
2026-09-17T04:32:00Z,29448.25,29449.0,29441.75,29445.5,51,2026-09-24T16:48:21+00:00
2026-09-17T04:33:00Z,29444.5,29444.5,29439.75,29442.0,34,2026-09-24T16:48:21+00:00
2026-09-17T04:34:00Z,29440.75,29445.25,29440.0,29442.0,39,2026-09-24T16:48:21+00:00
2026-09-17T04:35:00Z,29442.75,29448.0,29442.75,29445.25,33,2026-09-24T16:48:21+00:00
2026-09-17T04:36:00Z,29445.5,29446.5,29443.0,29446.5,67,2026-09-24T16:48:21+00:00
2026-09-17T04:37:00Z,29446.0,29454.25,29446.0,29451.25,75,2026-09-24T16:48:21+00:00
2026-09-17T04:38:00Z,29453.0,29461.75,29453.0,29459.75,80,2026-09-24T16:48:21+00:00
2026-09-17T04:39:00Z,29460.0,29463.75,29458.5,29461.5,63,2026-09-24T16:48:21+00:00
2026-09-17T04:40:00Z,29461.75,29465.0,29461.25,29463.5,44,2026-09-24T16:48:21+00:00
2026-09-17T04:41:00Z,29462.75,29464.0,29460.5,29464.0,38,2026-09-24T16:48:21+00:00
2026-09-17T04:42:00Z,29463.25,29464.5,29457.25,29458.25,56,2026-09-24T16:48:21+00:00
2026-09-17T04:43:00Z,29458.75,29467.5,29458.0,29464.25,111,2026-09-24T16:48:21+00:00
2026-09-17T04:44:00Z,29464.0,29464.25,29461.25,29461.25,37,2026-09-24T16:48:21+00:00
2026-09-17T04:45:00Z,29462.75,29466.0,29460.5,29462.5,41,2026-09-24T16:48:21+00:00
2026-09-17T04:46:00Z,29463.25,29465.5,29461.5,29465.0,24,2026-09-24T16:48:21+00:00
2026-09-17T04:47:00Z,29464.5,29466.75,29464.5,29465.75,38,2026-09-24T16:48:21+00:00
2026-09-17T04:48:00Z,29466.0,29471.5,29465.75,29469.75,124,2026-09-24T16:48:21+00:00
2026-09-17T04:49:00Z,29469.25,29469.25,29460.0,29460.0,73,2026-09-24T16:48:21+00:00
2026-09-17T04:50:00Z,29459.75,29460.0,29453.5,29453.5,72,2026-09-24T16:48:21+00:00
2026-09-17T04:51:00Z,29453.25,29456.5,29453.25,29453.75,19,2026-09-24T16:48:21+00:00
2026-09-17T04:52:00Z,29452.75,29457.5,29451.0,29456.25,31,2026-09-24T16:48:21+00:00
2026-09-17T04:53:00Z,29455.25,29455.5,29450.0,29451.25,96,2026-09-24T16:48:21+00:00
2026-09-17T04:54:00Z,29451.0,29451.0,29442.75,29445.5,192,2026-09-24T16:48:21+00:00
2026-09-17T04:55:00Z,29445.75,29449.25,29445.0,29448.75,40,2026-09-24T16:48:21+00:00
2026-09-17T04:56:00Z,29451.0,29452.0,29449.5,29450.5,28,2026-09-24T16:48:21+00:00
2026-09-17T04:57:00Z,29452.0,29454.0,29447.75,29448.0,45,2026-09-24T16:48:21+00:00
2026-09-17T04:58:00Z,29448.0,29450.5,29448.0,29450.0,10,2026-09-24T16:48:21+00:00
2026-09-17T04:59:00Z,29451.0,29452.25,29450.0,29450.5,20,2026-09-24T16:48:21+00:00
2026-09-17T05:00:00Z,29450.75,29453.75,29449.5,29451.5,73,2026-09-24T16:48:21+00:00
2026-09-17T05:01:00Z,29451.5,29452.75,29446.25,29450.25,44,2026-09-24T16:48:21+00:00
2026-09-17T05:02:00Z,29449.0,29449.0,29447.75,29448.5,8,2026-09-24T16:48:21+00:00
2026-09-17T05:03:00Z,29449.25,29451.25,29446.25,29446.25,41,2026-09-24T16:48:21+00:00
2026-09-17T05:04:00Z,29446.25,29451.75,29446.25,29451.5,50,2026-09-24T16:48:21+00:00
2026-09-17T05:05:00Z,29451.25,29451.5,29446.25,29448.75,27,2026-09-24T16:48:21+00:00
2026-09-17T05:06:00Z,29449.0,29450.25,29447.75,29447.75,11,2026-09-24T16:48:21+00:00
2026-09-17T05:07:00Z,29447.5,29448.5,29445.5,29447.5,28,2026-09-24T16:48:21+00:00
2026-09-17T05:08:00Z,29448.0,29448.0,29444.25,29447.5,40,2026-09-24T16:48:21+00:00
2026-09-17T05:09:00Z,29447.25,29450.0,29444.0,29444.0,44,2026-09-24T16:48:21+00:00
2026-09-17T05:10:00Z,29444.25,29446.5,29440.25,29440.25,62,2026-09-24T16:48:21+00:00
2026-09-17T05:11:00Z,29440.25,29441.5,29434.75,29437.0,95,2026-09-24T16:48:21+00:00
2026-09-17T05:12:00Z,29437.75,29437.75,29434.75,29435.75,42,2026-09-24T16:48:21+00:00
2026-09-17T05:13:00Z,29435.5,29441.75,29434.5,29435.25,79,2026-09-24T16:48:21+00:00
2026-09-17T05:14:00Z,29435.0,29436.0,29433.5,29435.0,44,2026-09-24T16:48:21+00:00
2026-09-17T05:15:00Z,29433.25,29435.0,29429.75,29433.0,73,2026-09-24T16:48:21+00:00
2026-09-17T05:16:00Z,29433.5,29433.75,29430.5,29432.0,50,2026-09-24T16:48:21+00:00
2026-09-17T05:17:00Z,29431.25,29434.0,29430.0,29433.0,61,2026-09-24T16:48:21+00:00
2026-09-17T05:18:00Z,29431.25,29431.25,29427.0,29429.0,102,2026-09-24T16:48:21+00:00
2026-09-17T05:19:00Z,29428.0,29431.25,29425.5,29429.25,103,2026-09-24T16:48:21+00:00
2026-09-17T05:20:00Z,29428.75,29428.75,29425.5,29425.75,47,2026-09-24T16:48:21+00:00
2026-09-17T05:21:00Z,29425.5,29427.75,29420.75,29424.75,117,2026-09-24T16:48:21+00:00
2026-09-17T05:22:00Z,29424.5,29427.5,29423.25,29426.75,55,2026-09-24T16:48:21+00:00
2026-09-17T05:23:00Z,29426.5,29430.5,29424.0,29424.75,110,2026-09-24T16:48:21+00:00
2026-09-17T05:24:00Z,29424.0,29429.5,29421.5,29428.25,49,2026-09-24T16:48:21+00:00
2026-09-17T05:25:00Z,29427.75,29440.5,29426.75,29439.75,157,2026-09-24T16:48:21+00:00
2026-09-17T05:26:00Z,29440.0,29441.25,29433.75,29434.0,60,2026-09-24T16:48:21+00:00
2026-09-17T05:27:00Z,29434.25,29437.5,29431.25,29432.5,43,2026-09-24T16:48:21+00:00
2026-09-17T05:28:00Z,29432.25,29436.0,29431.5,29433.0,31,2026-09-24T16:48:21+00:00
2026-09-17T05:29:00Z,29432.25,29432.5,29429.0,29429.75,58,2026-09-24T16:48:21+00:00
2026-09-17T05:30:00Z,29430.5,29432.0,29420.0,29420.0,92,2026-09-24T16:48:21+00:00
2026-09-17T05:31:00Z,29420.0,29422.5,29415.25,29421.0,265,2026-09-24T16:48:21+00:00
2026-09-17T05:32:00Z,29421.0,29423.75,29418.0,29420.75,183,2026-09-24T16:48:21+00:00
2026-09-17T05:33:00Z,29420.0,29420.25,29418.0,29419.0,52,2026-09-24T16:48:21+00:00
2026-09-17T05:34:00Z,29420.0,29423.75,29419.75,29422.75,67,2026-09-24T16:48:21+00:00
2026-09-17T05:35:00Z,29421.25,29422.75,29415.25,29416.25,80,2026-09-24T16:48:21+00:00
2026-09-17T05:36:00Z,29417.0,29418.75,29405.75,29408.25,190,2026-09-24T16:48:21+00:00
2026-09-17T05:37:00Z,29407.0,29409.25,29404.25,29407.5,109,2026-09-24T16:48:21+00:00
2026-09-17T05:38:00Z,29406.5,29411.25,29406.0,29408.0,58,2026-09-24T16:48:21+00:00
2026-09-17T05:39:00Z,29406.25,29411.0,29403.75,29410.0,89,2026-09-24T16:48:21+00:00
2026-09-17T05:40:00Z,29411.25,29412.75,29404.5,29406.25,57,2026-09-24T16:48:21+00:00
2026-09-17T05:41:00Z,29407.25,29408.25,29392.75,29392.75,292,2026-09-24T16:48:21+00:00
2026-09-17T05:42:00Z,29392.25,29399.5,29391.75,29394.0,127,2026-09-24T16:48:21+00:00
2026-09-17T05:43:00Z,29393.75,29395.5,29391.0,29394.5,115,2026-09-24T16:48:21+00:00
2026-09-17T05:44:00Z,29393.75,29396.0,29390.75,29391.75,77,2026-09-24T16:48:21+00:00
2026-09-17T05:45:00Z,29392.75,29404.0,29392.75,29398.5,134,2026-09-24T16:48:21+00:00
2026-09-17T05:46:00Z,29397.5,29399.75,29395.75,29397.5,42,2026-09-24T16:48:21+00:00
2026-09-17T05:47:00Z,29398.75,29400.0,29396.25,29396.75,27,2026-09-24T16:48:21+00:00
2026-09-17T05:48:00Z,29396.75,29399.5,29396.75,29397.5,44,2026-09-24T16:48:21+00:00
2026-09-17T05:49:00Z,29398.0,29398.0,29393.75,29397.75,53,2026-09-24T16:48:21+00:00
2026-09-17T05:50:00Z,29397.75,29405.0,29393.75,29397.75,137,2026-09-24T16:48:21+00:00
2026-09-17T05:51:00Z,29398.5,29398.5,29388.25,29391.0,133,2026-09-24T16:48:21+00:00
2026-09-17T05:52:00Z,29391.0,29392.25,29389.0,29391.75,56,2026-09-24T16:48:21+00:00
2026-09-17T05:53:00Z,29391.75,29392.5,29385.75,29385.75,148,2026-09-24T16:48:21+00:00
2026-09-17T05:54:00Z,29386.0,29386.75,29382.25,29384.25,191,2026-09-24T16:48:21+00:00
2026-09-17T05:55:00Z,29383.75,29385.0,29382.0,29382.5,112,2026-09-24T16:48:21+00:00
2026-09-17T05:56:00Z,29383.25,29384.5,29377.75,29378.5,177,2026-09-24T16:48:21+00:00
2026-09-17T05:57:00Z,29379.75,29380.0,29373.25,29373.75,120,2026-09-24T16:48:21+00:00
2026-09-17T05:58:00Z,29373.5,29376.75,29371.0,29375.0,146,2026-09-24T16:48:21+00:00
2026-09-17T05:59:00Z,29374.0,29376.75,29372.75,29373.75,68,2026-09-24T16:48:21+00:00
2026-09-17T06:00:00Z,29372.5,29377.25,29368.75,29374.25,211,2026-09-24T16:48:21+00:00
2026-09-17T06:01:00Z,29374.5,29384.0,29373.0,29380.0,162,2026-09-24T16:48:21+00:00
2026-09-17T06:02:00Z,29380.75,29397.0,29378.25,29394.5,229,2026-09-24T16:48:21+00:00
2026-09-17T06:03:00Z,29393.75,29408.0,29393.75,29406.0,174,2026-09-24T16:48:21+00:00
2026-09-17T06:04:00Z,29405.75,29406.75,29399.5,29401.0,148,2026-09-24T16:48:21+00:00
2026-09-17T06:05:00Z,29399.75,29407.5,29390.0,29403.5,180,2026-09-24T16:48:21+00:00
2026-09-17T06:06:00Z,29404.25,29413.75,29403.25,29403.25,158,2026-09-24T16:48:21+00:00
2026-09-17T06:07:00Z,29401.75,29403.0,29396.0,29397.0,116,2026-09-24T16:48:21+00:00
2026-09-17T06:08:00Z,29399.5,29400.5,29394.75,29395.75,76,2026-09-24T16:48:21+00:00
2026-09-17T06:09:00Z,29397.5,29398.25,29390.0,29393.0,99,2026-09-24T16:48:21+00:00
2026-09-17T06:10:00Z,29392.75,29392.75,29384.5,29384.5,121,2026-09-24T16:48:21+00:00
2026-09-17T06:11:00Z,29385.0,29388.5,29381.5,29387.5,73,2026-09-24T16:48:21+00:00
2026-09-17T06:12:00Z,29388.0,29398.5,29388.0,29393.25,177,2026-09-24T16:48:21+00:00
2026-09-17T06:13:00Z,29392.5,29398.0,29390.5,29392.25,66,2026-09-24T16:48:21+00:00
2026-09-17T06:14:00Z,29392.25,29398.25,29390.0,29392.0,47,2026-09-24T16:48:21+00:00
2026-09-17T06:15:00Z,29393.0,29393.0,29380.0,29380.5,88,2026-09-24T16:48:21+00:00
2026-09-17T06:16:00Z,29379.25,29382.0,29376.5,29377.5,126,2026-09-24T16:48:21+00:00
2026-09-17T06:17:00Z,29378.75,29394.0,29377.75,29393.25,175,2026-09-24T16:48:21+00:00
2026-09-17T06:18:00Z,29393.75,29395.75,29387.5,29388.25,94,2026-09-24T16:48:21+00:00
2026-09-17T06:19:00Z,29387.25,29392.75,29386.75,29391.5,48,2026-09-24T16:48:21+00:00
2026-09-17T06:20:00Z,29392.0,29393.75,29388.5,29389.75,27,2026-09-24T16:48:21+00:00
2026-09-17T06:21:00Z,29389.5,29396.0,29388.75,29394.75,46,2026-09-24T16:48:21+00:00
2026-09-17T06:22:00Z,29395.0,29399.25,29394.5,29396.25,48,2026-09-24T16:48:21+00:00
2026-09-17T06:23:00Z,29395.75,29401.25,29395.75,29398.25,66,2026-09-24T16:48:21+00:00
2026-09-17T06:24:00Z,29402.75,29411.25,29401.5,29410.75,145,2026-09-24T16:48:21+00:00
2026-09-17T06:25:00Z,29411.5,29415.75,29408.5,29412.0,149,2026-09-24T16:48:21+00:00
2026-09-17T06:26:00Z,29413.75,29428.75,29413.25,29427.25,216,2026-09-24T16:48:21+00:00
2026-09-17T06:27:00Z,29427.25,29429.0,29424.25,29427.0,276,2026-09-24T16:48:21+00:00
2026-09-17T06:28:00Z,29426.75,29437.25,29424.25,29432.0,236,2026-09-24T16:48:21+00:00
2026-09-17T06:29:00Z,29432.0,29444.5,29431.25,29443.75,179,2026-09-24T16:48:21+00:00
2026-09-17T06:30:00Z,29443.75,29449.0,29440.75,29446.25,216,2026-09-24T16:48:21+00:00
2026-09-17T06:31:00Z,29446.0,29456.0,29446.0,29451.25,331,2026-09-24T16:48:21+00:00
2026-09-17T06:32:00Z,29452.0,29452.5,29444.0,29451.75,135,2026-09-24T16:48:21+00:00
2026-09-17T06:33:00Z,29450.25,29459.0,29448.5,29451.25,213,2026-09-24T16:48:21+00:00
2026-09-17T06:34:00Z,29452.5,29455.0,29445.25,29449.0,147,2026-09-24T16:48:21+00:00
2026-09-17T06:35:00Z,29449.0,29451.75,29447.25,29450.0,59,2026-09-24T16:48:21+00:00
2026-09-17T06:36:00Z,29450.25,29458.0,29449.0,29455.5,144,2026-09-24T16:48:21+00:00
2026-09-17T06:37:00Z,29456.5,29462.0,29454.75,29455.5,167,2026-09-24T16:48:21+00:00
2026-09-17T06:38:00Z,29456.0,29456.25,29449.25,29453.75,64,2026-09-24T16:48:21+00:00
2026-09-17T06:39:00Z,29454.0,29454.25,29444.0,29444.75,102,2026-09-24T16:48:21+00:00
2026-09-17T06:40:00Z,29446.5,29456.0,29446.5,29452.5,58,2026-09-24T16:48:21+00:00
2026-09-17T06:41:00Z,29453.0,29458.0,29452.25,29455.75,101,2026-09-24T16:48:21+00:00
2026-09-17T06:42:00Z,29454.75,29458.25,29453.0,29457.5,144,2026-09-24T16:48:21+00:00
2026-09-17T06:43:00Z,29458.25,29469.5,29457.0,29468.5,300,2026-09-24T16:48:21+00:00
2026-09-17T06:44:00Z,29468.5,29468.5,29461.25,29463.25,73,2026-09-24T16:48:21+00:00
2026-09-17T06:45:00Z,29461.75,29466.5,29458.75,29463.5,134,2026-09-24T16:48:21+00:00
2026-09-17T06:46:00Z,29464.25,29470.25,29464.25,29466.5,116,2026-09-24T16:48:21+00:00
2026-09-17T06:47:00Z,29467.25,29468.0,29459.25,29460.75,105,2026-09-24T16:48:21+00:00
2026-09-17T06:48:00Z,29461.0,29464.0,29458.75,29461.25,128,2026-09-24T16:48:21+00:00
2026-09-17T06:49:00Z,29462.0,29465.5,29460.75,29460.75,83,2026-09-24T16:48:21+00:00
2026-09-17T06:50:00Z,29462.0,29463.0,29457.0,29458.25,112,2026-09-24T16:48:21+00:00
2026-09-17T06:51:00Z,29458.0,29463.0,29456.5,29461.75,54,2026-09-24T16:48:21+00:00
2026-09-17T06:52:00Z,29462.75,29463.5,29459.25,29461.0,44,2026-09-24T16:48:21+00:00
2026-09-17T06:53:00Z,29461.75,29469.25,29461.75,29468.0,120,2026-09-24T16:48:21+00:00
2026-09-17T06:54:00Z,29468.25,29470.5,29464.0,29464.5,521,2026-09-24T16:48:21+00:00
2026-09-17T06:55:00Z,29463.5,29465.75,29461.5,29461.5,66,2026-09-24T16:48:21+00:00
2026-09-17T06:56:00Z,29461.75,29470.25,29460.5,29468.25,188,2026-09-24T16:48:21+00:00
2026-09-17T06:57:00Z,29468.25,29470.0,29465.5,29468.25,146,2026-09-24T16:48:21+00:00
2026-09-17T06:58:00Z,29468.25,29469.25,29463.25,29466.75,120,2026-09-24T16:48:21+00:00
2026-09-17T06:59:00Z,29467.0,29473.5,29466.75,29469.5,215,2026-09-24T16:48:21+00:00
2026-09-17T07:00:00Z,29469.5,29476.75,29463.5,29465.25,399,2026-09-24T16:48:21+00:00
2026-09-17T07:01:00Z,29464.75,29475.25,29462.25,29472.25,188,2026-09-24T16:48:21+00:00
2026-09-17T07:02:00Z,29473.25,29478.75,29465.5,29465.75,231,2026-09-24T16:48:21+00:00
2026-09-17T07:03:00Z,29466.5,29474.0,29464.25,29473.75,113,2026-09-24T16:48:21+00:00
2026-09-17T07:04:00Z,29472.25,29496.5,29471.75,29491.25,779,2026-09-24T16:48:21+00:00
2026-09-17T07:05:00Z,29491.25,29503.25,29490.25,29499.5,558,2026-09-24T16:48:21+00:00
2026-09-17T07:06:00Z,29500.5,29512.0,29499.25,29512.0,439,2026-09-24T16:48:21+00:00
2026-09-17T07:07:00Z,29509.5,29520.25,29505.0,29514.75,271,2026-09-24T16:48:21+00:00
2026-09-17T07:08:00Z,29517.5,29522.0,29514.75,29516.75,232,2026-09-24T16:48:21+00:00
2026-09-17T07:09:00Z,29517.0,29520.25,29514.25,29518.0,118,2026-09-24T16:48:21+00:00
2026-09-17T07:10:00Z,29519.0,29523.75,29517.5,29523.25,178,2026-09-24T16:48:21+00:00
2026-09-17T07:11:00Z,29523.25,29523.75,29514.5,29517.0,130,2026-09-24T16:48:21+00:00
2026-09-17T07:12:00Z,29516.75,29523.5,29511.75,29512.5,270,2026-09-24T16:48:21+00:00
2026-09-17T07:13:00Z,29513.0,29515.25,29507.25,29510.0,146,2026-09-24T16:48:21+00:00
2026-09-17T07:14:00Z,29509.75,29511.75,29505.25,29510.0,83,2026-09-24T16:48:21+00:00
2026-09-17T07:15:00Z,29510.0,29512.25,29506.25,29510.75,105,2026-09-24T16:48:21+00:00
2026-09-17T07:16:00Z,29511.25,29521.0,29509.75,29519.75,137,2026-09-24T16:48:21+00:00
2026-09-17T07:17:00Z,29519.25,29534.25,29519.0,29532.5,364,2026-09-24T16:48:21+00:00
2026-09-17T07:18:00Z,29531.5,29535.5,29527.25,29528.0,193,2026-09-24T16:48:21+00:00
2026-09-17T07:19:00Z,29528.0,29528.0,29522.0,29522.5,115,2026-09-24T16:48:21+00:00
2026-09-17T07:20:00Z,29523.5,29525.0,29518.0,29523.75,148,2026-09-24T16:48:21+00:00
2026-09-17T07:21:00Z,29524.25,29524.5,29510.0,29514.0,211,2026-09-24T16:48:21+00:00
2026-09-17T07:22:00Z,29514.25,29522.25,29508.75,29520.5,206,2026-09-24T16:48:21+00:00
2026-09-17T07:23:00Z,29521.0,29529.75,29520.25,29528.25,113,2026-09-24T16:48:21+00:00
2026-09-17T07:24:00Z,29529.0,29537.25,29527.25,29534.0,188,2026-09-24T16:48:21+00:00
2026-09-17T07:25:00Z,29531.0,29535.75,29529.0,29534.0,80,2026-09-24T16:48:21+00:00
2026-09-17T07:26:00Z,29533.0,29537.25,29531.5,29536.0,136,2026-09-24T16:48:21+00:00
2026-09-17T07:27:00Z,29536.75,29544.0,29533.5,29544.0,220,2026-09-24T16:48:21+00:00
2026-09-17T07:28:00Z,29543.25,29550.0,29539.0,29546.25,777,2026-09-24T16:48:21+00:00
2026-09-17T07:29:00Z,29547.0,29550.0,29543.25,29548.75,161,2026-09-24T16:48:21+00:00
2026-09-17T07:30:00Z,29549.5,29567.5,29549.25,29558.5,592,2026-09-24T16:48:21+00:00
2026-09-17T07:31:00Z,29558.75,29559.0,29552.0,29552.5,138,2026-09-24T16:48:21+00:00
2026-09-17T07:32:00Z,29552.0,29556.75,29547.25,29556.75,175,2026-09-24T16:48:21+00:00
2026-09-17T07:33:00Z,29556.75,29556.75,29546.75,29550.25,92,2026-09-24T16:48:21+00:00
2026-09-17T07:34:00Z,29549.5,29553.5,29547.75,29550.5,121,2026-09-24T16:48:21+00:00
2026-09-17T07:35:00Z,29550.25,29550.25,29537.0,29539.0,156,2026-09-24T16:48:21+00:00
2026-09-17T07:36:00Z,29539.5,29549.0,29538.25,29546.25,152,2026-09-24T16:48:21+00:00
2026-09-17T07:37:00Z,29546.25,29546.25,29539.0,29543.25,108,2026-09-24T16:48:21+00:00
2026-09-17T07:38:00Z,29543.0,29545.25,29539.25,29540.5,85,2026-09-24T16:48:21+00:00
2026-09-17T07:39:00Z,29542.0,29545.75,29540.0,29545.25,49,2026-09-24T16:48:21+00:00
2026-09-17T07:40:00Z,29546.5,29546.5,29540.0,29542.0,54,2026-09-24T16:48:21+00:00
2026-09-17T07:41:00Z,29542.25,29550.25,29541.0,29542.25,101,2026-09-24T16:48:21+00:00
2026-09-17T07:42:00Z,29543.0,29543.5,29538.75,29542.0,107,2026-09-24T16:48:21+00:00
2026-09-17T07:43:00Z,29544.75,29548.25,29543.5,29547.5,78,2026-09-24T16:48:21+00:00
2026-09-17T07:44:00Z,29548.0,29549.5,29545.75,29547.5,137,2026-09-24T16:48:21+00:00
2026-09-17T07:45:00Z,29546.25,29546.25,29533.75,29540.0,293,2026-09-24T16:48:21+00:00
2026-09-17T07:46:00Z,29540.0,29545.5,29537.0,29542.5,69,2026-09-24T16:48:21+00:00
2026-09-17T07:47:00Z,29544.0,29545.25,29542.0,29545.0,47,2026-09-24T16:48:21+00:00
2026-09-17T07:48:00Z,29545.25,29547.5,29539.5,29541.75,59,2026-09-24T16:48:21+00:00
2026-09-17T07:49:00Z,29541.5,29542.5,29533.25,29534.0,102,2026-09-24T16:48:21+00:00
2026-09-17T07:50:00Z,29533.5,29534.5,29523.25,29526.5,434,2026-09-24T16:48:21+00:00
2026-09-17T07:51:00Z,29526.25,29532.0,29525.0,29530.75,146,2026-09-24T16:48:21+00:00
2026-09-17T07:52:00Z,29531.5,29531.5,29523.25,29523.25,73,2026-09-24T16:48:21+00:00
2026-09-17T07:53:00Z,29523.5,29527.5,29521.5,29527.5,119,2026-09-24T16:48:21+00:00
2026-09-17T07:54:00Z,29527.0,29527.0,29518.25,29520.0,138,2026-09-24T16:48:21+00:00
2026-09-17T07:55:00Z,29520.25,29520.25,29514.5,29515.25,158,2026-09-24T16:48:21+00:00
2026-09-17T07:56:00Z,29515.0,29516.5,29509.75,29510.75,188,2026-09-24T16:48:21+00:00
2026-09-17T07:57:00Z,29513.5,29516.25,29512.25,29516.0,83,2026-09-24T16:48:21+00:00
2026-09-17T07:58:00Z,29515.25,29519.25,29513.25,29514.0,192,2026-09-24T16:48:21+00:00
2026-09-17T07:59:00Z,29513.75,29519.0,29513.75,29517.75,81,2026-09-24T16:48:21+00:00
2026-09-17T08:00:00Z,29517.75,29522.0,29512.25,29520.0,246,2026-09-24T16:48:21+00:00
2026-09-17T08:01:00Z,29520.5,29526.0,29516.5,29521.0,189,2026-09-24T16:48:21+00:00
2026-09-17T08:02:00Z,29521.5,29530.5,29517.0,29528.5,176,2026-09-24T16:48:21+00:00
2026-09-17T08:03:00Z,29527.75,29529.5,29515.0,29515.0,154,2026-09-24T16:48:21+00:00
2026-09-17T08:04:00Z,29516.75,29530.75,29516.75,29528.5,104,2026-09-24T16:48:21+00:00
2026-09-17T08:05:00Z,29528.75,29532.25,29521.0,29527.75,297,2026-09-24T16:48:21+00:00
2026-09-17T08:06:00Z,29529.25,29533.25,29522.0,29522.75,154,2026-09-24T16:48:21+00:00
2026-09-17T08:07:00Z,29523.25,29530.75,29521.25,29530.75,270,2026-09-24T16:48:21+00:00
2026-09-17T08:08:00Z,29531.0,29532.75,29527.25,29530.25,157,2026-09-24T16:48:21+00:00
2026-09-17T08:09:00Z,29531.0,29532.0,29525.0,29526.0,137,2026-09-24T16:48:21+00:00
2026-09-17T08:10:00Z,29524.75,29531.0,29514.75,29519.0,251,2026-09-24T16:48:21+00:00
2026-09-17T08:11:00Z,29518.0,29520.0,29514.0,29515.0,233,2026-09-24T16:48:21+00:00
2026-09-17T08:12:00Z,29515.25,29515.5,29497.75,29502.75,300,2026-09-24T16:48:21+00:00
2026-09-17T08:13:00Z,29502.75,29503.25,29490.25,29497.5,173,2026-09-24T16:48:21+00:00
2026-09-17T08:14:00Z,29498.0,29501.75,29495.25,29496.75,83,2026-09-24T16:48:21+00:00
2026-09-17T08:15:00Z,29496.0,29502.75,29493.75,29501.5,144,2026-09-24T16:48:21+00:00
2026-09-17T08:16:00Z,29501.0,29501.25,29491.25,29494.5,94,2026-09-24T16:48:21+00:00
2026-09-17T08:17:00Z,29494.5,29505.0,29488.25,29488.25,165,2026-09-24T16:48:21+00:00
2026-09-17T08:18:00Z,29489.25,29494.5,29485.0,29487.0,134,2026-09-24T16:48:21+00:00
2026-09-17T08:19:00Z,29485.5,29491.5,29485.25,29491.25,107,2026-09-24T16:48:21+00:00
2026-09-17T08:20:00Z,29490.0,29496.0,29488.25,29490.5,98,2026-09-24T16:48:21+00:00
2026-09-17T08:21:00Z,29491.75,29495.25,29490.25,29491.5,64,2026-09-24T16:48:21+00:00
2026-09-17T08:22:00Z,29491.0,29502.0,29490.0,29494.25,164,2026-09-24T16:48:21+00:00
2026-09-17T08:23:00Z,29494.0,29495.75,29491.5,29491.5,59,2026-09-24T16:48:21+00:00
2026-09-17T08:24:00Z,29492.0,29503.5,29489.25,29502.0,97,2026-09-24T16:48:21+00:00
2026-09-17T08:25:00Z,29501.25,29509.75,29501.0,29508.75,84,2026-09-24T16:48:21+00:00
2026-09-17T08:26:00Z,29509.25,29514.25,29509.25,29512.25,159,2026-09-24T16:48:21+00:00
2026-09-17T08:27:00Z,29513.75,29515.5,29508.25,29515.0,182,2026-09-24T16:48:21+00:00
2026-09-17T08:28:00Z,29515.0,29515.0,29509.5,29509.5,61,2026-09-24T16:48:21+00:00
2026-09-17T08:29:00Z,29511.25,29520.5,29511.25,29516.25,190,2026-09-24T16:48:21+00:00
2026-09-17T08:30:00Z,29516.25,29522.75,29507.75,29512.5,195,2026-09-24T16:48:21+00:00
2026-09-17T08:31:00Z,29514.0,29518.25,29511.75,29511.75,61,2026-09-24T16:48:21+00:00
2026-09-17T08:32:00Z,29512.25,29515.25,29505.75,29509.75,100,2026-09-24T16:48:21+00:00
2026-09-17T08:33:00Z,29508.75,29515.0,29507.0,29513.25,63,2026-09-24T16:48:21+00:00
2026-09-17T08:34:00Z,29513.25,29524.5,29513.25,29523.75,122,2026-09-24T16:48:21+00:00
2026-09-17T08:35:00Z,29523.5,29532.0,29523.5,29524.75,201,2026-09-24T16:48:21+00:00
2026-09-17T08:36:00Z,29526.5,29528.0,29523.0,29526.0,70,2026-09-24T16:48:21+00:00
2026-09-17T08:37:00Z,29525.25,29532.0,29523.0,29530.5,106,2026-09-24T16:48:21+00:00
2026-09-17T08:38:00Z,29529.25,29529.5,29525.5,29526.5,70,2026-09-24T16:48:21+00:00
2026-09-17T08:39:00Z,29525.5,29537.25,29525.5,29535.25,160,2026-09-24T16:48:21+00:00
2026-09-17T08:40:00Z,29536.25,29537.75,29528.5,29532.25,63,2026-09-24T16:48:21+00:00
2026-09-17T08:41:00Z,29530.5,29532.25,29525.75,29528.25,71,2026-09-24T16:48:21+00:00
2026-09-17T08:42:00Z,29526.5,29531.0,29524.75,29526.25,68,2026-09-24T16:48:21+00:00
2026-09-17T08:43:00Z,29525.0,29527.0,29524.25,29526.5,27,2026-09-24T16:48:21+00:00
2026-09-17T08:44:00Z,29528.0,29530.5,29527.75,29530.5,30,2026-09-24T16:48:21+00:00
2026-09-17T08:45:00Z,29530.0,29532.25,29527.5,29532.0,65,2026-09-24T16:48:21+00:00
2026-09-17T08:46:00Z,29531.5,29533.0,29529.75,29531.5,47,2026-09-24T16:48:21+00:00
2026-09-17T08:47:00Z,29531.5,29540.25,29530.25,29537.5,101,2026-09-24T16:48:21+00:00
2026-09-17T08:48:00Z,29537.75,29543.25,29537.5,29540.75,92,2026-09-24T16:48:21+00:00
2026-09-17T08:49:00Z,29541.0,29543.0,29540.25,29541.25,49,2026-09-24T16:48:21+00:00
2026-09-17T08:50:00Z,29541.75,29546.0,29540.0,29545.0,97,2026-09-24T16:48:21+00:00
2026-09-17T08:51:00Z,29544.0,29547.0,29542.5,29545.5,71,2026-09-24T16:48:21+00:00
2026-09-17T08:52:00Z,29545.5,29548.0,29535.0,29539.25,159,2026-09-24T16:48:21+00:00
2026-09-17T08:53:00Z,29539.0,29555.0,29538.75,29554.5,147,2026-09-24T16:48:21+00:00
2026-09-17T08:54:00Z,29554.5,29559.75,29553.0,29553.25,228,2026-09-24T16:48:21+00:00
2026-09-17T08:55:00Z,29555.0,29559.25,29551.25,29553.5,183,2026-09-24T16:48:21+00:00
2026-09-17T08:56:00Z,29553.75,29561.25,29550.0,29556.0,263,2026-09-24T16:48:21+00:00
2026-09-17T08:57:00Z,29556.0,29559.0,29554.25,29558.0,88,2026-09-24T16:48:21+00:00
2026-09-17T08:58:00Z,29558.75,29561.25,29558.25,29559.25,82,2026-09-24T16:48:21+00:00
2026-09-17T08:59:00Z,29559.25,29560.5,29555.0,29555.5,140,2026-09-24T16:48:21+00:00
2026-09-17T09:00:00Z,29556.0,29568.25,29555.25,29567.5,265,2026-09-24T16:48:21+00:00
2026-09-17T09:01:00Z,29567.5,29573.75,29566.5,29572.75,162,2026-09-24T16:48:21+00:00
2026-09-17T09:02:00Z,29572.75,29579.75,29565.5,29566.5,272,2026-09-24T16:48:21+00:00
2026-09-17T09:03:00Z,29565.25,29573.0,29560.25,29572.75,186,2026-09-24T16:48:21+00:00
2026-09-17T09:04:00Z,29571.0,29571.75,29567.0,29570.25,135,2026-09-24T16:48:21+00:00
2026-09-17T09:05:00Z,29571.0,29572.5,29568.0,29571.25,90,2026-09-24T16:48:21+00:00
2026-09-17T09:06:00Z,29570.5,29575.25,29569.5,29572.75,85,2026-09-24T16:48:21+00:00
2026-09-17T09:07:00Z,29573.25,29584.0,29573.25,29580.0,223,2026-09-24T16:48:21+00:00
2026-09-17T09:08:00Z,29580.75,29581.0,29576.0,29579.0,72,2026-09-24T16:48:21+00:00
2026-09-17T09:09:00Z,29578.5,29578.75,29575.5,29577.75,88,2026-09-24T16:48:21+00:00
2026-09-17T09:10:00Z,29578.5,29592.75,29576.75,29591.5,205,2026-09-24T16:48:21+00:00
2026-09-17T09:11:00Z,29592.0,29592.25,29588.25,29589.25,165,2026-09-24T16:48:21+00:00
2026-09-17T09:12:00Z,29590.5,29592.0,29584.25,29588.5,120,2026-09-24T16:48:21+00:00
2026-09-17T09:13:00Z,29586.25,29588.0,29575.25,29575.75,132,2026-09-24T16:48:21+00:00
2026-09-17T09:14:00Z,29574.5,29576.5,29570.0,29571.5,90,2026-09-24T16:48:21+00:00
2026-09-17T09:15:00Z,29571.0,29575.25,29566.5,29568.25,95,2026-09-24T16:48:21+00:00
2026-09-17T09:16:00Z,29567.5,29568.5,29563.25,29566.25,147,2026-09-24T16:48:21+00:00
2026-09-17T09:17:00Z,29566.25,29570.0,29565.0,29565.0,126,2026-09-24T16:48:21+00:00
2026-09-17T09:18:00Z,29565.25,29569.25,29564.0,29566.0,120,2026-09-24T16:48:21+00:00
2026-09-17T09:19:00Z,29565.75,29565.75,29557.0,29558.0,121,2026-09-24T16:48:21+00:00
2026-09-17T09:20:00Z,29558.25,29565.75,29556.5,29559.75,140,2026-09-24T16:48:21+00:00
2026-09-17T09:21:00Z,29561.0,29563.0,29555.5,29563.0,92,2026-09-24T16:48:21+00:00
2026-09-17T09:22:00Z,29562.0,29562.0,29558.0,29559.75,33,2026-09-24T16:48:21+00:00
2026-09-17T09:23:00Z,29560.5,29562.0,29559.25,29560.75,39,2026-09-24T16:48:21+00:00
2026-09-17T09:24:00Z,29560.0,29560.75,29558.5,29560.5,52,2026-09-24T16:48:21+00:00
2026-09-17T09:25:00Z,29559.0,29560.0,29554.5,29559.25,91,2026-09-24T16:48:21+00:00
2026-09-17T09:26:00Z,29558.0,29558.5,29553.5,29556.25,83,2026-09-24T16:48:21+00:00
2026-09-17T09:27:00Z,29557.0,29559.5,29553.75,29557.5,63,2026-09-24T16:48:21+00:00
2026-09-17T09:28:00Z,29559.0,29563.75,29557.75,29557.75,55,2026-09-24T16:48:21+00:00
2026-09-17T09:29:00Z,29558.5,29560.5,29554.0,29555.75,68,2026-09-24T16:48:21+00:00
2026-09-17T09:30:00Z,29556.5,29557.25,29553.5,29554.5,52,2026-09-24T16:48:21+00:00
2026-09-17T09:31:00Z,29554.75,29570.5,29554.75,29565.75,176,2026-09-24T16:48:21+00:00
2026-09-17T09:32:00Z,29564.25,29566.5,29563.5,29566.5,87,2026-09-24T16:48:21+00:00
2026-09-17T09:33:00Z,29566.0,29571.0,29565.0,29569.0,75,2026-09-24T16:48:21+00:00
2026-09-17T09:34:00Z,29568.25,29571.75,29568.25,29570.0,41,2026-09-24T16:48:21+00:00
2026-09-17T09:35:00Z,29569.25,29573.25,29568.5,29571.0,55,2026-09-24T16:48:21+00:00
2026-09-17T09:36:00Z,29569.75,29570.5,29564.75,29565.25,126,2026-09-24T16:48:21+00:00
2026-09-17T09:37:00Z,29567.25,29569.5,29565.25,29569.5,40,2026-09-24T16:48:21+00:00
2026-09-17T09:38:00Z,29568.5,29570.5,29563.25,29564.0,55,2026-09-24T16:48:21+00:00
2026-09-17T09:39:00Z,29566.0,29568.5,29564.0,29564.0,17,2026-09-24T16:48:21+00:00
2026-09-17T09:40:00Z,29563.5,29571.0,29560.75,29568.0,107,2026-09-24T16:48:21+00:00
2026-09-17T09:41:00Z,29568.0,29568.0,29564.25,29566.0,26,2026-09-24T16:48:21+00:00
2026-09-17T09:42:00Z,29564.5,29567.5,29564.25,29567.5,21,2026-09-24T16:48:21+00:00
2026-09-17T09:43:00Z,29566.0,29568.75,29564.25,29566.75,41,2026-09-24T16:48:21+00:00
2026-09-17T09:44:00Z,29569.0,29572.5,29566.75,29567.0,54,2026-09-24T16:48:21+00:00
2026-09-17T09:45:00Z,29567.0,29569.5,29562.75,29563.0,38,2026-09-24T16:48:21+00:00
2026-09-17T09:46:00Z,29563.75,29564.25,29556.75,29559.5,73,2026-09-24T16:48:21+00:00
2026-09-17T09:47:00Z,29557.75,29559.25,29555.0,29555.0,63,2026-09-24T16:48:21+00:00
2026-09-17T09:48:00Z,29555.25,29555.25,29546.0,29548.5,179,2026-09-24T16:48:21+00:00
2026-09-17T09:49:00Z,29548.75,29550.25,29545.5,29550.25,61,2026-09-24T16:48:21+00:00
2026-09-17T09:50:00Z,29551.0,29557.5,29550.25,29554.25,94,2026-09-24T16:48:21+00:00
2026-09-17T09:51:00Z,29554.5,29558.0,29550.25,29555.25,112,2026-09-24T16:48:21+00:00
2026-09-17T09:52:00Z,29556.0,29562.0,29555.75,29562.0,116,2026-09-24T16:48:21+00:00
2026-09-17T09:53:00Z,29560.25,29566.0,29560.25,29564.0,135,2026-09-24T16:48:21+00:00
2026-09-17T09:54:00Z,29564.0,29570.0,29564.0,29568.0,123,2026-09-24T16:48:21+00:00
2026-09-17T09:55:00Z,29567.0,29580.0,29566.25,29570.25,303,2026-09-24T16:48:21+00:00
2026-09-17T09:56:00Z,29570.5,29571.0,29565.0,29568.0,71,2026-09-24T16:48:21+00:00
2026-09-17T09:57:00Z,29569.25,29570.0,29563.25,29563.75,73,2026-09-24T16:48:21+00:00
2026-09-17T09:58:00Z,29563.0,29563.0,29558.0,29560.0,66,2026-09-24T16:48:21+00:00
2026-09-17T09:59:00Z,29561.0,29563.5,29557.25,29558.5,37,2026-09-24T16:48:21+00:00
2026-09-17T10:00:00Z,29558.5,29562.0,29558.5,29560.75,40,2026-09-24T16:48:21+00:00
2026-09-17T10:01:00Z,29560.5,29563.5,29557.75,29562.25,38,2026-09-24T16:48:21+00:00
2026-09-17T10:02:00Z,29561.5,29562.75,29559.25,29562.0,40,2026-09-24T16:48:21+00:00
2026-09-17T10:03:00Z,29564.5,29569.25,29564.25,29565.5,70,2026-09-24T16:48:21+00:00
2026-09-17T10:04:00Z,29565.5,29569.5,29564.5,29565.5,35,2026-09-24T16:48:21+00:00
2026-09-17T10:05:00Z,29567.75,29571.5,29565.75,29567.5,34,2026-09-24T16:48:21+00:00
2026-09-17T10:06:00Z,29567.75,29571.75,29564.75,29568.75,146,2026-09-24T16:48:21+00:00
2026-09-17T10:07:00Z,29569.25,29577.25,29569.0,29574.25,108,2026-09-24T16:48:21+00:00
2026-09-17T10:08:00Z,29573.5,29577.5,29573.5,29575.0,50,2026-09-24T16:48:21+00:00
2026-09-17T10:09:00Z,29575.75,29575.75,29571.5,29571.5,49,2026-09-24T16:48:21+00:00
2026-09-17T10:10:00Z,29572.25,29574.25,29570.0,29573.75,53,2026-09-24T16:48:21+00:00
2026-09-17T10:11:00Z,29573.75,29580.75,29573.25,29580.5,59,2026-09-24T16:48:21+00:00
2026-09-17T10:12:00Z,29579.25,29581.5,29575.5,29577.0,73,2026-09-24T16:48:21+00:00
2026-09-17T10:13:00Z,29577.5,29580.5,29576.0,29576.0,72,2026-09-24T16:48:21+00:00
2026-09-17T10:14:00Z,29576.25,29577.0,29569.25,29571.25,93,2026-09-24T16:48:21+00:00
2026-09-17T10:15:00Z,29571.25,29573.5,29568.5,29570.25,113,2026-09-24T16:48:21+00:00
2026-09-17T10:16:00Z,29570.5,29574.0,29569.0,29569.0,59,2026-09-24T16:48:21+00:00
2026-09-17T10:17:00Z,29569.75,29573.25,29569.75,29571.0,87,2026-09-24T16:48:21+00:00
2026-09-17T10:18:00Z,29571.0,29576.0,29568.75,29568.75,78,2026-09-24T16:48:21+00:00
2026-09-17T10:19:00Z,29569.0,29569.0,29562.0,29562.0,103,2026-09-24T16:48:21+00:00
2026-09-17T10:20:00Z,29563.5,29568.0,29563.5,29566.0,49,2026-09-24T16:48:21+00:00
2026-09-17T10:21:00Z,29566.25,29569.0,29564.75,29565.5,37,2026-09-24T16:48:21+00:00
2026-09-17T10:22:00Z,29566.0,29570.0,29565.5,29569.25,51,2026-09-24T16:48:21+00:00
2026-09-17T10:23:00Z,29568.5,29578.25,29567.5,29578.25,115,2026-09-24T16:48:21+00:00
2026-09-17T10:24:00Z,29578.25,29584.75,29575.75,29584.0,186,2026-09-24T16:48:21+00:00
2026-09-17T10:25:00Z,29584.25,29584.25,29580.0,29581.75,104,2026-09-24T16:48:21+00:00
2026-09-17T10:26:00Z,29582.0,29586.75,29581.75,29584.75,84,2026-09-24T16:48:21+00:00
2026-09-17T10:27:00Z,29584.5,29585.25,29582.5,29584.5,40,2026-09-24T16:48:21+00:00
2026-09-17T10:28:00Z,29585.0,29588.5,29583.75,29588.0,88,2026-09-24T16:48:21+00:00
2026-09-17T10:29:00Z,29588.5,29589.25,29576.25,29578.25,100,2026-09-24T16:48:21+00:00
2026-09-17T10:30:00Z,29579.25,29590.75,29578.25,29582.0,323,2026-09-24T16:48:21+00:00
2026-09-17T10:31:00Z,29580.5,29583.5,29577.5,29578.0,63,2026-09-24T16:48:21+00:00
2026-09-17T10:32:00Z,29578.75,29579.75,29575.5,29579.75,54,2026-09-24T16:48:21+00:00
2026-09-17T10:33:00Z,29579.25,29579.25,29575.75,29576.25,57,2026-09-24T16:48:21+00:00
2026-09-17T10:34:00Z,29576.0,29576.5,29571.5,29572.75,89,2026-09-24T16:48:21+00:00
2026-09-17T10:35:00Z,29572.5,29583.75,29572.5,29577.5,231,2026-09-24T16:48:21+00:00
2026-09-17T10:36:00Z,29577.5,29582.5,29574.25,29579.5,89,2026-09-24T16:48:21+00:00
2026-09-17T10:37:00Z,29579.25,29583.0,29576.0,29579.75,141,2026-09-24T16:48:21+00:00
2026-09-17T10:38:00Z,29580.0,29582.25,29579.0,29579.0,47,2026-09-24T16:48:21+00:00
2026-09-17T10:39:00Z,29580.0,29583.0,29578.25,29579.0,55,2026-09-24T16:48:21+00:00
2026-09-17T10:40:00Z,29577.5,29580.0,29572.25,29573.5,76,2026-09-24T16:48:21+00:00
2026-09-17T10:41:00Z,29572.0,29572.0,29564.0,29564.75,146,2026-09-24T16:48:21+00:00
2026-09-17T10:42:00Z,29564.75,29566.5,29562.75,29563.25,40,2026-09-24T16:48:21+00:00
2026-09-17T10:43:00Z,29563.5,29565.0,29561.75,29564.25,59,2026-09-24T16:48:21+00:00
2026-09-17T10:44:00Z,29563.75,29569.0,29563.75,29566.0,113,2026-09-24T16:48:21+00:00
2026-09-17T10:45:00Z,29564.5,29568.0,29562.0,29566.5,67,2026-09-24T16:48:21+00:00
2026-09-17T10:46:00Z,29566.75,29570.75,29565.75,29567.5,78,2026-09-24T16:48:21+00:00
2026-09-17T10:47:00Z,29567.5,29571.0,29567.0,29568.25,54,2026-09-24T16:48:21+00:00
2026-09-17T10:48:00Z,29567.5,29567.5,29564.5,29566.0,43,2026-09-24T16:48:21+00:00
2026-09-17T10:49:00Z,29565.0,29568.0,29564.0,29568.0,38,2026-09-24T16:48:21+00:00
2026-09-17T10:50:00Z,29567.25,29573.25,29565.75,29572.0,72,2026-09-24T16:48:21+00:00
2026-09-17T10:51:00Z,29573.25,29579.25,29573.25,29574.0,75,2026-09-24T16:48:21+00:00
2026-09-17T10:52:00Z,29572.75,29575.5,29570.5,29573.5,110,2026-09-24T16:48:21+00:00
2026-09-17T10:53:00Z,29571.5,29575.75,29570.0,29573.25,89,2026-09-24T16:48:21+00:00
2026-09-17T10:54:00Z,29573.5,29573.5,29569.25,29571.5,33,2026-09-24T16:48:21+00:00
2026-09-17T10:55:00Z,29573.0,29576.0,29571.5,29576.0,13,2026-09-24T16:48:21+00:00
2026-09-17T10:56:00Z,29574.25,29582.0,29574.25,29578.25,52,2026-09-24T16:48:21+00:00
2026-09-17T10:57:00Z,29577.5,29580.75,29575.75,29580.0,59,2026-09-24T16:48:21+00:00
2026-09-17T10:58:00Z,29579.5,29584.0,29579.25,29582.5,49,2026-09-24T16:48:21+00:00
2026-09-17T10:59:00Z,29582.25,29589.0,29582.25,29586.75,112,2026-09-24T16:48:21+00:00
2026-09-17T11:00:00Z,29586.75,29598.5,29585.0,29598.25,490,2026-09-24T16:48:21+00:00
2026-09-17T11:01:00Z,29596.25,29614.0,29594.5,29596.5,611,2026-09-24T16:48:21+00:00
2026-09-17T11:02:00Z,29596.0,29600.5,29594.0,29598.5,151,2026-09-24T16:48:21+00:00
2026-09-17T11:03:00Z,29598.75,29600.5,29589.5,29593.0,157,2026-09-24T16:48:21+00:00
2026-09-17T11:04:00Z,29592.0,29593.5,29588.5,29592.25,149,2026-09-24T16:48:21+00:00
2026-09-17T11:05:00Z,29592.75,29595.75,29590.0,29595.0,76,2026-09-24T16:48:21+00:00
2026-09-17T11:06:00Z,29594.75,29596.5,29584.75,29587.25,157,2026-09-24T16:48:21+00:00
2026-09-17T11:07:00Z,29587.5,29590.0,29584.25,29588.75,117,2026-09-24T16:48:21+00:00
2026-09-17T11:08:00Z,29588.75,29588.75,29585.0,29585.25,55,2026-09-24T16:48:21+00:00
2026-09-17T11:09:00Z,29584.25,29588.25,29582.75,29583.75,114,2026-09-24T16:48:21+00:00
2026-09-17T11:10:00Z,29583.75,29586.25,29579.0,29581.75,145,2026-09-24T16:48:21+00:00
2026-09-17T11:11:00Z,29582.0,29582.25,29575.5,29576.0,173,2026-09-24T16:48:21+00:00
2026-09-17T11:12:00Z,29576.25,29582.5,29576.25,29579.5,70,2026-09-24T16:48:21+00:00
2026-09-17T11:13:00Z,29579.25,29589.5,29577.0,29589.25,176,2026-09-24T16:48:21+00:00
2026-09-17T11:14:00Z,29587.0,29591.0,29584.25,29589.0,81,2026-09-24T16:48:21+00:00
2026-09-17T11:15:00Z,29589.5,29592.0,29580.25,29582.0,127,2026-09-24T16:48:21+00:00
2026-09-17T11:16:00Z,29582.25,29586.0,29573.75,29576.0,172,2026-09-24T16:48:21+00:00
2026-09-17T11:17:00Z,29575.75,29575.75,29567.75,29568.0,75,2026-09-24T16:48:21+00:00
2026-09-17T11:18:00Z,29568.25,29569.25,29566.25,29568.5,76,2026-09-24T16:48:21+00:00
2026-09-17T11:19:00Z,29569.25,29577.0,29569.25,29575.75,100,2026-09-24T16:48:21+00:00
2026-09-17T11:20:00Z,29575.0,29585.25,29575.0,29581.75,132,2026-09-24T16:48:21+00:00
2026-09-17T11:21:00Z,29581.75,29582.5,29577.0,29578.75,59,2026-09-24T16:48:21+00:00
2026-09-17T11:22:00Z,29577.5,29578.75,29570.75,29571.5,97,2026-09-24T16:48:21+00:00
2026-09-17T11:23:00Z,29571.0,29576.75,29570.25,29574.75,42,2026-09-24T16:48:21+00:00
2026-09-17T11:24:00Z,29574.25,29577.0,29569.5,29569.5,65,2026-09-24T16:48:21+00:00
2026-09-17T11:25:00Z,29570.0,29572.25,29565.75,29567.0,74,2026-09-24T16:48:21+00:00
2026-09-17T11:26:00Z,29567.75,29575.0,29565.0,29573.0,91,2026-09-24T16:48:21+00:00
2026-09-17T11:27:00Z,29572.25,29578.5,29572.0,29575.75,114,2026-09-24T16:48:21+00:00
2026-09-17T11:28:00Z,29575.25,29575.75,29573.0,29573.75,47,2026-09-24T16:48:21+00:00
2026-09-17T11:29:00Z,29573.75,29580.0,29573.75,29577.75,67,2026-09-24T16:48:21+00:00
2026-09-17T11:30:00Z,29577.5,29578.25,29573.0,29574.75,56,2026-09-24T16:48:21+00:00
2026-09-17T11:31:00Z,29575.0,29579.75,29573.5,29576.5,54,2026-09-24T16:48:21+00:00
2026-09-17T11:32:00Z,29578.0,29582.0,29578.0,29581.0,53,2026-09-24T16:48:21+00:00
2026-09-17T11:33:00Z,29578.25,29578.25,29572.5,29574.75,54,2026-09-24T16:48:21+00:00
2026-09-17T11:34:00Z,29574.5,29576.0,29572.25,29574.5,52,2026-09-24T16:48:21+00:00
2026-09-17T11:35:00Z,29572.75,29578.25,29571.5,29576.5,67,2026-09-24T16:48:21+00:00
2026-09-17T11:36:00Z,29575.25,29579.0,29573.25,29573.25,55,2026-09-24T16:48:21+00:00
2026-09-17T11:37:00Z,29574.0,29575.75,29566.5,29571.0,133,2026-09-24T16:48:21+00:00
2026-09-17T11:38:00Z,29570.5,29577.5,29570.5,29577.0,64,2026-09-24T16:48:21+00:00
2026-09-17T11:39:00Z,29575.0,29577.25,29574.75,29576.0,25,2026-09-24T16:48:21+00:00
2026-09-17T11:40:00Z,29575.75,29575.75,29565.75,29566.0,86,2026-09-24T16:48:21+00:00
2026-09-17T11:41:00Z,29566.5,29568.75,29566.0,29567.75,117,2026-09-24T16:48:21+00:00
2026-09-17T11:42:00Z,29567.25,29572.5,29566.0,29571.0,65,2026-09-24T16:48:21+00:00
2026-09-17T11:43:00Z,29570.0,29571.0,29568.0,29569.25,43,2026-09-24T16:48:21+00:00
2026-09-17T11:44:00Z,29570.0,29570.5,29560.0,29561.25,121,2026-09-24T16:48:21+00:00
2026-09-17T11:45:00Z,29559.75,29561.75,29558.5,29561.5,85,2026-09-24T16:48:21+00:00
2026-09-17T11:46:00Z,29560.5,29566.75,29558.25,29564.0,98,2026-09-24T16:48:21+00:00
2026-09-17T11:47:00Z,29564.75,29565.0,29559.5,29563.25,72,2026-09-24T16:48:21+00:00
2026-09-17T11:48:00Z,29564.0,29569.25,29562.25,29564.75,61,2026-09-24T16:48:21+00:00
2026-09-17T11:49:00Z,29565.75,29568.25,29563.5,29564.75,101,2026-09-24T16:48:21+00:00
2026-09-17T11:50:00Z,29565.75,29565.75,29555.5,29561.5,181,2026-09-24T16:48:21+00:00
2026-09-17T11:51:00Z,29561.75,29567.0,29559.75,29564.75,108,2026-09-24T16:48:21+00:00
2026-09-17T11:52:00Z,29565.5,29567.25,29561.5,29564.5,142,2026-09-24T16:48:21+00:00
2026-09-17T11:53:00Z,29564.0,29570.75,29563.75,29570.75,171,2026-09-24T16:48:21+00:00
2026-09-17T11:54:00Z,29571.0,29583.25,29571.0,29579.0,244,2026-09-24T16:48:21+00:00
2026-09-17T11:55:00Z,29578.25,29586.5,29578.25,29581.75,129,2026-09-24T16:48:21+00:00
2026-09-17T11:56:00Z,29581.75,29582.25,29573.5,29576.25,107,2026-09-24T16:48:21+00:00
2026-09-17T11:57:00Z,29577.5,29584.5,29577.5,29584.5,85,2026-09-24T16:48:21+00:00
2026-09-17T11:58:00Z,29582.5,29623.0,29581.75,29613.25,1572,2026-09-24T16:48:21+00:00
2026-09-17T11:59:00Z,29611.5,29624.0,29606.0,29620.0,593,2026-09-24T16:48:21+00:00
2026-09-17T12:00:00Z,29621.0,29625.0,29610.5,29614.0,423,2026-09-24T16:48:21+00:00
2026-09-17T12:01:00Z,29614.25,29623.5,29607.25,29608.0,362,2026-09-24T16:48:21+00:00
2026-09-17T12:02:00Z,29607.0,29610.0,29600.75,29609.0,252,2026-09-24T16:48:21+00:00
2026-09-17T12:03:00Z,29608.25,29609.75,29595.5,29600.75,210,2026-09-24T16:48:21+00:00
2026-09-17T12:04:00Z,29602.5,29627.0,29602.25,29619.25,1105,2026-09-24T16:48:21+00:00
2026-09-17T12:05:00Z,29619.5,29641.25,29615.5,29637.25,853,2026-09-24T16:48:21+00:00
2026-09-17T12:06:00Z,29637.5,29638.5,29631.25,29635.5,388,2026-09-24T16:48:21+00:00
2026-09-17T12:07:00Z,29634.5,29635.75,29625.0,29630.75,328,2026-09-24T16:48:21+00:00
2026-09-17T12:08:00Z,29632.0,29643.25,29632.0,29641.75,302,2026-09-24T16:48:21+00:00
2026-09-17T12:09:00Z,29641.5,29667.75,29641.25,29666.5,1297,2026-09-24T16:48:21+00:00
2026-09-17T12:10:00Z,29666.75,29680.75,29662.75,29667.0,863,2026-09-24T16:48:21+00:00
2026-09-17T12:11:00Z,29666.25,29673.75,29665.5,29667.75,342,2026-09-24T16:48:21+00:00
2026-09-17T12:12:00Z,29669.0,29671.0,29664.0,29668.5,234,2026-09-24T16:48:21+00:00
2026-09-17T12:13:00Z,29669.5,29671.25,29662.5,29668.75,233,2026-09-24T16:48:21+00:00
2026-09-17T12:14:00Z,29668.5,29669.0,29663.0,29666.25,139,2026-09-24T16:48:21+00:00
2026-09-17T12:15:00Z,29667.25,29671.0,29663.5,29668.0,204,2026-09-24T16:48:21+00:00
2026-09-17T12:16:00Z,29668.0,29671.0,29662.75,29669.0,274,2026-09-24T16:48:21+00:00
2026-09-17T12:17:00Z,29668.25,29679.75,29667.25,29677.0,459,2026-09-24T16:48:21+00:00
2026-09-17T12:18:00Z,29677.0,29680.0,29670.5,29677.0,271,2026-09-24T16:48:21+00:00
2026-09-17T12:19:00Z,29676.0,29688.5,29673.5,29687.25,449,2026-09-24T16:48:21+00:00
2026-09-17T12:20:00Z,29687.25,29689.5,29682.0,29687.25,352,2026-09-24T16:48:21+00:00
2026-09-17T12:21:00Z,29687.75,29697.0,29687.5,29691.5,583,2026-09-24T16:48:21+00:00
2026-09-17T12:22:00Z,29691.5,29693.0,29685.5,29687.5,286,2026-09-24T16:48:21+00:00
2026-09-17T12:23:00Z,29687.75,29695.5,29686.75,29695.5,293,2026-09-24T16:48:21+00:00
2026-09-17T12:24:00Z,29695.25,29696.75,29691.5,29695.25,287,2026-09-24T16:48:21+00:00
2026-09-17T12:25:00Z,29695.25,29706.0,29689.5,29705.25,569,2026-09-24T16:48:21+00:00
2026-09-17T12:26:00Z,29704.5,29708.25,29699.25,29707.5,270,2026-09-24T16:48:21+00:00
2026-09-17T12:27:00Z,29707.25,29712.0,29701.5,29711.25,399,2026-09-24T16:48:21+00:00
2026-09-17T12:28:00Z,29711.25,29715.5,29708.0,29712.25,342,2026-09-24T16:48:21+00:00
2026-09-17T12:29:00Z,29712.75,29727.75,29712.0,29725.25,370,2026-09-24T16:48:21+00:00
2026-09-17T12:30:00Z,29723.75,29728.75,29712.25,29725.75,687,2026-09-24T16:48:21+00:00
2026-09-17T12:31:00Z,29726.5,29729.0,29718.5,29726.0,584,2026-09-24T16:48:21+00:00
2026-09-17T12:32:00Z,29726.5,29748.5,29726.0,29740.25,1158,2026-09-24T16:48:21+00:00
2026-09-17T12:33:00Z,29740.0,29743.75,29724.5,29743.0,670,2026-09-24T16:48:21+00:00
2026-09-17T12:34:00Z,29743.0,29753.25,29741.25,29749.25,695,2026-09-24T16:48:21+00:00
2026-09-17T12:35:00Z,29748.5,29749.75,29736.25,29742.5,634,2026-09-24T16:48:21+00:00
2026-09-17T12:36:00Z,29742.5,29742.5,29732.0,29733.0,544,2026-09-24T16:48:21+00:00
2026-09-17T12:37:00Z,29733.5,29733.5,29722.0,29727.0,513,2026-09-24T16:48:21+00:00
2026-09-17T12:38:00Z,29726.5,29738.75,29722.75,29735.25,432,2026-09-24T16:48:21+00:00
2026-09-17T12:39:00Z,29735.25,29745.5,29727.75,29743.75,623,2026-09-24T16:48:21+00:00
2026-09-17T12:40:00Z,29743.0,29744.5,29734.5,29734.75,326,2026-09-24T16:48:21+00:00
2026-09-17T12:41:00Z,29735.75,29736.25,29724.75,29725.0,290,2026-09-24T16:48:21+00:00
2026-09-17T12:42:00Z,29725.5,29731.25,29723.25,29731.25,464,2026-09-24T16:48:21+00:00
2026-09-17T12:43:00Z,29731.5,29734.25,29729.0,29733.75,305,2026-09-24T16:48:21+00:00
2026-09-17T12:44:00Z,29732.75,29733.75,29720.0,29721.75,458,2026-09-24T16:48:21+00:00
2026-09-17T12:45:00Z,29721.5,29724.0,29715.75,29719.75,398,2026-09-24T16:48:21+00:00
2026-09-17T12:46:00Z,29719.25,29722.25,29716.0,29719.5,270,2026-09-24T16:48:21+00:00
2026-09-17T12:47:00Z,29718.5,29720.25,29712.0,29713.5,321,2026-09-24T16:48:21+00:00
2026-09-17T12:48:00Z,29712.25,29715.5,29708.75,29713.5,340,2026-09-24T16:48:21+00:00
2026-09-17T12:49:00Z,29713.25,29721.5,29713.0,29714.5,364,2026-09-24T16:48:21+00:00
2026-09-17T12:50:00Z,29714.0,29720.75,29711.0,29717.5,298,2026-09-24T16:48:21+00:00
2026-09-17T12:51:00Z,29716.25,29727.25,29715.5,29723.25,364,2026-09-24T16:48:21+00:00
2026-09-17T12:52:00Z,29723.75,29723.75,29717.75,29718.25,152,2026-09-24T16:48:21+00:00
2026-09-17T12:53:00Z,29719.0,29719.75,29713.5,29715.25,182,2026-09-24T16:48:21+00:00
2026-09-17T12:54:00Z,29714.75,29724.0,29714.75,29724.0,203,2026-09-24T16:48:21+00:00
2026-09-17T12:55:00Z,29723.25,29723.75,29714.0,29716.25,256,2026-09-24T16:48:21+00:00
2026-09-17T12:56:00Z,29716.5,29724.5,29715.0,29724.25,312,2026-09-24T16:48:21+00:00
2026-09-17T12:57:00Z,29724.5,29732.5,29723.0,29728.5,281,2026-09-24T16:48:21+00:00
2026-09-17T12:58:00Z,29728.25,29728.25,29720.25,29722.75,182,2026-09-24T16:48:21+00:00
2026-09-17T12:59:00Z,29723.5,29724.75,29718.0,29724.0,274,2026-09-24T16:48:21+00:00
2026-09-17T13:00:00Z,29724.25,29749.5,29715.75,29749.0,1140,2026-09-24T16:48:21+00:00
2026-09-17T13:01:00Z,29748.0,29750.0,29736.75,29739.0,483,2026-09-24T16:48:21+00:00
2026-09-17T13:02:00Z,29739.0,29742.5,29734.0,29737.5,372,2026-09-24T16:48:21+00:00
2026-09-17T13:03:00Z,29737.0,29738.5,29733.75,29734.25,182,2026-09-24T16:48:21+00:00
2026-09-17T13:04:00Z,29734.75,29738.0,29728.0,29730.0,347,2026-09-24T16:48:21+00:00
2026-09-17T13:05:00Z,29730.75,29733.0,29726.25,29730.0,371,2026-09-24T16:48:21+00:00
2026-09-17T13:06:00Z,29729.5,29730.25,29723.5,29726.25,274,2026-09-24T16:48:21+00:00
2026-09-17T13:07:00Z,29726.75,29730.0,29724.0,29727.25,248,2026-09-24T16:48:21+00:00
2026-09-17T13:08:00Z,29726.75,29739.25,29725.75,29731.75,429,2026-09-24T16:48:21+00:00
2026-09-17T13:09:00Z,29731.25,29731.25,29725.25,29725.5,284,2026-09-24T16:48:21+00:00
2026-09-17T13:10:00Z,29725.75,29728.25,29719.75,29719.75,286,2026-09-24T16:48:21+00:00
2026-09-17T13:11:00Z,29720.25,29727.0,29714.0,29725.5,589,2026-09-24T16:48:21+00:00
2026-09-17T13:12:00Z,29726.0,29731.5,29721.75,29725.5,409,2026-09-24T16:48:21+00:00
2026-09-17T13:13:00Z,29725.0,29736.5,29725.0,29731.25,403,2026-09-24T16:48:21+00:00
2026-09-17T13:14:00Z,29731.25,29735.25,29729.0,29730.75,264,2026-09-24T16:48:21+00:00
2026-09-17T13:15:00Z,29730.25,29735.75,29726.0,29734.25,390,2026-09-24T16:48:21+00:00
2026-09-17T13:16:00Z,29734.0,29739.5,29729.0,29731.25,372,2026-09-24T16:48:21+00:00
2026-09-17T13:17:00Z,29731.0,29735.0,29729.25,29734.75,195,2026-09-24T16:48:21+00:00
2026-09-17T13:18:00Z,29735.5,29743.0,29732.5,29733.75,409,2026-09-24T16:48:21+00:00
2026-09-17T13:19:00Z,29734.25,29734.25,29727.75,29727.75,245,2026-09-24T16:48:21+00:00
2026-09-17T13:20:00Z,29728.5,29733.25,29725.75,29726.25,420,2026-09-24T16:48:21+00:00
2026-09-17T13:21:00Z,29726.5,29727.0,29718.25,29720.5,289,2026-09-24T16:48:21+00:00
2026-09-17T13:22:00Z,29720.75,29722.5,29718.5,29721.5,282,2026-09-24T16:48:21+00:00
2026-09-17T13:23:00Z,29721.25,29721.25,29712.0,29715.0,535,2026-09-24T16:48:21+00:00
2026-09-17T13:24:00Z,29715.0,29717.75,29712.75,29715.5,305,2026-09-24T16:48:21+00:00
2026-09-17T13:25:00Z,29715.5,29719.75,29713.75,29718.25,432,2026-09-24T16:48:21+00:00
2026-09-17T13:26:00Z,29718.75,29729.75,29718.75,29726.0,372,2026-09-24T16:48:21+00:00
2026-09-17T13:27:00Z,29726.25,29730.0,29720.25,29722.0,657,2026-09-24T16:48:21+00:00
2026-09-17T13:28:00Z,29721.75,29728.25,29720.0,29723.5,686,2026-09-24T16:48:21+00:00
2026-09-17T13:29:00Z,29723.75,29724.0,29709.75,29718.25,1216,2026-09-24T16:48:21+00:00
2026-09-17T13:30:00Z,29718.25,29737.25,29698.25,29717.75,6606,2026-09-24T16:48:21+00:00
2026-09-17T13:31:00Z,29717.25,29723.75,29673.0,29673.75,4048,2026-09-24T16:48:21+00:00
2026-09-17T13:32:00Z,29674.25,29685.0,29664.0,29675.75,3476,2026-09-24T16:48:21+00:00
2026-09-17T13:33:00Z,29675.25,29678.5,29650.25,29659.0,2580,2026-09-24T16:48:21+00:00
2026-09-17T13:34:00Z,29659.0,29663.75,29641.0,29641.75,2176,2026-09-24T16:48:21+00:00
2026-09-17T13:35:00Z,29641.5,29658.75,29640.75,29654.5,2077,2026-09-24T16:48:21+00:00
2026-09-17T13:36:00Z,29654.75,29667.25,29634.25,29648.5,3055,2026-09-24T16:48:21+00:00
2026-09-17T13:37:00Z,29647.75,29649.5,29625.75,29626.25,2179,2026-09-24T16:48:21+00:00
2026-09-17T13:38:00Z,29626.25,29629.75,29605.75,29614.75,2455,2026-09-24T16:48:21+00:00
2026-09-17T13:39:00Z,29614.75,29623.5,29609.0,29620.5,1759,2026-09-24T16:48:21+00:00
2026-09-17T13:40:00Z,29621.0,29634.5,29613.75,29631.25,2384,2026-09-24T16:48:21+00:00
2026-09-17T13:41:00Z,29630.75,29642.25,29615.5,29618.75,2408,2026-09-24T16:48:21+00:00
2026-09-17T13:42:00Z,29618.75,29644.25,29613.0,29644.0,2292,2026-09-24T16:48:21+00:00
2026-09-17T13:43:00Z,29644.5,29649.5,29622.75,29632.5,2563,2026-09-24T16:48:21+00:00
2026-09-17T13:44:00Z,29632.25,29646.0,29628.25,29641.0,1605,2026-09-24T16:48:21+00:00
2026-09-17T13:45:00Z,29641.75,29652.0,29629.0,29629.0,2572,2026-09-24T16:48:21+00:00
2026-09-17T13:46:00Z,29629.25,29654.5,29623.75,29653.75,2164,2026-09-24T16:48:21+00:00
2026-09-17T13:47:00Z,29653.25,29669.25,29645.5,29661.0,2364,2026-09-24T16:48:21+00:00
2026-09-17T13:48:00Z,29660.5,29662.25,29642.5,29649.25,1881,2026-09-24T16:48:21+00:00
2026-09-17T13:49:00Z,29649.75,29664.25,29635.0,29664.25,1954,2026-09-24T16:48:21+00:00
2026-09-17T13:50:00Z,29665.0,29674.25,29657.25,29671.75,2219,2026-09-24T16:48:21+00:00
2026-09-17T13:51:00Z,29672.0,29673.25,29645.0,29667.0,1928,2026-09-24T16:48:21+00:00
2026-09-17T13:52:00Z,29667.0,29673.25,29662.0,29671.0,1499,2026-09-24T16:48:21+00:00
2026-09-17T13:53:00Z,29670.75,29674.75,29662.5,29672.25,1253,2026-09-24T16:48:21+00:00
2026-09-17T13:54:00Z,29672.25,29694.75,29669.75,29674.75,3297,2026-09-24T16:48:21+00:00
2026-09-17T13:55:00Z,29674.25,29683.25,29664.25,29671.75,2031,2026-09-24T16:48:21+00:00
2026-09-17T13:56:00Z,29671.25,29676.0,29661.75,29671.5,1415,2026-09-24T16:48:21+00:00
2026-09-17T13:57:00Z,29671.0,29675.0,29662.75,29672.0,1182,2026-09-24T16:48:21+00:00
2026-09-17T13:58:00Z,29671.75,29679.5,29667.0,29671.25,955,2026-09-24T16:48:21+00:00
2026-09-17T13:59:00Z,29671.25,29691.0,29670.0,29689.0,1243,2026-09-24T16:48:21+00:00
2026-09-17T14:00:00Z,29689.5,29690.25,29663.25,29665.75,2643,2026-09-24T16:48:21+00:00
2026-09-17T14:01:00Z,29665.5,29672.75,29648.5,29670.75,2193,2026-09-24T16:48:21+00:00
2026-09-17T14:02:00Z,29670.5,29674.5,29653.25,29664.0,1527,2026-09-24T16:48:21+00:00
2026-09-17T14:03:00Z,29663.75,29671.75,29650.0,29671.5,1659,2026-09-24T16:48:21+00:00
2026-09-17T14:04:00Z,29671.0,29677.0,29660.0,29675.5,1448,2026-09-24T16:48:21+00:00
2026-09-17T14:05:00Z,29675.0,29678.0,29664.5,29674.5,1281,2026-09-24T16:48:21+00:00
2026-09-17T14:06:00Z,29674.25,29683.25,29668.0,29670.5,1351,2026-09-24T16:48:21+00:00
2026-09-17T14:07:00Z,29670.75,29670.75,29639.5,29642.0,1796,2026-09-24T16:48:21+00:00
2026-09-17T14:08:00Z,29642.5,29667.0,29642.5,29665.25,1374,2026-09-24T16:48:21+00:00
2026-09-17T14:09:00Z,29664.75,29670.0,29654.5,29659.25,1144,2026-09-24T16:48:21+00:00
2026-09-17T14:10:00Z,29657.75,29676.5,29656.25,29665.0,1453,2026-09-24T16:48:21+00:00
2026-09-17T14:11:00Z,29665.25,29666.0,29646.5,29661.75,1045,2026-09-24T16:48:21+00:00
2026-09-17T14:12:00Z,29661.0,29681.75,29656.25,29676.75,1352,2026-09-24T16:48:21+00:00
2026-09-17T14:13:00Z,29677.25,29701.0,29672.75,29699.75,1863,2026-09-24T16:48:21+00:00
2026-09-17T14:14:00Z,29700.5,29718.0,29699.0,29710.75,2888,2026-09-24T16:48:21+00:00
2026-09-17T14:15:00Z,29710.0,29714.5,29701.75,29704.75,1765,2026-09-24T16:48:21+00:00
2026-09-17T14:16:00Z,29703.75,29715.5,29703.25,29711.0,1280,2026-09-24T16:48:21+00:00
2026-09-17T14:17:00Z,29711.5,29719.75,29707.25,29709.25,1568,2026-09-24T16:48:21+00:00
2026-09-17T14:18:00Z,29708.5,29718.25,29704.0,29708.5,1558,2026-09-24T16:48:21+00:00
2026-09-17T14:19:00Z,29709.0,29711.0,29696.25,29709.25,1246,2026-09-24T16:48:21+00:00
2026-09-17T14:20:00Z,29709.0,29710.25,29692.5,29698.25,1258,2026-09-24T16:48:21+00:00
2026-09-17T14:21:00Z,29697.5,29706.75,29696.0,29705.0,797,2026-09-24T16:48:21+00:00
2026-09-17T14:22:00Z,29704.25,29711.0,29701.5,29703.25,1000,2026-09-24T16:48:21+00:00
2026-09-17T14:23:00Z,29702.75,29721.25,29702.75,29718.25,1114,2026-09-24T16:48:21+00:00
2026-09-17T14:24:00Z,29718.25,29725.25,29710.75,29721.0,1316,2026-09-24T16:48:21+00:00
2026-09-17T14:25:00Z,29721.0,29723.75,29711.5,29718.25,1248,2026-09-24T16:48:21+00:00
2026-09-17T14:26:00Z,29718.25,29727.25,29715.25,29726.25,1169,2026-09-24T16:48:21+00:00
2026-09-17T14:27:00Z,29726.25,29737.0,29721.0,29736.0,1449,2026-09-24T16:48:21+00:00
2026-09-17T14:28:00Z,29736.25,29742.0,29720.5,29722.5,1728,2026-09-24T16:48:21+00:00
2026-09-17T14:29:00Z,29722.75,29724.25,29710.5,29712.5,1442,2026-09-24T16:48:21+00:00
2026-09-17T14:30:00Z,29712.0,29723.75,29708.0,29721.5,1545,2026-09-24T16:48:21+00:00
2026-09-17T14:31:00Z,29720.5,29726.75,29711.75,29715.25,971,2026-09-24T16:48:21+00:00
2026-09-17T14:32:00Z,29715.0,29722.5,29710.75,29722.5,738,2026-09-24T16:48:21+00:00
2026-09-17T14:33:00Z,29723.0,29731.0,29721.0,29724.25,986,2026-09-24T16:48:21+00:00
2026-09-17T14:34:00Z,29723.0,29738.0,29721.5,29734.5,1105,2026-09-24T16:48:21+00:00
2026-09-17T14:35:00Z,29734.0,29737.75,29721.25,29732.0,1165,2026-09-24T16:48:21+00:00
2026-09-17T14:36:00Z,29731.75,29736.5,29725.5,29732.0,770,2026-09-24T16:48:21+00:00
2026-09-17T14:37:00Z,29731.75,29741.5,29729.5,29740.25,898,2026-09-24T16:48:21+00:00
2026-09-17T14:38:00Z,29739.75,29743.75,29732.75,29738.75,1104,2026-09-24T16:48:21+00:00
2026-09-17T14:39:00Z,29738.0,29743.5,29722.5,29725.25,1234,2026-09-24T16:48:21+00:00
2026-09-17T14:40:00Z,29725.25,29741.5,29721.5,29738.25,1040,2026-09-24T16:48:21+00:00
2026-09-17T14:41:00Z,29738.5,29745.75,29730.0,29743.75,1273,2026-09-24T16:48:21+00:00
2026-09-17T14:42:00Z,29744.0,29748.0,29738.5,29739.5,990,2026-09-24T16:48:21+00:00
2026-09-17T14:43:00Z,29739.0,29741.0,29727.5,29729.5,1119,2026-09-24T16:48:21+00:00
2026-09-17T14:44:00Z,29729.0,29730.75,29713.5,29716.0,1475,2026-09-24T16:48:21+00:00
2026-09-17T14:45:00Z,29715.5,29718.5,29706.0,29708.25,1259,2026-09-24T16:48:21+00:00
2026-09-17T14:46:00Z,29708.75,29713.0,29693.25,29699.0,1497,2026-09-24T16:48:21+00:00
2026-09-17T14:47:00Z,29699.5,29702.25,29681.0,29686.0,1294,2026-09-24T16:48:21+00:00
2026-09-17T14:48:00Z,29686.0,29697.5,29684.75,29690.75,947,2026-09-24T16:48:21+00:00
2026-09-17T14:49:00Z,29690.5,29697.75,29684.5,29693.0,1236,2026-09-24T16:48:21+00:00
2026-09-17T14:50:00Z,29693.0,29698.25,29684.25,29686.25,1154,2026-09-24T16:48:21+00:00
2026-09-17T14:51:00Z,29686.75,29697.25,29686.5,29695.5,816,2026-09-24T16:48:21+00:00
2026-09-17T14:52:00Z,29695.5,29696.25,29688.5,29690.75,600,2026-09-24T16:48:21+00:00
2026-09-17T14:53:00Z,29690.75,29694.0,29682.5,29684.25,939,2026-09-24T16:48:21+00:00
2026-09-17T14:54:00Z,29683.5,29683.75,29668.75,29674.5,1944,2026-09-24T16:48:21+00:00
2026-09-17T14:55:00Z,29674.25,29684.25,29669.5,29674.25,1107,2026-09-24T16:48:21+00:00
2026-09-17T14:56:00Z,29674.0,29686.0,29666.5,29685.0,1127,2026-09-24T16:48:21+00:00
2026-09-17T14:57:00Z,29684.25,29694.75,29684.0,29687.25,1316,2026-09-24T16:48:21+00:00
2026-09-17T14:58:00Z,29686.75,29695.5,29679.25,29682.25,873,2026-09-24T16:48:21+00:00
2026-09-17T14:59:00Z,29681.5,29684.0,29673.25,29680.0,1106,2026-09-24T16:48:21+00:00
2026-09-17T15:00:00Z,29680.75,29685.5,29666.25,29677.75,1376,2026-09-24T16:48:21+00:00
2026-09-17T15:01:00Z,29677.5,29683.25,29669.75,29673.25,1012,2026-09-24T16:48:21+00:00
2026-09-17T15:02:00Z,29673.5,29680.25,29668.25,29679.0,786,2026-09-24T16:48:21+00:00
2026-09-17T15:03:00Z,29679.25,29687.75,29676.75,29679.0,791,2026-09-24T16:48:21+00:00
2026-09-17T15:04:00Z,29679.25,29680.0,29671.75,29673.25,625,2026-09-24T16:48:21+00:00
2026-09-17T15:05:00Z,29673.75,29675.5,29659.5,29659.75,1046,2026-09-24T16:48:21+00:00
2026-09-17T15:06:00Z,29659.5,29667.5,29652.0,29666.25,1391,2026-09-24T16:48:21+00:00
2026-09-17T15:07:00Z,29666.5,29676.0,29656.75,29675.0,1066,2026-09-24T16:48:21+00:00
2026-09-17T15:08:00Z,29674.75,29686.5,29670.75,29686.5,1017,2026-09-24T16:48:21+00:00
2026-09-17T15:09:00Z,29686.5,29691.0,29678.5,29681.75,806,2026-09-24T16:48:21+00:00
2026-09-17T15:10:00Z,29681.25,29682.5,29670.25,29676.5,798,2026-09-24T16:48:21+00:00
2026-09-17T15:11:00Z,29676.75,29686.0,29673.5,29684.25,727,2026-09-24T16:48:21+00:00
2026-09-17T15:12:00Z,29684.75,29685.75,29671.5,29674.5,856,2026-09-24T16:48:21+00:00
2026-09-17T15:13:00Z,29674.5,29685.0,29670.75,29683.5,823,2026-09-24T16:48:21+00:00
2026-09-17T15:14:00Z,29683.25,29686.0,29677.5,29682.5,609,2026-09-24T16:48:21+00:00
2026-09-17T15:15:00Z,29682.25,29682.25,29671.0,29676.25,748,2026-09-24T16:48:21+00:00
2026-09-17T15:16:00Z,29676.25,29692.5,29674.0,29692.0,737,2026-09-24T16:48:21+00:00
2026-09-17T15:17:00Z,29692.0,29692.5,29682.5,29691.0,577,2026-09-24T16:48:21+00:00
2026-09-17T15:18:00Z,29690.25,29698.0,29687.75,29696.0,753,2026-09-24T16:48:21+00:00
2026-09-17T15:19:00Z,29695.75,29696.25,29687.75,29693.5,615,2026-09-24T16:48:21+00:00
2026-09-17T15:20:00Z,29693.75,29694.75,29684.0,29686.75,571,2026-09-24T16:48:21+00:00
2026-09-17T15:21:00Z,29687.25,29690.25,29678.25,29684.5,673,2026-09-24T16:48:21+00:00
2026-09-17T15:22:00Z,29684.25,29690.25,29678.75,29688.75,568,2026-09-24T16:48:21+00:00
2026-09-17T15:23:00Z,29689.5,29690.75,29684.25,29685.75,428,2026-09-24T16:48:21+00:00
2026-09-17T15:24:00Z,29685.25,29692.5,29680.0,29691.0,512,2026-09-24T16:48:21+00:00
2026-09-17T15:25:00Z,29691.5,29712.25,29691.25,29712.0,1367,2026-09-24T16:48:21+00:00
2026-09-17T15:26:00Z,29711.5,29714.0,29703.0,29704.0,672,2026-09-24T16:48:21+00:00
2026-09-17T15:27:00Z,29703.25,29711.5,29701.0,29705.0,710,2026-09-24T16:48:21+00:00
2026-09-17T15:28:00Z,29705.5,29709.5,29698.75,29709.0,541,2026-09-24T16:48:21+00:00
2026-09-17T15:29:00Z,29708.75,29713.75,29705.0,29706.5,626,2026-09-24T16:48:21+00:00
2026-09-17T15:30:00Z,29706.5,29711.5,29702.75,29706.25,795,2026-09-24T16:48:21+00:00
2026-09-17T15:31:00Z,29706.25,29709.25,29703.75,29709.0,439,2026-09-24T16:48:21+00:00
2026-09-17T15:32:00Z,29708.5,29709.5,29699.75,29702.5,487,2026-09-24T16:48:21+00:00
2026-09-17T15:33:00Z,29702.0,29706.5,29700.0,29703.25,392,2026-09-24T16:48:21+00:00
2026-09-17T15:34:00Z,29703.0,29708.5,29699.0,29706.25,582,2026-09-24T16:48:21+00:00
2026-09-17T15:35:00Z,29706.25,29715.0,29704.0,29706.5,1008,2026-09-24T16:48:21+00:00
2026-09-17T15:36:00Z,29706.75,29717.0,29706.0,29716.0,587,2026-09-24T16:48:21+00:00
2026-09-17T15:37:00Z,29716.0,29720.25,29712.25,29715.0,565,2026-09-24T16:48:21+00:00
2026-09-17T15:38:00Z,29714.75,29717.0,29711.25,29715.75,453,2026-09-24T16:48:21+00:00
2026-09-17T15:39:00Z,29716.0,29720.75,29716.0,29720.25,416,2026-09-24T16:48:21+00:00
2026-09-17T15:40:00Z,29720.0,29730.0,29718.25,29729.25,1090,2026-09-24T16:48:21+00:00
2026-09-17T15:41:00Z,29728.75,29737.0,29725.25,29734.5,1351,2026-09-24T16:48:21+00:00
2026-09-17T15:42:00Z,29734.0,29737.5,29728.75,29737.0,993,2026-09-24T16:48:21+00:00
2026-09-17T15:43:00Z,29737.25,29741.0,29734.5,29734.75,829,2026-09-24T16:48:21+00:00
2026-09-17T15:44:00Z,29734.75,29740.0,29731.75,29735.25,722,2026-09-24T16:48:21+00:00
2026-09-17T15:45:00Z,29735.0,29739.0,29732.5,29734.5,702,2026-09-24T16:48:21+00:00
2026-09-17T15:46:00Z,29734.75,29744.0,29731.0,29742.5,801,2026-09-24T16:48:21+00:00
2026-09-17T15:47:00Z,29742.75,29743.0,29735.75,29737.5,661,2026-09-24T16:48:21+00:00
2026-09-17T15:48:00Z,29737.0,29743.0,29736.75,29739.75,745,2026-09-24T16:48:21+00:00
2026-09-17T15:49:00Z,29739.25,29744.75,29735.25,29740.5,833,2026-09-24T16:48:21+00:00
2026-09-17T15:50:00Z,29741.0,29745.75,29731.25,29737.5,1088,2026-09-24T16:48:21+00:00
2026-09-17T15:51:00Z,29738.0,29740.5,29734.75,29737.25,514,2026-09-24T16:48:21+00:00
2026-09-17T15:52:00Z,29736.75,29745.5,29735.5,29743.75,847,2026-09-24T16:48:21+00:00
2026-09-17T15:53:00Z,29743.75,29744.25,29732.25,29735.75,1053,2026-09-24T16:48:21+00:00
2026-09-17T15:54:00Z,29735.75,29740.5,29734.5,29737.75,510,2026-09-24T16:48:21+00:00
2026-09-17T15:55:00Z,29738.0,29741.0,29735.75,29735.75,446,2026-09-24T16:48:21+00:00
2026-09-17T15:56:00Z,29736.0,29736.5,29726.75,29731.75,845,2026-09-24T16:48:21+00:00
2026-09-17T15:57:00Z,29732.0,29733.25,29727.25,29730.25,534,2026-09-24T16:48:21+00:00
2026-09-17T15:58:00Z,29730.25,29738.75,29727.75,29738.0,638,2026-09-24T16:48:21+00:00
2026-09-17T15:59:00Z,29737.75,29743.75,29734.25,29743.5,920,2026-09-24T16:48:21+00:00
2026-09-17T16:00:00Z,29743.25,29746.0,29735.25,29745.5,914,2026-09-24T16:48:21+00:00
2026-09-17T16:01:00Z,29745.25,29746.25,29736.75,29738.25,527,2026-09-24T16:48:21+00:00
2026-09-17T16:02:00Z,29738.75,29741.0,29734.5,29737.75,564,2026-09-24T16:48:21+00:00
2026-09-17T16:03:00Z,29737.75,29740.0,29733.75,29737.0,436,2026-09-24T16:48:21+00:00
2026-09-17T16:04:00Z,29737.5,29740.0,29728.75,29728.75,554,2026-09-24T16:48:21+00:00
2026-09-17T16:05:00Z,29729.5,29732.75,29718.75,29720.25,1045,2026-09-24T16:48:21+00:00
2026-09-17T16:06:00Z,29720.5,29723.0,29717.0,29719.0,683,2026-09-24T16:48:21+00:00
2026-09-17T16:07:00Z,29719.75,29726.0,29718.75,29725.25,519,2026-09-24T16:48:21+00:00
2026-09-17T16:08:00Z,29725.75,29728.25,29720.25,29723.25,393,2026-09-24T16:48:21+00:00
2026-09-17T16:09:00Z,29723.5,29742.0,29722.25,29741.0,908,2026-09-24T16:48:21+00:00
2026-09-17T16:10:00Z,29740.5,29744.25,29737.75,29740.0,656,2026-09-24T16:48:21+00:00
2026-09-17T16:11:00Z,29739.75,29740.5,29734.75,29737.75,550,2026-09-24T16:48:21+00:00
2026-09-17T16:12:00Z,29738.25,29740.25,29734.5,29738.0,367,2026-09-24T16:48:21+00:00
2026-09-17T16:13:00Z,29738.0,29738.0,29732.0,29734.5,363,2026-09-24T16:48:21+00:00
2026-09-17T16:14:00Z,29734.25,29741.0,29732.25,29740.25,301,2026-09-24T16:48:21+00:00
2026-09-17T16:15:00Z,29740.0,29741.75,29733.0,29737.25,385,2026-09-24T16:48:21+00:00
2026-09-17T16:16:00Z,29737.25,29741.0,29734.25,29737.0,361,2026-09-24T16:48:21+00:00
2026-09-17T16:17:00Z,29736.75,29742.0,29736.75,29740.75,249,2026-09-24T16:48:21+00:00
2026-09-17T16:18:00Z,29740.25,29741.25,29736.75,29740.25,320,2026-09-24T16:48:21+00:00
2026-09-17T16:19:00Z,29740.0,29740.0,29735.25,29738.25,354,2026-09-24T16:48:21+00:00
2026-09-17T16:20:00Z,29738.0,29738.75,29729.25,29733.0,501,2026-09-24T16:48:21+00:00
2026-09-17T16:21:00Z,29732.0,29738.5,29732.0,29737.5,297,2026-09-24T16:48:21+00:00
2026-09-17T16:22:00Z,29738.0,29742.75,29737.5,29739.75,346,2026-09-24T16:48:21+00:00
2026-09-17T16:23:00Z,29740.0,29745.25,29737.25,29744.25,431,2026-09-24T16:48:21+00:00
2026-09-17T16:24:00Z,29743.75,29753.25,29743.75,29747.25,1298,2026-09-24T16:48:21+00:00
2026-09-17T16:25:00Z,29747.0,29751.5,29745.0,29747.25,439,2026-09-24T16:48:21+00:00
2026-09-17T16:26:00Z,29746.75,29749.5,29743.0,29748.25,428,2026-09-24T16:48:21+00:00
2026-09-17T16:27:00Z,29748.25,29750.0,29746.0,29749.0,351,2026-09-24T16:48:21+00:00
2026-09-17T16:28:00Z,29749.5,29751.5,29744.75,29744.75,410,2026-09-24T16:48:21+00:00
2026-09-17T16:29:00Z,29745.25,29748.5,29742.0,29747.5,551,2026-09-24T16:48:21+00:00
2026-09-17T16:30:00Z,29747.25,29750.5,29744.0,29747.25,482,2026-09-24T16:48:21+00:00
2026-09-17T16:31:00Z,29747.25,29747.5,29734.75,29735.25,708,2026-09-24T16:48:21+00:00
2026-09-17T16:32:00Z,29735.0,29739.0,29723.5,29724.5,1051,2026-09-24T16:48:21+00:00
2026-09-17T16:33:00Z,29724.25,29726.0,29717.5,29719.25,749,2026-09-24T16:48:21+00:00
2026-09-17T16:34:00Z,29718.75,29725.5,29716.5,29725.0,700,2026-09-24T16:48:21+00:00
2026-09-17T16:35:00Z,29725.5,29726.75,29722.25,29726.25,513,2026-09-24T16:48:21+00:00
2026-09-17T16:36:00Z,29726.25,29732.5,29722.25,29731.5,653,2026-09-24T16:48:21+00:00
2026-09-17T16:37:00Z,29731.5,29733.25,29726.0,29731.75,606,2026-09-24T16:48:21+00:00
2026-09-17T16:38:00Z,29731.5,29734.75,29727.25,29734.25,378,2026-09-24T16:48:21+00:00
2026-09-17T16:39:00Z,29734.25,29734.5,29727.25,29729.75,473,2026-09-24T16:48:21+00:00
2026-09-17T16:40:00Z,29729.0,29734.75,29724.75,29734.75,432,2026-09-24T16:48:21+00:00
2026-09-17T16:41:00Z,29734.5,29737.5,29732.5,29734.75,382,2026-09-24T16:48:21+00:00
2026-09-17T16:42:00Z,29735.25,29739.75,29734.5,29739.25,379,2026-09-24T16:48:21+00:00
2026-09-17T16:43:00Z,29739.5,29743.5,29736.25,29743.25,513,2026-09-24T16:48:21+00:00
2026-09-17T16:44:00Z,29743.25,29746.75,29740.5,29746.75,637,2026-09-24T16:48:21+00:00
2026-09-17T16:45:00Z,29746.25,29749.5,29743.25,29744.75,730,2026-09-24T16:48:21+00:00
2026-09-17T16:46:00Z,29744.5,29744.75,29740.5,29743.75,417,2026-09-24T16:48:21+00:00
2026-09-17T16:47:00Z,29743.75,29749.5,29743.25,29747.0,665,2026-09-24T16:48:21+00:00
2026-09-17T16:48:00Z,29746.75,29749.25,29742.5,29742.75,473,2026-09-24T16:48:21+00:00
2026-09-17T16:49:00Z,29742.5,29746.75,29739.75,29743.25,376,2026-09-24T16:48:21+00:00
2026-09-17T16:50:00Z,29742.75,29744.25,29740.25,29740.5,267,2026-09-24T16:48:21+00:00
2026-09-17T16:51:00Z,29740.5,29745.0,29739.75,29741.0,280,2026-09-24T16:48:21+00:00
2026-09-17T16:52:00Z,29742.0,29746.75,29741.75,29745.25,319,2026-09-24T16:48:21+00:00
2026-09-17T16:53:00Z,29745.0,29747.25,29742.75,29745.5,326,2026-09-24T16:48:21+00:00
2026-09-17T16:54:00Z,29745.25,29746.5,29741.0,29742.0,340,2026-09-24T16:48:21+00:00
2026-09-17T16:55:00Z,29742.0,29743.75,29715.0,29721.75,3779,2026-09-24T16:48:21+00:00
2026-09-17T16:56:00Z,29721.25,29726.25,29715.25,29721.5,1494,2026-09-24T16:48:21+00:00
2026-09-17T16:57:00Z,29721.0,29722.0,29704.25,29719.5,1349,2026-09-24T16:48:21+00:00
2026-09-17T16:58:00Z,29719.75,29732.75,29718.0,29731.0,959,2026-09-24T16:48:21+00:00
2026-09-17T16:59:00Z,29731.0,29743.75,29730.75,29741.5,832,2026-09-24T16:48:21+00:00
2026-09-17T17:00:00Z,29741.25,29759.0,29738.5,29755.5,1738,2026-09-24T16:48:21+00:00
2026-09-17T17:01:00Z,29755.0,29758.0,29749.5,29757.25,865,2026-09-24T16:48:21+00:00
2026-09-17T17:02:00Z,29757.75,29758.25,29746.75,29748.0,970,2026-09-24T16:48:21+00:00
2026-09-17T17:03:00Z,29747.5,29747.75,29739.5,29747.25,832,2026-09-24T16:48:21+00:00
2026-09-17T17:04:00Z,29747.0,29754.25,29745.0,29753.75,592,2026-09-24T16:48:21+00:00
2026-09-17T17:05:00Z,29754.25,29757.25,29750.5,29753.25,533,2026-09-24T16:48:21+00:00
2026-09-17T17:06:00Z,29754.0,29762.5,29752.25,29758.5,864,2026-09-24T16:48:21+00:00
2026-09-17T17:07:00Z,29758.25,29762.5,29756.25,29760.75,415,2026-09-24T16:48:21+00:00
2026-09-17T17:08:00Z,29761.5,29761.75,29748.0,29749.5,692,2026-09-24T16:48:21+00:00
2026-09-17T17:09:00Z,29748.75,29750.75,29745.5,29747.75,497,2026-09-24T16:48:21+00:00
2026-09-17T17:10:00Z,29747.75,29748.5,29738.0,29742.25,825,2026-09-24T16:48:21+00:00
2026-09-17T17:11:00Z,29741.75,29747.0,29740.5,29741.5,450,2026-09-24T16:48:21+00:00
2026-09-17T17:12:00Z,29741.75,29743.0,29734.25,29735.5,521,2026-09-24T16:48:21+00:00
2026-09-17T17:13:00Z,29735.5,29742.5,29735.5,29736.25,482,2026-09-24T16:48:21+00:00
2026-09-17T17:14:00Z,29736.5,29741.0,29730.0,29732.25,601,2026-09-24T16:48:21+00:00
2026-09-17T17:15:00Z,29732.5,29737.75,29731.0,29735.25,467,2026-09-24T16:48:21+00:00
2026-09-17T17:16:00Z,29734.75,29737.75,29733.0,29736.5,339,2026-09-24T16:48:21+00:00
2026-09-17T17:17:00Z,29736.0,29739.5,29733.5,29739.0,477,2026-09-24T16:48:21+00:00
2026-09-17T17:18:00Z,29738.5,29739.0,29734.5,29736.75,417,2026-09-24T16:48:21+00:00
2026-09-17T17:19:00Z,29736.5,29743.5,29735.75,29738.75,450,2026-09-24T16:48:21+00:00
2026-09-17T17:20:00Z,29739.25,29743.25,29732.25,29733.0,831,2026-09-24T16:48:21+00:00
2026-09-17T17:21:00Z,29732.75,29733.0,29722.0,29724.25,1094,2026-09-24T16:48:21+00:00
2026-09-17T17:22:00Z,29723.75,29733.0,29723.5,29729.0,672,2026-09-24T16:48:21+00:00
2026-09-17T17:23:00Z,29729.0,29734.75,29726.5,29728.0,478,2026-09-24T16:48:21+00:00
2026-09-17T17:24:00Z,29728.0,29734.25,29722.5,29725.5,529,2026-09-24T16:48:21+00:00
2026-09-17T17:25:00Z,29725.75,29730.25,29724.5,29729.25,316,2026-09-24T16:48:21+00:00
2026-09-17T17:26:00Z,29729.0,29729.0,29721.25,29725.75,318,2026-09-24T16:48:21+00:00
2026-09-17T17:27:00Z,29726.0,29734.25,29726.0,29732.0,533,2026-09-24T16:48:21+00:00
2026-09-17T17:28:00Z,29732.0,29732.25,29724.0,29725.25,292,2026-09-24T16:48:21+00:00
2026-09-17T17:29:00Z,29725.0,29727.0,29722.0,29726.0,388,2026-09-24T16:48:21+00:00
2026-09-17T17:30:00Z,29726.75,29728.75,29717.25,29720.25,781,2026-09-24T16:48:21+00:00
2026-09-17T17:31:00Z,29718.75,29723.0,29717.5,29720.25,453,2026-09-24T16:48:21+00:00
2026-09-17T17:32:00Z,29720.0,29727.5,29719.75,29727.0,355,2026-09-24T16:48:21+00:00
2026-09-17T17:33:00Z,29726.5,29729.75,29724.75,29727.5,387,2026-09-24T16:48:21+00:00
2026-09-17T17:34:00Z,29727.25,29733.25,29727.25,29732.25,477,2026-09-24T16:48:21+00:00
2026-09-17T17:35:00Z,29731.75,29736.25,29730.25,29733.75,368,2026-09-24T16:48:21+00:00
2026-09-17T17:36:00Z,29733.25,29733.25,29725.75,29731.0,482,2026-09-24T16:48:21+00:00
2026-09-17T17:37:00Z,29730.5,29734.0,29723.75,29724.5,272,2026-09-24T16:48:21+00:00
2026-09-17T17:38:00Z,29724.25,29729.0,29723.75,29725.25,508,2026-09-24T16:48:21+00:00
2026-09-17T17:39:00Z,29726.0,29728.25,29723.25,29723.75,290,2026-09-24T16:48:21+00:00
2026-09-17T17:40:00Z,29723.5,29731.0,29723.5,29727.0,420,2026-09-24T16:48:21+00:00
2026-09-17T17:41:00Z,29727.25,29736.75,29727.25,29734.25,395,2026-09-24T16:48:21+00:00
2026-09-17T17:42:00Z,29733.75,29738.75,29731.5,29737.75,629,2026-09-24T16:48:21+00:00
2026-09-17T17:43:00Z,29737.75,29737.75,29735.0,29735.75,236,2026-09-24T16:48:21+00:00
2026-09-17T17:44:00Z,29735.75,29738.0,29734.5,29737.5,263,2026-09-24T16:48:21+00:00
2026-09-17T17:45:00Z,29737.0,29740.0,29735.25,29737.5,232,2026-09-24T16:48:21+00:00
2026-09-17T17:46:00Z,29737.25,29744.5,29737.25,29743.75,410,2026-09-24T16:48:21+00:00
2026-09-17T17:47:00Z,29743.75,29747.25,29740.75,29741.25,473,2026-09-24T16:48:21+00:00
2026-09-17T17:48:00Z,29741.25,29742.0,29738.5,29739.25,345,2026-09-24T16:48:21+00:00
2026-09-17T17:49:00Z,29739.25,29741.5,29737.75,29738.25,347,2026-09-24T16:48:21+00:00
2026-09-17T17:50:00Z,29738.25,29738.75,29728.75,29729.5,600,2026-09-24T16:48:21+00:00
2026-09-17T17:51:00Z,29730.0,29734.75,29728.5,29733.75,400,2026-09-24T16:48:21+00:00
2026-09-17T17:52:00Z,29734.0,29734.75,29728.25,29729.0,306,2026-09-24T16:48:21+00:00
2026-09-17T17:53:00Z,29729.0,29732.25,29727.5,29730.5,309,2026-09-24T16:48:21+00:00
2026-09-17T17:54:00Z,29731.25,29732.5,29729.25,29730.75,253,2026-09-24T16:48:21+00:00
2026-09-17T17:55:00Z,29731.25,29733.5,29730.0,29731.0,278,2026-09-24T16:48:21+00:00
2026-09-17T17:56:00Z,29731.25,29733.0,29729.75,29732.25,220,2026-09-24T16:48:21+00:00
2026-09-17T17:57:00Z,29732.0,29739.0,29731.75,29734.25,764,2026-09-24T16:48:21+00:00
2026-09-17T17:58:00Z,29734.25,29741.5,29734.25,29739.5,449,2026-09-24T16:48:21+00:00
2026-09-17T17:59:00Z,29739.25,29743.0,29737.0,29742.5,291,2026-09-24T16:48:21+00:00
2026-09-17T18:00:00Z,29742.5,29743.0,29737.0,29737.75,356,2026-09-24T16:48:21+00:00
2026-09-17T18:01:00Z,29737.5,29738.75,29734.75,29738.75,302,2026-09-24T16:48:21+00:00
2026-09-17T18:02:00Z,29738.5,29740.75,29733.75,29734.25,407,2026-09-24T16:48:21+00:00
2026-09-17T18:03:00Z,29734.25,29744.0,29733.0,29743.25,400,2026-09-24T16:48:21+00:00
2026-09-17T18:04:00Z,29742.75,29744.0,29740.0,29741.0,409,2026-09-24T16:48:21+00:00
2026-09-17T18:05:00Z,29741.5,29747.5,29740.75,29743.0,630,2026-09-24T16:48:21+00:00
2026-09-17T18:06:00Z,29743.75,29745.0,29736.25,29737.75,411,2026-09-24T16:48:21+00:00
2026-09-17T18:07:00Z,29738.0,29739.0,29730.25,29731.25,585,2026-09-24T16:48:21+00:00
2026-09-17T18:08:00Z,29731.5,29732.25,29728.0,29729.75,328,2026-09-24T16:48:21+00:00
2026-09-17T18:09:00Z,29729.75,29730.75,29724.5,29728.25,517,2026-09-24T16:48:21+00:00
2026-09-17T18:10:00Z,29728.0,29729.0,29724.5,29728.75,546,2026-09-24T16:48:21+00:00
2026-09-17T18:11:00Z,29728.5,29732.25,29725.0,29725.5,485,2026-09-24T16:48:21+00:00
2026-09-17T18:12:00Z,29725.5,29732.25,29725.5,29731.0,299,2026-09-24T16:48:21+00:00
2026-09-17T18:13:00Z,29731.0,29733.0,29726.75,29730.5,412,2026-09-24T16:48:21+00:00
2026-09-17T18:14:00Z,29730.5,29734.0,29729.75,29729.75,363,2026-09-24T16:48:21+00:00
2026-09-17T18:15:00Z,29730.0,29737.25,29729.75,29737.0,405,2026-09-24T16:48:21+00:00
2026-09-17T18:16:00Z,29736.75,29740.0,29729.75,29730.0,595,2026-09-24T16:48:21+00:00
2026-09-17T18:17:00Z,29730.0,29731.25,29725.25,29725.5,580,2026-09-24T16:48:21+00:00
2026-09-17T18:18:00Z,29726.0,29726.75,29720.5,29726.0,613,2026-09-24T16:48:21+00:00
2026-09-17T18:19:00Z,29726.25,29737.0,29726.0,29735.75,607,2026-09-24T16:48:21+00:00
2026-09-17T18:20:00Z,29735.75,29738.5,29733.0,29733.5,408,2026-09-24T16:48:21+00:00
2026-09-17T18:21:00Z,29733.75,29735.0,29728.5,29729.25,353,2026-09-24T16:48:21+00:00
2026-09-17T18:22:00Z,29729.0,29731.75,29726.25,29730.75,426,2026-09-24T16:48:21+00:00
2026-09-17T18:23:00Z,29731.0,29731.0,29728.0,29729.5,231,2026-09-24T16:48:21+00:00
2026-09-17T18:24:00Z,29730.0,29730.5,29722.75,29724.25,615,2026-09-24T16:48:21+00:00
2026-09-17T18:25:00Z,29724.25,29729.75,29723.25,29726.0,480,2026-09-24T16:48:21+00:00
2026-09-17T18:26:00Z,29725.75,29729.25,29725.75,29728.25,303,2026-09-24T16:48:21+00:00
2026-09-17T18:27:00Z,29728.5,29731.25,29727.75,29728.5,303,2026-09-24T16:48:21+00:00
2026-09-17T18:28:00Z,29729.25,29730.0,29725.5,29729.25,306,2026-09-24T16:48:21+00:00
2026-09-17T18:29:00Z,29729.75,29730.25,29726.25,29726.25,321,2026-09-24T16:48:21+00:00
2026-09-17T18:30:00Z,29726.75,29734.25,29726.75,29729.75,565,2026-09-24T16:48:21+00:00
2026-09-17T18:31:00Z,29729.75,29731.75,29725.75,29725.75,470,2026-09-24T16:48:21+00:00
2026-09-17T18:32:00Z,29725.75,29730.25,29724.25,29724.75,380,2026-09-24T16:48:21+00:00
2026-09-17T18:33:00Z,29725.25,29727.5,29724.0,29724.5,328,2026-09-24T16:48:21+00:00
2026-09-17T18:34:00Z,29724.25,29725.0,29720.75,29721.75,451,2026-09-24T16:48:21+00:00
2026-09-17T18:35:00Z,29722.0,29723.0,29718.25,29720.0,602,2026-09-24T16:48:21+00:00
2026-09-17T18:36:00Z,29719.75,29721.0,29709.0,29709.0,1174,2026-09-24T16:48:21+00:00
2026-09-17T18:37:00Z,29709.0,29715.5,29709.0,29713.75,591,2026-09-24T16:48:21+00:00
2026-09-17T18:38:00Z,29714.25,29714.25,29710.25,29711.0,399,2026-09-24T16:48:21+00:00
2026-09-17T18:39:00Z,29710.75,29713.0,29708.25,29709.75,570,2026-09-24T16:48:21+00:00
2026-09-17T18:40:00Z,29709.5,29713.25,29705.0,29713.0,725,2026-09-24T16:48:21+00:00
2026-09-17T18:41:00Z,29712.75,29716.5,29711.25,29712.0,554,2026-09-24T16:48:21+00:00
2026-09-17T18:42:00Z,29712.0,29713.75,29708.5,29711.75,806,2026-09-24T16:48:21+00:00
2026-09-17T18:43:00Z,29711.75,29714.75,29711.25,29712.0,308,2026-09-24T16:48:21+00:00
2026-09-17T18:44:00Z,29712.0,29718.0,29711.5,29717.0,430,2026-09-24T16:48:21+00:00
2026-09-17T18:45:00Z,29716.5,29722.0,29715.0,29719.0,567,2026-09-24T16:48:21+00:00
2026-09-17T18:46:00Z,29718.5,29720.25,29716.5,29718.5,365,2026-09-24T16:48:21+00:00
2026-09-17T18:47:00Z,29718.0,29719.25,29716.25,29719.0,376,2026-09-24T16:48:21+00:00
2026-09-17T18:48:00Z,29719.5,29725.75,29718.75,29724.5,518,2026-09-24T16:48:21+00:00
2026-09-17T18:49:00Z,29724.75,29728.5,29721.0,29721.5,541,2026-09-24T16:48:21+00:00
2026-09-17T18:50:00Z,29721.0,29724.0,29720.75,29723.5,303,2026-09-24T16:48:21+00:00
2026-09-17T18:51:00Z,29724.25,29726.0,29722.25,29725.25,406,2026-09-24T16:48:21+00:00
2026-09-17T18:52:00Z,29725.0,29726.0,29717.75,29718.0,378,2026-09-24T16:48:21+00:00
2026-09-17T18:53:00Z,29718.0,29720.25,29716.0,29718.75,410,2026-09-24T16:48:21+00:00
2026-09-17T18:54:00Z,29718.5,29721.25,29716.5,29720.5,284,2026-09-24T16:48:21+00:00
2026-09-17T18:55:00Z,29720.5,29725.0,29718.0,29718.25,478,2026-09-24T16:48:21+00:00
2026-09-17T18:56:00Z,29718.25,29719.5,29715.0,29717.75,487,2026-09-24T16:48:21+00:00
2026-09-17T18:57:00Z,29718.25,29723.25,29717.5,29722.25,590,2026-09-24T16:48:21+00:00
2026-09-17T18:58:00Z,29722.25,29724.0,29719.25,29721.75,338,2026-09-24T16:48:21+00:00
2026-09-17T18:59:00Z,29721.75,29723.0,29719.25,29722.0,291,2026-09-24T16:48:21+00:00
2026-09-17T19:00:00Z,29722.0,29733.5,29720.0,29733.0,957,2026-09-24T16:48:21+00:00
2026-09-17T19:01:00Z,29732.5,29732.5,29727.75,29729.5,498,2026-09-24T16:48:21+00:00
2026-09-17T19:02:00Z,29730.0,29730.5,29725.25,29730.0,459,2026-09-24T16:48:21+00:00
2026-09-17T19:03:00Z,29730.25,29733.0,29728.5,29731.25,483,2026-09-24T16:48:21+00:00
2026-09-17T19:04:00Z,29731.0,29736.75,29730.75,29735.0,557,2026-09-24T16:48:21+00:00
2026-09-17T19:05:00Z,29735.25,29746.0,29735.25,29745.25,1088,2026-09-24T16:48:21+00:00
2026-09-17T19:06:00Z,29745.0,29751.0,29741.75,29749.25,953,2026-09-24T16:48:21+00:00
2026-09-17T19:07:00Z,29749.25,29749.5,29743.5,29747.0,509,2026-09-24T16:48:21+00:00
2026-09-17T19:08:00Z,29746.75,29747.5,29743.25,29744.0,430,2026-09-24T16:48:21+00:00
2026-09-17T19:09:00Z,29743.75,29744.25,29735.25,29739.25,973,2026-09-24T16:48:21+00:00
2026-09-17T19:10:00Z,29739.5,29741.25,29736.5,29739.0,503,2026-09-24T16:48:21+00:00
2026-09-17T19:11:00Z,29739.0,29740.25,29734.5,29737.75,406,2026-09-24T16:48:21+00:00
2026-09-17T19:12:00Z,29737.5,29740.0,29735.25,29739.25,489,2026-09-24T16:48:21+00:00
2026-09-17T19:13:00Z,29739.0,29744.75,29737.75,29744.5,463,2026-09-24T16:48:21+00:00
2026-09-17T19:14:00Z,29745.0,29746.0,29739.5,29740.0,441,2026-09-24T16:48:21+00:00
2026-09-17T19:15:00Z,29740.25,29742.5,29739.25,29740.5,377,2026-09-24T16:48:21+00:00
2026-09-17T19:16:00Z,29740.75,29741.75,29736.75,29739.0,492,2026-09-24T16:48:21+00:00
2026-09-17T19:17:00Z,29739.0,29741.0,29737.5,29740.5,387,2026-09-24T16:48:21+00:00
2026-09-17T19:18:00Z,29740.5,29746.0,29739.75,29744.75,436,2026-09-24T16:48:21+00:00
2026-09-17T19:19:00Z,29744.75,29746.5,29742.5,29743.75,394,2026-09-24T16:48:21+00:00
2026-09-17T19:20:00Z,29744.0,29746.0,29743.0,29745.0,335,2026-09-24T16:48:21+00:00
2026-09-17T19:21:00Z,29745.25,29746.25,29742.0,29743.0,502,2026-09-24T16:48:21+00:00
2026-09-17T19:22:00Z,29743.0,29743.25,29740.0,29740.25,299,2026-09-24T16:48:21+00:00
2026-09-17T19:23:00Z,29741.0,29741.75,29738.5,29740.5,429,2026-09-24T16:48:21+00:00
2026-09-17T19:24:00Z,29740.5,29740.75,29734.0,29735.25,535,2026-09-24T16:48:21+00:00
2026-09-17T19:25:00Z,29735.0,29739.0,29732.5,29739.0,605,2026-09-24T16:48:21+00:00
2026-09-17T19:26:00Z,29738.5,29738.5,29731.5,29732.25,400,2026-09-24T16:48:21+00:00
2026-09-17T19:27:00Z,29732.5,29733.5,29728.25,29731.25,616,2026-09-24T16:48:21+00:00
2026-09-17T19:28:00Z,29731.5,29734.75,29730.5,29733.75,373,2026-09-24T16:48:21+00:00
2026-09-17T19:29:00Z,29733.5,29734.0,29730.75,29732.0,425,2026-09-24T16:48:21+00:00
2026-09-17T19:30:00Z,29732.0,29747.0,29730.75,29746.5,1087,2026-09-24T16:48:21+00:00
2026-09-17T19:31:00Z,29746.25,29754.0,29745.0,29752.0,968,2026-09-24T16:48:21+00:00
2026-09-17T19:32:00Z,29751.5,29753.0,29748.0,29752.0,575,2026-09-24T16:48:21+00:00
2026-09-17T19:33:00Z,29751.75,29752.5,29749.0,29750.5,532,2026-09-24T16:48:21+00:00
2026-09-17T19:34:00Z,29750.75,29753.0,29747.5,29752.5,419,2026-09-24T16:48:21+00:00
2026-09-17T19:35:00Z,29752.75,29757.75,29752.0,29754.5,837,2026-09-24T16:48:21+00:00
2026-09-17T19:36:00Z,29755.0,29760.5,29754.25,29756.25,765,2026-09-24T16:48:21+00:00
2026-09-17T19:37:00Z,29756.25,29759.75,29755.75,29758.5,515,2026-09-24T16:48:21+00:00
2026-09-17T19:38:00Z,29758.25,29760.75,29755.75,29757.75,661,2026-09-24T16:48:21+00:00
2026-09-17T19:39:00Z,29757.75,29758.5,29755.0,29758.0,385,2026-09-24T16:48:21+00:00
2026-09-17T19:40:00Z,29758.25,29759.5,29753.75,29754.75,649,2026-09-24T16:48:21+00:00
2026-09-17T19:41:00Z,29754.5,29757.75,29750.75,29751.75,732,2026-09-24T16:48:21+00:00
2026-09-17T19:42:00Z,29751.75,29753.25,29746.5,29752.25,722,2026-09-24T16:48:21+00:00
2026-09-17T19:43:00Z,29752.5,29758.0,29752.5,29757.0,586,2026-09-24T16:48:21+00:00
2026-09-17T19:44:00Z,29757.25,29770.0,29757.0,29763.25,1141,2026-09-24T16:48:21+00:00
2026-09-17T19:45:00Z,29763.5,29765.5,29755.75,29759.75,1013,2026-09-24T16:48:21+00:00
2026-09-17T19:46:00Z,29759.5,29761.25,29750.75,29752.0,631,2026-09-24T16:48:21+00:00
2026-09-17T19:47:00Z,29752.0,29754.25,29749.5,29753.5,642,2026-09-24T16:48:21+00:00
2026-09-17T19:48:00Z,29753.0,29755.5,29751.0,29754.5,536,2026-09-24T16:48:21+00:00
2026-09-17T19:49:00Z,29755.0,29757.0,29752.0,29753.5,718,2026-09-24T16:48:21+00:00
2026-09-17T19:50:00Z,29753.5,29769.0,29753.5,29767.0,2143,2026-09-24T16:48:21+00:00
2026-09-17T19:51:00Z,29767.25,29783.0,29766.25,29781.0,1689,2026-09-24T16:48:21+00:00
2026-09-17T19:52:00Z,29781.0,29781.75,29773.75,29780.0,1271,2026-09-24T16:48:21+00:00
2026-09-17T19:53:00Z,29779.75,29791.5,29777.25,29788.25,1797,2026-09-24T16:48:21+00:00
2026-09-17T19:54:00Z,29788.5,29793.25,29768.25,29769.25,2564,2026-09-24T16:48:21+00:00
2026-09-17T19:55:00Z,29769.75,29775.25,29762.0,29769.0,2292,2026-09-24T16:48:21+00:00
2026-09-17T19:56:00Z,29768.5,29773.5,29767.25,29773.5,1460,2026-09-24T16:48:21+00:00
2026-09-17T19:57:00Z,29773.0,29775.0,29766.5,29767.5,1975,2026-09-24T16:48:21+00:00
2026-09-17T19:58:00Z,29767.25,29768.25,29756.0,29759.0,2624,2026-09-24T16:48:21+00:00
2026-09-17T19:59:00Z,29759.0,29759.5,29731.5,29744.5,12868,2026-09-24T16:48:21+00:00
2026-09-17T20:00:00Z,29744.5,29748.25,29736.5,29739.5,3170,2026-09-24T16:48:21+00:00
2026-09-17T20:01:00Z,29739.25,29745.5,29734.25,29741.75,1314,2026-09-24T16:48:21+00:00
2026-09-17T20:02:00Z,29741.25,29744.0,29738.75,29742.5,759,2026-09-24T16:48:21+00:00
2026-09-17T20:03:00Z,29742.5,29744.25,29739.5,29739.75,688,2026-09-24T16:48:21+00:00
2026-09-17T20:04:00Z,29740.0,29741.25,29737.0,29737.25,509,2026-09-24T16:48:21+00:00
2026-09-17T20:05:00Z,29737.5,29744.5,29737.0,29744.5,648,2026-09-24T16:48:21+00:00
2026-09-17T20:06:00Z,29744.25,29744.75,29735.5,29739.0,467,2026-09-24T16:48:21+00:00
2026-09-17T20:07:00Z,29739.25,29744.5,29738.5,29743.5,304,2026-09-24T16:48:21+00:00
2026-09-17T20:08:00Z,29743.5,29744.75,29740.25,29740.25,282,2026-09-24T16:48:21+00:00
2026-09-17T20:09:00Z,29740.5,29743.75,29737.0,29743.5,558,2026-09-24T16:48:21+00:00
2026-09-17T20:10:00Z,29743.25,29744.5,29739.5,29740.75,412,2026-09-24T16:48:21+00:00
2026-09-17T20:11:00Z,29740.75,29742.5,29738.25,29738.75,347,2026-09-24T16:48:21+00:00
2026-09-17T20:12:00Z,29739.0,29739.75,29733.5,29733.75,357,2026-09-24T16:48:21+00:00
2026-09-17T20:13:00Z,29733.75,29735.75,29731.25,29731.5,289,2026-09-24T16:48:21+00:00
2026-09-17T20:14:00Z,29731.5,29732.25,29723.5,29724.75,878,2026-09-24T16:48:21+00:00
2026-09-17T20:15:00Z,29724.25,29728.25,29722.5,29724.0,357,2026-09-24T16:48:21+00:00
2026-09-17T20:16:00Z,29724.25,29726.25,29716.75,29718.25,587,2026-09-24T16:48:21+00:00
2026-09-17T20:17:00Z,29718.0,29721.75,29716.0,29721.0,267,2026-09-24T16:48:21+00:00
2026-09-17T20:18:00Z,29721.0,29724.5,29720.0,29721.25,187,2026-09-24T16:48:21+00:00
2026-09-17T20:19:00Z,29721.0,29723.25,29716.5,29716.5,119,2026-09-24T16:48:21+00:00
2026-09-17T20:20:00Z,29716.75,29719.5,29715.75,29716.25,171,2026-09-24T16:48:21+00:00
2026-09-17T20:21:00Z,29715.75,29719.5,29715.0,29717.0,116,2026-09-24T16:48:21+00:00
2026-09-17T20:22:00Z,29716.5,29719.0,29715.25,29718.5,353,2026-09-24T16:48:21+00:00
2026-09-17T20:23:00Z,29717.75,29719.5,29716.5,29716.5,113,2026-09-24T16:48:21+00:00
2026-09-17T20:24:00Z,29716.25,29718.75,29715.0,29718.0,255,2026-09-24T16:48:21+00:00
2026-09-17T20:25:00Z,29718.0,29718.0,29715.5,29717.75,98,2026-09-24T16:48:21+00:00
2026-09-17T20:26:00Z,29717.5,29718.5,29715.0,29715.75,95,2026-09-24T16:48:21+00:00
2026-09-17T20:27:00Z,29716.25,29718.0,29715.0,29717.75,116,2026-09-24T16:48:21+00:00
2026-09-17T20:28:00Z,29717.5,29719.0,29715.25,29716.75,126,2026-09-24T16:48:21+00:00
2026-09-17T20:29:00Z,29716.5,29717.5,29715.0,29715.0,47,2026-09-24T16:48:21+00:00
2026-09-17T20:30:00Z,29715.25,29717.0,29714.5,29714.75,66,2026-09-24T16:48:21+00:00
2026-09-17T20:31:00Z,29714.5,29717.25,29714.5,29716.75,63,2026-09-24T16:48:21+00:00
2026-09-17T20:32:00Z,29716.5,29717.75,29715.5,29716.75,118,2026-09-24T16:48:21+00:00
2026-09-17T20:33:00Z,29716.75,29718.0,29716.25,29718.0,36,2026-09-24T16:48:21+00:00
2026-09-17T20:34:00Z,29718.0,29718.5,29715.25,29717.75,81,2026-09-24T16:48:21+00:00
2026-09-17T20:35:00Z,29717.5,29720.5,29716.25,29716.25,215,2026-09-24T16:48:21+00:00
2026-09-17T20:36:00Z,29716.75,29720.5,29716.75,29720.0,89,2026-09-24T16:48:21+00:00
2026-09-17T20:37:00Z,29719.75,29722.25,29719.75,29720.75,124,2026-09-24T16:48:21+00:00
2026-09-17T20:38:00Z,29720.5,29722.0,29719.0,29719.25,133,2026-09-24T16:48:21+00:00
2026-09-17T20:39:00Z,29719.0,29721.25,29719.0,29720.25,60,2026-09-24T16:48:21+00:00
2026-09-17T20:40:00Z,29720.0,29721.75,29719.75,29720.75,60,2026-09-24T16:48:21+00:00
2026-09-17T20:41:00Z,29720.25,29721.0,29719.5,29720.0,67,2026-09-24T16:48:21+00:00
2026-09-17T20:42:00Z,29719.75,29720.5,29717.0,29717.0,85,2026-09-24T16:48:21+00:00
2026-09-17T20:43:00Z,29716.5,29717.25,29714.75,29716.0,87,2026-09-24T16:48:21+00:00
2026-09-17T20:44:00Z,29715.75,29716.5,29714.5,29715.5,80,2026-09-24T16:48:21+00:00
2026-09-17T20:45:00Z,29715.75,29716.5,29714.5,29714.5,141,2026-09-24T16:48:21+00:00
2026-09-17T20:46:00Z,29714.5,29717.5,29714.25,29717.0,77,2026-09-24T16:48:21+00:00
2026-09-17T20:47:00Z,29717.25,29718.0,29716.75,29717.25,65,2026-09-24T16:48:21+00:00
2026-09-17T20:48:00Z,29717.5,29720.0,29717.25,29719.75,84,2026-09-24T16:48:21+00:00
2026-09-17T20:49:00Z,29720.25,29720.25,29715.5,29716.5,129,2026-09-24T16:48:21+00:00
2026-09-17T20:50:00Z,29716.25,29716.75,29712.5,29712.75,121,2026-09-24T16:48:21+00:00
2026-09-17T20:51:00Z,29712.75,29718.5,29712.75,29718.0,141,2026-09-24T16:48:21+00:00
2026-09-17T20:52:00Z,29718.5,29720.0,29718.25,29718.75,75,2026-09-24T16:48:21+00:00
2026-09-17T20:53:00Z,29719.25,29721.25,29719.25,29720.75,46,2026-09-24T16:48:21+00:00
2026-09-17T20:54:00Z,29722.0,29723.0,29719.75,29721.0,58,2026-09-24T16:48:21+00:00
2026-09-17T20:55:00Z,29720.5,29722.25,29720.0,29722.0,77,2026-09-24T16:48:21+00:00
2026-09-17T20:56:00Z,29721.75,29723.75,29720.5,29723.25,67,2026-09-24T16:48:21+00:00
2026-09-17T20:57:00Z,29722.5,29725.75,29722.5,29723.25,123,2026-09-24T16:48:21+00:00
2026-09-17T20:58:00Z,29722.75,29725.5,29722.5,29723.25,51,2026-09-24T16:48:21+00:00
2026-09-17T20:59:00Z,29723.25,29723.25,29717.25,29720.5,89,2026-09-24T16:48:21+00:00
2026-09-17T22:00:00Z,29723.75,29728.5,29713.5,29717.0,0,2026-09-24T16:48:21+00:00
2026-09-17T22:01:00Z,29717.5,29718.75,29711.5,29718.5,171,2026-09-24T16:48:21+00:00
2026-09-17T22:02:00Z,29716.5,29716.75,29708.5,29708.5,145,2026-09-24T16:48:21+00:00
2026-09-17T22:03:00Z,29709.0,29709.75,29706.75,29708.75,62,2026-09-24T16:48:21+00:00
2026-09-17T22:04:00Z,29709.0,29710.0,29707.0,29707.0,27,2026-09-24T16:48:21+00:00
2026-09-17T22:05:00Z,29707.75,29711.5,29704.25,29709.25,157,2026-09-24T16:48:21+00:00
2026-09-17T22:06:00Z,29710.0,29710.0,29706.25,29708.25,35,2026-09-24T16:48:21+00:00
2026-09-17T22:07:00Z,29706.5,29706.5,29701.5,29703.5,110,2026-09-24T16:48:21+00:00
2026-09-17T22:08:00Z,29704.0,29704.5,29696.25,29698.5,224,2026-09-24T16:48:21+00:00
2026-09-17T22:09:00Z,29698.5,29700.0,29696.5,29699.25,58,2026-09-24T16:48:21+00:00
2026-09-17T22:10:00Z,29700.25,29702.0,29699.0,29699.25,115,2026-09-24T16:48:21+00:00
2026-09-17T22:11:00Z,29699.75,29701.75,29699.25,29701.5,85,2026-09-24T16:48:21+00:00
2026-09-17T22:12:00Z,29700.5,29705.0,29699.25,29702.75,56,2026-09-24T16:48:21+00:00
2026-09-17T22:13:00Z,29702.75,29703.75,29700.75,29703.25,46,2026-09-24T16:48:21+00:00
2026-09-17T22:14:00Z,29703.5,29706.75,29703.5,29704.25,57,2026-09-24T16:48:21+00:00
2026-09-17T22:15:00Z,29704.25,29705.25,29701.25,29701.25,25,2026-09-24T16:48:21+00:00
2026-09-17T22:16:00Z,29701.25,29702.5,29695.25,29697.0,91,2026-09-24T16:48:21+00:00
2026-09-17T22:17:00Z,29697.75,29698.75,29690.0,29694.0,142,2026-09-24T16:48:21+00:00
2026-09-17T22:18:00Z,29694.75,29700.0,29694.75,29699.0,71,2026-09-24T16:48:21+00:00
2026-09-17T22:19:00Z,29700.0,29700.0,29697.75,29699.0,40,2026-09-24T16:48:21+00:00
2026-09-17T22:20:00Z,29699.75,29702.25,29690.75,29694.5,143,2026-09-24T16:48:21+00:00
2026-09-17T22:21:00Z,29695.5,29696.25,29692.75,29695.0,38,2026-09-24T16:48:21+00:00
2026-09-17T22:22:00Z,29695.25,29695.25,29692.0,29692.5,43,2026-09-24T16:48:21+00:00
2026-09-17T22:23:00Z,29693.0,29693.75,29689.5,29691.25,86,2026-09-24T16:48:21+00:00
2026-09-17T22:24:00Z,29691.25,29694.0,29691.25,29694.0,21,2026-09-24T16:48:21+00:00
2026-09-17T22:25:00Z,29694.0,29696.75,29691.5,29691.75,70,2026-09-24T16:48:21+00:00
2026-09-17T22:26:00Z,29692.5,29694.0,29688.25,29690.0,76,2026-09-24T16:48:21+00:00
2026-09-17T22:27:00Z,29689.25,29690.75,29688.25,29689.25,58,2026-09-24T16:48:21+00:00
2026-09-17T22:28:00Z,29690.25,29691.0,29686.5,29686.75,113,2026-09-24T16:48:21+00:00
2026-09-17T22:29:00Z,29686.5,29686.5,29680.75,29683.25,178,2026-09-24T16:48:21+00:00
2026-09-17T22:30:00Z,29682.75,29683.75,29679.5,29681.75,66,2026-09-24T16:48:21+00:00
2026-09-17T22:31:00Z,29681.25,29684.0,29680.25,29683.5,130,2026-09-24T16:48:21+00:00
2026-09-17T22:32:00Z,29683.25,29684.0,29679.75,29679.75,57,2026-09-24T16:48:21+00:00
2026-09-17T22:33:00Z,29680.0,29680.0,29674.5,29675.0,124,2026-09-24T16:48:21+00:00
2026-09-17T22:34:00Z,29675.5,29678.5,29675.5,29678.5,58,2026-09-24T16:48:21+00:00
2026-09-17T22:35:00Z,29677.75,29678.0,29676.5,29676.5,24,2026-09-24T16:48:21+00:00
2026-09-17T22:36:00Z,29677.25,29687.25,29677.25,29682.5,214,2026-09-24T16:48:21+00:00
2026-09-17T22:37:00Z,29682.25,29684.75,29680.75,29684.5,172,2026-09-24T16:48:21+00:00
2026-09-17T22:38:00Z,29683.5,29684.25,29680.75,29683.0,56,2026-09-24T16:48:21+00:00
2026-09-17T22:39:00Z,29681.75,29686.0,29679.75,29681.75,219,2026-09-24T16:48:21+00:00
2026-09-17T22:40:00Z,29681.5,29683.75,29677.5,29678.0,83,2026-09-24T16:48:21+00:00
2026-09-17T22:41:00Z,29677.75,29682.0,29677.25,29681.25,61,2026-09-24T16:48:21+00:00
2026-09-17T22:42:00Z,29681.25,29681.25,29676.0,29678.0,98,2026-09-24T16:48:21+00:00
2026-09-17T22:43:00Z,29678.75,29679.75,29677.0,29679.25,35,2026-09-24T16:48:21+00:00
2026-09-17T22:44:00Z,29679.0,29682.0,29678.0,29681.25,29,2026-09-24T16:48:21+00:00
2026-09-17T22:45:00Z,29681.75,29683.25,29680.75,29683.25,23,2026-09-24T16:48:21+00:00
2026-09-17T22:46:00Z,29683.0,29683.0,29679.25,29683.0,60,2026-09-24T16:48:21+00:00
2026-09-17T22:47:00Z,29682.25,29683.75,29680.0,29680.5,61,2026-09-24T16:48:21+00:00
2026-09-17T22:48:00Z,29681.0,29683.25,29680.75,29681.75,48,2026-09-24T16:48:21+00:00
2026-09-17T22:49:00Z,29682.25,29683.5,29681.5,29683.5,25,2026-09-24T16:48:21+00:00
2026-09-17T22:50:00Z,29683.25,29683.25,29678.75,29681.0,45,2026-09-24T16:48:21+00:00
2026-09-17T22:51:00Z,29680.5,29680.5,29677.0,29679.5,61,2026-09-24T16:48:21+00:00
2026-09-17T22:52:00Z,29679.5,29681.0,29679.5,29680.0,25,2026-09-24T16:48:21+00:00
2026-09-17T22:53:00Z,29680.0,29680.25,29675.75,29677.5,76,2026-09-24T16:48:21+00:00
2026-09-17T22:54:00Z,29678.25,29678.75,29674.0,29674.5,106,2026-09-24T16:48:21+00:00
2026-09-17T22:55:00Z,29675.5,29683.75,29674.25,29681.0,108,2026-09-24T16:48:21+00:00
2026-09-17T22:56:00Z,29681.25,29683.25,29679.5,29682.5,24,2026-09-24T16:48:21+00:00
2026-09-17T22:57:00Z,29683.0,29684.0,29681.25,29684.0,28,2026-09-24T16:48:21+00:00
2026-09-17T22:58:00Z,29684.0,29688.25,29684.0,29687.0,123,2026-09-24T16:48:21+00:00
2026-09-17T22:59:00Z,29686.5,29689.0,29685.25,29687.5,79,2026-09-24T16:48:21+00:00
2026-09-17T23:00:00Z,29686.75,29693.0,29686.75,29691.25,132,2026-09-24T16:48:21+00:00
2026-09-17T23:01:00Z,29690.75,29696.5,29690.25,29692.75,175,2026-09-24T16:48:21+00:00
2026-09-17T23:02:00Z,29692.75,29694.25,29692.0,29694.25,43,2026-09-24T16:48:21+00:00
2026-09-17T23:03:00Z,29694.5,29697.75,29694.0,29695.75,164,2026-09-24T16:48:21+00:00
2026-09-17T23:04:00Z,29695.75,29700.75,29695.5,29698.0,219,2026-09-24T16:48:21+00:00
2026-09-17T23:05:00Z,29698.0,29708.0,29698.0,29704.5,216,2026-09-24T16:48:21+00:00
2026-09-17T23:06:00Z,29704.5,29706.75,29703.75,29705.0,75,2026-09-24T16:48:21+00:00
2026-09-17T23:07:00Z,29704.75,29706.0,29704.0,29704.0,49,2026-09-24T16:48:21+00:00
2026-09-17T23:08:00Z,29704.0,29707.0,29704.0,29705.25,46,2026-09-24T16:48:21+00:00
2026-09-17T23:09:00Z,29705.25,29707.75,29704.75,29706.75,64,2026-09-24T16:48:21+00:00
2026-09-17T23:10:00Z,29706.5,29712.0,29706.5,29709.75,197,2026-09-24T16:48:21+00:00
2026-09-17T23:11:00Z,29710.5,29711.75,29702.0,29704.5,117,2026-09-24T16:48:21+00:00
2026-09-17T23:12:00Z,29703.5,29704.5,29701.5,29701.75,71,2026-09-24T16:48:21+00:00
2026-09-17T23:13:00Z,29701.5,29702.75,29692.0,29695.0,190,2026-09-24T16:48:21+00:00
2026-09-17T23:14:00Z,29695.75,29696.0,29692.75,29693.0,52,2026-09-24T16:48:21+00:00
2026-09-17T23:15:00Z,29693.0,29696.75,29690.75,29692.75,115,2026-09-24T16:48:21+00:00
2026-09-17T23:16:00Z,29693.25,29694.5,29686.0,29687.5,124,2026-09-24T16:48:21+00:00
2026-09-17T23:17:00Z,29688.75,29693.0,29687.75,29692.5,80,2026-09-24T16:48:21+00:00
2026-09-17T23:18:00Z,29692.25,29694.5,29692.25,29694.5,40,2026-09-24T16:48:21+00:00
2026-09-17T23:19:00Z,29694.0,29697.0,29694.0,29694.5,20,2026-09-24T16:48:21+00:00
2026-09-17T23:20:00Z,29694.0,29697.25,29694.0,29696.0,43,2026-09-24T16:48:21+00:00
2026-09-17T23:21:00Z,29696.75,29698.75,29694.75,29694.75,37,2026-09-24T16:48:21+00:00
2026-09-17T23:22:00Z,29694.5,29698.5,29694.5,29698.5,23,2026-09-24T16:48:21+00:00
2026-09-17T23:23:00Z,29698.25,29703.75,29698.25,29699.75,105,2026-09-24T16:48:21+00:00
2026-09-17T23:24:00Z,29700.5,29701.0,29697.75,29697.75,26,2026-09-24T16:48:21+00:00
2026-09-17T23:25:00Z,29698.5,29699.5,29694.0,29694.0,51,2026-09-24T16:48:21+00:00
2026-09-17T23:26:00Z,29694.5,29695.5,29690.5,29691.5,53,2026-09-24T16:48:21+00:00
2026-09-17T23:27:00Z,29690.75,29693.0,29689.0,29692.5,83,2026-09-24T16:48:21+00:00
2026-09-17T23:28:00Z,29691.75,29693.0,29690.5,29692.0,24,2026-09-24T16:48:21+00:00
2026-09-17T23:29:00Z,29691.5,29691.5,29688.75,29690.0,18,2026-09-24T16:48:21+00:00
2026-09-17T23:30:00Z,29690.25,29695.0,29687.5,29693.25,83,2026-09-24T16:48:21+00:00
2026-09-17T23:31:00Z,29694.0,29694.0,29690.25,29691.75,37,2026-09-24T16:48:21+00:00
2026-09-17T23:32:00Z,29692.5,29694.25,29691.75,29693.25,15,2026-09-24T16:48:21+00:00
2026-09-17T23:33:00Z,29693.0,29696.0,29691.5,29696.0,22,2026-09-24T16:48:21+00:00
2026-09-17T23:34:00Z,29696.25,29697.5,29694.75,29696.75,23,2026-09-24T16:48:21+00:00
2026-09-17T23:35:00Z,29696.0,29697.25,29695.5,29695.5,12,2026-09-24T16:48:21+00:00
2026-09-17T23:36:00Z,29695.25,29695.5,29693.5,29695.25,29,2026-09-24T16:48:21+00:00
2026-09-17T23:37:00Z,29695.75,29701.25,29695.75,29699.25,48,2026-09-24T16:48:21+00:00
2026-09-17T23:38:00Z,29698.0,29700.0,29695.0,29698.5,31,2026-09-24T16:48:21+00:00
2026-09-17T23:39:00Z,29698.0,29699.5,29696.5,29698.0,17,2026-09-24T16:48:21+00:00
2026-09-17T23:40:00Z,29698.5,29700.5,29697.75,29698.5,28,2026-09-24T16:48:21+00:00
2026-09-17T23:41:00Z,29699.75,29704.0,29698.25,29702.0,68,2026-09-24T16:48:21+00:00
2026-09-17T23:42:00Z,29701.75,29705.0,29701.75,29702.25,35,2026-09-24T16:48:21+00:00
2026-09-17T23:43:00Z,29702.0,29703.0,29693.75,29695.5,71,2026-09-24T16:48:21+00:00
2026-09-17T23:44:00Z,29696.25,29699.25,29695.0,29698.5,51,2026-09-24T16:48:21+00:00
2026-09-17T23:45:00Z,29697.5,29702.0,29690.0,29696.5,132,2026-09-24T16:48:21+00:00
2026-09-17T23:46:00Z,29695.5,29696.75,29692.25,29695.75,63,2026-09-24T16:48:21+00:00
2026-09-17T23:47:00Z,29697.5,29702.25,29693.75,29695.25,45,2026-09-24T16:48:21+00:00
2026-09-17T23:48:00Z,29695.25,29697.5,29692.25,29692.5,58,2026-09-24T16:48:21+00:00
2026-09-17T23:49:00Z,29693.5,29698.75,29693.5,29698.25,23,2026-09-24T16:48:21+00:00
2026-09-17T23:50:00Z,29697.5,29698.5,29695.5,29696.0,28,2026-09-24T16:48:21+00:00
2026-09-17T23:51:00Z,29696.75,29699.25,29695.25,29697.25,31,2026-09-24T16:48:21+00:00
2026-09-17T23:52:00Z,29695.5,29699.0,29695.5,29697.75,26,2026-09-24T16:48:21+00:00
2026-09-17T23:53:00Z,29697.25,29700.25,29697.25,29698.5,50,2026-09-24T16:48:21+00:00
2026-09-17T23:54:00Z,29699.25,29702.0,29699.25,29699.5,26,2026-09-24T16:48:21+00:00
2026-09-17T23:55:00Z,29699.5,29701.75,29696.5,29698.0,36,2026-09-24T16:48:21+00:00
2026-09-17T23:56:00Z,29698.75,29701.25,29698.5,29699.5,23,2026-09-24T16:48:21+00:00
2026-09-17T23:57:00Z,29699.25,29699.25,29696.5,29699.0,33,2026-09-24T16:48:21+00:00
2026-09-17T23:58:00Z,29698.0,29698.25,29695.25,29697.0,23,2026-09-24T16:48:21+00:00
2026-09-17T23:59:00Z,29697.75,29700.0,29696.5,29696.5,40,2026-09-24T16:48:21+00:00
2026-09-18T00:00:00Z,29697.25,29701.0,29688.0,29691.25,343,2026-09-24T16:48:21+00:00
2026-09-18T00:01:00Z,29691.25,29706.5,29689.75,29705.5,254,2026-09-24T16:48:21+00:00
2026-09-18T00:02:00Z,29706.0,29708.0,29697.5,29701.0,117,2026-09-24T16:48:21+00:00
2026-09-18T00:03:00Z,29701.25,29706.5,29695.0,29700.5,90,2026-09-24T16:48:21+00:00
2026-09-18T00:04:00Z,29699.5,29703.0,29696.5,29699.75,61,2026-09-24T16:48:21+00:00
2026-09-18T00:05:00Z,29695.0,29698.5,29686.5,29692.75,138,2026-09-24T16:48:21+00:00
2026-09-18T00:06:00Z,29693.75,29700.0,29692.0,29697.0,152,2026-09-24T16:48:21+00:00
2026-09-18T00:07:00Z,29696.5,29696.5,29678.75,29684.25,235,2026-09-24T16:48:21+00:00
2026-09-18T00:08:00Z,29685.25,29693.5,29683.75,29687.25,153,2026-09-24T16:48:21+00:00
2026-09-18T00:09:00Z,29688.5,29693.75,29688.5,29691.0,143,2026-09-24T16:48:21+00:00
2026-09-18T00:10:00Z,29690.75,29693.25,29684.25,29685.5,84,2026-09-24T16:48:21+00:00
2026-09-18T00:11:00Z,29684.5,29688.75,29681.25,29684.75,141,2026-09-24T16:48:21+00:00
2026-09-18T00:12:00Z,29684.75,29686.0,29676.0,29679.0,116,2026-09-24T16:48:21+00:00
2026-09-18T00:13:00Z,29679.0,29688.0,29678.75,29686.0,132,2026-09-24T16:48:21+00:00
2026-09-18T00:14:00Z,29686.25,29698.5,29685.75,29698.25,137,2026-09-24T16:48:21+00:00
2026-09-18T00:15:00Z,29698.75,29701.5,29693.5,29696.0,139,2026-09-24T16:48:21+00:00
2026-09-18T00:16:00Z,29695.75,29698.75,29687.5,29690.25,173,2026-09-24T16:48:21+00:00
2026-09-18T00:17:00Z,29690.75,29697.0,29690.75,29693.5,82,2026-09-24T16:48:21+00:00
2026-09-18T00:18:00Z,29693.25,29701.5,29693.25,29700.25,57,2026-09-24T16:48:21+00:00
2026-09-18T00:19:00Z,29699.75,29700.0,29694.0,29694.75,55,2026-09-24T16:48:21+00:00
2026-09-18T00:20:00Z,29695.25,29695.5,29690.25,29690.25,30,2026-09-24T16:48:21+00:00
2026-09-18T00:21:00Z,29691.25,29691.25,29686.0,29690.75,94,2026-09-24T16:48:21+00:00
2026-09-18T00:22:00Z,29688.75,29693.25,29688.75,29691.25,24,2026-09-24T16:48:21+00:00
2026-09-18T00:23:00Z,29691.25,29695.0,29689.5,29692.5,44,2026-09-24T16:48:21+00:00
2026-09-18T00:24:00Z,29691.5,29696.75,29688.75,29695.25,64,2026-09-24T16:48:21+00:00
2026-09-18T00:25:00Z,29695.5,29700.25,29694.5,29700.25,41,2026-09-24T16:48:21+00:00
2026-09-18T00:26:00Z,29699.25,29700.0,29693.5,29698.0,84,2026-09-24T16:48:21+00:00
2026-09-18T00:27:00Z,29698.25,29698.75,29693.0,29693.25,48,2026-09-24T16:48:21+00:00
2026-09-18T00:28:00Z,29693.25,29693.25,29682.5,29684.25,200,2026-09-24T16:48:21+00:00
2026-09-18T00:29:00Z,29684.75,29687.75,29682.25,29686.75,60,2026-09-24T16:48:21+00:00
2026-09-18T00:30:00Z,29687.5,29696.5,29687.5,29694.0,68,2026-09-24T16:48:21+00:00
2026-09-18T00:31:00Z,29692.25,29695.75,29690.5,29692.25,67,2026-09-24T16:48:21+00:00
2026-09-18T00:32:00Z,29690.75,29696.5,29690.0,29695.75,46,2026-09-24T16:48:21+00:00
2026-09-18T00:33:00Z,29696.25,29696.25,29691.75,29692.0,26,2026-09-24T16:48:21+00:00
2026-09-18T00:34:00Z,29691.5,29697.25,29691.5,29695.25,51,2026-09-24T16:48:21+00:00
2026-09-18T00:35:00Z,29694.75,29695.5,29692.25,29693.0,27,2026-09-24T16:48:21+00:00
2026-09-18T00:36:00Z,29693.0,29693.75,29685.0,29686.75,97,2026-09-24T16:48:21+00:00
2026-09-18T00:37:00Z,29687.75,29691.5,29686.25,29686.75,50,2026-09-24T16:48:21+00:00
2026-09-18T00:38:00Z,29687.0,29688.0,29680.0,29680.5,120,2026-09-24T16:48:21+00:00
2026-09-18T00:39:00Z,29680.75,29682.0,29671.75,29672.25,275,2026-09-24T16:48:21+00:00
2026-09-18T00:40:00Z,29672.0,29673.0,29663.75,29667.75,414,2026-09-24T16:48:21+00:00
2026-09-18T00:41:00Z,29668.0,29672.0,29667.25,29668.0,115,2026-09-24T16:48:21+00:00
2026-09-18T00:42:00Z,29668.25,29669.0,29662.25,29666.5,145,2026-09-24T16:48:21+00:00
2026-09-18T00:43:00Z,29666.5,29675.5,29666.5,29674.0,183,2026-09-24T16:48:21+00:00
2026-09-18T00:44:00Z,29674.5,29685.75,29674.5,29680.75,180,2026-09-24T16:48:21+00:00
2026-09-18T00:45:00Z,29680.0,29683.0,29674.25,29676.5,78,2026-09-24T16:48:21+00:00
2026-09-18T00:46:00Z,29677.75,29680.5,29674.25,29678.25,80,2026-09-24T16:48:21+00:00
2026-09-18T00:47:00Z,29679.0,29680.25,29669.5,29670.25,100,2026-09-24T16:48:21+00:00
2026-09-18T00:48:00Z,29671.0,29672.25,29666.25,29667.75,93,2026-09-24T16:48:21+00:00
2026-09-18T00:49:00Z,29668.25,29670.25,29664.5,29665.0,70,2026-09-24T16:48:21+00:00
2026-09-18T00:50:00Z,29665.0,29668.25,29660.5,29666.0,199,2026-09-24T16:48:21+00:00
2026-09-18T00:51:00Z,29665.0,29668.25,29663.75,29665.5,54,2026-09-24T16:48:21+00:00
2026-09-18T00:52:00Z,29665.75,29667.75,29664.5,29667.5,69,2026-09-24T16:48:21+00:00
2026-09-18T00:53:00Z,29668.75,29670.5,29667.25,29668.25,52,2026-09-24T16:48:21+00:00
2026-09-18T00:54:00Z,29667.75,29670.0,29666.75,29668.25,32,2026-09-24T16:48:21+00:00
2026-09-18T00:55:00Z,29669.5,29669.5,29665.25,29668.5,32,2026-09-24T16:48:21+00:00
2026-09-18T00:56:00Z,29668.75,29669.25,29665.75,29667.0,47,2026-09-24T16:48:21+00:00
2026-09-18T00:57:00Z,29667.25,29668.0,29665.0,29668.0,51,2026-09-24T16:48:21+00:00
2026-09-18T00:58:00Z,29667.5,29668.25,29665.75,29668.0,30,2026-09-24T16:48:21+00:00
2026-09-18T00:59:00Z,29668.75,29669.25,29664.75,29666.5,79,2026-09-24T16:48:21+00:00
2026-09-18T01:00:00Z,29665.75,29682.25,29665.0,29665.25,283,2026-09-24T16:48:21+00:00
2026-09-18T01:01:00Z,29668.5,29670.5,29658.25,29662.75,238,2026-09-24T16:48:21+00:00
2026-09-18T01:02:00Z,29663.5,29666.5,29662.0,29663.0,53,2026-09-24T16:48:21+00:00
2026-09-18T01:03:00Z,29662.25,29663.75,29659.25,29663.5,79,2026-09-24T16:48:21+00:00
2026-09-18T01:04:00Z,29663.75,29665.0,29659.0,29659.5,55,2026-09-24T16:48:21+00:00
2026-09-18T01:05:00Z,29660.75,29669.0,29660.0,29666.75,103,2026-09-24T16:48:21+00:00
2026-09-18T01:06:00Z,29667.25,29676.0,29663.5,29671.75,143,2026-09-24T16:48:21+00:00
2026-09-18T01:07:00Z,29671.0,29674.5,29670.25,29674.5,85,2026-09-24T16:48:21+00:00
2026-09-18T01:08:00Z,29674.75,29675.0,29665.75,29668.75,88,2026-09-24T16:48:21+00:00
2026-09-18T01:09:00Z,29669.0,29671.25,29665.75,29665.75,42,2026-09-24T16:48:21+00:00
2026-09-18T01:10:00Z,29666.25,29669.25,29664.25,29668.25,83,2026-09-24T16:48:21+00:00
2026-09-18T01:11:00Z,29669.25,29670.0,29663.25,29669.75,103,2026-09-24T16:48:21+00:00
2026-09-18T01:12:00Z,29670.25,29670.25,29663.5,29667.75,62,2026-09-24T16:48:21+00:00
2026-09-18T01:13:00Z,29667.75,29667.75,29659.75,29663.25,122,2026-09-24T16:48:21+00:00
2026-09-18T01:14:00Z,29662.75,29667.75,29661.75,29662.0,45,2026-09-24T16:48:21+00:00
2026-09-18T01:15:00Z,29661.5,29661.5,29656.0,29657.5,159,2026-09-24T16:48:21+00:00
2026-09-18T01:16:00Z,29658.0,29659.25,29648.0,29652.75,419,2026-09-24T16:48:21+00:00
2026-09-18T01:17:00Z,29653.5,29659.25,29653.0,29657.25,137,2026-09-24T16:48:21+00:00
2026-09-18T01:18:00Z,29657.0,29657.0,29651.75,29653.0,137,2026-09-24T16:48:21+00:00
2026-09-18T01:19:00Z,29653.75,29660.75,29650.5,29659.0,119,2026-09-24T16:48:21+00:00
2026-09-18T01:20:00Z,29659.25,29663.0,29655.0,29661.25,98,2026-09-24T16:48:21+00:00
2026-09-18T01:21:00Z,29660.0,29664.5,29658.0,29661.75,79,2026-09-24T16:48:21+00:00
2026-09-18T01:22:00Z,29661.25,29661.5,29654.25,29656.75,50,2026-09-24T16:48:21+00:00
2026-09-18T01:23:00Z,29656.75,29658.75,29652.5,29654.25,51,2026-09-24T16:48:21+00:00
2026-09-18T01:24:00Z,29653.0,29658.75,29653.0,29657.25,52,2026-09-24T16:48:21+00:00
2026-09-18T01:25:00Z,29657.75,29658.75,29651.0,29652.5,36,2026-09-24T16:48:21+00:00
2026-09-18T01:26:00Z,29652.25,29653.5,29649.25,29652.25,78,2026-09-24T16:48:21+00:00
2026-09-18T01:27:00Z,29651.5,29655.5,29649.5,29654.75,66,2026-09-24T16:48:21+00:00
2026-09-18T01:28:00Z,29653.75,29656.75,29652.25,29656.5,21,2026-09-24T16:48:21+00:00
2026-09-18T01:29:00Z,29656.25,29660.25,29656.25,29657.5,56,2026-09-24T16:48:21+00:00
2026-09-18T01:30:00Z,29657.25,29663.5,29656.0,29659.75,152,2026-09-24T16:48:21+00:00
2026-09-18T01:31:00Z,29658.75,29660.0,29654.25,29654.75,60,2026-09-24T16:48:21+00:00
2026-09-18T01:32:00Z,29655.25,29656.75,29652.0,29656.75,64,2026-09-24T16:48:21+00:00
2026-09-18T01:33:00Z,29654.5,29658.0,29653.5,29654.0,37,2026-09-24T16:48:21+00:00
2026-09-18T01:34:00Z,29654.75,29661.75,29654.0,29660.25,56,2026-09-24T16:48:21+00:00
2026-09-18T01:35:00Z,29658.75,29662.75,29655.0,29662.5,71,2026-09-24T16:48:21+00:00
2026-09-18T01:36:00Z,29661.75,29667.25,29661.25,29664.75,150,2026-09-24T16:48:21+00:00
2026-09-18T01:37:00Z,29664.75,29667.25,29664.25,29665.75,58,2026-09-24T16:48:21+00:00
2026-09-18T01:38:00Z,29666.25,29668.0,29662.0,29665.0,50,2026-09-24T16:48:21+00:00
2026-09-18T01:39:00Z,29664.25,29666.75,29661.5,29662.25,85,2026-09-24T16:48:21+00:00
2026-09-18T01:40:00Z,29661.5,29669.0,29660.5,29668.0,94,2026-09-24T16:48:21+00:00
2026-09-18T01:41:00Z,29667.75,29674.5,29666.75,29674.0,158,2026-09-24T16:48:21+00:00
2026-09-18T01:42:00Z,29673.0,29677.5,29670.5,29671.75,161,2026-09-24T16:48:21+00:00
2026-09-18T01:43:00Z,29672.75,29674.0,29672.0,29672.25,42,2026-09-24T16:48:21+00:00
2026-09-18T01:44:00Z,29672.5,29672.75,29663.0,29664.5,96,2026-09-24T16:48:21+00:00
2026-09-18T01:45:00Z,29665.0,29673.0,29664.5,29672.5,89,2026-09-24T16:48:21+00:00
2026-09-18T01:46:00Z,29672.75,29673.75,29670.5,29673.0,88,2026-09-24T16:48:21+00:00
2026-09-18T01:47:00Z,29673.5,29675.5,29672.25,29675.25,59,2026-09-24T16:48:21+00:00
2026-09-18T01:48:00Z,29675.25,29681.0,29673.75,29679.5,178,2026-09-24T16:48:21+00:00
2026-09-18T01:49:00Z,29680.25,29683.0,29679.75,29680.25,88,2026-09-24T16:48:21+00:00
2026-09-18T01:50:00Z,29680.5,29680.75,29671.5,29671.5,136,2026-09-24T16:48:21+00:00
2026-09-18T01:51:00Z,29672.0,29675.25,29669.5,29673.5,82,2026-09-24T16:48:21+00:00
2026-09-18T01:52:00Z,29673.5,29679.25,29671.25,29678.0,90,2026-09-24T16:48:21+00:00
2026-09-18T01:53:00Z,29677.75,29679.0,29676.0,29678.0,56,2026-09-24T16:48:21+00:00
2026-09-18T01:54:00Z,29678.0,29679.5,29676.5,29677.5,29,2026-09-24T16:48:21+00:00
2026-09-18T01:55:00Z,29678.75,29678.75,29671.75,29674.5,74,2026-09-24T16:48:21+00:00
2026-09-18T01:56:00Z,29675.5,29677.25,29673.75,29675.25,69,2026-09-24T16:48:21+00:00
2026-09-18T01:57:00Z,29675.25,29679.75,29675.25,29677.75,83,2026-09-24T16:48:21+00:00
2026-09-18T01:58:00Z,29680.0,29680.5,29678.0,29679.0,35,2026-09-24T16:48:21+00:00
2026-09-18T01:59:00Z,29680.5,29680.5,29678.0,29678.0,43,2026-09-24T16:48:21+00:00
2026-09-18T02:00:00Z,29679.75,29682.5,29678.0,29678.0,116,2026-09-24T16:48:21+00:00
2026-09-18T02:01:00Z,29678.5,29684.0,29676.5,29684.0,79,2026-09-24T16:48:21+00:00
2026-09-18T02:02:00Z,29683.75,29683.75,29679.75,29679.75,54,2026-09-24T16:48:21+00:00
2026-09-18T02:03:00Z,29681.0,29682.5,29677.25,29677.75,51,2026-09-24T16:48:21+00:00
2026-09-18T02:04:00Z,29677.5,29680.0,29676.0,29676.5,36,2026-09-24T16:48:21+00:00
2026-09-18T02:05:00Z,29676.5,29679.0,29676.25,29676.75,36,2026-09-24T16:48:21+00:00
2026-09-18T02:06:00Z,29678.75,29678.75,29671.0,29672.5,81,2026-09-24T16:48:21+00:00
2026-09-18T02:07:00Z,29673.25,29674.5,29672.25,29673.0,49,2026-09-24T16:48:21+00:00
2026-09-18T02:08:00Z,29672.75,29674.5,29670.5,29671.0,39,2026-09-24T16:48:21+00:00
2026-09-18T02:09:00Z,29670.75,29672.75,29670.25,29671.25,38,2026-09-24T16:48:21+00:00
2026-09-18T02:10:00Z,29670.75,29671.0,29663.0,29666.75,150,2026-09-24T16:48:21+00:00
2026-09-18T02:11:00Z,29667.5,29671.0,29666.25,29666.25,41,2026-09-24T16:48:21+00:00
2026-09-18T02:12:00Z,29667.5,29670.0,29665.25,29668.75,43,2026-09-24T16:48:21+00:00
2026-09-18T02:13:00Z,29667.5,29671.0,29666.5,29671.0,26,2026-09-24T16:48:21+00:00
2026-09-18T02:14:00Z,29670.75,29676.25,29669.25,29673.75,87,2026-09-24T16:48:21+00:00
2026-09-18T02:15:00Z,29674.5,29676.25,29671.5,29674.5,40,2026-09-24T16:48:21+00:00
2026-09-18T02:16:00Z,29674.0,29678.5,29673.75,29677.75,69,2026-09-24T16:48:21+00:00
2026-09-18T02:17:00Z,29676.0,29677.25,29674.0,29674.0,41,2026-09-24T16:48:21+00:00
2026-09-18T02:18:00Z,29674.0,29679.0,29674.0,29678.75,22,2026-09-24T16:48:21+00:00
2026-09-18T02:19:00Z,29678.0,29681.75,29676.75,29681.0,53,2026-09-24T16:48:21+00:00
2026-09-18T02:20:00Z,29681.0,29685.75,29680.0,29683.25,111,2026-09-24T16:48:21+00:00
2026-09-18T02:21:00Z,29682.5,29687.75,29681.0,29683.0,157,2026-09-24T16:48:21+00:00
2026-09-18T02:22:00Z,29683.5,29683.5,29680.0,29681.0,45,2026-09-24T16:48:21+00:00
2026-09-18T02:23:00Z,29680.25,29691.25,29680.25,29690.0,132,2026-09-24T16:48:21+00:00
2026-09-18T02:24:00Z,29690.0,29692.25,29688.0,29690.0,122,2026-09-24T16:48:21+00:00
2026-09-18T02:25:00Z,29690.5,29691.25,29687.5,29688.0,54,2026-09-24T16:48:21+00:00
2026-09-18T02:26:00Z,29687.75,29690.25,29686.75,29686.75,69,2026-09-24T16:48:21+00:00
2026-09-18T02:27:00Z,29686.25,29687.25,29681.25,29687.25,83,2026-09-24T16:48:21+00:00
2026-09-18T02:28:00Z,29687.25,29688.25,29683.75,29686.25,53,2026-09-24T16:48:21+00:00
2026-09-18T02:29:00Z,29687.25,29689.75,29686.5,29687.75,40,2026-09-24T16:48:21+00:00
2026-09-18T02:30:00Z,29688.0,29690.0,29685.25,29688.75,99,2026-09-24T16:48:21+00:00
2026-09-18T02:31:00Z,29686.0,29690.75,29684.0,29685.0,48,2026-09-24T16:48:21+00:00
2026-09-18T02:32:00Z,29685.0,29687.5,29685.0,29686.25,63,2026-09-24T16:48:21+00:00
2026-09-18T02:33:00Z,29687.0,29689.75,29686.0,29688.0,75,2026-09-24T16:48:21+00:00
2026-09-18T02:34:00Z,29690.25,29692.25,29690.0,29691.25,62,2026-09-24T16:48:21+00:00
2026-09-18T02:35:00Z,29691.25,29693.25,29688.5,29690.75,76,2026-09-24T16:48:21+00:00
2026-09-18T02:36:00Z,29690.0,29691.25,29688.75,29691.25,23,2026-09-24T16:48:21+00:00
2026-09-18T02:37:00Z,29689.5,29689.75,29686.75,29687.75,30,2026-09-24T16:48:21+00:00
2026-09-18T02:38:00Z,29687.0,29687.0,29683.75,29685.25,54,2026-09-24T16:48:21+00:00
2026-09-18T02:39:00Z,29685.75,29688.75,29685.75,29687.0,31,2026-09-24T16:48:21+00:00
2026-09-18T02:40:00Z,29686.5,29688.75,29686.5,29688.75,31,2026-09-24T16:48:21+00:00
2026-09-18T02:41:00Z,29689.25,29692.75,29688.5,29692.75,51,2026-09-24T16:48:21+00:00
2026-09-18T02:42:00Z,29692.75,29698.25,29691.5,29698.25,129,2026-09-24T16:48:21+00:00
2026-09-18T02:43:00Z,29697.5,29698.0,29695.0,29695.5,67,2026-09-24T16:48:21+00:00
2026-09-18T02:44:00Z,29694.75,29697.5,29692.0,29693.5,58,2026-09-24T16:48:21+00:00
2026-09-18T02:45:00Z,29693.0,29698.75,29692.0,29696.25,85,2026-09-24T16:48:21+00:00
2026-09-18T02:46:00Z,29694.75,29698.0,29694.75,29698.0,31,2026-09-24T16:48:21+00:00
2026-09-18T02:47:00Z,29697.5,29699.5,29696.5,29698.75,40,2026-09-24T16:48:21+00:00
2026-09-18T02:48:00Z,29698.25,29698.75,29696.75,29697.25,26,2026-09-24T16:48:21+00:00
2026-09-18T02:49:00Z,29697.0,29698.5,29695.25,29698.25,42,2026-09-24T16:48:21+00:00
2026-09-18T02:50:00Z,29698.25,29704.0,29698.25,29701.0,190,2026-09-24T16:48:21+00:00
2026-09-18T02:51:00Z,29700.5,29701.0,29697.75,29699.25,39,2026-09-24T16:48:21+00:00
2026-09-18T02:52:00Z,29699.25,29700.5,29694.5,29695.25,89,2026-09-24T16:48:21+00:00
2026-09-18T02:53:00Z,29695.5,29700.25,29695.0,29695.0,87,2026-09-24T16:48:21+00:00
2026-09-18T02:54:00Z,29695.25,29703.0,29689.75,29695.25,272,2026-09-24T16:48:21+00:00
2026-09-18T02:55:00Z,29694.25,29701.75,29691.25,29699.25,153,2026-09-24T16:48:21+00:00
2026-09-18T02:56:00Z,29699.5,29702.75,29693.0,29696.0,98,2026-09-24T16:48:21+00:00
2026-09-18T02:57:00Z,29696.5,29697.25,29691.0,29692.75,69,2026-09-24T16:48:21+00:00
2026-09-18T02:58:00Z,29692.25,29693.25,29687.25,29692.5,82,2026-09-24T16:48:21+00:00
2026-09-18T02:59:00Z,29692.5,29695.25,29691.75,29692.75,62,2026-09-24T16:48:21+00:00
2026-09-18T03:00:00Z,29693.75,29694.0,29689.0,29692.5,151,2026-09-24T16:48:21+00:00
2026-09-18T03:01:00Z,29692.25,29696.0,29690.75,29694.5,53,2026-09-24T16:48:21+00:00
2026-09-18T03:02:00Z,29693.5,29700.0,29693.25,29698.5,119,2026-09-24T16:48:21+00:00
2026-09-18T03:03:00Z,29697.75,29700.25,29697.75,29700.25,19,2026-09-24T16:48:21+00:00
2026-09-18T03:04:00Z,29700.75,29709.0,29699.25,29709.0,211,2026-09-24T16:48:21+00:00
2026-09-18T03:05:00Z,29709.0,29713.5,29708.0,29711.25,230,2026-09-24T16:48:21+00:00
2026-09-18T03:06:00Z,29712.25,29714.0,29710.75,29713.0,131,2026-09-24T16:48:21+00:00
2026-09-18T03:07:00Z,29713.5,29720.5,29712.25,29720.0,243,2026-09-24T16:48:21+00:00
2026-09-18T03:08:00Z,29719.75,29729.0,29719.75,29726.25,273,2026-09-24T16:48:21+00:00
2026-09-18T03:09:00Z,29726.0,29728.0,29721.0,29725.25,140,2026-09-24T16:48:21+00:00
2026-09-18T03:10:00Z,29725.5,29730.0,29725.0,29728.25,231,2026-09-24T16:48:21+00:00
2026-09-18T03:11:00Z,29728.25,29731.75,29725.75,29729.75,371,2026-09-24T16:48:21+00:00
2026-09-18T03:12:00Z,29729.75,29735.0,29729.5,29735.0,312,2026-09-24T16:48:21+00:00
2026-09-18T03:13:00Z,29733.75,29737.5,29731.75,29734.75,366,2026-09-24T16:48:21+00:00
2026-09-18T03:14:00Z,29734.25,29738.0,29730.0,29737.0,211,2026-09-24T16:48:21+00:00
2026-09-18T03:15:00Z,29737.5,29737.75,29730.25,29731.75,122,2026-09-24T16:48:21+00:00
2026-09-18T03:16:00Z,29732.0,29733.25,29730.25,29730.25,74,2026-09-24T16:48:21+00:00
2026-09-18T03:17:00Z,29731.75,29732.0,29726.0,29726.25,168,2026-09-24T16:48:21+00:00
2026-09-18T03:18:00Z,29725.5,29727.0,29719.5,29724.75,212,2026-09-24T16:48:21+00:00
2026-09-18T03:19:00Z,29724.75,29729.25,29724.25,29727.75,74,2026-09-24T16:48:21+00:00
2026-09-18T03:20:00Z,29729.0,29737.25,29728.75,29736.0,132,2026-09-24T16:48:21+00:00
2026-09-18T03:21:00Z,29736.0,29738.5,29734.75,29738.0,138,2026-09-24T16:48:21+00:00
2026-09-18T03:22:00Z,29737.5,29738.0,29732.75,29735.75,107,2026-09-24T16:48:21+00:00
2026-09-18T03:23:00Z,29735.75,29736.5,29729.5,29731.0,79,2026-09-24T16:48:21+00:00
2026-09-18T03:24:00Z,29731.0,29733.5,29730.75,29731.25,67,2026-09-24T16:48:21+00:00
2026-09-18T03:25:00Z,29732.5,29733.75,29730.0,29733.0,61,2026-09-24T16:48:21+00:00
2026-09-18T03:26:00Z,29732.25,29737.5,29730.0,29735.5,63,2026-09-24T16:48:21+00:00
2026-09-18T03:27:00Z,29736.75,29736.75,29734.0,29734.0,16,2026-09-24T16:48:21+00:00
2026-09-18T03:28:00Z,29734.75,29737.75,29734.5,29737.0,38,2026-09-24T16:48:21+00:00
2026-09-18T03:29:00Z,29737.25,29737.25,29732.5,29733.5,54,2026-09-24T16:48:21+00:00
2026-09-18T03:30:00Z,29734.0,29736.0,29732.0,29733.5,86,2026-09-24T16:48:21+00:00
2026-09-18T03:31:00Z,29733.5,29733.75,29729.25,29731.25,67,2026-09-24T16:48:21+00:00
2026-09-18T03:32:00Z,29729.0,29731.25,29727.25,29731.25,116,2026-09-24T16:48:21+00:00
2026-09-18T03:33:00Z,29732.0,29739.0,29732.0,29737.75,93,2026-09-24T16:48:21+00:00
2026-09-18T03:34:00Z,29737.25,29739.25,29734.5,29737.25,81,2026-09-24T16:48:21+00:00
2026-09-18T03:35:00Z,29737.75,29742.0,29737.5,29741.25,200,2026-09-24T16:48:21+00:00
2026-09-18T03:36:00Z,29740.75,29747.0,29740.25,29745.0,370,2026-09-24T16:48:21+00:00
2026-09-18T03:37:00Z,29744.25,29745.75,29742.25,29744.5,88,2026-09-24T16:48:21+00:00
2026-09-18T03:38:00Z,29744.0,29744.75,29740.25,29741.75,87,2026-09-24T16:48:21+00:00
2026-09-18T03:39:00Z,29742.0,29745.0,29738.5,29743.25,126,2026-09-24T16:48:21+00:00
2026-09-18T03:40:00Z,29742.25,29746.75,29742.25,29745.75,55,2026-09-24T16:48:21+00:00
2026-09-18T03:41:00Z,29746.0,29747.0,29744.5,29746.0,50,2026-09-24T16:48:21+00:00
2026-09-18T03:42:00Z,29746.25,29748.0,29745.0,29747.25,89,2026-09-24T16:48:21+00:00
2026-09-18T03:43:00Z,29748.0,29748.25,29746.0,29746.75,57,2026-09-24T16:48:21+00:00
2026-09-18T03:44:00Z,29747.5,29748.25,29745.75,29747.75,71,2026-09-24T16:48:21+00:00
2026-09-18T03:45:00Z,29748.0,29759.5,29747.75,29756.0,374,2026-09-24T16:48:21+00:00
2026-09-18T03:46:00Z,29755.5,29760.0,29755.5,29757.0,92,2026-09-24T16:48:21+00:00
2026-09-18T03:47:00Z,29756.75,29762.0,29756.5,29759.5,189,2026-09-24T16:48:21+00:00
2026-09-18T03:48:00Z,29759.25,29761.5,29756.75,29760.5,63,2026-09-24T16:48:21+00:00
2026-09-18T03:49:00Z,29760.0,29763.75,29760.0,29762.25,190,2026-09-24T16:48:21+00:00
2026-09-18T03:50:00Z,29761.5,29764.75,29761.0,29764.25,61,2026-09-24T16:48:21+00:00
2026-09-18T03:51:00Z,29763.5,29764.25,29757.25,29758.75,131,2026-09-24T16:48:21+00:00
2026-09-18T03:52:00Z,29758.0,29758.0,29754.25,29757.25,122,2026-09-24T16:48:21+00:00
2026-09-18T03:53:00Z,29757.5,29758.5,29754.25,29755.5,52,2026-09-24T16:48:21+00:00
2026-09-18T03:54:00Z,29755.25,29757.5,29754.5,29756.75,46,2026-09-24T16:48:21+00:00
2026-09-18T03:55:00Z,29756.75,29756.75,29753.25,29755.25,55,2026-09-24T16:48:21+00:00
2026-09-18T03:56:00Z,29756.25,29758.5,29755.5,29756.5,35,2026-09-24T16:48:21+00:00
2026-09-18T03:57:00Z,29756.75,29757.5,29754.0,29754.0,68,2026-09-24T16:48:21+00:00
2026-09-18T03:58:00Z,29753.25,29753.75,29749.75,29752.25,120,2026-09-24T16:48:21+00:00
2026-09-18T04:09:00Z,29762.75,29764.5,29762.0,29762.75,27,2026-09-24T16:48:21+00:00
2026-09-18T04:10:00Z,29763.25,29767.0,29763.25,29766.0,58,2026-09-24T16:48:21+00:00
2026-09-18T04:11:00Z,29764.5,29767.5,29763.5,29766.5,39,2026-09-24T16:48:21+00:00
2026-09-18T04:12:00Z,29766.75,29768.75,29766.75,29767.25,61,2026-09-24T16:48:21+00:00
2026-09-18T04:13:00Z,29768.0,29768.5,29766.75,29768.25,41,2026-09-24T16:48:21+00:00
2026-09-18T04:14:00Z,29767.75,29768.25,29763.25,29768.25,95,2026-09-24T16:48:21+00:00
2026-09-18T04:15:00Z,29767.75,29773.5,29767.0,29767.0,242,2026-09-24T16:48:21+00:00
2026-09-18T04:16:00Z,29767.0,29771.0,29763.5,29770.75,107,2026-09-24T16:48:21+00:00
2026-09-18T04:17:00Z,29770.75,29770.75,29766.75,29769.0,52,2026-09-24T16:48:21+00:00
2026-09-18T04:18:00Z,29768.5,29768.75,29760.75,29763.0,90,2026-09-24T16:48:21+00:00
2026-09-18T04:19:00Z,29764.0,29768.25,29763.0,29766.5,102,2026-09-24T16:48:21+00:00
2026-09-18T04:20:00Z,29767.0,29767.5,29760.75,29761.25,40,2026-09-24T16:48:21+00:00
2026-09-18T04:21:00Z,29760.75,29764.5,29760.0,29763.25,69,2026-09-24T16:48:21+00:00
2026-09-18T04:22:00Z,29763.25,29764.75,29761.75,29764.5,48,2026-09-24T16:48:21+00:00
2026-09-18T04:23:00Z,29764.25,29764.25,29759.0,29762.0,64,2026-09-24T16:48:21+00:00
2026-09-18T04:24:00Z,29762.25,29762.5,29759.75,29760.0,70,2026-09-24T16:48:21+00:00
2026-09-18T04:25:00Z,29760.25,29761.5,29755.0,29760.75,147,2026-09-24T16:48:21+00:00
2026-09-18T04:26:00Z,29760.75,29766.5,29760.75,29765.75,76,2026-09-24T16:48:21+00:00
2026-09-18T04:27:00Z,29765.25,29771.5,29762.25,29771.0,99,2026-09-24T16:48:21+00:00
2026-09-18T04:28:00Z,29770.75,29771.75,29768.25,29768.75,73,2026-09-24T16:48:21+00:00
2026-09-18T04:29:00Z,29769.75,29772.75,29769.5,29772.25,55,2026-09-24T16:48:21+00:00
2026-09-18T04:30:00Z,29773.0,29777.75,29772.25,29774.0,305,2026-09-24T16:48:21+00:00
2026-09-18T04:31:00Z,29773.25,29779.0,29772.75,29777.75,89,2026-09-24T16:48:21+00:00
2026-09-18T04:32:00Z,29778.75,29779.75,29777.25,29778.0,92,2026-09-24T16:48:21+00:00
2026-09-18T04:33:00Z,29778.5,29779.5,29777.5,29779.0,85,2026-09-24T16:48:21+00:00
2026-09-18T04:34:00Z,29777.75,29778.5,29770.75,29772.5,112,2026-09-24T16:48:21+00:00
2026-09-18T04:35:00Z,29773.25,29774.75,29772.25,29773.25,50,2026-09-24T16:48:21+00:00
2026-09-18T04:36:00Z,29772.75,29772.75,29769.0,29770.0,30,2026-09-24T16:48:21+00:00
2026-09-18T04:37:00Z,29770.75,29773.0,29768.0,29768.5,67,2026-09-24T16:48:21+00:00
2026-09-18T04:38:00Z,29769.25,29769.25,29766.5,29767.75,30,2026-09-24T16:48:21+00:00
2026-09-18T04:39:00Z,29768.75,29769.75,29767.75,29768.75,38,2026-09-24T16:48:21+00:00
2026-09-18T04:40:00Z,29770.25,29771.5,29766.5,29769.25,51,2026-09-24T16:48:21+00:00
2026-09-18T04:41:00Z,29769.5,29773.75,29769.5,29773.5,70,2026-09-24T16:48:21+00:00
2026-09-18T04:42:00Z,29772.5,29784.5,29772.5,29784.0,362,2026-09-24T16:48:21+00:00
2026-09-18T04:43:00Z,29783.75,29801.0,29782.0,29797.25,577,2026-09-24T16:48:21+00:00
2026-09-18T04:44:00Z,29797.0,29797.0,29791.0,29795.0,201,2026-09-24T16:48:21+00:00
2026-09-18T04:45:00Z,29795.5,29796.75,29792.0,29792.75,152,2026-09-24T16:48:21+00:00
2026-09-18T04:46:00Z,29792.5,29794.5,29789.25,29794.5,79,2026-09-24T16:48:21+00:00
2026-09-18T04:47:00Z,29794.0,29794.0,29786.0,29787.5,153,2026-09-24T16:48:21+00:00
2026-09-18T04:48:00Z,29788.0,29790.5,29788.0,29790.0,42,2026-09-24T16:48:21+00:00
2026-09-18T04:49:00Z,29790.5,29793.25,29789.5,29791.25,113,2026-09-24T16:48:21+00:00
2026-09-18T04:50:00Z,29790.75,29802.0,29790.5,29796.5,238,2026-09-24T16:48:21+00:00
2026-09-18T04:51:00Z,29796.25,29801.75,29796.25,29799.75,63,2026-09-24T16:48:21+00:00
2026-09-18T04:52:00Z,29799.5,29809.5,29799.5,29809.0,266,2026-09-24T16:48:21+00:00
2026-09-18T04:53:00Z,29809.25,29809.25,29806.5,29808.5,129,2026-09-24T16:48:21+00:00
2026-09-18T04:54:00Z,29808.75,29808.75,29803.75,29804.75,127,2026-09-24T16:48:21+00:00
2026-09-18T04:55:00Z,29804.0,29809.25,29802.5,29806.0,148,2026-09-24T16:48:21+00:00
2026-09-18T04:56:00Z,29806.5,29812.75,29806.5,29812.0,162,2026-09-24T16:48:21+00:00
2026-09-18T04:57:00Z,29812.0,29812.75,29810.0,29810.0,80,2026-09-24T16:48:21+00:00
2026-09-18T04:58:00Z,29810.0,29810.5,29807.0,29808.75,82,2026-09-24T16:48:21+00:00
2026-09-18T04:59:00Z,29807.5,29811.25,29807.0,29810.5,74,2026-09-24T16:48:21+00:00
2026-09-18T05:00:00Z,29810.25,29810.25,29805.75,29809.0,109,2026-09-24T16:48:21+00:00
2026-09-18T05:01:00Z,29808.5,29810.25,29805.0,29806.75,103,2026-09-24T16:48:21+00:00
2026-09-18T05:02:00Z,29807.5,29809.75,29806.5,29806.5,47,2026-09-24T16:48:21+00:00
2026-09-18T05:03:00Z,29806.5,29812.0,29806.5,29809.75,65,2026-09-24T16:48:21+00:00
2026-09-18T05:04:00Z,29810.0,29812.0,29808.0,29811.5,51,2026-09-24T16:48:21+00:00
2026-09-18T05:05:00Z,29811.5,29812.0,29806.0,29806.0,81,2026-09-24T16:48:21+00:00
2026-09-18T05:06:00Z,29806.0,29808.0,29803.25,29805.25,87,2026-09-24T16:48:21+00:00
2026-09-18T05:07:00Z,29804.75,29811.0,29804.75,29809.75,73,2026-09-24T16:48:21+00:00
2026-09-18T05:08:00Z,29808.5,29808.5,29805.5,29806.75,21,2026-09-24T16:48:21+00:00
2026-09-18T05:09:00Z,29805.75,29807.0,29803.0,29805.5,41,2026-09-24T16:48:21+00:00
2026-09-18T05:10:00Z,29806.0,29810.0,29805.75,29810.0,64,2026-09-24T16:48:21+00:00
2026-09-18T05:11:00Z,29810.25,29814.75,29808.25,29813.25,155,2026-09-24T16:48:21+00:00
2026-09-18T05:12:00Z,29812.75,29813.75,29808.0,29810.0,90,2026-09-24T16:48:21+00:00
2026-09-18T05:13:00Z,29810.0,29812.0,29806.75,29807.0,63,2026-09-24T16:48:21+00:00
2026-09-18T05:14:00Z,29807.25,29811.5,29806.5,29810.75,87,2026-09-24T16:48:21+00:00
2026-09-18T05:15:00Z,29811.0,29812.5,29810.25,29811.5,62,2026-09-24T16:48:21+00:00
2026-09-18T05:16:00Z,29811.0,29815.5,29810.5,29813.0,132,2026-09-24T16:48:21+00:00
2026-09-18T05:17:00Z,29814.0,29814.75,29811.5,29813.75,42,2026-09-24T16:48:21+00:00
2026-09-18T05:18:00Z,29814.75,29815.5,29812.75,29813.75,38,2026-09-24T16:48:21+00:00
2026-09-18T05:19:00Z,29813.75,29814.25,29813.0,29814.25,29,2026-09-24T16:48:21+00:00
2026-09-18T05:20:00Z,29814.25,29815.25,29812.75,29813.0,50,2026-09-24T16:48:21+00:00
2026-09-18T05:21:00Z,29813.25,29818.0,29812.5,29816.0,285,2026-09-24T16:48:21+00:00
2026-09-18T05:22:00Z,29816.75,29817.75,29815.0,29816.25,39,2026-09-24T16:48:21+00:00
2026-09-18T05:23:00Z,29816.25,29818.75,29815.75,29817.25,85,2026-09-24T16:48:21+00:00
2026-09-18T05:24:00Z,29817.5,29823.5,29817.5,29821.25,204,2026-09-24T16:48:21+00:00
2026-09-18T05:25:00Z,29821.5,29827.25,29821.25,29822.0,246,2026-09-24T16:48:21+00:00
2026-09-18T05:26:00Z,29821.75,29822.25,29809.5,29814.25,237,2026-09-24T16:48:21+00:00
2026-09-18T05:27:00Z,29815.0,29815.25,29806.75,29809.5,219,2026-09-24T16:48:21+00:00
2026-09-18T05:28:00Z,29809.25,29810.5,29807.75,29810.25,67,2026-09-24T16:48:21+00:00
2026-09-18T05:29:00Z,29810.25,29820.5,29809.5,29814.5,206,2026-09-24T16:48:21+00:00
2026-09-18T05:30:00Z,29815.5,29825.25,29812.0,29823.75,159,2026-09-24T16:48:21+00:00
2026-09-18T05:31:00Z,29824.25,29825.75,29816.0,29820.5,123,2026-09-24T16:48:21+00:00
2026-09-18T05:32:00Z,29821.0,29825.0,29821.0,29823.25,70,2026-09-24T16:48:21+00:00
2026-09-18T05:33:00Z,29823.0,29828.5,29823.0,29823.5,257,2026-09-24T16:48:21+00:00
2026-09-18T05:34:00Z,29823.5,29825.75,29823.25,29824.75,42,2026-09-24T16:48:21+00:00
2026-09-18T05:35:00Z,29824.25,29826.0,29822.75,29824.0,81,2026-09-24T16:48:21+00:00
2026-09-18T05:36:00Z,29823.5,29828.5,29821.25,29827.0,89,2026-09-24T16:48:21+00:00
2026-09-18T05:37:00Z,29827.5,29831.25,29823.5,29831.25,195,2026-09-24T16:48:21+00:00
2026-09-18T05:38:00Z,29830.0,29840.0,29829.0,29837.5,539,2026-09-24T16:48:21+00:00
2026-09-18T05:39:00Z,29837.25,29842.5,29837.0,29839.25,204,2026-09-24T16:48:21+00:00
2026-09-18T05:40:00Z,29840.5,29843.5,29839.5,29842.25,157,2026-09-24T16:48:21+00:00
2026-09-18T05:41:00Z,29842.0,29844.5,29837.0,29838.0,165,2026-09-24T16:48:21+00:00
2026-09-18T05:42:00Z,29838.25,29840.5,29835.0,29839.75,82,2026-09-24T16:48:21+00:00
2026-09-18T05:43:00Z,29840.5,29846.5,29839.75,29844.5,274,2026-09-24T16:48:21+00:00
2026-09-18T05:44:00Z,29844.5,29854.0,29842.5,29854.0,387,2026-09-24T16:48:21+00:00
2026-09-18T05:45:00Z,29853.5,29859.25,29849.5,29849.5,307,2026-09-24T16:48:21+00:00
2026-09-18T05:46:00Z,29850.5,29852.75,29844.5,29845.75,226,2026-09-24T16:48:21+00:00
2026-09-18T05:47:00Z,29846.0,29852.0,29837.25,29843.25,283,2026-09-24T16:48:21+00:00
2026-09-18T05:48:00Z,29843.0,29851.75,29839.75,29851.25,218,2026-09-24T16:48:21+00:00
2026-09-18T05:49:00Z,29849.0,29851.5,29840.75,29840.75,170,2026-09-24T16:48:21+00:00
2026-09-18T05:50:00Z,29840.5,29851.75,29840.0,29851.75,266,2026-09-24T16:48:21+00:00
2026-09-18T05:51:00Z,29851.5,29854.0,29845.0,29847.5,143,2026-09-24T16:48:21+00:00
2026-09-18T05:52:00Z,29847.75,29849.0,29839.25,29842.0,102,2026-09-24T16:48:21+00:00
2026-09-18T05:53:00Z,29842.25,29847.5,29842.25,29844.75,87,2026-09-24T16:48:21+00:00
2026-09-18T05:54:00Z,29845.5,29847.5,29839.0,29842.75,120,2026-09-24T16:48:21+00:00
2026-09-18T05:55:00Z,29841.75,29844.25,29839.75,29842.0,72,2026-09-24T16:48:21+00:00
2026-09-18T05:56:00Z,29841.25,29843.5,29838.75,29840.25,110,2026-09-24T16:48:21+00:00
2026-09-18T05:57:00Z,29839.5,29843.25,29838.25,29841.5,102,2026-09-24T16:48:21+00:00
2026-09-18T05:58:00Z,29841.25,29843.25,29838.5,29841.75,135,2026-09-24T16:48:21+00:00
2026-09-18T05:59:00Z,29843.5,29849.25,29842.75,29846.0,176,2026-09-24T16:48:21+00:00
2026-09-18T06:00:00Z,29846.25,29858.5,29845.0,29853.75,320,2026-09-24T16:48:21+00:00
2026-09-18T06:01:00Z,29853.75,29862.75,29853.25,29862.5,249,2026-09-24T16:48:21+00:00
2026-09-18T06:02:00Z,29862.75,29870.0,29857.0,29868.75,370,2026-09-24T16:48:21+00:00
2026-09-18T06:03:00Z,29870.25,29870.75,29865.75,29868.75,227,2026-09-24T16:48:21+00:00
2026-09-18T06:04:00Z,29868.0,29869.5,29862.75,29867.75,124,2026-09-24T16:48:21+00:00
2026-09-18T06:05:00Z,29869.0,29870.0,29862.5,29866.25,164,2026-09-24T16:48:21+00:00
2026-09-18T06:06:00Z,29866.25,29871.25,29865.0,29865.0,151,2026-09-24T16:48:21+00:00
2026-09-18T06:07:00Z,29865.25,29869.75,29864.5,29869.75,156,2026-09-24T16:48:21+00:00
2026-09-18T06:08:00Z,29870.0,29872.5,29869.0,29870.5,160,2026-09-24T16:48:21+00:00
2026-09-18T06:09:00Z,29870.25,29872.0,29868.75,29870.5,108,2026-09-24T16:48:21+00:00
2026-09-18T06:10:00Z,29870.5,29874.0,29864.0,29873.0,215,2026-09-24T16:48:21+00:00
2026-09-18T06:11:00Z,29873.0,29877.5,29873.0,29875.0,215,2026-09-24T16:48:21+00:00
2026-09-18T06:12:00Z,29875.25,29880.25,29873.0,29878.25,181,2026-09-24T16:48:21+00:00
2026-09-18T06:13:00Z,29877.0,29881.5,29877.0,29880.5,97,2026-09-24T16:48:21+00:00
2026-09-18T06:14:00Z,29880.5,29885.5,29880.0,29882.75,202,2026-09-24T16:48:21+00:00
2026-09-18T06:15:00Z,29882.75,29890.0,29882.25,29883.75,278,2026-09-24T16:48:21+00:00
2026-09-18T06:16:00Z,29884.0,29886.75,29882.25,29883.75,155,2026-09-24T16:48:21+00:00
2026-09-18T06:17:00Z,29883.75,29883.75,29876.75,29880.75,311,2026-09-24T16:48:21+00:00
2026-09-18T06:18:00Z,29880.25,29881.0,29871.5,29876.75,360,2026-09-24T16:48:21+00:00
2026-09-18T06:19:00Z,29878.5,29884.75,29878.5,29879.75,203,2026-09-24T16:48:21+00:00
2026-09-18T06:20:00Z,29879.75,29879.75,29874.0,29875.75,121,2026-09-24T16:48:21+00:00
2026-09-18T06:21:00Z,29875.5,29883.25,29874.5,29880.25,110,2026-09-24T16:48:21+00:00
2026-09-18T06:22:00Z,29881.25,29892.0,29880.25,29889.5,187,2026-09-24T16:48:21+00:00
2026-09-18T06:23:00Z,29888.75,29897.25,29888.5,29893.5,236,2026-09-24T16:48:21+00:00
2026-09-18T06:24:00Z,29894.0,29894.75,29891.25,29892.25,141,2026-09-24T16:48:21+00:00
2026-09-18T06:25:00Z,29892.25,29897.0,29891.75,29894.5,195,2026-09-24T16:48:21+00:00
2026-09-18T06:26:00Z,29894.25,29895.0,29890.25,29893.75,122,2026-09-24T16:48:21+00:00
2026-09-18T06:27:00Z,29893.5,29896.75,29892.0,29895.25,85,2026-09-24T16:48:21+00:00
2026-09-18T06:28:00Z,29895.25,29897.0,29892.75,29894.75,50,2026-09-24T16:48:21+00:00
2026-09-18T06:29:00Z,29894.0,29895.5,29882.75,29885.0,247,2026-09-24T16:48:21+00:00
2026-09-18T06:30:00Z,29885.25,29894.0,29884.25,29893.25,188,2026-09-24T16:48:21+00:00
2026-09-18T06:31:00Z,29893.5,29897.0,29892.0,29896.5,149,2026-09-24T16:48:21+00:00
2026-09-18T06:32:00Z,29896.5,29904.75,29894.5,29903.5,792,2026-09-24T16:48:21+00:00
2026-09-18T06:33:00Z,29904.75,29913.0,29904.75,29907.0,534,2026-09-24T16:48:21+00:00
2026-09-18T06:34:00Z,29907.25,29908.25,29904.0,29905.25,145,2026-09-24T16:48:21+00:00
2026-09-18T06:35:00Z,29905.5,29912.0,29905.0,29909.75,148,2026-09-24T16:48:21+00:00
2026-09-18T06:36:00Z,29909.0,29909.0,29902.25,29902.75,87,2026-09-24T16:48:21+00:00
2026-09-18T06:37:00Z,29903.25,29909.75,29901.25,29909.25,116,2026-09-24T16:48:21+00:00
2026-09-18T06:38:00Z,29909.75,29918.5,29908.75,29915.25,380,2026-09-24T16:48:21+00:00
2026-09-18T06:39:00Z,29916.75,29919.0,29913.0,29918.0,154,2026-09-24T16:48:21+00:00
2026-09-18T06:40:00Z,29917.5,29917.5,29911.25,29913.75,113,2026-09-24T16:48:21+00:00
2026-09-18T06:41:00Z,29914.25,29918.25,29912.5,29913.5,101,2026-09-24T16:48:21+00:00
2026-09-18T06:42:00Z,29914.0,29914.0,29901.25,29906.0,162,2026-09-24T16:48:21+00:00
2026-09-18T06:43:00Z,29905.5,29907.0,29902.25,29905.0,66,2026-09-24T16:48:21+00:00
2026-09-18T06:44:00Z,29905.75,29907.0,29899.75,29905.5,173,2026-09-24T16:48:21+00:00
2026-09-18T06:45:00Z,29906.0,29908.5,29901.75,29906.0,123,2026-09-24T16:48:21+00:00
2026-09-18T06:46:00Z,29906.25,29912.5,29905.5,29907.75,82,2026-09-24T16:48:21+00:00
2026-09-18T06:47:00Z,29908.25,29911.5,29902.0,29904.0,116,2026-09-24T16:48:21+00:00
2026-09-18T06:48:00Z,29904.5,29909.5,29904.5,29907.75,83,2026-09-24T16:48:21+00:00
2026-09-18T06:49:00Z,29906.75,29908.25,29905.5,29907.0,43,2026-09-24T16:48:21+00:00
2026-09-18T06:50:00Z,29907.5,29908.75,29906.25,29908.25,46,2026-09-24T16:48:21+00:00
2026-09-18T06:51:00Z,29908.75,29910.75,29906.75,29910.5,79,2026-09-24T16:48:21+00:00
2026-09-18T06:52:00Z,29910.75,29913.0,29906.0,29911.75,110,2026-09-24T16:48:21+00:00
2026-09-18T06:53:00Z,29910.75,29910.75,29905.25,29907.5,92,2026-09-24T16:48:21+00:00
2026-09-18T06:54:00Z,29908.0,29911.0,29906.25,29907.0,62,2026-09-24T16:48:21+00:00
2026-09-18T06:55:00Z,29909.0,29910.5,29908.0,29908.5,48,2026-09-24T16:48:21+00:00
2026-09-18T06:56:00Z,29908.5,29914.0,29908.25,29912.75,100,2026-09-24T16:48:21+00:00
2026-09-18T06:57:00Z,29911.5,29916.5,29908.75,29916.0,110,2026-09-24T16:48:21+00:00
2026-09-18T06:58:00Z,29915.75,29921.5,29914.25,29919.5,136,2026-09-24T16:48:21+00:00
2026-09-18T06:59:00Z,29919.0,29920.75,29916.0,29916.0,108,2026-09-24T16:48:21+00:00
2026-09-18T07:00:00Z,29916.25,29922.25,29913.5,29920.25,254,2026-09-24T16:48:21+00:00
2026-09-18T07:01:00Z,29921.25,29926.0,29919.25,29923.0,219,2026-09-24T16:48:21+00:00
2026-09-18T07:02:00Z,29922.5,29922.5,29910.75,29918.75,197,2026-09-24T16:48:21+00:00
2026-09-18T07:03:00Z,29918.75,29921.25,29916.0,29918.25,171,2026-09-24T16:48:21+00:00
2026-09-18T07:04:00Z,29919.5,29925.0,29917.0,29923.5,201,2026-09-24T16:48:21+00:00
2026-09-18T07:05:00Z,29922.75,29922.75,29918.25,29919.25,133,2026-09-24T16:48:21+00:00
2026-09-18T07:06:00Z,29919.0,29920.25,29915.25,29918.25,62,2026-09-24T16:48:21+00:00
2026-09-18T07:07:00Z,29918.5,29921.75,29916.5,29919.25,89,2026-09-24T16:48:21+00:00
2026-09-18T07:08:00Z,29919.5,29926.0,29919.0,29923.75,161,2026-09-24T16:48:21+00:00
2026-09-18T07:09:00Z,29923.0,29926.5,29920.0,29925.0,105,2026-09-24T16:48:21+00:00
2026-09-18T07:10:00Z,29925.0,29936.75,29923.0,29934.25,364,2026-09-24T16:48:21+00:00
2026-09-18T07:11:00Z,29933.25,29936.75,29928.0,29934.5,145,2026-09-24T16:48:21+00:00
2026-09-18T07:12:00Z,29935.0,29937.5,29930.25,29936.0,169,2026-09-24T16:48:21+00:00
2026-09-18T07:13:00Z,29936.0,29938.5,29927.75,29929.5,116,2026-09-24T16:48:21+00:00
2026-09-18T07:14:00Z,29929.5,29930.75,29920.75,29921.5,133,2026-09-24T16:48:21+00:00
2026-09-18T07:15:00Z,29922.0,29926.0,29920.0,29923.0,107,2026-09-24T16:48:21+00:00
2026-09-18T07:16:00Z,29922.0,29933.0,29919.5,29930.5,90,2026-09-24T16:48:21+00:00
2026-09-18T07:17:00Z,29929.75,29933.5,29927.25,29930.75,89,2026-09-24T16:48:21+00:00
2026-09-18T07:18:00Z,29931.75,29936.75,29931.5,29933.5,72,2026-09-24T16:48:21+00:00
2026-09-18T07:19:00Z,29933.25,29935.75,29929.0,29932.5,88,2026-09-24T16:48:21+00:00
2026-09-18T07:20:00Z,29933.25,29938.0,29932.0,29934.5,123,2026-09-24T16:48:21+00:00
2026-09-18T07:21:00Z,29933.0,29935.0,29929.0,29931.25,142,2026-09-24T16:48:21+00:00
2026-09-18T07:22:00Z,29932.25,29939.75,29930.75,29936.5,206,2026-09-24T16:48:21+00:00
2026-09-18T07:23:00Z,29936.75,29947.5,29934.5,29943.0,425,2026-09-24T16:48:21+00:00
2026-09-18T07:24:00Z,29943.75,29945.25,29937.25,29941.25,132,2026-09-24T16:48:21+00:00
2026-09-18T07:25:00Z,29942.0,29953.0,29940.5,29951.25,227,2026-09-24T16:48:21+00:00
2026-09-18T07:26:00Z,29951.75,29963.25,29951.25,29956.75,502,2026-09-24T16:48:21+00:00
2026-09-18T07:27:00Z,29957.75,29959.75,29956.75,29959.0,110,2026-09-24T16:48:21+00:00
2026-09-18T07:28:00Z,29958.5,29964.25,29955.75,29956.75,193,2026-09-24T16:48:21+00:00
2026-09-18T07:29:00Z,29957.75,29962.25,29957.75,29960.25,253,2026-09-24T16:48:21+00:00
2026-09-18T07:30:00Z,29961.0,29966.5,29961.0,29966.5,168,2026-09-24T16:48:21+00:00
2026-09-18T07:31:00Z,29965.75,29966.75,29953.5,29954.5,182,2026-09-24T16:48:21+00:00
2026-09-18T07:32:00Z,29954.25,29958.0,29952.5,29956.25,178,2026-09-24T16:48:21+00:00
2026-09-18T07:33:00Z,29956.5,29957.5,29954.75,29955.0,87,2026-09-24T16:48:21+00:00
2026-09-18T07:34:00Z,29955.0,29960.0,29953.25,29959.0,153,2026-09-24T16:48:21+00:00
2026-09-18T07:35:00Z,29958.75,29959.5,29955.75,29957.0,100,2026-09-24T16:48:21+00:00
2026-09-18T07:36:00Z,29956.75,29961.0,29953.0,29960.25,173,2026-09-24T16:48:21+00:00
2026-09-18T07:37:00Z,29959.75,29961.25,29955.0,29957.5,125,2026-09-24T16:48:21+00:00
2026-09-18T07:38:00Z,29957.25,29961.0,29952.25,29959.5,127,2026-09-24T16:48:21+00:00
2026-09-18T07:39:00Z,29959.75,29962.0,29957.0,29959.0,90,2026-09-24T16:48:21+00:00
2026-09-18T07:40:00Z,29959.75,29960.0,29950.5,29951.5,162,2026-09-24T16:48:21+00:00
2026-09-18T07:41:00Z,29952.75,29953.5,29945.75,29949.5,197,2026-09-24T16:48:21+00:00
2026-09-18T07:42:00Z,29949.75,29950.0,29937.0,29937.0,213,2026-09-24T16:48:21+00:00
2026-09-18T07:43:00Z,29937.25,29943.5,29936.25,29940.5,251,2026-09-24T16:48:21+00:00
2026-09-18T07:44:00Z,29940.5,29945.0,29938.75,29940.25,83,2026-09-24T16:48:21+00:00
2026-09-18T07:45:00Z,29939.75,29942.0,29936.5,29938.5,162,2026-09-24T16:48:21+00:00
2026-09-18T07:46:00Z,29938.75,29940.5,29933.25,29936.0,134,2026-09-24T16:48:21+00:00
2026-09-18T07:47:00Z,29936.0,29943.5,29935.75,29941.0,187,2026-09-24T16:48:21+00:00
2026-09-18T07:48:00Z,29941.0,29941.0,29935.0,29939.25,75,2026-09-24T16:48:21+00:00
2026-09-18T07:49:00Z,29937.75,29945.75,29937.5,29945.5,122,2026-09-24T16:48:21+00:00
2026-09-18T07:50:00Z,29945.0,29945.0,29939.5,29940.75,186,2026-09-24T16:48:21+00:00
2026-09-18T07:51:00Z,29941.0,29943.0,29938.0,29942.25,110,2026-09-24T16:48:21+00:00
2026-09-18T07:52:00Z,29942.0,29946.25,29939.5,29943.0,107,2026-09-24T16:48:21+00:00
2026-09-18T07:53:00Z,29943.25,29951.75,29942.0,29948.0,198,2026-09-24T16:48:21+00:00
2026-09-18T07:54:00Z,29947.5,29950.75,29944.75,29948.25,78,2026-09-24T16:48:21+00:00
2026-09-18T07:55:00Z,29947.5,29947.75,29938.0,29940.0,114,2026-09-24T16:48:21+00:00
2026-09-18T07:56:00Z,29939.75,29940.75,29934.25,29936.25,187,2026-09-24T16:48:21+00:00
2026-09-18T07:57:00Z,29936.5,29936.75,29930.0,29933.25,129,2026-09-24T16:48:21+00:00
2026-09-18T07:58:00Z,29933.5,29935.0,29929.75,29932.5,102,2026-09-24T16:48:21+00:00
2026-09-18T07:59:00Z,29932.0,29932.0,29924.25,29929.5,235,2026-09-24T16:48:21+00:00
2026-09-18T08:00:00Z,29928.75,29937.75,29924.25,29931.0,358,2026-09-24T16:48:21+00:00
2026-09-18T08:01:00Z,29931.0,29936.0,29922.75,29927.25,223,2026-09-24T16:48:21+00:00
2026-09-18T08:02:00Z,29927.5,29940.0,29927.5,29939.75,187,2026-09-24T16:48:21+00:00
2026-09-18T08:03:00Z,29939.0,29944.0,29935.25,29936.0,225,2026-09-24T16:48:21+00:00
2026-09-18T08:04:00Z,29935.5,29940.25,29925.5,29927.0,327,2026-09-24T16:48:21+00:00
2026-09-18T08:05:00Z,29927.0,29928.75,29921.25,29923.25,210,2026-09-24T16:48:21+00:00
2026-09-18T08:06:00Z,29923.25,29928.5,29915.75,29917.0,313,2026-09-24T16:48:21+00:00
2026-09-18T08:07:00Z,29917.25,29924.5,29914.0,29915.25,195,2026-09-24T16:48:21+00:00
2026-09-18T08:08:00Z,29914.75,29918.5,29914.5,29916.75,152,2026-09-24T16:48:21+00:00
2026-09-18T08:09:00Z,29916.75,29917.0,29905.5,29907.5,232,2026-09-24T16:48:21+00:00
2026-09-18T08:10:00Z,29907.5,29920.0,29903.75,29914.0,291,2026-09-24T16:48:21+00:00
2026-09-18T08:11:00Z,29914.75,29915.5,29907.25,29909.25,135,2026-09-24T16:48:21+00:00
2026-09-18T08:12:00Z,29908.75,29913.0,29905.0,29908.5,214,2026-09-24T16:48:21+00:00
2026-09-18T08:13:00Z,29909.25,29916.75,29905.0,29913.0,179,2026-09-24T16:48:21+00:00
2026-09-18T08:14:00Z,29912.25,29914.75,29910.75,29913.25,48,2026-09-24T16:48:21+00:00
2026-09-18T08:15:00Z,29912.0,29915.75,29907.5,29914.0,98,2026-09-24T16:48:21+00:00
2026-09-18T08:16:00Z,29913.0,29916.0,29909.25,29916.0,75,2026-09-24T16:48:21+00:00
2026-09-18T08:17:00Z,29915.75,29920.0,29915.75,29919.5,93,2026-09-24T16:48:21+00:00
2026-09-18T08:18:00Z,29919.25,29921.0,29916.5,29917.25,63,2026-09-24T16:48:21+00:00
2026-09-18T08:19:00Z,29917.0,29921.0,29914.0,29919.5,151,2026-09-24T16:48:21+00:00
2026-09-18T08:20:00Z,29919.25,29931.5,29919.0,29928.75,297,2026-09-24T16:48:21+00:00
2026-09-18T08:21:00Z,29928.0,29929.5,29920.75,29925.75,188,2026-09-24T16:48:21+00:00
2026-09-18T08:22:00Z,29925.75,29925.75,29917.0,29917.75,116,2026-09-24T16:48:21+00:00
2026-09-18T08:23:00Z,29918.0,29923.25,29915.0,29915.25,195,2026-09-24T16:48:21+00:00
2026-09-18T08:24:00Z,29915.0,29920.0,29912.25,29916.5,150,2026-09-24T16:48:21+00:00
2026-09-18T08:25:00Z,29917.5,29921.5,29917.0,29920.25,86,2026-09-24T16:48:21+00:00
2026-09-18T08:26:00Z,29918.25,29918.5,29912.0,29918.5,106,2026-09-24T16:48:21+00:00
2026-09-18T08:27:00Z,29918.25,29919.0,29911.75,29914.25,95,2026-09-24T16:48:21+00:00
2026-09-18T08:28:00Z,29913.25,29914.75,29904.75,29905.75,141,2026-09-24T16:48:21+00:00
2026-09-18T08:29:00Z,29906.5,29906.5,29895.75,29897.5,322,2026-09-24T16:48:21+00:00
2026-09-18T08:30:00Z,29896.75,29900.0,29892.0,29898.75,274,2026-09-24T16:48:21+00:00
2026-09-18T08:31:00Z,29899.25,29906.0,29899.0,29905.0,113,2026-09-24T16:48:21+00:00
2026-09-18T08:32:00Z,29905.5,29909.0,29899.0,29908.25,134,2026-09-24T16:48:21+00:00
2026-09-18T08:33:00Z,29908.0,29911.5,29905.5,29911.0,79,2026-09-24T16:48:21+00:00
2026-09-18T08:34:00Z,29910.25,29913.0,29907.5,29913.0,48,2026-09-24T16:48:21+00:00
2026-09-18T08:35:00Z,29912.75,29917.5,29910.5,29910.5,152,2026-09-24T16:48:21+00:00
2026-09-18T08:36:00Z,29910.5,29914.25,29910.0,29911.0,128,2026-09-24T16:48:21+00:00
2026-09-18T08:37:00Z,29910.25,29911.0,29905.75,29906.75,99,2026-09-24T16:48:21+00:00
2026-09-18T08:38:00Z,29906.75,29911.5,29901.75,29903.0,143,2026-09-24T16:48:21+00:00
2026-09-18T08:39:00Z,29903.25,29908.0,29903.25,29906.0,50,2026-09-24T16:48:21+00:00
2026-09-18T08:40:00Z,29904.75,29906.75,29899.5,29906.75,113,2026-09-24T16:48:21+00:00
2026-09-18T08:41:00Z,29905.75,29907.5,29903.0,29903.5,81,2026-09-24T16:48:21+00:00
2026-09-18T08:42:00Z,29905.25,29906.75,29901.25,29902.0,40,2026-09-24T16:48:21+00:00
2026-09-18T08:43:00Z,29900.75,29907.25,29900.5,29906.25,109,2026-09-24T16:48:21+00:00
2026-09-18T08:44:00Z,29906.75,29913.25,29905.5,29912.25,170,2026-09-24T16:48:21+00:00
2026-09-18T08:45:00Z,29912.5,29919.75,29911.5,29913.5,151,2026-09-24T16:48:21+00:00
2026-09-18T08:46:00Z,29911.75,29913.75,29910.0,29912.5,35,2026-09-24T16:48:21+00:00
2026-09-18T08:47:00Z,29911.0,29915.0,29910.25,29912.5,75,2026-09-24T16:48:21+00:00
2026-09-18T08:48:00Z,29914.5,29916.0,29908.75,29911.0,94,2026-09-24T16:48:21+00:00
2026-09-18T08:49:00Z,29910.5,29913.0,29904.0,29908.5,112,2026-09-24T16:48:21+00:00
2026-09-18T08:50:00Z,29908.5,29915.0,29908.5,29913.0,32,2026-09-24T16:48:21+00:00
2026-09-18T08:51:00Z,29912.75,29913.0,29909.75,29912.0,89,2026-09-24T16:48:21+00:00
2026-09-18T08:52:00Z,29911.0,29912.5,29904.0,29907.5,162,2026-09-24T16:48:21+00:00
2026-09-18T08:53:00Z,29907.25,29910.0,29904.25,29904.25,71,2026-09-24T16:48:21+00:00
2026-09-18T08:54:00Z,29904.25,29907.0,29896.0,29896.0,190,2026-09-24T16:48:21+00:00
2026-09-18T08:55:00Z,29896.75,29900.0,29894.5,29899.25,114,2026-09-24T16:48:21+00:00
2026-09-18T08:56:00Z,29898.75,29901.25,29894.5,29900.75,65,2026-09-24T16:48:21+00:00
2026-09-18T08:57:00Z,29901.0,29901.75,29898.0,29899.25,82,2026-09-24T16:48:21+00:00
2026-09-18T08:58:00Z,29896.0,29896.25,29892.0,29894.5,103,2026-09-24T16:48:21+00:00
2026-09-18T08:59:00Z,29894.25,29896.75,29891.25,29892.75,70,2026-09-24T16:48:21+00:00
2026-09-18T09:00:00Z,29893.25,29894.25,29888.0,29892.75,168,2026-09-24T16:48:21+00:00
2026-09-18T09:01:00Z,29893.25,29893.5,29881.0,29881.25,286,2026-09-24T16:48:21+00:00
2026-09-18T09:02:00Z,29881.75,29885.25,29880.0,29884.0,134,2026-09-24T16:48:21+00:00
2026-09-18T09:03:00Z,29884.5,29889.0,29883.75,29888.25,129,2026-09-24T16:48:21+00:00
2026-09-18T09:04:00Z,29887.75,29888.25,29884.75,29884.75,100,2026-09-24T16:48:21+00:00
2026-09-18T09:05:00Z,29884.5,29893.0,29881.5,29891.25,99,2026-09-24T16:48:21+00:00
2026-09-18T09:06:00Z,29892.0,29893.75,29887.0,29887.0,69,2026-09-24T16:48:21+00:00
2026-09-18T09:07:00Z,29887.75,29889.25,29885.5,29886.0,92,2026-09-24T16:48:21+00:00
2026-09-18T09:08:00Z,29885.25,29895.0,29885.0,29893.25,71,2026-09-24T16:48:21+00:00
2026-09-18T09:09:00Z,29893.25,29893.5,29887.0,29888.0,48,2026-09-24T16:48:21+00:00
2026-09-18T09:10:00Z,29888.0,29892.0,29883.25,29892.0,59,2026-09-24T16:48:21+00:00
2026-09-18T09:11:00Z,29891.25,29895.5,29889.25,29895.5,45,2026-09-24T16:48:21+00:00
2026-09-18T09:12:00Z,29894.75,29894.75,29887.25,29887.5,57,2026-09-24T16:48:21+00:00
2026-09-18T09:13:00Z,29888.0,29890.0,29887.0,29888.0,28,2026-09-24T16:48:21+00:00
2026-09-18T09:14:00Z,29887.25,29888.75,29881.25,29884.0,59,2026-09-24T16:48:21+00:00
2026-09-18T09:15:00Z,29883.25,29886.75,29881.25,29886.75,22,2026-09-24T16:48:21+00:00
2026-09-18T09:16:00Z,29886.75,29889.75,29884.5,29889.25,43,2026-09-24T16:48:21+00:00
2026-09-18T09:17:00Z,29887.25,29893.0,29885.25,29890.75,62,2026-09-24T16:48:21+00:00
2026-09-18T09:18:00Z,29890.75,29890.75,29886.0,29888.25,51,2026-09-24T16:48:21+00:00
2026-09-18T09:19:00Z,29888.0,29894.5,29887.0,29893.75,51,2026-09-24T16:48:21+00:00
2026-09-18T09:20:00Z,29894.0,29896.5,29892.0,29894.75,97,2026-09-24T16:48:21+00:00
2026-09-18T09:21:00Z,29894.25,29895.25,29891.25,29893.75,42,2026-09-24T16:48:21+00:00
2026-09-18T09:22:00Z,29892.5,29899.0,29891.5,29894.5,126,2026-09-24T16:48:21+00:00
2026-09-18T09:23:00Z,29894.75,29896.5,29891.0,29893.25,33,2026-09-24T16:48:21+00:00
2026-09-18T09:24:00Z,29890.75,29892.25,29886.75,29887.75,41,2026-09-24T16:48:21+00:00
2026-09-18T09:25:00Z,29888.0,29891.0,29884.0,29888.5,77,2026-09-24T16:48:21+00:00
2026-09-18T09:26:00Z,29887.5,29887.5,29878.25,29879.0,74,2026-09-24T16:48:21+00:00
2026-09-18T09:27:00Z,29879.5,29880.0,29875.5,29876.25,116,2026-09-24T16:48:21+00:00
2026-09-18T09:28:00Z,29876.25,29878.25,29870.5,29876.0,145,2026-09-24T16:48:21+00:00
2026-09-18T09:29:00Z,29876.0,29876.0,29872.75,29873.0,69,2026-09-24T16:48:21+00:00
2026-09-18T09:30:00Z,29873.25,29874.0,29862.75,29867.75,255,2026-09-24T16:48:21+00:00
2026-09-18T09:31:00Z,29866.75,29868.5,29863.25,29863.5,59,2026-09-24T16:48:21+00:00
2026-09-18T09:32:00Z,29863.75,29872.0,29863.25,29872.0,116,2026-09-24T16:48:21+00:00
2026-09-18T09:33:00Z,29871.75,29873.75,29865.75,29867.75,212,2026-09-24T16:48:21+00:00
2026-09-18T09:34:00Z,29867.5,29868.25,29863.25,29866.0,71,2026-09-24T16:48:21+00:00
2026-09-18T09:35:00Z,29865.75,29870.0,29865.25,29867.5,76,2026-09-24T16:48:21+00:00
2026-09-18T09:36:00Z,29868.25,29872.25,29862.75,29864.75,83,2026-09-24T16:48:21+00:00
2026-09-18T09:37:00Z,29862.5,29864.5,29859.0,29861.0,132,2026-09-24T16:48:21+00:00
2026-09-18T09:38:00Z,29861.0,29861.0,29852.5,29853.5,177,2026-09-24T16:48:21+00:00
2026-09-18T09:39:00Z,29852.25,29856.0,29847.5,29848.0,235,2026-09-24T16:48:21+00:00
2026-09-18T09:40:00Z,29847.75,29853.0,29844.75,29846.0,222,2026-09-24T16:48:21+00:00
2026-09-18T09:41:00Z,29846.75,29849.0,29843.0,29846.0,118,2026-09-24T16:48:21+00:00
2026-09-18T09:42:00Z,29846.0,29848.25,29843.0,29848.25,111,2026-09-24T16:48:21+00:00
2026-09-18T09:43:00Z,29847.75,29853.25,29846.25,29847.0,155,2026-09-24T16:48:21+00:00
2026-09-18T09:44:00Z,29846.75,29849.5,29837.25,29837.25,175,2026-09-24T16:48:21+00:00
2026-09-18T09:45:00Z,29838.25,29846.0,29836.0,29846.0,172,2026-09-24T16:48:21+00:00
2026-09-18T09:46:00Z,29844.75,29850.5,29844.75,29849.0,163,2026-09-24T16:48:21+00:00
2026-09-18T09:47:00Z,29849.25,29852.0,29846.5,29847.75,133,2026-09-24T16:48:21+00:00
2026-09-18T09:48:00Z,29848.25,29848.75,29841.25,29843.75,105,2026-09-24T16:48:21+00:00
2026-09-18T09:49:00Z,29843.5,29848.0,29843.5,29845.0,68,2026-09-24T16:48:21+00:00
2026-09-18T09:50:00Z,29844.0,29852.0,29841.75,29850.25,123,2026-09-24T16:48:21+00:00
2026-09-18T09:51:00Z,29850.0,29857.5,29848.75,29853.25,160,2026-09-24T16:48:21+00:00
2026-09-18T09:52:00Z,29853.0,29853.75,29849.5,29851.25,63,2026-09-24T16:48:21+00:00
2026-09-18T09:53:00Z,29850.0,29852.25,29847.0,29848.5,48,2026-09-24T16:48:21+00:00
2026-09-18T09:54:00Z,29848.0,29851.0,29843.75,29848.75,70,2026-09-24T16:48:21+00:00
2026-09-18T09:55:00Z,29849.75,29849.75,29845.75,29848.25,40,2026-09-24T16:48:21+00:00
2026-09-18T09:56:00Z,29847.75,29849.0,29846.0,29846.75,43,2026-09-24T16:48:21+00:00
2026-09-18T09:57:00Z,29846.5,29850.5,29844.25,29850.5,71,2026-09-24T16:48:21+00:00
2026-09-18T09:58:00Z,29848.25,29850.25,29845.5,29849.5,69,2026-09-24T16:48:21+00:00
2026-09-18T09:59:00Z,29849.75,29853.25,29838.5,29839.0,173,2026-09-24T16:48:21+00:00
2026-09-18T10:00:00Z,29838.25,29847.75,29838.25,29846.5,139,2026-09-24T16:48:21+00:00
2026-09-18T10:01:00Z,29845.75,29846.25,29839.0,29840.75,116,2026-09-24T16:48:21+00:00
2026-09-18T10:02:00Z,29841.75,29845.75,29841.75,29843.75,40,2026-09-24T16:48:21+00:00
2026-09-18T10:03:00Z,29843.75,29849.75,29842.75,29849.75,91,2026-09-24T16:48:21+00:00
2026-09-18T10:04:00Z,29850.0,29850.75,29842.5,29847.75,98,2026-09-24T16:48:21+00:00
2026-09-18T10:05:00Z,29847.0,29852.25,29844.0,29844.0,147,2026-09-24T16:48:21+00:00
2026-09-18T10:06:00Z,29844.5,29850.25,29843.25,29849.5,71,2026-09-24T16:48:21+00:00
2026-09-18T10:07:00Z,29850.0,29855.0,29846.5,29852.75,138,2026-09-24T16:48:21+00:00
2026-09-18T10:08:00Z,29852.25,29853.75,29847.75,29851.0,186,2026-09-24T16:48:21+00:00
2026-09-18T10:09:00Z,29852.25,29854.0,29851.0,29851.75,34,2026-09-24T16:48:21+00:00
2026-09-18T10:10:00Z,29852.0,29856.75,29848.75,29854.25,89,2026-09-24T16:48:21+00:00
2026-09-18T10:11:00Z,29853.5,29853.5,29846.5,29849.25,63,2026-09-24T16:48:21+00:00
2026-09-18T10:12:00Z,29848.5,29851.75,29847.0,29851.0,45,2026-09-24T16:48:21+00:00
2026-09-18T10:13:00Z,29850.25,29851.75,29847.75,29851.75,56,2026-09-24T16:48:21+00:00
2026-09-18T10:14:00Z,29851.75,29859.75,29850.25,29858.25,102,2026-09-24T16:48:21+00:00
2026-09-18T10:15:00Z,29857.25,29863.25,29856.25,29861.25,157,2026-09-24T16:48:21+00:00
2026-09-18T10:16:00Z,29861.0,29864.0,29859.25,29862.5,130,2026-09-24T16:48:21+00:00
2026-09-18T10:17:00Z,29862.25,29867.5,29861.75,29866.0,274,2026-09-24T16:48:21+00:00
2026-09-18T10:18:00Z,29866.0,29871.75,29864.5,29867.5,248,2026-09-24T16:48:21+00:00
2026-09-18T10:19:00Z,29867.0,29868.5,29862.75,29867.25,112,2026-09-24T16:48:21+00:00
2026-09-18T10:20:00Z,29867.0,29872.75,29865.25,29869.0,85,2026-09-24T16:48:21+00:00
2026-09-18T10:21:00Z,29869.25,29871.75,29866.25,29869.25,68,2026-09-24T16:48:21+00:00
2026-09-18T10:22:00Z,29868.75,29875.0,29868.75,29873.5,110,2026-09-24T16:48:21+00:00
2026-09-18T10:23:00Z,29873.25,29874.25,29869.5,29873.75,80,2026-09-24T16:48:21+00:00
2026-09-18T10:24:00Z,29874.25,29875.5,29870.0,29871.5,92,2026-09-24T16:48:21+00:00
2026-09-18T10:25:00Z,29871.25,29871.75,29868.0,29868.0,61,2026-09-24T16:48:21+00:00
2026-09-18T10:26:00Z,29868.75,29872.0,29866.75,29871.5,160,2026-09-24T16:48:21+00:00
2026-09-18T10:27:00Z,29872.5,29873.0,29868.25,29872.0,151,2026-09-24T16:48:21+00:00
2026-09-18T10:28:00Z,29872.75,29877.25,29871.0,29875.5,114,2026-09-24T16:48:21+00:00
2026-09-18T10:29:00Z,29875.0,29878.25,29874.25,29877.75,49,2026-09-24T16:48:21+00:00
2026-09-18T10:30:00Z,29876.5,29887.25,29875.5,29882.5,449,2026-09-24T16:48:21+00:00
2026-09-18T10:31:00Z,29882.0,29886.75,29879.75,29886.0,118,2026-09-24T16:48:21+00:00
2026-09-18T10:32:00Z,29885.25,29887.5,29884.0,29887.25,128,2026-09-24T16:48:21+00:00
2026-09-18T10:33:00Z,29886.75,29890.25,29885.0,29888.0,144,2026-09-24T16:48:21+00:00
2026-09-18T10:34:00Z,29887.75,29888.5,29885.25,29885.25,88,2026-09-24T16:48:21+00:00
2026-09-18T10:35:00Z,29886.0,29888.0,29884.5,29887.25,50,2026-09-24T16:48:21+00:00
2026-09-18T10:36:00Z,29887.5,29893.75,29887.5,29892.0,178,2026-09-24T16:48:21+00:00
2026-09-18T10:37:00Z,29891.25,29901.0,29891.0,29898.75,169,2026-09-24T16:48:21+00:00
2026-09-18T10:38:00Z,29898.75,29903.25,29896.0,29898.0,171,2026-09-24T16:48:21+00:00
2026-09-18T10:39:00Z,29898.25,29899.25,29894.5,29896.75,198,2026-09-24T16:48:21+00:00
2026-09-18T10:40:00Z,29896.5,29898.5,29895.5,29897.25,43,2026-09-24T16:48:21+00:00
2026-09-18T10:41:00Z,29896.75,29899.75,29894.0,29895.25,90,2026-09-24T16:48:21+00:00
2026-09-18T10:42:00Z,29894.0,29895.25,29887.5,29888.25,166,2026-09-24T16:48:21+00:00
2026-09-18T10:43:00Z,29888.5,29895.75,29888.0,29891.75,82,2026-09-24T16:48:21+00:00
2026-09-18T10:44:00Z,29891.5,29893.0,29889.75,29892.25,71,2026-09-24T16:48:21+00:00
2026-09-18T10:45:00Z,29892.25,29892.5,29885.5,29885.5,77,2026-09-24T16:48:21+00:00
2026-09-18T10:46:00Z,29885.75,29887.0,29878.0,29880.5,146,2026-09-24T16:48:21+00:00
2026-09-18T10:47:00Z,29880.25,29882.0,29877.5,29877.5,46,2026-09-24T16:48:21+00:00
2026-09-18T10:48:00Z,29877.25,29879.75,29876.75,29877.0,61,2026-09-24T16:48:21+00:00
2026-09-18T10:49:00Z,29876.75,29880.25,29876.25,29879.75,75,2026-09-24T16:48:21+00:00
2026-09-18T10:50:00Z,29880.0,29881.0,29875.5,29875.5,58,2026-09-24T16:48:21+00:00
2026-09-18T10:51:00Z,29876.75,29879.0,29875.75,29878.5,45,2026-09-24T16:48:21+00:00
2026-09-18T10:52:00Z,29878.5,29879.75,29875.0,29877.75,26,2026-09-24T16:48:21+00:00
2026-09-18T10:53:00Z,29877.75,29878.5,29876.25,29878.0,11,2026-09-24T16:48:21+00:00
2026-09-18T10:54:00Z,29879.25,29884.0,29872.25,29878.25,200,2026-09-24T16:48:21+00:00
2026-09-18T10:55:00Z,29878.25,29879.5,29875.75,29875.75,60,2026-09-24T16:48:21+00:00
2026-09-18T10:56:00Z,29876.25,29882.25,29875.25,29881.75,66,2026-09-24T16:48:21+00:00
2026-09-18T10:57:00Z,29880.75,29882.5,29877.25,29878.75,63,2026-09-24T16:48:21+00:00
2026-09-18T10:58:00Z,29879.25,29879.25,29874.5,29877.25,65,2026-09-24T16:48:21+00:00
2026-09-18T10:59:00Z,29877.5,29879.5,29876.25,29877.25,75,2026-09-24T16:48:21+00:00
2026-09-18T11:00:00Z,29877.25,29879.25,29860.75,29868.25,349,2026-09-24T16:48:21+00:00
2026-09-18T11:01:00Z,29868.5,29885.0,29866.0,29877.75,306,2026-09-24T16:48:21+00:00
2026-09-18T11:02:00Z,29878.0,29884.25,29876.5,29877.25,192,2026-09-24T16:48:21+00:00
2026-09-18T11:03:00Z,29877.5,29888.25,29877.0,29887.25,160,2026-09-24T16:48:21+00:00
2026-09-18T11:04:00Z,29888.0,29898.75,29887.5,29897.75,260,2026-09-24T16:48:21+00:00
2026-09-18T11:05:00Z,29896.75,29897.0,29848.75,29850.5,996,2026-09-24T16:48:21+00:00
2026-09-18T11:06:00Z,29850.25,29863.25,29842.0,29858.5,559,2026-09-24T16:48:21+00:00
2026-09-18T11:07:00Z,29859.25,29861.25,29853.25,29859.5,226,2026-09-24T16:48:21+00:00
2026-09-18T11:08:00Z,29860.75,29867.0,29859.0,29862.0,180,2026-09-24T16:48:21+00:00
2026-09-18T11:09:00Z,29861.0,29867.0,29857.25,29867.0,123,2026-09-24T16:48:21+00:00
2026-09-18T11:10:00Z,29866.5,29871.0,29863.5,29868.75,155,2026-09-24T16:48:21+00:00
2026-09-18T11:11:00Z,29868.5,29872.5,29861.25,29864.5,84,2026-09-24T16:48:21+00:00
2026-09-18T11:12:00Z,29865.25,29868.75,29861.75,29864.75,79,2026-09-24T16:48:21+00:00
2026-09-18T11:13:00Z,29864.0,29864.0,29846.75,29849.25,148,2026-09-24T16:48:21+00:00
2026-09-18T11:14:00Z,29846.75,29859.25,29844.25,29856.25,138,2026-09-24T16:48:21+00:00
2026-09-18T11:15:00Z,29855.0,29856.25,29848.75,29849.5,88,2026-09-24T16:48:21+00:00
2026-09-18T11:16:00Z,29851.0,29851.0,29840.5,29841.5,150,2026-09-24T16:48:21+00:00
2026-09-18T11:17:00Z,29841.25,29841.75,29828.25,29835.5,333,2026-09-24T16:48:21+00:00
2026-09-18T11:18:00Z,29835.5,29840.25,29833.25,29834.5,179,2026-09-24T16:48:21+00:00
2026-09-18T11:19:00Z,29835.0,29838.25,29831.0,29836.0,108,2026-09-24T16:48:21+00:00
2026-09-18T11:20:00Z,29836.25,29836.5,29825.25,29827.75,155,2026-09-24T16:48:21+00:00
2026-09-18T11:21:00Z,29828.5,29839.5,29827.75,29834.25,181,2026-09-24T16:48:21+00:00
2026-09-18T11:22:00Z,29835.0,29845.75,29835.0,29845.75,121,2026-09-24T16:48:21+00:00
2026-09-18T11:23:00Z,29845.0,29845.0,29836.0,29840.0,104,2026-09-24T16:48:21+00:00
2026-09-18T11:24:00Z,29839.25,29840.75,29831.75,29834.25,88,2026-09-24T16:48:21+00:00
2026-09-18T11:25:00Z,29834.25,29838.25,29832.5,29832.5,56,2026-09-24T16:48:21+00:00
2026-09-18T11:26:00Z,29833.0,29839.0,29832.75,29836.5,56,2026-09-24T16:48:21+00:00
2026-09-18T11:27:00Z,29835.75,29837.0,29830.5,29831.75,86,2026-09-24T16:48:21+00:00
2026-09-18T11:28:00Z,29835.5,29838.5,29831.0,29836.75,67,2026-09-24T16:48:21+00:00
2026-09-18T11:29:00Z,29836.5,29837.0,29828.0,29829.75,253,2026-09-24T16:48:21+00:00
2026-09-18T11:30:00Z,29830.5,29837.25,29829.75,29836.25,82,2026-09-24T16:48:21+00:00
2026-09-18T11:31:00Z,29836.5,29850.75,29836.5,29850.0,177,2026-09-24T16:48:21+00:00
2026-09-18T11:32:00Z,29849.75,29853.25,29848.5,29853.25,115,2026-09-24T16:48:21+00:00
2026-09-18T11:33:00Z,29853.75,29854.25,29849.25,29849.5,127,2026-09-24T16:48:21+00:00
2026-09-18T11:34:00Z,29849.25,29852.25,29842.5,29847.0,151,2026-09-24T16:48:21+00:00
2026-09-18T11:35:00Z,29847.0,29847.75,29841.0,29846.0,100,2026-09-24T16:48:21+00:00
2026-09-18T11:36:00Z,29846.0,29858.5,29846.0,29858.0,121,2026-09-24T16:48:21+00:00
2026-09-18T11:37:00Z,29857.25,29858.75,29851.75,29853.75,130,2026-09-24T16:48:21+00:00
2026-09-18T11:38:00Z,29853.5,29853.75,29842.5,29842.5,96,2026-09-24T16:48:21+00:00
2026-09-18T11:39:00Z,29844.0,29848.0,29843.25,29844.5,52,2026-09-24T16:48:21+00:00
2026-09-18T11:40:00Z,29845.5,29845.5,29839.0,29844.0,63,2026-09-24T16:48:21+00:00
2026-09-18T11:41:00Z,29843.5,29844.75,29842.0,29843.75,58,2026-09-24T16:48:21+00:00
2026-09-18T11:42:00Z,29844.25,29844.75,29832.0,29832.0,182,2026-09-24T16:48:21+00:00
2026-09-18T11:43:00Z,29832.75,29836.75,29830.75,29831.0,129,2026-09-24T16:48:21+00:00
2026-09-18T11:44:00Z,29830.75,29835.0,29827.25,29831.0,167,2026-09-24T16:48:21+00:00
2026-09-18T11:45:00Z,29831.75,29833.0,29826.25,29826.25,94,2026-09-24T16:48:21+00:00
2026-09-18T11:46:00Z,29827.25,29833.5,29822.5,29832.5,159,2026-09-24T16:48:21+00:00
2026-09-18T11:47:00Z,29832.5,29835.25,29830.0,29834.5,86,2026-09-24T16:48:21+00:00
2026-09-18T11:48:00Z,29834.5,29837.75,29833.5,29836.25,94,2026-09-24T16:48:21+00:00
2026-09-18T11:49:00Z,29836.5,29838.0,29834.25,29834.75,72,2026-09-24T16:48:21+00:00
2026-09-18T11:50:00Z,29833.5,29837.75,29831.75,29835.25,80,2026-09-24T16:48:21+00:00
2026-09-18T11:51:00Z,29835.75,29837.5,29834.5,29836.0,45,2026-09-24T16:48:21+00:00
2026-09-18T11:52:00Z,29835.75,29840.0,29834.0,29837.0,161,2026-09-24T16:48:21+00:00
2026-09-18T11:53:00Z,29836.0,29844.0,29835.5,29844.0,111,2026-09-24T16:48:21+00:00
2026-09-18T11:54:00Z,29843.5,29845.5,29840.25,29843.0,136,2026-09-24T16:48:21+00:00
2026-09-18T11:55:00Z,29844.0,29847.0,29836.75,29836.75,140,2026-09-24T16:48:21+00:00
2026-09-18T11:56:00Z,29836.5,29843.5,29834.5,29839.0,171,2026-09-24T16:48:21+00:00
2026-09-18T11:57:00Z,29838.5,29844.25,29832.5,29833.0,189,2026-09-24T16:48:21+00:00
2026-09-18T11:58:00Z,29833.75,29836.0,29828.0,29835.0,219,2026-09-24T16:48:21+00:00
2026-09-18T11:59:00Z,29836.0,29839.5,29834.0,29838.75,81,2026-09-24T16:48:21+00:00
2026-09-18T12:00:00Z,29839.75,29842.75,29823.25,29825.75,282,2026-09-24T16:48:21+00:00
2026-09-18T12:01:00Z,29825.25,29829.0,29822.0,29826.75,159,2026-09-24T16:48:21+00:00
2026-09-18T12:02:00Z,29827.5,29830.5,29816.75,29818.25,233,2026-09-24T16:48:21+00:00
2026-09-18T12:03:00Z,29818.5,29821.0,29815.0,29820.5,253,2026-09-24T16:48:21+00:00
2026-09-18T12:04:00Z,29821.0,29848.5,29815.5,29840.0,749,2026-09-24T16:48:21+00:00
2026-09-18T12:05:00Z,29839.75,29853.5,29815.0,29819.25,832,2026-09-24T16:48:21+00:00
2026-09-18T12:06:00Z,29818.75,29818.75,29810.0,29812.0,183,2026-09-24T16:48:21+00:00
2026-09-18T12:07:00Z,29812.0,29814.25,29802.75,29803.0,386,2026-09-24T16:48:21+00:00
2026-09-18T12:08:00Z,29803.5,29808.25,29798.25,29800.75,410,2026-09-24T16:48:21+00:00
2026-09-18T12:09:00Z,29801.25,29802.0,29797.5,29798.75,304,2026-09-24T16:48:21+00:00
2026-09-18T12:10:00Z,29799.0,29801.5,29796.0,29799.75,170,2026-09-24T16:48:21+00:00
2026-09-18T12:11:00Z,29800.0,29802.25,29791.0,29792.25,247,2026-09-24T16:48:21+00:00
2026-09-18T12:12:00Z,29793.0,29794.0,29787.5,29788.75,280,2026-09-24T16:48:21+00:00
2026-09-18T12:13:00Z,29789.25,29792.0,29785.0,29790.0,194,2026-09-24T16:48:21+00:00
2026-09-18T12:14:00Z,29791.25,29791.25,29785.25,29787.75,168,2026-09-24T16:48:21+00:00
2026-09-18T12:15:00Z,29788.0,29790.25,29784.25,29786.0,151,2026-09-24T16:48:21+00:00
2026-09-18T12:16:00Z,29785.75,29791.25,29780.0,29785.25,450,2026-09-24T16:48:21+00:00
2026-09-18T12:17:00Z,29786.0,29786.75,29780.75,29783.25,179,2026-09-24T16:48:21+00:00
2026-09-18T12:18:00Z,29787.0,29798.25,29779.25,29790.75,476,2026-09-24T16:48:21+00:00
2026-09-18T12:19:00Z,29789.75,29790.25,29779.0,29779.25,234,2026-09-24T16:48:21+00:00
2026-09-18T12:20:00Z,29779.0,29779.0,29767.75,29770.0,575,2026-09-24T16:48:21+00:00
2026-09-18T12:21:00Z,29769.25,29779.25,29768.25,29777.0,259,2026-09-24T16:48:21+00:00
2026-09-18T12:22:00Z,29777.25,29790.5,29777.25,29787.5,306,2026-09-24T16:48:21+00:00
2026-09-18T12:23:00Z,29788.0,29788.75,29771.0,29772.5,430,2026-09-24T16:48:21+00:00
2026-09-18T12:24:00Z,29772.75,29774.0,29769.0,29770.25,196,2026-09-24T16:48:21+00:00
2026-09-18T12:25:00Z,29770.0,29775.5,29768.5,29774.5,147,2026-09-24T16:48:21+00:00
2026-09-18T12:26:00Z,29774.0,29785.25,29773.5,29779.0,235,2026-09-24T16:48:21+00:00
2026-09-18T12:27:00Z,29778.75,29780.5,29775.75,29780.5,357,2026-09-24T16:48:21+00:00
2026-09-18T12:28:00Z,29780.25,29786.75,29778.5,29784.0,198,2026-09-24T16:48:21+00:00
2026-09-18T12:29:00Z,29783.5,29784.25,29775.0,29775.0,170,2026-09-24T16:48:21+00:00
2026-09-18T12:30:00Z,29774.0,29782.5,29773.5,29781.25,201,2026-09-24T16:48:21+00:00
2026-09-18T12:31:00Z,29780.75,29784.25,29771.5,29774.25,332,2026-09-24T16:48:21+00:00
2026-09-18T12:32:00Z,29774.75,29783.75,29772.25,29780.5,199,2026-09-24T16:48:21+00:00
2026-09-18T12:33:00Z,29780.0,29795.75,29777.75,29790.75,461,2026-09-24T16:48:21+00:00
2026-09-18T12:34:00Z,29791.5,29796.25,29784.25,29791.25,427,2026-09-24T16:48:21+00:00
2026-09-18T12:35:00Z,29790.75,29793.0,29785.75,29791.0,290,2026-09-24T16:48:21+00:00
2026-09-18T12:36:00Z,29790.0,29795.25,29787.75,29791.75,224,2026-09-24T16:48:21+00:00
2026-09-18T12:37:00Z,29791.0,29791.0,29774.25,29779.0,567,2026-09-24T16:48:21+00:00
2026-09-18T12:38:00Z,29779.0,29790.25,29778.5,29787.75,256,2026-09-24T16:48:21+00:00
2026-09-18T12:39:00Z,29787.75,29788.25,29784.25,29785.25,114,2026-09-24T16:48:21+00:00
2026-09-18T12:40:00Z,29785.25,29788.75,29783.75,29784.75,150,2026-09-24T16:48:21+00:00
2026-09-18T12:41:00Z,29784.75,29789.0,29779.75,29789.0,189,2026-09-24T16:48:21+00:00
2026-09-18T12:42:00Z,29788.75,29794.0,29785.0,29792.0,236,2026-09-24T16:48:21+00:00
2026-09-18T12:43:00Z,29792.75,29793.5,29788.75,29790.25,130,2026-09-24T16:48:21+00:00
2026-09-18T12:44:00Z,29790.0,29790.75,29787.0,29790.0,62,2026-09-24T16:48:21+00:00
2026-09-18T12:45:00Z,29789.25,29791.25,29787.5,29789.0,232,2026-09-24T16:48:21+00:00
2026-09-18T12:46:00Z,29788.25,29793.75,29787.5,29790.0,167,2026-09-24T16:48:21+00:00
2026-09-18T12:47:00Z,29789.5,29795.5,29786.0,29790.0,210,2026-09-24T16:48:21+00:00
2026-09-18T12:48:00Z,29790.75,29790.75,29786.5,29790.5,106,2026-09-24T16:48:21+00:00
2026-09-18T12:49:00Z,29791.0,29791.25,29785.5,29786.25,124,2026-09-24T16:48:21+00:00
2026-09-18T12:50:00Z,29786.0,29789.5,29783.5,29787.25,126,2026-09-24T16:48:21+00:00
2026-09-18T12:51:00Z,29788.0,29794.5,29786.0,29791.75,115,2026-09-24T16:48:21+00:00
2026-09-18T12:52:00Z,29791.5,29791.75,29785.5,29788.0,105,2026-09-24T16:48:21+00:00
2026-09-18T12:53:00Z,29787.75,29788.75,29785.5,29787.5,70,2026-09-24T16:48:21+00:00
2026-09-18T12:54:00Z,29787.75,29787.75,29784.25,29785.5,89,2026-09-24T16:48:21+00:00
2026-09-18T12:55:00Z,29785.5,29787.75,29783.0,29784.25,144,2026-09-24T16:48:21+00:00
2026-09-18T12:56:00Z,29784.5,29784.5,29777.75,29782.5,241,2026-09-24T16:48:21+00:00
2026-09-18T12:57:00Z,29782.0,29782.75,29774.75,29780.25,229,2026-09-24T16:48:21+00:00
2026-09-18T12:58:00Z,29779.75,29780.5,29770.0,29773.0,230,2026-09-24T16:48:21+00:00
2026-09-18T12:59:00Z,29773.5,29776.75,29770.0,29776.5,207,2026-09-24T16:48:21+00:00
2026-09-18T13:00:00Z,29776.25,29776.75,29768.25,29773.25,418,2026-09-24T16:48:21+00:00
2026-09-18T13:01:00Z,29773.25,29783.5,29771.5,29772.25,330,2026-09-24T16:48:21+00:00
2026-09-18T13:02:00Z,29772.25,29776.25,29764.25,29766.75,550,2026-09-24T16:48:21+00:00
2026-09-18T13:03:00Z,29766.75,29772.0,29765.75,29772.0,218,2026-09-24T16:48:21+00:00
2026-09-18T13:04:00Z,29771.5,29775.25,29770.25,29771.75,225,2026-09-24T16:48:21+00:00
2026-09-18T13:05:00Z,29772.0,29776.5,29770.75,29775.5,188,2026-09-24T16:48:21+00:00
2026-09-18T13:06:00Z,29775.75,29782.0,29775.25,29776.25,211,2026-09-24T16:48:21+00:00
2026-09-18T13:07:00Z,29775.5,29779.5,29774.0,29779.5,172,2026-09-24T16:48:21+00:00
2026-09-18T13:08:00Z,29778.0,29788.5,29778.0,29786.75,413,2026-09-24T16:48:21+00:00
2026-09-18T13:09:00Z,29786.75,29788.0,29782.0,29786.0,212,2026-09-24T16:48:21+00:00
2026-09-18T13:10:00Z,29785.75,29789.75,29784.0,29785.0,281,2026-09-24T16:48:21+00:00
2026-09-18T13:11:00Z,29786.5,29790.75,29785.75,29788.25,182,2026-09-24T16:48:21+00:00
2026-09-18T13:12:00Z,29787.5,29789.75,29783.0,29784.75,129,2026-09-24T16:48:21+00:00
2026-09-18T13:13:00Z,29784.25,29788.0,29783.0,29785.25,216,2026-09-24T16:48:21+00:00
2026-09-18T13:14:00Z,29786.5,29788.5,29785.5,29786.25,139,2026-09-24T16:48:21+00:00
2026-09-18T13:15:00Z,29786.75,29788.25,29785.25,29785.75,150,2026-09-24T16:48:21+00:00
2026-09-18T13:16:00Z,29785.75,29792.75,29785.5,29792.0,358,2026-09-24T16:48:21+00:00
2026-09-18T13:17:00Z,29792.5,29794.0,29790.25,29791.75,336,2026-09-24T16:48:21+00:00
2026-09-18T13:18:00Z,29791.25,29796.25,29788.5,29789.75,387,2026-09-24T16:48:21+00:00
2026-09-18T13:19:00Z,29789.25,29794.25,29788.0,29793.5,186,2026-09-24T16:48:21+00:00
2026-09-18T13:20:00Z,29793.25,29794.25,29790.5,29791.75,280,2026-09-24T16:48:21+00:00
2026-09-18T13:21:00Z,29791.5,29793.0,29786.75,29791.75,247,2026-09-24T16:48:21+00:00
2026-09-18T13:22:00Z,29791.75,29794.25,29786.0,29787.0,316,2026-09-24T16:48:21+00:00
2026-09-18T13:23:00Z,29787.25,29787.25,29780.75,29781.5,341,2026-09-24T16:48:21+00:00
2026-09-18T13:24:00Z,29781.75,29784.0,29768.5,29768.75,610,2026-09-24T16:48:21+00:00
2026-09-18T13:25:00Z,29768.75,29768.75,29751.75,29760.5,1464,2026-09-24T16:48:21+00:00
2026-09-18T13:26:00Z,29760.5,29760.5,29751.0,29754.75,768,2026-09-24T16:48:21+00:00
2026-09-18T13:27:00Z,29755.5,29793.25,29744.75,29788.75,2397,2026-09-24T16:48:21+00:00
2026-09-18T13:28:00Z,29787.25,29809.0,29787.25,29796.5,2599,2026-09-24T16:48:21+00:00
2026-09-18T13:29:00Z,29796.5,29819.5,29791.25,29814.25,2907,2026-09-24T16:48:21+00:00
2026-09-18T13:30:00Z,29814.0,29832.5,29803.5,29813.75,6454,2026-09-24T16:48:21+00:00
2026-09-18T13:31:00Z,29814.0,29842.0,29812.0,29841.0,3493,2026-09-24T16:48:21+00:00
2026-09-18T13:32:00Z,29840.5,29840.5,29808.75,29811.75,3149,2026-09-24T16:48:21+00:00
2026-09-18T13:33:00Z,29812.0,29821.75,29801.5,29815.0,2300,2026-09-24T16:48:21+00:00
2026-09-18T13:34:00Z,29815.0,29823.75,29804.25,29810.75,1738,2026-09-24T16:48:21+00:00
2026-09-18T13:35:00Z,29811.25,29818.25,29798.0,29815.5,3328,2026-09-24T16:48:21+00:00
2026-09-18T13:36:00Z,29816.5,29837.25,29811.0,29832.75,2138,2026-09-24T16:48:21+00:00
2026-09-18T13:37:00Z,29832.75,29838.25,29822.5,29837.75,1465,2026-09-24T16:48:21+00:00
2026-09-18T13:38:00Z,29837.25,29837.25,29823.75,29829.0,1385,2026-09-24T16:48:21+00:00
2026-09-18T13:39:00Z,29830.0,29839.75,29829.25,29836.25,1234,2026-09-24T16:48:21+00:00
2026-09-18T13:40:00Z,29835.75,29844.75,29826.25,29829.0,1880,2026-09-24T16:48:21+00:00
2026-09-18T13:41:00Z,29829.0,29844.25,29823.75,29840.75,1699,2026-09-24T16:48:21+00:00
2026-09-18T13:42:00Z,29840.5,29840.5,29829.0,29830.0,1181,2026-09-24T16:48:21+00:00
2026-09-18T13:43:00Z,29830.75,29832.75,29802.75,29805.5,1847,2026-09-24T16:48:21+00:00
2026-09-18T13:44:00Z,29805.25,29817.25,29802.25,29816.75,1559,2026-09-24T16:48:21+00:00
2026-09-18T13:45:00Z,29817.5,29836.75,29811.0,29833.75,2043,2026-09-24T16:48:21+00:00
2026-09-18T13:46:00Z,29834.0,29838.25,29825.5,29825.5,1278,2026-09-24T16:48:21+00:00
2026-09-18T13:47:00Z,29825.75,29826.75,29808.0,29809.25,1412,2026-09-24T16:48:21+00:00
2026-09-18T13:48:00Z,29809.5,29812.75,29796.5,29798.75,1704,2026-09-24T16:48:21+00:00
2026-09-18T13:49:00Z,29798.25,29806.25,29791.25,29795.25,1389,2026-09-24T16:48:21+00:00
2026-09-18T13:50:00Z,29795.25,29795.5,29785.0,29792.0,1585,2026-09-24T16:48:21+00:00
2026-09-18T13:51:00Z,29791.75,29795.75,29781.75,29795.0,1434,2026-09-24T16:48:21+00:00
2026-09-18T13:52:00Z,29795.25,29805.0,29788.75,29804.75,1437,2026-09-24T16:48:21+00:00
2026-09-18T13:53:00Z,29804.5,29805.75,29788.0,29793.75,1231,2026-09-24T16:48:21+00:00
2026-09-18T13:54:00Z,29793.75,29799.0,29778.75,29782.75,1604,2026-09-24T16:48:21+00:00
2026-09-18T13:55:00Z,29782.75,29789.5,29770.0,29784.75,1698,2026-09-24T16:48:21+00:00
2026-09-18T13:56:00Z,29785.75,29788.75,29776.0,29778.75,921,2026-09-24T16:48:21+00:00
2026-09-18T13:57:00Z,29778.5,29783.75,29768.75,29777.25,1203,2026-09-24T16:48:21+00:00
2026-09-18T13:58:00Z,29778.25,29787.75,29773.25,29773.75,979,2026-09-24T16:48:21+00:00
2026-09-18T13:59:00Z,29773.5,29779.25,29765.75,29776.75,1207,2026-09-24T16:48:21+00:00
2026-09-18T14:00:00Z,29776.25,29783.75,29764.0,29775.0,1969,2026-09-24T16:48:21+00:00
2026-09-18T14:01:00Z,29775.5,29783.25,29751.0,29751.0,2054,2026-09-24T16:48:21+00:00
2026-09-18T14:02:00Z,29752.0,29753.25,29729.75,29732.5,2641,2026-09-24T16:48:21+00:00
2026-09-18T14:03:00Z,29733.0,29738.25,29727.5,29730.25,1886,2026-09-24T16:48:21+00:00
2026-09-18T14:04:00Z,29729.0,29737.25,29723.25,29728.25,1669,2026-09-24T16:48:21+00:00
2026-09-18T14:05:00Z,29728.25,29739.0,29714.5,29738.0,2508,2026-09-24T16:48:21+00:00
2026-09-18T14:06:00Z,29738.25,29747.5,29734.5,29741.5,1899,2026-09-24T16:48:21+00:00
2026-09-18T14:07:00Z,29741.75,29741.75,29715.5,29720.25,1954,2026-09-24T16:48:21+00:00
2026-09-18T14:08:00Z,29719.5,29726.0,29711.75,29722.5,1501,2026-09-24T16:48:21+00:00
2026-09-18T14:09:00Z,29723.5,29740.75,29717.5,29740.25,1388,2026-09-24T16:48:21+00:00
2026-09-18T14:10:00Z,29739.75,29754.5,29738.75,29754.25,1845,2026-09-24T16:48:21+00:00
2026-09-18T14:11:00Z,29754.5,29756.25,29745.5,29754.5,1572,2026-09-24T16:48:21+00:00
2026-09-18T14:12:00Z,29755.25,29755.75,29739.0,29744.25,1546,2026-09-24T16:48:21+00:00
2026-09-18T14:13:00Z,29744.75,29747.25,29724.5,29731.75,2203,2026-09-24T16:48:21+00:00
2026-09-18T14:14:00Z,29732.0,29734.25,29717.0,29719.25,1333,2026-09-24T16:48:21+00:00
2026-09-18T14:15:00Z,29719.25,29726.75,29714.25,29717.5,1605,2026-09-24T16:48:21+00:00
2026-09-18T14:16:00Z,29717.25,29719.0,29692.75,29698.5,2734,2026-09-24T16:48:21+00:00
2026-09-18T14:17:00Z,29698.25,29716.25,29695.0,29713.5,1876,2026-09-24T16:48:21+00:00
2026-09-18T14:18:00Z,29713.25,29724.0,29712.25,29723.0,1459,2026-09-24T16:48:21+00:00
2026-09-18T14:19:00Z,29723.5,29726.25,29716.75,29725.25,1098,2026-09-24T16:48:21+00:00
2026-09-18T14:20:00Z,29724.75,29729.5,29717.25,29722.0,1422,2026-09-24T16:48:21+00:00
2026-09-18T14:21:00Z,29721.75,29732.25,29717.25,29728.0,1065,2026-09-24T16:48:21+00:00
2026-09-18T14:22:00Z,29728.0,29747.75,29726.75,29745.5,2050,2026-09-24T16:48:21+00:00
2026-09-18T14:23:00Z,29745.0,29746.75,29733.75,29745.25,1090,2026-09-24T16:48:21+00:00
2026-09-18T14:24:00Z,29745.75,29745.75,29730.5,29732.25,1302,2026-09-24T16:48:21+00:00
2026-09-18T14:25:00Z,29732.5,29738.75,29724.75,29731.5,1148,2026-09-24T16:48:21+00:00
2026-09-18T14:26:00Z,29731.0,29736.5,29725.75,29726.0,766,2026-09-24T16:48:21+00:00
2026-09-18T14:27:00Z,29726.75,29740.0,29724.25,29737.0,916,2026-09-24T16:48:21+00:00
2026-09-18T14:28:00Z,29737.25,29745.5,29733.75,29734.0,1008,2026-09-24T16:48:21+00:00
2026-09-18T14:29:00Z,29735.0,29736.25,29727.75,29728.75,725,2026-09-24T16:48:21+00:00
2026-09-18T14:30:00Z,29728.25,29738.25,29724.25,29728.25,1371,2026-09-24T16:48:21+00:00
2026-09-18T14:31:00Z,29728.0,29731.5,29717.5,29720.25,1129,2026-09-24T16:48:21+00:00
2026-09-18T14:32:00Z,29720.75,29726.0,29716.25,29720.25,975,2026-09-24T16:48:21+00:00
2026-09-18T14:33:00Z,29720.75,29725.75,29712.25,29723.25,932,2026-09-24T16:48:21+00:00
2026-09-18T14:34:00Z,29723.25,29728.0,29717.5,29725.75,801,2026-09-24T16:48:21+00:00
2026-09-18T14:35:00Z,29726.75,29731.25,29720.75,29724.0,799,2026-09-24T16:48:21+00:00
2026-09-18T14:36:00Z,29724.25,29725.0,29710.5,29714.75,1040,2026-09-24T16:48:21+00:00
2026-09-18T14:37:00Z,29715.25,29729.75,29713.0,29725.25,856,2026-09-24T16:48:21+00:00
2026-09-18T14:38:00Z,29725.25,29733.0,29724.25,29732.25,695,2026-09-24T16:48:21+00:00
2026-09-18T14:39:00Z,29732.25,29752.25,29729.5,29734.5,2579,2026-09-24T16:48:21+00:00
2026-09-18T14:40:00Z,29734.25,29736.5,29730.0,29733.5,736,2026-09-24T16:48:21+00:00
2026-09-18T14:41:00Z,29733.75,29736.75,29723.75,29727.5,951,2026-09-24T16:48:21+00:00
2026-09-18T14:42:00Z,29728.75,29730.25,29702.75,29711.5,1402,2026-09-24T16:48:21+00:00
2026-09-18T14:43:00Z,29712.25,29713.25,29704.25,29711.0,846,2026-09-24T16:48:21+00:00
2026-09-18T14:44:00Z,29711.25,29716.25,29707.25,29714.25,668,2026-09-24T16:48:21+00:00
2026-09-18T14:45:00Z,29715.0,29715.25,29707.0,29712.25,730,2026-09-24T16:48:21+00:00
2026-09-18T14:46:00Z,29711.75,29729.5,29711.5,29725.75,1270,2026-09-24T16:48:21+00:00
2026-09-18T14:47:00Z,29724.5,29735.75,29722.5,29728.0,916,2026-09-24T16:48:21+00:00
2026-09-18T14:48:00Z,29728.0,29732.5,29724.5,29732.0,560,2026-09-24T16:48:21+00:00
2026-09-18T14:49:00Z,29731.75,29744.0,29731.0,29742.5,1042,2026-09-24T16:48:21+00:00
2026-09-18T14:50:00Z,29742.25,29750.25,29735.0,29749.25,1248,2026-09-24T16:48:21+00:00
2026-09-18T14:51:00Z,29749.5,29759.0,29746.25,29755.5,1741,2026-09-24T16:48:21+00:00
2026-09-18T14:52:00Z,29756.25,29766.75,29754.5,29761.25,1541,2026-09-24T16:48:21+00:00
2026-09-18T14:53:00Z,29761.5,29765.5,29758.25,29763.75,935,2026-09-24T16:48:21+00:00
2026-09-18T14:54:00Z,29764.0,29766.0,29757.0,29763.5,943,2026-09-24T16:48:21+00:00
2026-09-18T14:55:00Z,29764.0,29767.25,29754.5,29755.25,1104,2026-09-24T16:48:21+00:00
2026-09-18T14:56:00Z,29756.0,29760.0,29752.25,29756.25,774,2026-09-24T16:48:21+00:00
2026-09-18T14:57:00Z,29756.0,29756.75,29751.25,29753.5,860,2026-09-24T16:48:21+00:00
2026-09-18T14:58:00Z,29753.0,29756.75,29747.5,29751.25,845,2026-09-24T16:48:21+00:00
2026-09-18T14:59:00Z,29751.5,29759.75,29750.75,29758.25,819,2026-09-24T16:48:21+00:00
2026-09-18T15:00:00Z,29758.25,29765.0,29753.0,29756.5,1061,2026-09-24T16:48:21+00:00
2026-09-18T15:01:00Z,29756.0,29758.25,29745.5,29746.0,844,2026-09-24T16:48:21+00:00
2026-09-18T15:02:00Z,29746.75,29746.75,29736.25,29744.75,1043,2026-09-24T16:48:21+00:00
2026-09-18T15:03:00Z,29745.5,29756.5,29741.25,29754.75,997,2026-09-24T16:48:21+00:00
2026-09-18T15:04:00Z,29755.25,29757.25,29748.25,29751.25,587,2026-09-24T16:48:21+00:00
2026-09-18T15:05:00Z,29751.25,29763.5,29746.25,29763.5,816,2026-09-24T16:48:21+00:00
2026-09-18T15:06:00Z,29763.75,29772.5,29755.5,29764.5,1076,2026-09-24T16:48:21+00:00
2026-09-18T15:07:00Z,29765.25,29768.75,29761.75,29766.0,621,2026-09-24T16:48:21+00:00
2026-09-18T15:08:00Z,29765.75,29766.75,29757.5,29763.75,559,2026-09-24T16:48:21+00:00
2026-09-18T15:09:00Z,29764.0,29764.75,29749.25,29749.75,660,2026-09-24T16:48:21+00:00
2026-09-18T15:10:00Z,29750.25,29754.0,29746.0,29752.5,706,2026-09-24T16:48:21+00:00
2026-09-18T15:11:00Z,29753.25,29754.25,29735.75,29736.75,1048,2026-09-24T16:48:21+00:00
2026-09-18T15:12:00Z,29737.25,29739.5,29732.5,29734.0,1034,2026-09-24T16:48:21+00:00
2026-09-18T15:13:00Z,29734.0,29740.0,29725.0,29737.75,1263,2026-09-24T16:48:21+00:00
2026-09-18T15:14:00Z,29737.25,29738.75,29727.5,29729.5,493,2026-09-24T16:48:21+00:00
2026-09-18T15:15:00Z,29730.25,29735.75,29725.75,29732.0,673,2026-09-24T16:48:21+00:00
2026-09-18T15:16:00Z,29731.5,29735.75,29722.25,29725.5,648,2026-09-24T16:48:21+00:00
2026-09-18T15:17:00Z,29726.0,29734.5,29723.0,29725.25,577,2026-09-24T16:48:21+00:00
2026-09-18T15:18:00Z,29726.0,29730.0,29720.25,29724.25,708,2026-09-24T16:48:21+00:00
2026-09-18T15:19:00Z,29724.25,29735.25,29723.5,29731.0,608,2026-09-24T16:48:21+00:00
2026-09-18T15:20:00Z,29731.75,29737.5,29727.75,29737.25,648,2026-09-24T16:48:21+00:00
2026-09-18T15:21:00Z,29737.75,29738.25,29731.25,29731.25,550,2026-09-24T16:48:21+00:00
2026-09-18T15:22:00Z,29731.75,29735.5,29725.5,29730.25,580,2026-09-24T16:48:21+00:00
2026-09-18T15:23:00Z,29730.75,29742.25,29730.75,29739.5,911,2026-09-24T16:48:21+00:00
2026-09-18T15:24:00Z,29739.5,29743.25,29736.5,29738.75,572,2026-09-24T16:48:21+00:00
2026-09-18T15:25:00Z,29738.75,29747.25,29738.0,29746.0,643,2026-09-24T16:48:21+00:00
2026-09-18T15:26:00Z,29746.0,29754.5,29745.75,29750.25,897,2026-09-24T16:48:21+00:00
2026-09-18T15:27:00Z,29750.5,29751.25,29744.75,29747.75,545,2026-09-24T16:48:21+00:00
2026-09-18T15:28:00Z,29748.0,29752.5,29745.75,29750.25,445,2026-09-24T16:48:21+00:00
2026-09-18T15:29:00Z,29749.5,29751.5,29743.0,29749.25,620,2026-09-24T16:48:21+00:00
2026-09-18T15:30:00Z,29749.5,29755.5,29731.5,29737.75,2005,2026-09-24T16:48:21+00:00
2026-09-18T15:31:00Z,29737.25,29739.25,29730.25,29733.25,1231,2026-09-24T16:48:21+00:00
2026-09-18T15:32:00Z,29732.75,29737.0,29727.75,29737.0,776,2026-09-24T16:48:21+00:00
2026-09-18T15:33:00Z,29737.5,29741.5,29730.5,29735.0,675,2026-09-24T16:48:21+00:00
2026-09-18T15:34:00Z,29734.75,29737.0,29728.75,29735.5,652,2026-09-24T16:48:21+00:00
2026-09-18T15:35:00Z,29735.75,29739.75,29733.0,29738.5,531,2026-09-24T16:48:21+00:00
2026-09-18T15:36:00Z,29738.5,29744.0,29733.75,29740.0,709,2026-09-24T16:48:21+00:00
2026-09-18T15:37:00Z,29740.5,29741.5,29736.0,29736.75,526,2026-09-24T16:48:21+00:00
2026-09-18T15:38:00Z,29736.25,29737.75,29728.25,29730.25,704,2026-09-24T16:48:21+00:00
2026-09-18T15:39:00Z,29730.25,29731.25,29721.0,29725.75,803,2026-09-24T16:48:21+00:00
2026-09-18T15:40:00Z,29725.5,29725.75,29714.75,29714.75,1022,2026-09-24T16:48:21+00:00
2026-09-18T15:41:00Z,29715.0,29723.5,29710.25,29720.75,1028,2026-09-24T16:48:21+00:00
2026-09-18T15:42:00Z,29720.5,29723.75,29716.25,29722.75,620,2026-09-24T16:48:21+00:00
2026-09-18T15:43:00Z,29723.25,29727.75,29722.25,29724.0,544,2026-09-24T16:48:21+00:00
2026-09-18T15:44:00Z,29725.0,29726.0,29718.25,29723.5,459,2026-09-24T16:48:21+00:00
2026-09-18T15:45:00Z,29723.75,29727.0,29712.25,29712.25,598,2026-09-24T16:48:21+00:00
2026-09-18T15:46:00Z,29712.75,29721.0,29712.25,29718.75,618,2026-09-24T16:48:21+00:00
2026-09-18T15:47:00Z,29718.5,29721.0,29715.75,29721.0,378,2026-09-24T16:48:21+00:00
2026-09-18T15:48:00Z,29720.75,29726.0,29719.25,29723.75,398,2026-09-24T16:48:21+00:00
2026-09-18T15:49:00Z,29723.75,29723.75,29718.25,29719.5,333,2026-09-24T16:48:21+00:00
2026-09-18T15:50:00Z,29720.0,29729.75,29717.0,29729.75,615,2026-09-24T16:48:21+00:00
2026-09-18T15:51:00Z,29729.75,29730.5,29722.0,29722.5,574,2026-09-24T16:48:21+00:00
2026-09-18T15:52:00Z,29722.0,29723.0,29715.0,29722.75,558,2026-09-24T16:48:21+00:00
2026-09-18T15:53:00Z,29723.0,29723.75,29710.0,29710.5,673,2026-09-24T16:48:21+00:00
2026-09-18T15:54:00Z,29710.75,29714.25,29708.0,29710.25,645,2026-09-24T16:48:21+00:00
2026-09-18T15:55:00Z,29710.75,29713.75,29708.5,29710.75,510,2026-09-24T16:48:21+00:00
2026-09-18T15:56:00Z,29710.75,29719.5,29710.5,29717.25,708,2026-09-24T16:48:21+00:00
2026-09-18T15:57:00Z,29717.25,29720.5,29710.75,29710.75,558,2026-09-24T16:48:21+00:00
2026-09-18T15:58:00Z,29711.0,29713.0,29705.0,29706.0,692,2026-09-24T16:48:21+00:00
2026-09-18T15:59:00Z,29705.25,29710.0,29702.75,29708.25,662,2026-09-24T16:48:21+00:00
2026-09-18T16:00:00Z,29708.25,29709.75,29699.25,29703.25,927,2026-09-24T16:48:21+00:00
2026-09-18T16:01:00Z,29703.25,29707.0,29701.0,29703.5,526,2026-09-24T16:48:21+00:00
2026-09-18T16:02:00Z,29703.75,29709.75,29700.75,29707.5,567,2026-09-24T16:48:21+00:00
2026-09-18T16:03:00Z,29707.75,29711.0,29702.75,29706.5,570,2026-09-24T16:48:21+00:00
2026-09-18T16:04:00Z,29706.25,29707.25,29702.25,29705.75,399,2026-09-24T16:48:21+00:00
2026-09-18T16:05:00Z,29706.5,29712.0,29705.75,29711.5,503,2026-09-24T16:48:21+00:00
2026-09-18T16:06:00Z,29711.0,29716.0,29711.0,29715.0,616,2026-09-24T16:48:21+00:00
2026-09-18T16:07:00Z,29715.25,29723.0,29714.5,29722.5,580,2026-09-24T16:48:21+00:00
2026-09-18T16:08:00Z,29722.75,29724.25,29710.0,29710.5,645,2026-09-24T16:48:21+00:00
2026-09-18T16:09:00Z,29711.25,29715.5,29711.25,29714.25,529,2026-09-24T16:48:21+00:00
2026-09-18T16:10:00Z,29714.25,29716.75,29712.0,29714.0,404,2026-09-24T16:48:21+00:00
2026-09-18T16:11:00Z,29714.0,29715.75,29710.25,29712.0,329,2026-09-24T16:48:21+00:00
2026-09-18T16:12:00Z,29712.5,29719.0,29712.5,29718.25,387,2026-09-24T16:48:21+00:00
2026-09-18T16:13:00Z,29718.0,29718.75,29709.25,29709.5,388,2026-09-24T16:48:21+00:00
2026-09-18T16:14:00Z,29709.75,29714.5,29709.0,29709.0,384,2026-09-24T16:48:21+00:00
2026-09-18T16:15:00Z,29709.25,29711.25,29706.25,29706.5,550,2026-09-24T16:48:21+00:00
2026-09-18T16:16:00Z,29707.0,29712.75,29704.25,29707.25,625,2026-09-24T16:48:21+00:00
2026-09-18T16:17:00Z,29707.25,29713.75,29707.25,29710.25,360,2026-09-24T16:48:21+00:00
2026-09-18T16:18:00Z,29710.0,29722.75,29710.0,29717.75,794,2026-09-24T16:48:21+00:00
2026-09-18T16:19:00Z,29718.25,29721.25,29716.75,29721.0,330,2026-09-24T16:48:21+00:00
2026-09-18T16:20:00Z,29721.0,29722.0,29713.75,29716.5,471,2026-09-24T16:48:21+00:00
2026-09-18T16:21:00Z,29716.5,29719.25,29711.25,29716.0,374,2026-09-24T16:48:21+00:00
2026-09-18T16:22:00Z,29716.0,29716.5,29709.5,29710.25,330,2026-09-24T16:48:21+00:00
2026-09-18T16:23:00Z,29710.75,29711.25,29675.25,29677.5,2648,2026-09-24T16:48:21+00:00
2026-09-18T16:24:00Z,29678.0,29678.5,29669.0,29672.75,1336,2026-09-24T16:48:21+00:00
2026-09-18T16:25:00Z,29672.75,29673.0,29659.25,29671.75,1460,2026-09-24T16:48:21+00:00
2026-09-18T16:26:00Z,29671.5,29676.0,29668.5,29669.75,1037,2026-09-24T16:48:21+00:00
2026-09-18T16:27:00Z,29669.5,29685.0,29669.5,29684.0,847,2026-09-24T16:48:21+00:00
2026-09-18T16:28:00Z,29684.25,29702.25,29680.75,29691.0,2659,2026-09-24T16:48:21+00:00
2026-09-18T16:29:00Z,29690.75,29705.25,29688.25,29699.75,1078,2026-09-24T16:48:21+00:00
2026-09-18T16:30:00Z,29700.0,29711.25,29692.5,29709.0,1243,2026-09-24T16:48:21+00:00
2026-09-18T16:31:00Z,29709.5,29710.0,29696.25,29698.0,675,2026-09-24T16:48:21+00:00
2026-09-18T16:32:00Z,29698.0,29704.0,29695.25,29702.0,488,2026-09-24T16:48:21+00:00
2026-09-18T16:33:00Z,29702.25,29718.25,29699.5,29714.5,1258,2026-09-24T16:48:21+00:00
2026-09-18T16:34:00Z,29714.5,29721.0,29711.0,29713.75,1065,2026-09-24T16:48:21+00:00
2026-09-18T16:35:00Z,29714.75,29719.5,29711.5,29715.5,544,2026-09-24T16:48:21+00:00
2026-09-18T16:36:00Z,29715.25,29719.0,29708.5,29708.75,474,2026-09-24T16:48:21+00:00
2026-09-18T16:37:00Z,29709.25,29712.0,29704.25,29705.0,702,2026-09-24T16:48:21+00:00
2026-09-18T16:38:00Z,29704.75,29708.5,29697.25,29702.0,945,2026-09-24T16:48:21+00:00
2026-09-18T16:39:00Z,29701.75,29712.0,29701.0,29708.75,464,2026-09-24T16:48:21+00:00
2026-09-18T16:40:00Z,29708.25,29710.75,29705.5,29706.75,313,2026-09-24T16:48:21+00:00
2026-09-18T16:41:00Z,29707.25,29712.25,29702.25,29703.0,452,2026-09-24T16:48:21+00:00
2026-09-18T16:42:00Z,29703.75,29716.5,29702.0,29715.5,569,2026-09-24T16:48:21+00:00
2026-09-18T16:43:00Z,29715.25,29716.75,29710.0,29714.5,347,2026-09-24T16:48:21+00:00
2026-09-18T16:44:00Z,29713.5,29722.5,29712.75,29716.0,635,2026-09-24T16:48:21+00:00
2026-09-18T16:45:00Z,29716.5,29718.75,29713.25,29717.5,435,2026-09-24T16:48:21+00:00
2026-09-18T16:46:00Z,29717.75,29720.0,29709.0,29709.5,344,2026-09-24T16:48:21+00:00
2026-09-18T16:47:00Z,29709.25,29715.75,29701.0,29712.25,798,2026-09-24T16:48:21+00:00
2026-09-18T16:48:00Z,29712.25,29712.5,29705.75,29706.0,324,2026-09-24T16:48:21+00:00
2026-09-18T16:49:00Z,29706.0,29715.25,29705.0,29714.0,495,2026-09-24T16:48:21+00:00
2026-09-18T16:50:00Z,29713.75,29719.25,29713.75,29715.25,412,2026-09-24T16:48:21+00:00
2026-09-18T16:51:00Z,29716.0,29723.25,29714.75,29721.5,417,2026-09-24T16:48:21+00:00
2026-09-18T16:52:00Z,29721.5,29728.0,29720.75,29724.0,808,2026-09-24T16:48:21+00:00
2026-09-18T16:53:00Z,29724.5,29730.25,29724.5,29728.5,427,2026-09-24T16:48:21+00:00
2026-09-18T16:54:00Z,29728.5,29730.5,29725.75,29727.75,504,2026-09-24T16:48:21+00:00
2026-09-18T16:55:00Z,29728.25,29731.25,29725.5,29729.5,464,2026-09-24T16:48:21+00:00
2026-09-18T16:56:00Z,29730.25,29731.0,29724.0,29727.25,412,2026-09-24T16:48:21+00:00
2026-09-18T16:57:00Z,29727.0,29730.0,29726.25,29728.25,263,2026-09-24T16:48:21+00:00
2026-09-18T16:58:00Z,29728.25,29735.0,29724.0,29725.75,924,2026-09-24T16:48:21+00:00
2026-09-18T16:59:00Z,29725.75,29728.0,29722.0,29727.5,625,2026-09-24T16:48:21+00:00
2026-09-18T17:00:00Z,29728.0,29729.0,29719.75,29724.5,562,2026-09-24T16:48:21+00:00
2026-09-18T17:01:00Z,29724.5,29729.5,29724.0,29726.5,368,2026-09-24T16:48:21+00:00
2026-09-18T17:02:00Z,29726.75,29731.0,29725.75,29728.0,339,2026-09-24T16:48:21+00:00
2026-09-18T17:03:00Z,29728.5,29735.75,29727.5,29734.5,551,2026-09-24T16:48:21+00:00
2026-09-18T17:04:00Z,29734.5,29734.5,29729.25,29731.5,384,2026-09-24T16:48:21+00:00
2026-09-18T17:05:00Z,29731.25,29742.0,29730.75,29738.0,793,2026-09-24T16:48:21+00:00
2026-09-18T17:06:00Z,29737.75,29741.75,29735.0,29736.5,537,2026-09-24T16:48:21+00:00
2026-09-18T17:07:00Z,29736.25,29740.0,29735.0,29738.75,351,2026-09-24T16:48:21+00:00
2026-09-18T17:08:00Z,29739.0,29743.25,29736.5,29737.0,534,2026-09-24T16:48:21+00:00
2026-09-18T17:09:00Z,29736.75,29739.25,29732.75,29736.75,470,2026-09-24T16:48:21+00:00
2026-09-18T17:10:00Z,29736.75,29738.5,29728.75,29729.5,685,2026-09-24T16:48:21+00:00
2026-09-18T17:11:00Z,29729.75,29731.5,29727.0,29731.25,516,2026-09-24T16:48:21+00:00
2026-09-18T17:12:00Z,29731.5,29731.75,29725.5,29729.75,471,2026-09-24T16:48:21+00:00
2026-09-18T17:13:00Z,29730.25,29739.5,29729.75,29738.75,514,2026-09-24T16:48:21+00:00
2026-09-18T17:14:00Z,29738.75,29741.75,29738.5,29741.25,506,2026-09-24T16:48:21+00:00
2026-09-18T17:15:00Z,29741.5,29749.0,29739.25,29748.5,611,2026-09-24T16:48:21+00:00
2026-09-18T17:16:00Z,29748.0,29748.25,29740.0,29743.25,552,2026-09-24T16:48:21+00:00
2026-09-18T17:17:00Z,29743.0,29749.25,29742.0,29748.25,424,2026-09-24T16:48:21+00:00
2026-09-18T17:18:00Z,29748.0,29748.75,29741.25,29742.75,299,2026-09-24T16:48:21+00:00
2026-09-18T17:19:00Z,29742.75,29746.25,29741.0,29746.0,333,2026-09-24T16:48:21+00:00
2026-09-18T17:20:00Z,29746.25,29747.25,29740.5,29741.25,275,2026-09-24T16:48:21+00:00
2026-09-18T17:21:00Z,29741.0,29743.75,29741.0,29741.5,270,2026-09-24T16:48:21+00:00
2026-09-18T17:22:00Z,29741.75,29746.25,29738.0,29745.75,502,2026-09-24T16:48:21+00:00
2026-09-18T17:23:00Z,29745.5,29746.75,29743.5,29746.5,355,2026-09-24T16:48:21+00:00
2026-09-18T17:24:00Z,29746.5,29748.25,29744.75,29747.75,306,2026-09-24T16:48:21+00:00
2026-09-18T17:25:00Z,29747.5,29750.75,29746.25,29749.75,467,2026-09-24T16:48:21+00:00
2026-09-18T17:26:00Z,29749.75,29751.25,29746.75,29749.5,440,2026-09-24T16:48:21+00:00
2026-09-18T17:27:00Z,29749.25,29751.5,29747.25,29749.75,462,2026-09-24T16:48:21+00:00
2026-09-18T17:28:00Z,29749.75,29751.25,29743.75,29744.0,464,2026-09-24T16:48:21+00:00
2026-09-18T17:29:00Z,29744.25,29745.25,29740.25,29741.75,372,2026-09-24T16:48:21+00:00
2026-09-18T17:30:00Z,29741.5,29741.75,29732.5,29735.0,615,2026-09-24T16:48:21+00:00
2026-09-18T17:31:00Z,29734.75,29738.0,29733.0,29737.25,411,2026-09-24T16:48:21+00:00
2026-09-18T17:32:00Z,29736.25,29739.0,29735.25,29738.25,244,2026-09-24T16:48:21+00:00
2026-09-18T17:33:00Z,29738.0,29738.25,29731.75,29735.0,367,2026-09-24T16:48:21+00:00
2026-09-18T17:34:00Z,29734.5,29742.0,29734.0,29741.0,476,2026-09-24T16:48:21+00:00
2026-09-18T17:35:00Z,29741.25,29749.25,29741.25,29748.0,592,2026-09-24T16:48:21+00:00
2026-09-18T17:36:00Z,29748.25,29754.75,29748.25,29752.5,712,2026-09-24T16:48:21+00:00
2026-09-18T17:37:00Z,29752.0,29756.0,29750.0,29750.25,439,2026-09-24T16:48:21+00:00
2026-09-18T17:38:00Z,29751.0,29753.0,29748.5,29752.5,343,2026-09-24T16:48:21+00:00
2026-09-18T17:39:00Z,29753.0,29755.75,29752.0,29755.5,264,2026-09-24T16:48:21+00:00
2026-09-18T17:40:00Z,29754.75,29756.75,29753.0,29756.0,332,2026-09-24T16:48:21+00:00
2026-09-18T17:41:00Z,29756.0,29757.75,29752.75,29755.5,334,2026-09-24T16:48:21+00:00
2026-09-18T17:42:00Z,29756.0,29757.0,29752.5,29754.75,327,2026-09-24T16:48:21+00:00
2026-09-18T17:43:00Z,29754.75,29757.0,29753.5,29755.0,293,2026-09-24T16:48:21+00:00
2026-09-18T17:44:00Z,29755.75,29762.5,29755.75,29762.0,735,2026-09-24T16:48:21+00:00
2026-09-18T17:45:00Z,29761.75,29763.0,29759.5,29760.0,433,2026-09-24T16:48:21+00:00
2026-09-18T17:46:00Z,29760.5,29763.0,29759.0,29762.0,365,2026-09-24T16:48:21+00:00
2026-09-18T17:47:00Z,29762.0,29764.75,29761.75,29762.25,328,2026-09-24T16:48:21+00:00
2026-09-18T17:48:00Z,29762.5,29764.25,29757.25,29758.5,408,2026-09-24T16:48:21+00:00
2026-09-18T17:49:00Z,29758.0,29759.75,29757.0,29758.25,327,2026-09-24T16:48:21+00:00
2026-09-18T17:50:00Z,29758.25,29760.75,29756.5,29760.25,424,2026-09-24T16:48:21+00:00
2026-09-18T17:51:00Z,29760.0,29765.5,29760.0,29763.75,378,2026-09-24T16:48:21+00:00
2026-09-18T17:52:00Z,29763.5,29766.75,29762.0,29766.0,322,2026-09-24T16:48:21+00:00
2026-09-18T17:53:00Z,29765.75,29765.75,29761.5,29762.0,455,2026-09-24T16:48:21+00:00
2026-09-18T17:54:00Z,29762.25,29764.25,29760.75,29762.0,187,2026-09-24T16:48:21+00:00
2026-09-18T17:55:00Z,29762.0,29764.5,29759.75,29763.75,386,2026-09-24T16:48:21+00:00
2026-09-18T17:56:00Z,29763.5,29766.0,29763.25,29765.5,296,2026-09-24T16:48:21+00:00
2026-09-18T17:57:00Z,29765.5,29768.0,29764.0,29764.5,367,2026-09-24T16:48:21+00:00
2026-09-18T17:58:00Z,29764.25,29764.75,29761.0,29764.25,329,2026-09-24T16:48:21+00:00
2026-09-18T17:59:00Z,29764.25,29766.75,29763.0,29763.25,304,2026-09-24T16:48:21+00:00
2026-09-18T18:00:00Z,29763.0,29765.5,29756.75,29757.0,706,2026-09-24T16:48:21+00:00
2026-09-18T18:01:00Z,29757.5,29768.75,29756.0,29763.5,669,2026-09-24T16:48:21+00:00
2026-09-18T18:02:00Z,29763.5,29764.25,29760.5,29761.5,286,2026-09-24T16:48:21+00:00
2026-09-18T18:03:00Z,29761.5,29762.75,29759.75,29762.75,192,2026-09-24T16:48:21+00:00
2026-09-18T18:04:00Z,29762.5,29764.0,29760.25,29761.5,256,2026-09-24T16:48:21+00:00
2026-09-18T18:05:00Z,29761.75,29763.5,29760.25,29763.0,297,2026-09-24T16:48:21+00:00
2026-09-18T18:06:00Z,29763.0,29763.25,29757.75,29758.0,282,2026-09-24T16:48:21+00:00
2026-09-18T18:07:00Z,29757.5,29760.25,29756.0,29759.75,347,2026-09-24T16:48:21+00:00
2026-09-18T18:08:00Z,29760.0,29763.0,29758.25,29758.25,291,2026-09-24T16:48:21+00:00
2026-09-18T18:09:00Z,29758.75,29759.0,29755.25,29758.25,264,2026-09-24T16:48:21+00:00
2026-09-18T18:10:00Z,29757.75,29760.0,29755.75,29758.5,303,2026-09-24T16:48:21+00:00
2026-09-18T18:11:00Z,29758.0,29758.25,29750.75,29755.0,563,2026-09-24T16:48:21+00:00
2026-09-18T18:12:00Z,29755.0,29755.0,29748.0,29753.5,545,2026-09-24T16:48:21+00:00
2026-09-18T18:13:00Z,29754.0,29756.5,29751.25,29754.75,477,2026-09-24T16:48:21+00:00
2026-09-18T18:14:00Z,29755.0,29755.0,29752.0,29753.75,271,2026-09-24T16:48:21+00:00
2026-09-18T18:15:00Z,29753.25,29756.5,29753.0,29755.75,364,2026-09-24T16:48:21+00:00
2026-09-18T18:16:00Z,29756.0,29763.0,29756.0,29761.0,462,2026-09-24T16:48:21+00:00
2026-09-18T18:17:00Z,29761.0,29761.5,29755.75,29757.25,308,2026-09-24T16:48:21+00:00
2026-09-18T18:18:00Z,29757.5,29761.75,29757.0,29760.25,298,2026-09-24T16:48:21+00:00
2026-09-18T18:19:00Z,29760.5,29764.75,29759.75,29764.5,388,2026-09-24T16:48:21+00:00
2026-09-18T18:20:00Z,29764.25,29770.5,29764.0,29769.0,587,2026-09-24T16:48:21+00:00
2026-09-18T18:21:00Z,29769.0,29777.0,29768.75,29774.75,1092,2026-09-24T16:48:21+00:00
2026-09-18T18:22:00Z,29774.75,29787.25,29772.75,29784.0,1264,2026-09-24T16:48:21+00:00
2026-09-18T18:23:00Z,29783.75,29788.0,29777.5,29780.0,926,2026-09-24T16:48:21+00:00
2026-09-18T18:24:00Z,29779.25,29779.5,29774.5,29776.25,600,2026-09-24T16:48:21+00:00
2026-09-18T18:25:00Z,29776.25,29778.75,29773.0,29774.5,452,2026-09-24T16:48:21+00:00
2026-09-18T18:26:00Z,29774.75,29777.5,29772.75,29773.0,233,2026-09-24T16:48:21+00:00
2026-09-18T18:27:00Z,29773.0,29781.5,29771.75,29777.75,480,2026-09-24T16:48:21+00:00
2026-09-18T18:28:00Z,29777.75,29778.25,29771.25,29774.25,348,2026-09-24T16:48:21+00:00
2026-09-18T18:29:00Z,29774.75,29781.25,29774.0,29780.75,263,2026-09-24T16:48:21+00:00
2026-09-18T18:30:00Z,29780.5,29782.0,29776.0,29776.75,600,2026-09-24T16:48:21+00:00
2026-09-18T18:31:00Z,29776.75,29778.75,29775.5,29777.75,242,2026-09-24T16:48:21+00:00
2026-09-18T18:32:00Z,29777.5,29778.75,29776.75,29778.0,202,2026-09-24T16:48:21+00:00
2026-09-18T18:33:00Z,29777.5,29780.0,29774.5,29779.5,319,2026-09-24T16:48:21+00:00
2026-09-18T18:34:00Z,29779.75,29785.5,29777.25,29785.0,345,2026-09-24T16:48:21+00:00
2026-09-18T18:35:00Z,29784.75,29785.75,29780.75,29785.25,435,2026-09-24T16:48:21+00:00
2026-09-18T18:36:00Z,29785.0,29785.5,29779.5,29781.5,422,2026-09-24T16:48:21+00:00
2026-09-18T18:37:00Z,29781.25,29781.25,29776.25,29779.75,383,2026-09-24T16:48:21+00:00
2026-09-18T18:38:00Z,29780.0,29780.0,29773.25,29776.0,356,2026-09-24T16:48:21+00:00
2026-09-18T18:39:00Z,29775.75,29781.5,29775.75,29780.0,253,2026-09-24T16:48:21+00:00
2026-09-18T18:40:00Z,29780.0,29780.75,29777.25,29780.0,241,2026-09-24T16:48:21+00:00
2026-09-18T18:41:00Z,29780.0,29782.75,29778.75,29781.5,234,2026-09-24T16:48:21+00:00
2026-09-18T18:42:00Z,29781.0,29784.5,29781.0,29783.5,388,2026-09-24T16:48:21+00:00
2026-09-18T18:43:00Z,29783.75,29789.0,29783.0,29787.75,483,2026-09-24T16:48:21+00:00
2026-09-18T18:44:00Z,29787.25,29792.5,29786.25,29790.75,679,2026-09-24T16:48:21+00:00
2026-09-18T18:45:00Z,29791.25,29802.0,29790.5,29801.0,909,2026-09-24T16:48:21+00:00
2026-09-18T18:46:00Z,29801.25,29818.0,29798.75,29815.25,1701,2026-09-24T16:48:21+00:00
2026-09-18T18:47:00Z,29815.25,29823.0,29814.25,29819.5,1030,2026-09-24T16:48:21+00:00
2026-09-18T18:48:00Z,29819.25,29824.5,29817.0,29821.5,702,2026-09-24T16:48:21+00:00
2026-09-18T18:49:00Z,29821.25,29823.0,29817.5,29819.5,617,2026-09-24T16:48:21+00:00
2026-09-18T18:50:00Z,29819.25,29826.0,29818.75,29821.25,771,2026-09-24T16:48:21+00:00
2026-09-18T18:51:00Z,29821.0,29826.25,29821.0,29823.25,603,2026-09-24T16:48:21+00:00
2026-09-18T18:52:00Z,29823.25,29830.75,29822.75,29828.75,678,2026-09-24T16:48:21+00:00
2026-09-18T18:53:00Z,29828.25,29847.75,29827.75,29843.25,1660,2026-09-24T16:48:21+00:00
2026-09-18T18:54:00Z,29843.0,29849.5,29836.25,29837.0,1290,2026-09-24T16:48:21+00:00
2026-09-18T18:55:00Z,29837.25,29838.0,29828.75,29835.25,983,2026-09-24T16:48:21+00:00
2026-09-18T18:56:00Z,29835.0,29837.5,29830.25,29831.0,479,2026-09-24T16:48:21+00:00
2026-09-18T18:57:00Z,29831.0,29837.5,29830.25,29835.75,478,2026-09-24T16:48:21+00:00
2026-09-18T18:58:00Z,29835.5,29837.75,29832.0,29833.5,882,2026-09-24T16:48:21+00:00
2026-09-18T18:59:00Z,29833.25,29834.25,29826.5,29832.0,853,2026-09-24T16:48:21+00:00
2026-09-18T19:00:00Z,29832.25,29839.5,29830.0,29836.25,906,2026-09-24T16:48:21+00:00
2026-09-18T19:01:00Z,29836.5,29838.25,29829.75,29832.0,534,2026-09-24T16:48:21+00:00
2026-09-18T19:02:00Z,29832.5,29834.25,29830.75,29832.75,352,2026-09-24T16:48:21+00:00
2026-09-18T19:03:00Z,29833.0,29839.0,29830.75,29838.5,433,2026-09-24T16:48:21+00:00
2026-09-18T19:04:00Z,29838.25,29848.25,29838.0,29844.5,1015,2026-09-24T16:48:21+00:00
2026-09-18T19:05:00Z,29845.0,29847.0,29842.0,29847.0,659,2026-09-24T16:48:21+00:00
2026-09-18T19:06:00Z,29846.5,29852.25,29840.25,29841.0,934,2026-09-24T16:48:21+00:00
2026-09-18T19:07:00Z,29840.75,29841.25,29832.25,29833.5,673,2026-09-24T16:48:21+00:00
2026-09-18T19:08:00Z,29833.5,29839.5,29831.25,29831.25,423,2026-09-24T16:48:21+00:00
2026-09-18T19:09:00Z,29831.5,29837.5,29831.0,29837.5,297,2026-09-24T16:48:21+00:00
2026-09-18T19:10:00Z,29837.5,29839.75,29834.75,29834.75,329,2026-09-24T16:48:21+00:00
2026-09-18T19:11:00Z,29835.25,29840.5,29834.0,29840.0,329,2026-09-24T16:48:21+00:00
2026-09-18T19:12:00Z,29840.25,29844.75,29836.5,29844.0,467,2026-09-24T16:48:21+00:00
2026-09-18T19:13:00Z,29844.0,29844.0,29833.5,29835.25,616,2026-09-24T16:48:21+00:00
2026-09-18T19:14:00Z,29834.25,29837.25,29830.0,29835.0,662,2026-09-24T16:48:21+00:00
2026-09-18T19:15:00Z,29834.75,29836.5,29832.0,29835.5,312,2026-09-24T16:48:21+00:00
2026-09-18T19:16:00Z,29835.0,29838.0,29832.75,29835.5,341,2026-09-24T16:48:21+00:00
2026-09-18T19:17:00Z,29836.25,29839.0,29832.75,29837.25,319,2026-09-24T16:48:21+00:00
2026-09-18T19:18:00Z,29837.0,29840.5,29836.25,29837.75,331,2026-09-24T16:48:21+00:00
2026-09-18T19:19:00Z,29837.75,29840.0,29834.0,29837.75,420,2026-09-24T16:48:21+00:00
2026-09-18T19:20:00Z,29837.75,29838.5,29832.25,29838.0,431,2026-09-24T16:48:21+00:00
2026-09-18T19:21:00Z,29837.75,29846.0,29837.5,29840.5,623,2026-09-24T16:48:21+00:00
2026-09-18T19:22:00Z,29841.0,29841.75,29838.0,29838.75,284,2026-09-24T16:48:21+00:00
2026-09-18T19:23:00Z,29839.25,29843.0,29839.0,29841.5,793,2026-09-24T16:48:21+00:00
2026-09-18T19:24:00Z,29841.25,29844.0,29836.75,29840.25,547,2026-09-24T16:48:21+00:00
2026-09-18T19:25:00Z,29840.75,29842.25,29835.25,29836.25,361,2026-09-24T16:48:21+00:00
2026-09-18T19:26:00Z,29836.0,29837.25,29833.25,29836.5,351,2026-09-24T16:48:21+00:00
2026-09-18T19:27:00Z,29836.5,29840.0,29835.5,29838.75,267,2026-09-24T16:48:21+00:00
2026-09-18T19:28:00Z,29838.75,29839.75,29835.75,29838.75,327,2026-09-24T16:48:21+00:00
2026-09-18T19:29:00Z,29838.75,29839.5,29829.25,29831.25,650,2026-09-24T16:48:21+00:00
2026-09-18T19:30:00Z,29831.5,29834.0,29822.75,29827.75,1005,2026-09-24T16:48:21+00:00
2026-09-18T19:31:00Z,29827.5,29830.75,29824.25,29824.5,551,2026-09-24T16:48:21+00:00
2026-09-18T19:32:00Z,29824.75,29828.75,29824.5,29825.5,367,2026-09-24T16:48:21+00:00
2026-09-18T19:33:00Z,29825.5,29827.75,29823.5,29826.0,380,2026-09-24T16:48:21+00:00
2026-09-18T19:34:00Z,29826.0,29827.25,29823.75,29826.0,437,2026-09-24T16:48:21+00:00
2026-09-18T19:35:00Z,29825.5,29829.75,29824.25,29825.75,415,2026-09-24T16:48:21+00:00
2026-09-18T19:36:00Z,29825.5,29832.0,29825.5,29831.0,420,2026-09-24T16:48:21+00:00
2026-09-18T19:37:00Z,29830.75,29840.5,29830.0,29839.25,885,2026-09-24T16:48:21+00:00
2026-09-18T19:38:00Z,29838.75,29842.25,29838.25,29841.25,515,2026-09-24T16:48:21+00:00
2026-09-18T19:39:00Z,29841.25,29843.75,29838.0,29840.25,573,2026-09-24T16:48:21+00:00
2026-09-18T19:40:00Z,29840.5,29842.75,29836.75,29840.0,668,2026-09-24T16:48:21+00:00
2026-09-18T19:41:00Z,29840.0,29845.25,29839.25,29843.75,632,2026-09-24T16:48:21+00:00
2026-09-18T19:42:00Z,29843.5,29847.5,29841.0,29843.25,542,2026-09-24T16:48:21+00:00
2026-09-18T19:43:00Z,29843.25,29849.5,29842.5,29848.25,566,2026-09-24T16:48:21+00:00
2026-09-18T19:44:00Z,29848.0,29853.25,29847.25,29852.25,542,2026-09-24T16:48:21+00:00
2026-09-18T19:45:00Z,29852.75,29857.25,29850.0,29854.75,1234,2026-09-24T16:48:21+00:00
2026-09-18T19:46:00Z,29854.5,29858.25,29852.25,29857.25,765,2026-09-24T16:48:21+00:00
2026-09-18T19:47:00Z,29857.0,29868.0,29856.5,29862.25,1190,2026-09-24T16:48:21+00:00
2026-09-18T19:48:00Z,29861.75,29865.75,29861.5,29865.0,587,2026-09-24T16:48:21+00:00
2026-09-18T19:49:00Z,29865.5,29873.0,29865.5,29872.75,1128,2026-09-24T16:48:21+00:00
2026-09-18T19:50:00Z,29872.25,29888.75,29866.75,29876.0,3457,2026-09-24T16:48:21+00:00
2026-09-18T19:51:00Z,29875.75,29878.75,29864.0,29864.75,1428,2026-09-24T16:48:21+00:00
2026-09-18T19:52:00Z,29865.5,29871.75,29862.25,29867.5,1371,2026-09-24T16:48:21+00:00
2026-09-18T19:53:00Z,29867.5,29872.75,29866.0,29871.0,921,2026-09-24T16:48:21+00:00
2026-09-18T19:54:00Z,29870.5,29878.0,29864.75,29877.5,2023,2026-09-24T16:48:21+00:00
2026-09-18T19:55:00Z,29877.75,29928.0,29877.5,29907.5,4602,2026-09-24T16:48:21+00:00
2026-09-18T19:56:00Z,29907.25,29913.25,29905.75,29910.25,1587,2026-09-24T16:48:21+00:00
2026-09-18T19:57:00Z,29909.75,29937.75,29908.5,29937.25,2476,2026-09-24T16:48:21+00:00
2026-09-18T19:58:00Z,29937.0,29937.0,29916.25,29918.5,3782,2026-09-24T16:48:21+00:00
2026-09-18T19:59:00Z,29918.5,29923.75,29910.25,29915.75,12568,2026-09-24T16:48:21+00:00
2026-09-18T20:00:00Z,29916.0,29932.25,29912.25,29930.5,4326,2026-09-24T16:48:21+00:00
2026-09-18T20:01:00Z,29930.25,29934.75,29923.25,29932.25,1626,2026-09-24T16:48:21+00:00
2026-09-18T20:02:00Z,29932.25,29951.25,29931.25,29942.0,1829,2026-09-24T16:48:21+00:00
2026-09-18T20:03:00Z,29942.0,29952.75,29937.75,29948.25,972,2026-09-24T16:48:21+00:00
2026-09-18T20:04:00Z,29948.25,29951.0,29945.0,29947.0,686,2026-09-24T16:48:21+00:00
2026-09-18T20:05:00Z,29947.0,29951.0,29942.0,29949.5,749,2026-09-24T16:48:21+00:00
2026-09-18T20:06:00Z,29949.75,29950.0,29941.75,29944.5,413,2026-09-24T16:48:21+00:00
2026-09-18T20:07:00Z,29944.25,29948.25,29942.5,29946.25,351,2026-09-24T16:48:21+00:00
2026-09-18T20:08:00Z,29946.5,29949.25,29943.5,29944.25,383,2026-09-24T16:48:21+00:00
2026-09-18T20:09:00Z,29944.5,29945.5,29939.25,29944.75,719,2026-09-24T16:48:21+00:00
2026-09-18T20:10:00Z,29944.5,29980.5,29944.5,29980.25,1482,2026-09-24T16:48:21+00:00
2026-09-18T20:11:00Z,29980.0,29989.25,29976.5,29985.75,1141,2026-09-24T16:48:21+00:00
2026-09-18T20:12:00Z,29985.75,29993.25,29976.5,29980.75,738,2026-09-24T16:48:21+00:00
2026-09-18T20:13:00Z,29981.0,29982.5,29975.25,29975.75,471,2026-09-24T16:48:21+00:00
2026-09-18T20:14:00Z,29976.25,29977.0,29968.75,29970.0,410,2026-09-24T16:48:21+00:00
2026-09-18T20:15:00Z,29970.5,29975.25,29966.5,29972.25,403,2026-09-24T16:48:21+00:00
2026-09-18T20:16:00Z,29972.0,29972.75,29968.0,29970.5,260,2026-09-24T16:48:21+00:00
2026-09-18T20:17:00Z,29970.5,29974.75,29969.75,29973.75,261,2026-09-24T16:48:21+00:00
2026-09-18T20:18:00Z,29975.0,29975.0,29966.0,29967.5,186,2026-09-24T16:48:21+00:00
2026-09-18T20:19:00Z,29968.0,29969.5,29965.0,29966.0,210,2026-09-24T16:48:21+00:00
2026-09-18T20:20:00Z,29966.75,29973.0,29966.25,29967.5,302,2026-09-24T16:48:21+00:00
2026-09-18T20:21:00Z,29968.5,29968.5,29962.5,29963.75,332,2026-09-24T16:48:21+00:00
2026-09-18T20:22:00Z,29964.25,29966.5,29961.25,29962.0,365,2026-09-24T16:48:21+00:00
2026-09-18T20:23:00Z,29962.75,29966.0,29962.5,29963.25,107,2026-09-24T16:48:21+00:00
2026-09-18T20:24:00Z,29962.75,29966.75,29960.25,29964.75,138,2026-09-24T16:48:21+00:00
2026-09-18T20:25:00Z,29964.25,29970.25,29964.0,29967.75,231,2026-09-24T16:48:21+00:00
2026-09-18T20:26:00Z,29968.0,29969.0,29965.75,29965.75,89,2026-09-24T16:48:21+00:00
2026-09-18T20:27:00Z,29965.5,29968.5,29965.25,29967.5,65,2026-09-24T16:48:21+00:00
2026-09-18T20:28:00Z,29967.75,29969.75,29966.25,29969.0,92,2026-09-24T16:48:21+00:00
2026-09-18T20:29:00Z,29969.0,29969.25,29965.5,29967.25,167,2026-09-24T16:48:21+00:00
2026-09-18T20:30:00Z,29968.5,29969.75,29966.75,29967.75,132,2026-09-24T16:48:21+00:00
2026-09-18T20:31:00Z,29968.0,29968.0,29963.75,29967.0,142,2026-09-24T16:48:21+00:00
2026-09-18T20:32:00Z,29966.5,29966.5,29963.25,29964.0,129,2026-09-24T16:48:21+00:00
2026-09-18T20:33:00Z,29963.75,29965.5,29963.0,29963.25,77,2026-09-24T16:48:21+00:00
2026-09-18T20:34:00Z,29964.5,29974.0,29964.5,29966.25,330,2026-09-24T16:48:21+00:00
2026-09-18T20:35:00Z,29966.0,29966.75,29961.5,29962.25,94,2026-09-24T16:48:21+00:00
2026-09-18T20:36:00Z,29962.0,29964.5,29961.5,29964.5,42,2026-09-24T16:48:21+00:00
2026-09-18T20:37:00Z,29963.5,29963.5,29958.0,29958.5,144,2026-09-24T16:48:21+00:00
2026-09-18T20:38:00Z,29958.75,29959.5,29956.5,29958.75,104,2026-09-24T16:48:21+00:00
2026-09-18T20:39:00Z,29959.0,29967.75,29958.0,29966.25,243,2026-09-24T16:48:21+00:00
2026-09-18T20:40:00Z,29966.5,29973.75,29966.5,29971.75,141,2026-09-24T16:48:21+00:00
2026-09-18T20:41:00Z,29972.0,29975.75,29971.5,29973.75,181,2026-09-24T16:48:21+00:00
2026-09-18T20:42:00Z,29973.75,29974.25,29968.25,29973.25,159,2026-09-24T16:48:21+00:00
2026-09-18T20:43:00Z,29972.0,29974.75,29971.25,29974.0,66,2026-09-24T16:48:21+00:00
2026-09-18T20:44:00Z,29973.5,29975.25,29972.0,29974.75,89,2026-09-24T16:48:21+00:00
2026-09-18T20:45:00Z,29974.25,29981.25,29973.5,29980.25,181,2026-09-24T16:48:21+00:00
2026-09-18T20:46:00Z,29980.5,29986.5,29980.0,29985.0,193,2026-09-24T16:48:21+00:00
2026-09-18T20:47:00Z,29984.5,29986.0,29979.25,29981.0,222,2026-09-24T16:48:21+00:00
2026-09-18T20:48:00Z,29980.5,29982.25,29977.25,29978.25,97,2026-09-24T16:48:21+00:00
2026-09-18T20:49:00Z,29978.25,29980.75,29976.75,29977.75,112,2026-09-24T16:48:21+00:00
2026-09-18T20:50:00Z,29977.25,29980.0,29976.75,29980.0,109,2026-09-24T16:48:21+00:00
2026-09-18T20:51:00Z,29980.0,29981.75,29977.25,29977.25,81,2026-09-24T16:48:21+00:00
2026-09-18T20:52:00Z,29977.5,29978.0,29970.75,29972.5,191,2026-09-24T16:48:21+00:00
2026-09-18T20:53:00Z,29971.5,29971.5,29965.0,29965.0,132,2026-09-24T16:48:21+00:00
2026-09-18T20:54:00Z,29965.75,29965.75,29958.25,29959.25,131,2026-09-24T16:48:21+00:00
2026-09-18T20:55:00Z,29959.75,29962.0,29959.5,29959.5,114,2026-09-24T16:48:21+00:00
2026-09-18T20:56:00Z,29959.5,29960.0,29957.5,29957.75,91,2026-09-24T16:48:21+00:00
2026-09-18T20:57:00Z,29957.5,29958.25,29955.25,29957.25,164,2026-09-24T16:48:21+00:00
2026-09-18T20:58:00Z,29957.0,29957.5,29953.0,29955.0,163,2026-09-24T16:48:21+00:00
2026-09-18T20:59:00Z,29954.25,29955.5,29917.25,29917.25,200,2026-09-24T16:48:21+00:00
2026-09-20T22:10:00Z,29946.5,29949.75,29945.0,29948.5,0,2026-09-24T16:48:21+00:00
2026-09-20T22:11:00Z,29948.5,29952.5,29946.75,29951.75,240,2026-09-24T16:48:21+00:00
2026-09-20T22:12:00Z,29952.25,29970.0,29951.25,29967.5,457,2026-09-24T16:48:21+00:00
2026-09-20T22:13:00Z,29967.0,29979.0,29965.5,29977.75,386,2026-09-24T16:48:21+00:00
2026-09-20T22:14:00Z,29977.0,30004.5,29976.25,29996.5,613,2026-09-24T16:48:21+00:00
2026-09-20T22:15:00Z,29997.0,29997.25,29979.25,29992.5,389,2026-09-24T16:48:21+00:00
2026-09-20T22:16:00Z,29992.25,30007.75,29991.0,30000.5,485,2026-09-24T16:48:21+00:00
2026-09-20T22:17:00Z,30000.25,30003.25,29987.75,29987.75,259,2026-09-24T16:48:21+00:00
2026-09-20T22:18:00Z,29988.0,29990.5,29984.75,29990.25,177,2026-09-24T16:48:21+00:00
2026-09-20T22:19:00Z,29989.75,29990.25,29985.75,29987.0,73,2026-09-24T16:48:21+00:00
2026-09-20T22:20:00Z,29988.0,29989.5,29981.25,29983.0,120,2026-09-24T16:48:21+00:00
2026-09-20T22:21:00Z,29982.25,29985.0,29980.75,29981.75,88,2026-09-24T16:48:21+00:00
2026-09-20T22:22:00Z,29983.0,29988.75,29982.75,29988.75,82,2026-09-24T16:48:21+00:00
2026-09-20T22:23:00Z,29989.0,29997.0,29983.75,29986.0,194,2026-09-24T16:48:21+00:00
2026-09-20T22:24:00Z,29984.0,29985.5,29979.5,29981.75,102,2026-09-24T16:48:21+00:00
2026-09-20T22:25:00Z,29981.0,29993.5,29980.75,29990.25,184,2026-09-24T16:48:21+00:00
2026-09-20T22:26:00Z,29990.0,29992.75,29987.5,29987.5,56,2026-09-24T16:48:21+00:00
2026-09-20T22:27:00Z,29988.0,29989.25,29985.75,29986.0,74,2026-09-24T16:48:21+00:00
2026-09-20T22:28:00Z,29986.0,29987.5,29981.0,29986.75,71,2026-09-24T16:48:21+00:00
2026-09-20T22:29:00Z,29986.5,29991.75,29983.0,29990.25,94,2026-09-24T16:48:21+00:00
2026-09-20T22:30:00Z,29989.0,29994.75,29987.0,29992.25,98,2026-09-24T16:48:21+00:00
2026-09-20T22:31:00Z,29991.5,30002.75,29991.5,29996.0,222,2026-09-24T16:48:21+00:00
2026-09-20T22:32:00Z,29994.75,29999.0,29992.75,29996.25,81,2026-09-24T16:48:21+00:00
2026-09-20T22:33:00Z,29996.5,29997.5,29994.25,29995.75,52,2026-09-24T16:48:21+00:00
2026-09-20T22:34:00Z,29995.5,30000.25,29993.5,30000.25,336,2026-09-24T16:48:21+00:00
2026-09-20T22:35:00Z,30001.0,30019.5,30000.25,30018.0,461,2026-09-24T16:48:21+00:00
2026-09-20T22:36:00Z,30015.75,30026.75,30014.75,30022.75,382,2026-09-24T16:48:21+00:00
2026-09-20T22:37:00Z,30022.25,30024.5,30013.0,30013.75,164,2026-09-24T16:48:21+00:00
2026-09-20T22:38:00Z,30014.0,30016.0,30012.0,30014.25,138,2026-09-24T16:48:21+00:00
2026-09-20T22:39:00Z,30014.75,30015.5,30004.5,30007.25,176,2026-09-24T16:48:21+00:00
2026-09-20T22:40:00Z,30007.25,30012.5,30005.75,30012.0,129,2026-09-24T16:48:21+00:00
2026-09-20T22:41:00Z,30012.0,30022.5,30012.0,30019.5,258,2026-09-24T16:48:21+00:00
2026-09-20T22:42:00Z,30020.5,30023.25,30018.5,30019.25,64,2026-09-24T16:48:21+00:00
2026-09-20T22:43:00Z,30018.25,30018.25,30011.5,30014.5,105,2026-09-24T16:48:21+00:00
2026-09-20T22:44:00Z,30014.25,30014.75,30005.75,30007.5,69,2026-09-24T16:48:21+00:00
2026-09-20T22:45:00Z,30009.0,30011.0,30006.25,30009.75,74,2026-09-24T16:48:21+00:00
2026-09-20T22:46:00Z,30009.5,30010.25,30008.75,30010.25,28,2026-09-24T16:48:21+00:00
2026-09-20T22:47:00Z,30010.75,30015.75,30010.5,30014.5,75,2026-09-24T16:48:21+00:00
2026-09-20T22:48:00Z,30015.5,30015.5,30004.0,30006.75,147,2026-09-24T16:48:21+00:00
2026-09-20T22:49:00Z,30006.0,30010.0,29996.0,30006.25,270,2026-09-24T16:48:21+00:00
2026-09-20T22:50:00Z,30006.5,30008.0,30003.5,30006.5,48,2026-09-24T16:48:21+00:00
2026-09-20T22:51:00Z,30006.5,30008.0,30005.25,30007.75,42,2026-09-24T16:48:21+00:00
2026-09-20T22:52:00Z,30007.75,30009.25,30003.25,30003.25,71,2026-09-24T16:48:21+00:00
2026-09-20T22:53:00Z,30004.0,30005.0,30001.5,30002.5,75,2026-09-24T16:48:21+00:00
2026-09-20T22:54:00Z,30002.0,30006.5,30001.75,30006.5,74,2026-09-24T16:48:21+00:00
2026-09-20T22:55:00Z,30007.0,30011.75,30007.0,30011.0,84,2026-09-24T16:48:21+00:00
2026-09-20T22:56:00Z,30012.0,30028.75,30010.75,30021.75,339,2026-09-24T16:48:21+00:00
2026-09-20T22:57:00Z,30021.75,30025.75,30017.0,30024.25,177,2026-09-24T16:48:21+00:00
2026-09-20T22:58:00Z,30024.75,30032.25,30024.25,30028.5,199,2026-09-24T16:48:21+00:00
2026-09-20T22:59:00Z,30029.25,30034.0,30025.0,30025.25,168,2026-09-24T16:48:21+00:00
2026-09-20T23:00:00Z,30025.0,30029.25,30021.75,30028.0,100,2026-09-24T16:48:21+00:00
2026-09-20T23:01:00Z,30027.75,30027.75,30020.5,30020.5,90,2026-09-24T16:48:21+00:00
2026-09-20T23:02:00Z,30020.25,30023.5,30016.25,30022.5,140,2026-09-24T16:48:21+00:00
2026-09-20T23:03:00Z,30021.75,30023.0,30018.0,30019.0,40,2026-09-24T16:48:21+00:00
2026-09-20T23:04:00Z,30018.25,30018.75,30013.75,30016.5,90,2026-09-24T16:48:21+00:00
2026-09-20T23:05:00Z,30017.5,30023.0,30017.5,30019.75,74,2026-09-24T16:48:21+00:00
2026-09-20T23:06:00Z,30019.75,30020.25,30016.5,30017.0,44,2026-09-24T16:48:21+00:00
2026-09-20T23:07:00Z,30018.25,30020.0,30015.75,30018.5,25,2026-09-24T16:48:21+00:00
2026-09-20T23:08:00Z,30018.75,30018.75,30014.75,30016.5,23,2026-09-24T16:48:21+00:00
2026-09-20T23:09:00Z,30017.25,30019.75,30017.25,30019.75,15,2026-09-24T16:48:21+00:00
2026-09-20T23:10:00Z,30018.25,30020.25,30015.0,30018.0,162,2026-09-24T16:48:21+00:00
2026-09-20T23:11:00Z,30018.0,30018.0,30016.75,30017.75,14,2026-09-24T16:48:21+00:00
2026-09-20T23:12:00Z,30017.75,30022.0,30017.75,30021.0,22,2026-09-24T16:48:21+00:00
2026-09-20T23:13:00Z,30022.25,30023.25,30019.0,30020.75,60,2026-09-24T16:48:21+00:00
2026-09-20T23:14:00Z,30019.0,30020.0,30017.5,30019.75,14,2026-09-24T16:48:21+00:00
2026-09-20T23:15:00Z,30020.5,30020.5,30013.75,30015.25,68,2026-09-24T16:48:21+00:00
2026-09-20T23:16:00Z,30014.0,30018.75,30014.0,30016.75,94,2026-09-24T16:48:21+00:00
2026-09-20T23:17:00Z,30015.75,30017.75,30015.0,30017.25,21,2026-09-24T16:48:21+00:00
2026-09-20T23:18:00Z,30017.5,30021.0,30015.75,30018.5,60,2026-09-24T16:48:21+00:00
2026-09-20T23:19:00Z,30016.5,30017.5,30014.5,30017.5,26,2026-09-24T16:48:21+00:00
2026-09-20T23:20:00Z,30017.5,30017.5,30014.5,30016.75,35,2026-09-24T16:48:21+00:00
2026-09-20T23:21:00Z,30016.0,30016.0,30011.25,30014.75,105,2026-09-24T16:48:21+00:00
2026-09-20T23:22:00Z,30015.25,30017.5,30015.25,30016.5,23,2026-09-24T16:48:21+00:00
2026-09-20T23:23:00Z,30017.25,30018.5,30012.75,30013.25,54,2026-09-24T16:48:21+00:00
2026-09-20T23:24:00Z,30015.25,30018.25,30014.5,30018.25,29,2026-09-24T16:48:21+00:00
2026-09-20T23:25:00Z,30019.0,30019.25,30017.0,30018.5,44,2026-09-24T16:48:21+00:00
2026-09-20T23:26:00Z,30018.5,30027.25,30017.5,30020.5,134,2026-09-24T16:48:21+00:00
2026-09-20T23:27:00Z,30020.0,30026.25,30019.25,30026.25,152,2026-09-24T16:48:21+00:00
2026-09-20T23:28:00Z,30026.25,30031.0,30026.0,30028.75,101,2026-09-24T16:48:21+00:00
2026-09-20T23:29:00Z,30028.5,30029.5,30025.25,30027.0,51,2026-09-24T16:48:21+00:00
2026-09-20T23:30:00Z,30026.25,30031.75,30024.0,30028.75,124,2026-09-24T16:48:21+00:00
2026-09-20T23:31:00Z,30029.75,30030.25,30027.75,30028.0,44,2026-09-24T16:48:21+00:00
2026-09-20T23:32:00Z,30028.75,30029.0,30023.25,30026.0,44,2026-09-24T16:48:21+00:00
2026-09-20T23:33:00Z,30025.25,30027.0,30025.0,30027.0,50,2026-09-24T16:48:21+00:00
2026-09-20T23:34:00Z,30026.25,30028.25,30025.0,30027.0,50,2026-09-24T16:48:21+00:00
2026-09-20T23:35:00Z,30027.5,30027.75,30026.0,30027.25,9,2026-09-24T16:48:21+00:00
2026-09-20T23:36:00Z,30027.5,30030.0,30026.5,30030.0,16,2026-09-24T16:48:21+00:00
2026-09-20T23:37:00Z,30030.75,30036.5,30030.5,30035.0,166,2026-09-24T16:48:21+00:00
2026-09-20T23:38:00Z,30034.25,30034.25,30031.5,30032.75,30,2026-09-24T16:48:21+00:00
2026-09-20T23:39:00Z,30032.5,30038.0,30032.0,30033.0,165,2026-09-24T16:48:21+00:00
2026-09-20T23:40:00Z,30033.5,30033.75,30029.0,30031.0,82,2026-09-24T16:48:21+00:00
2026-09-20T23:41:00Z,30030.5,30033.25,30030.25,30033.0,24,2026-09-24T16:48:21+00:00
2026-09-20T23:42:00Z,30033.25,30040.25,30032.25,30037.0,185,2026-09-24T16:48:21+00:00
2026-09-20T23:43:00Z,30037.5,30037.5,30035.0,30036.25,58,2026-09-24T16:48:21+00:00
2026-09-20T23:44:00Z,30037.0,30039.0,30034.0,30036.0,66,2026-09-24T16:48:21+00:00
2026-09-20T23:45:00Z,30035.25,30035.25,30029.75,30032.75,88,2026-09-24T16:48:21+00:00
2026-09-20T23:46:00Z,30029.75,30033.75,30027.5,30027.5,86,2026-09-24T16:48:21+00:00
2026-09-20T23:47:00Z,30028.25,30031.0,30026.75,30027.75,47,2026-09-24T16:48:21+00:00
2026-09-20T23:48:00Z,30027.5,30033.5,30027.25,30032.25,60,2026-09-24T16:48:21+00:00
2026-09-20T23:49:00Z,30034.0,30039.75,30027.0,30030.75,230,2026-09-24T16:48:21+00:00
2026-09-20T23:50:00Z,30030.75,30030.75,30024.75,30028.25,106,2026-09-24T16:48:21+00:00
2026-09-20T23:51:00Z,30027.5,30030.5,30025.25,30029.0,32,2026-09-24T16:48:21+00:00
2026-09-20T23:52:00Z,30028.5,30029.25,30026.5,30027.25,27,2026-09-24T16:48:21+00:00
2026-09-20T23:53:00Z,30028.0,30029.0,30027.75,30028.75,20,2026-09-24T16:48:21+00:00
2026-09-20T23:54:00Z,30029.25,30029.5,30021.5,30024.75,165,2026-09-24T16:48:21+00:00
2026-09-20T23:55:00Z,30024.25,30030.75,30023.75,30029.75,61,2026-09-24T16:48:21+00:00
2026-09-20T23:56:00Z,30030.25,30036.75,30030.0,30031.25,71,2026-09-24T16:48:21+00:00
2026-09-20T23:57:00Z,30030.25,30030.25,30025.5,30028.75,47,2026-09-24T16:48:21+00:00
2026-09-20T23:58:00Z,30029.25,30030.0,30025.75,30026.0,31,2026-09-24T16:48:21+00:00
2026-09-20T23:59:00Z,30029.25,30030.25,30028.5,30029.5,20,2026-09-24T16:48:21+00:00
2026-09-21T00:00:00Z,30029.5,30037.0,30026.0,30031.5,231,2026-09-24T16:48:21+00:00
2026-09-21T00:01:00Z,30031.25,30038.5,30028.5,30036.25,135,2026-09-24T16:48:21+00:00
2026-09-21T00:02:00Z,30037.5,30055.0,30032.5,30052.0,453,2026-09-24T16:48:21+00:00
2026-09-21T00:03:00Z,30052.75,30053.0,30046.75,30050.5,147,2026-09-24T16:48:21+00:00
2026-09-21T00:04:00Z,30050.75,30052.0,30046.75,30048.5,84,2026-09-24T16:48:21+00:00
2026-09-21T00:05:00Z,30049.25,30065.25,30049.25,30057.0,406,2026-09-24T16:48:21+00:00
2026-09-21T00:06:00Z,30057.75,30059.5,30049.25,30051.75,163,2026-09-24T16:48:21+00:00
2026-09-21T00:07:00Z,30051.5,30051.5,30040.25,30045.75,317,2026-09-24T16:48:21+00:00
2026-09-21T00:08:00Z,30047.25,30050.0,30042.75,30050.0,139,2026-09-24T16:48:21+00:00
2026-09-21T00:09:00Z,30049.75,30049.75,30044.25,30047.5,83,2026-09-24T16:48:21+00:00
2026-09-21T00:10:00Z,30047.5,30047.75,30042.0,30042.5,55,2026-09-24T16:48:21+00:00
2026-09-21T00:11:00Z,30041.75,30042.0,30035.5,30039.75,156,2026-09-24T16:48:21+00:00
2026-09-21T00:12:00Z,30039.75,30045.75,30036.75,30044.5,145,2026-09-24T16:48:21+00:00
2026-09-21T00:13:00Z,30044.5,30045.25,30037.75,30041.5,82,2026-09-24T16:48:21+00:00
2026-09-21T00:14:00Z,30039.5,30045.0,30039.5,30043.25,30,2026-09-24T16:48:21+00:00
2026-09-21T00:15:00Z,30041.25,30045.75,30035.25,30041.5,172,2026-09-24T16:48:21+00:00
2026-09-21T00:16:00Z,30040.25,30045.0,30036.0,30039.75,72,2026-09-24T16:48:21+00:00
2026-09-21T00:17:00Z,30037.75,30037.75,30023.75,30024.5,253,2026-09-24T16:48:21+00:00
2026-09-21T00:18:00Z,30024.25,30025.75,30018.0,30020.75,304,2026-09-24T16:48:21+00:00
2026-09-21T00:19:00Z,30021.25,30026.5,30021.25,30024.0,122,2026-09-24T16:48:21+00:00
2026-09-21T00:20:00Z,30024.25,30027.0,30021.5,30027.0,109,2026-09-24T16:48:21+00:00
2026-09-21T00:21:00Z,30027.0,30042.0,30024.75,30037.5,224,2026-09-24T16:48:21+00:00
2026-09-21T00:22:00Z,30037.75,30059.75,30037.75,30059.0,361,2026-09-24T16:48:21+00:00
2026-09-21T00:23:00Z,30058.75,30067.25,30057.75,30062.0,305,2026-09-24T16:48:21+00:00
2026-09-21T00:24:00Z,30061.5,30069.25,30060.0,30066.0,216,2026-09-24T16:48:21+00:00
2026-09-21T00:25:00Z,30065.25,30067.5,30061.0,30064.0,132,2026-09-24T16:48:21+00:00
2026-09-21T00:26:00Z,30065.0,30066.25,30061.25,30064.25,75,2026-09-24T16:48:21+00:00
2026-09-21T00:27:00Z,30066.0,30079.25,30065.25,30077.75,303,2026-09-24T16:48:21+00:00
2026-09-21T00:28:00Z,30077.5,30077.75,30071.75,30071.75,74,2026-09-24T16:48:21+00:00
2026-09-21T00:29:00Z,30071.25,30071.25,30067.0,30067.0,126,2026-09-24T16:48:21+00:00
2026-09-21T00:30:00Z,30067.0,30077.0,30067.0,30075.25,121,2026-09-24T16:48:21+00:00
2026-09-21T00:31:00Z,30077.0,30082.0,30076.0,30080.75,121,2026-09-24T16:48:21+00:00
2026-09-21T00:32:00Z,30080.75,30083.0,30077.25,30080.25,99,2026-09-24T16:48:21+00:00
2026-09-21T00:33:00Z,30080.0,30089.0,30077.75,30085.0,247,2026-09-24T16:48:21+00:00
2026-09-21T00:34:00Z,30085.5,30090.5,30083.25,30087.0,167,2026-09-24T16:48:21+00:00
2026-09-21T00:35:00Z,30088.75,30089.0,30084.5,30088.0,88,2026-09-24T16:48:21+00:00
2026-09-21T00:36:00Z,30088.25,30091.75,30084.5,30086.75,149,2026-09-24T16:48:21+00:00
2026-09-21T00:37:00Z,30087.0,30091.25,30086.25,30088.0,63,2026-09-24T16:48:21+00:00
2026-09-21T00:38:00Z,30087.5,30088.25,30082.75,30084.0,121,2026-09-24T16:48:21+00:00
2026-09-21T00:39:00Z,30084.0,30091.5,30082.5,30090.25,194,2026-09-24T16:48:21+00:00
2026-09-21T00:40:00Z,30089.5,30090.5,30082.25,30086.0,143,2026-09-24T16:48:21+00:00
2026-09-21T00:41:00Z,30086.0,30086.0,30078.75,30081.75,140,2026-09-24T16:48:21+00:00
2026-09-21T00:42:00Z,30082.0,30083.75,30078.75,30080.75,78,2026-09-24T16:48:21+00:00
2026-09-21T00:43:00Z,30082.75,30085.0,30078.75,30079.5,52,2026-09-24T16:48:21+00:00
2026-09-21T00:44:00Z,30079.5,30081.25,30071.0,30074.75,180,2026-09-24T16:48:21+00:00
2026-09-21T00:45:00Z,30074.0,30078.5,30074.0,30077.5,61,2026-09-24T16:48:21+00:00
2026-09-21T00:46:00Z,30077.0,30078.25,30070.75,30075.25,94,2026-09-24T16:48:21+00:00
2026-09-21T00:47:00Z,30076.75,30079.25,30075.75,30077.75,102,2026-09-24T16:48:21+00:00
2026-09-21T00:48:00Z,30077.5,30081.25,30076.5,30080.25,112,2026-09-24T16:48:21+00:00
2026-09-21T00:49:00Z,30078.75,30082.25,30076.25,30077.75,111,2026-09-24T16:48:21+00:00
2026-09-21T00:50:00Z,30078.25,30086.0,30077.0,30083.25,113,2026-09-24T16:48:21+00:00
2026-09-21T00:51:00Z,30083.5,30087.25,30080.5,30083.5,144,2026-09-24T16:48:21+00:00
2026-09-21T00:52:00Z,30083.25,30087.25,30082.0,30084.75,84,2026-09-24T16:48:21+00:00
2026-09-21T00:53:00Z,30084.25,30086.25,30082.25,30083.5,36,2026-09-24T16:48:21+00:00
2026-09-21T00:54:00Z,30083.25,30084.25,30078.25,30078.75,79,2026-09-24T16:48:21+00:00
2026-09-21T00:55:00Z,30079.0,30084.25,30078.25,30081.5,101,2026-09-24T16:48:21+00:00
2026-09-21T00:56:00Z,30080.25,30084.0,30076.25,30080.5,75,2026-09-24T16:48:21+00:00
2026-09-21T00:57:00Z,30081.75,30083.25,30080.75,30083.0,42,2026-09-24T16:48:21+00:00
2026-09-21T00:58:00Z,30084.0,30087.25,30083.75,30084.5,78,2026-09-24T16:48:21+00:00
2026-09-21T00:59:00Z,30084.25,30097.25,30084.0,30095.5,497,2026-09-24T16:48:21+00:00
2026-09-21T01:00:00Z,30095.5,30105.0,30094.75,30099.5,554,2026-09-24T16:48:21+00:00
2026-09-21T01:01:00Z,30100.75,30102.0,30088.5,30100.75,409,2026-09-24T16:48:21+00:00
2026-09-21T01:02:00Z,30100.25,30105.75,30097.75,30103.5,281,2026-09-24T16:48:21+00:00
2026-09-21T01:03:00Z,30104.5,30104.5,30098.75,30101.25,148,2026-09-24T16:48:21+00:00
2026-09-21T01:04:00Z,30100.25,30106.5,30099.5,30104.75,126,2026-09-24T16:48:21+00:00
2026-09-21T01:05:00Z,30105.75,30113.25,30102.0,30112.25,271,2026-09-24T16:48:21+00:00
2026-09-21T01:06:00Z,30113.0,30114.5,30109.0,30113.0,241,2026-09-24T16:48:21+00:00
2026-09-21T01:07:00Z,30114.0,30117.25,30112.5,30116.25,164,2026-09-24T16:48:21+00:00
2026-09-21T01:08:00Z,30116.75,30123.75,30115.25,30121.25,310,2026-09-24T16:48:21+00:00
2026-09-21T01:09:00Z,30121.0,30122.75,30116.5,30117.0,209,2026-09-24T16:48:21+00:00
2026-09-21T01:10:00Z,30118.25,30119.25,30115.0,30116.5,111,2026-09-24T16:48:21+00:00
2026-09-21T01:11:00Z,30116.5,30120.0,30107.5,30117.5,373,2026-09-24T16:48:21+00:00
2026-09-21T01:12:00Z,30118.25,30130.5,30111.5,30118.5,502,2026-09-24T16:48:21+00:00
2026-09-21T01:13:00Z,30117.5,30120.0,30113.5,30113.5,96,2026-09-24T16:48:21+00:00
2026-09-21T01:14:00Z,30114.0,30115.5,30105.25,30115.25,142,2026-09-24T16:48:21+00:00
2026-09-21T01:15:00Z,30115.5,30115.5,30109.25,30113.75,98,2026-09-24T16:48:21+00:00
2026-09-21T01:16:00Z,30113.5,30115.5,30109.75,30114.75,57,2026-09-24T16:48:21+00:00
2026-09-21T01:17:00Z,30114.25,30118.5,30111.5,30113.5,98,2026-09-24T16:48:21+00:00
2026-09-21T01:18:00Z,30112.75,30113.25,30106.75,30110.5,71,2026-09-24T16:48:21+00:00
2026-09-21T01:19:00Z,30110.75,30111.5,30107.0,30111.0,42,2026-09-24T16:48:21+00:00
2026-09-21T01:20:00Z,30111.0,30115.25,30108.75,30114.5,65,2026-09-24T16:48:21+00:00
2026-09-21T01:21:00Z,30115.5,30115.5,30112.25,30114.0,92,2026-09-24T16:48:21+00:00
2026-09-21T01:22:00Z,30114.5,30114.5,30106.75,30109.25,95,2026-09-24T16:48:21+00:00
2026-09-21T01:23:00Z,30109.75,30109.75,30104.5,30108.5,112,2026-09-24T16:48:21+00:00
2026-09-21T01:24:00Z,30109.25,30111.5,30108.75,30111.25,62,2026-09-24T16:48:21+00:00
2026-09-21T01:25:00Z,30111.75,30117.25,30111.25,30115.5,122,2026-09-24T16:48:21+00:00
2026-09-21T01:26:00Z,30114.5,30120.25,30114.5,30119.25,92,2026-09-24T16:48:21+00:00
2026-09-21T01:27:00Z,30119.5,30119.5,30115.0,30116.5,61,2026-09-24T16:48:21+00:00
2026-09-21T01:28:00Z,30118.0,30126.25,30117.25,30122.75,167,2026-09-24T16:48:21+00:00
2026-09-21T01:29:00Z,30123.25,30128.0,30110.75,30111.0,288,2026-09-24T16:48:21+00:00
2026-09-21T01:30:00Z,30110.75,30119.0,30107.75,30115.5,124,2026-09-24T16:48:21+00:00
2026-09-21T01:31:00Z,30115.5,30117.0,30111.75,30112.75,82,2026-09-24T16:48:21+00:00
2026-09-21T01:32:00Z,30110.75,30118.5,30110.25,30117.5,62,2026-09-24T16:48:21+00:00
2026-09-21T01:33:00Z,30118.5,30120.75,30115.5,30119.25,115,2026-09-24T16:48:21+00:00
2026-09-21T01:34:00Z,30118.75,30120.75,30117.75,30118.75,58,2026-09-24T16:48:21+00:00
2026-09-21T01:35:00Z,30119.5,30119.5,30115.0,30116.25,42,2026-09-24T16:48:21+00:00
2026-09-21T01:36:00Z,30114.5,30116.5,30111.0,30112.25,65,2026-09-24T16:48:21+00:00
2026-09-21T01:37:00Z,30112.5,30113.0,30108.25,30110.75,92,2026-09-24T16:48:21+00:00
2026-09-21T01:38:00Z,30111.5,30113.0,30109.75,30112.25,72,2026-09-24T16:48:21+00:00
2026-09-21T01:39:00Z,30112.0,30114.75,30109.5,30113.25,104,2026-09-24T16:48:21+00:00
2026-09-21T01:40:00Z,30114.75,30118.25,30114.0,30117.25,86,2026-09-24T16:48:21+00:00
2026-09-21T01:41:00Z,30117.0,30120.0,30115.75,30116.25,53,2026-09-24T16:48:21+00:00
2026-09-21T01:42:00Z,30115.75,30116.5,30108.75,30110.75,116,2026-09-24T16:48:21+00:00
2026-09-21T01:43:00Z,30110.75,30111.25,30109.0,30110.25,37,2026-09-24T16:48:21+00:00
2026-09-21T01:44:00Z,30110.75,30114.25,30109.75,30113.75,26,2026-09-24T16:48:21+00:00
2026-09-21T01:45:00Z,30114.0,30114.0,30108.0,30108.75,56,2026-09-24T16:48:21+00:00
2026-09-21T01:46:00Z,30109.25,30111.0,30106.0,30108.0,225,2026-09-24T16:48:21+00:00
2026-09-21T01:47:00Z,30108.0,30108.25,30094.25,30097.5,448,2026-09-24T16:48:21+00:00
2026-09-21T01:48:00Z,30097.75,30098.25,30089.75,30092.75,149,2026-09-24T16:48:21+00:00
2026-09-21T01:49:00Z,30093.75,30096.75,30088.5,30092.25,181,2026-09-24T16:48:21+00:00
2026-09-21T01:50:00Z,30092.25,30098.0,30083.5,30084.75,281,2026-09-24T16:48:21+00:00
2026-09-21T01:51:00Z,30084.75,30091.0,30084.25,30090.5,175,2026-09-24T16:48:21+00:00
2026-09-21T01:52:00Z,30090.75,30095.25,30087.75,30094.5,140,2026-09-24T16:48:21+00:00
2026-09-21T01:53:00Z,30094.5,30099.25,30094.0,30096.75,132,2026-09-24T16:48:21+00:00
2026-09-21T01:54:00Z,30095.5,30098.0,30091.75,30092.75,106,2026-09-24T16:48:21+00:00
2026-09-21T01:55:00Z,30093.0,30094.25,30087.5,30088.75,99,2026-09-24T16:48:21+00:00
2026-09-21T01:56:00Z,30088.75,30090.0,30085.0,30087.75,100,2026-09-24T16:48:21+00:00
2026-09-21T01:57:00Z,30087.75,30091.0,30085.5,30089.0,56,2026-09-24T16:48:21+00:00
2026-09-21T01:58:00Z,30090.0,30091.0,30073.75,30074.5,454,2026-09-24T16:48:21+00:00
2026-09-21T01:59:00Z,30075.0,30075.25,30069.5,30071.0,219,2026-09-24T16:48:21+00:00
2026-09-21T02:00:00Z,30070.5,30072.5,30065.0,30068.0,255,2026-09-24T16:48:21+00:00
2026-09-21T02:01:00Z,30068.5,30073.0,30064.5,30065.0,142,2026-09-24T16:48:21+00:00
2026-09-21T02:02:00Z,30064.75,30078.0,30063.5,30075.5,170,2026-09-24T16:48:21+00:00
2026-09-21T02:03:00Z,30075.0,30082.0,30074.75,30077.75,137,2026-09-24T16:48:21+00:00
2026-09-21T02:04:00Z,30077.75,30084.75,30076.25,30079.0,132,2026-09-24T16:48:21+00:00
2026-09-21T02:05:00Z,30079.0,30081.75,30072.5,30074.75,122,2026-09-24T16:48:21+00:00
2026-09-21T02:06:00Z,30074.75,30075.0,30071.0,30073.75,108,2026-09-24T16:48:21+00:00
2026-09-21T02:07:00Z,30073.75,30073.75,30070.5,30073.0,50,2026-09-24T16:48:21+00:00
2026-09-21T02:08:00Z,30073.0,30079.5,30073.0,30079.5,119,2026-09-24T16:48:21+00:00
2026-09-21T02:09:00Z,30078.75,30082.5,30078.25,30081.25,57,2026-09-24T16:48:21+00:00
2026-09-21T02:10:00Z,30080.75,30081.25,30075.5,30075.5,46,2026-09-24T16:48:21+00:00
2026-09-21T02:11:00Z,30075.5,30084.75,30075.0,30081.0,86,2026-09-24T16:48:21+00:00
2026-09-21T02:12:00Z,30080.75,30083.5,30080.0,30081.25,50,2026-09-24T16:48:21+00:00
2026-09-21T02:13:00Z,30081.25,30084.0,30079.0,30081.75,55,2026-09-24T16:48:21+00:00
2026-09-21T02:14:00Z,30080.0,30080.0,30076.75,30079.75,36,2026-09-24T16:48:21+00:00
2026-09-21T02:15:00Z,30078.75,30080.0,30076.25,30078.75,31,2026-09-24T16:48:21+00:00
2026-09-21T02:16:00Z,30077.75,30082.5,30072.0,30079.75,117,2026-09-24T16:48:21+00:00
2026-09-21T02:17:00Z,30080.0,30082.0,30075.5,30077.0,80,2026-09-24T16:48:21+00:00
2026-09-21T02:18:00Z,30076.0,30077.25,30073.75,30075.25,60,2026-09-24T16:48:21+00:00
2026-09-21T02:19:00Z,30075.0,30079.5,30075.0,30077.25,40,2026-09-24T16:48:21+00:00
2026-09-21T02:20:00Z,30076.25,30082.5,30074.0,30079.25,139,2026-09-24T16:48:21+00:00
2026-09-21T02:21:00Z,30078.25,30078.25,30074.5,30075.75,52,2026-09-24T16:48:21+00:00
2026-09-21T02:22:00Z,30076.0,30082.0,30076.0,30081.5,52,2026-09-24T16:48:21+00:00
2026-09-21T02:23:00Z,30081.25,30082.5,30078.75,30082.0,91,2026-09-24T16:48:21+00:00
2026-09-21T02:24:00Z,30082.0,30082.0,30073.25,30080.5,267,2026-09-24T16:48:21+00:00
2026-09-21T02:25:00Z,30080.5,30084.25,30079.75,30083.0,75,2026-09-24T16:48:21+00:00
2026-09-21T02:26:00Z,30082.5,30089.0,30080.75,30086.25,230,2026-09-24T16:48:21+00:00
2026-09-21T02:27:00Z,30086.25,30089.5,30083.0,30086.0,256,2026-09-24T16:48:21+00:00
2026-09-21T02:28:00Z,30085.75,30089.0,30084.25,30087.75,47,2026-09-24T16:48:21+00:00
2026-09-21T02:29:00Z,30087.5,30089.5,30086.5,30088.75,44,2026-09-24T16:48:21+00:00
2026-09-21T02:30:00Z,30088.0,30088.0,30078.25,30082.25,172,2026-09-24T16:48:21+00:00
2026-09-21T02:31:00Z,30081.75,30081.75,30069.5,30070.75,218,2026-09-24T16:48:21+00:00
2026-09-21T02:32:00Z,30071.25,30072.75,30068.5,30069.25,123,2026-09-24T16:48:21+00:00
2026-09-21T02:33:00Z,30068.5,30073.5,30068.0,30072.5,71,2026-09-24T16:48:21+00:00
2026-09-21T02:34:00Z,30073.0,30075.0,30072.0,30073.25,72,2026-09-24T16:48:21+00:00
2026-09-21T02:35:00Z,30073.0,30080.5,30073.0,30077.75,70,2026-09-24T16:48:21+00:00
2026-09-21T02:36:00Z,30077.75,30081.0,30077.75,30079.0,45,2026-09-24T16:48:21+00:00
2026-09-21T02:37:00Z,30079.0,30080.5,30075.75,30075.75,51,2026-09-24T16:48:21+00:00
2026-09-21T02:38:00Z,30076.0,30081.75,30076.0,30080.75,42,2026-09-24T16:48:21+00:00
2026-09-21T02:39:00Z,30080.25,30081.75,30078.5,30078.75,50,2026-09-24T16:48:21+00:00
2026-09-21T02:40:00Z,30078.75,30079.25,30073.5,30076.5,71,2026-09-24T16:48:21+00:00
2026-09-21T02:41:00Z,30076.75,30078.0,30074.25,30077.0,15,2026-09-24T16:48:21+00:00
2026-09-21T02:42:00Z,30078.0,30084.0,30078.0,30083.5,74,2026-09-24T16:48:21+00:00
2026-09-21T02:43:00Z,30083.75,30088.0,30081.75,30086.0,107,2026-09-24T16:48:21+00:00
2026-09-21T02:44:00Z,30086.0,30086.0,30080.0,30082.75,42,2026-09-24T16:48:21+00:00
2026-09-21T02:45:00Z,30082.5,30099.25,30079.75,30099.0,408,2026-09-24T16:48:21+00:00
2026-09-21T02:46:00Z,30098.75,30101.75,30095.0,30098.25,223,2026-09-24T16:48:21+00:00
2026-09-21T02:47:00Z,30097.75,30100.0,30097.0,30100.0,80,2026-09-24T16:48:21+00:00
2026-09-21T02:48:00Z,30099.0,30100.75,30096.5,30100.75,58,2026-09-24T16:48:21+00:00
2026-09-21T02:49:00Z,30100.5,30105.0,30098.5,30100.75,186,2026-09-24T16:48:21+00:00
2026-09-21T02:50:00Z,30100.25,30102.5,30098.75,30100.0,54,2026-09-24T16:48:21+00:00
2026-09-21T02:51:00Z,30100.0,30100.25,30090.0,30090.0,133,2026-09-24T16:48:21+00:00
2026-09-21T02:52:00Z,30091.75,30093.75,30090.75,30091.75,87,2026-09-24T16:48:21+00:00
2026-09-21T02:53:00Z,30091.5,30092.0,30089.0,30089.0,35,2026-09-24T16:48:21+00:00
2026-09-21T02:54:00Z,30089.0,30089.0,30079.25,30085.5,204,2026-09-24T16:48:21+00:00
2026-09-21T02:55:00Z,30084.75,30086.5,30083.75,30084.25,68,2026-09-24T16:48:21+00:00
2026-09-21T02:56:00Z,30082.0,30084.5,30076.0,30076.5,172,2026-09-24T16:48:21+00:00
2026-09-21T02:57:00Z,30076.75,30083.0,30076.0,30082.0,97,2026-09-24T16:48:21+00:00
2026-09-21T02:58:00Z,30081.5,30082.75,30078.0,30078.5,50,2026-09-24T16:48:21+00:00
2026-09-21T02:59:00Z,30079.25,30081.25,30077.0,30080.0,81,2026-09-24T16:48:21+00:00
2026-09-21T03:00:00Z,30078.5,30083.5,30078.5,30082.5,14,2026-09-24T16:48:21+00:00
2026-09-21T03:01:00Z,30082.75,30085.0,30080.25,30083.5,115,2026-09-24T16:48:21+00:00
2026-09-21T03:02:00Z,30084.75,30087.75,30081.25,30085.5,118,2026-09-24T16:48:21+00:00
2026-09-21T03:03:00Z,30086.25,30091.5,30085.75,30090.75,45,2026-09-24T16:48:21+00:00
2026-09-21T03:04:00Z,30091.5,30100.75,30091.5,30099.0,245,2026-09-24T16:48:21+00:00
2026-09-21T03:05:00Z,30098.25,30100.25,30097.0,30097.75,79,2026-09-24T16:48:21+00:00
2026-09-21T03:06:00Z,30097.0,30099.0,30094.0,30094.0,97,2026-09-24T16:48:21+00:00
2026-09-21T03:07:00Z,30094.0,30095.0,30092.25,30094.0,36,2026-09-24T16:48:21+00:00
2026-09-21T03:08:00Z,30095.0,30099.25,30094.25,30096.75,44,2026-09-24T16:48:21+00:00
2026-09-21T03:09:00Z,30095.75,30096.75,30093.75,30094.25,47,2026-09-24T16:48:21+00:00
2026-09-21T03:10:00Z,30094.25,30099.5,30094.0,30098.75,36,2026-09-24T16:48:21+00:00
2026-09-21T03:11:00Z,30098.5,30099.0,30090.75,30092.0,48,2026-09-24T16:48:21+00:00
2026-09-21T03:12:00Z,30091.75,30091.75,30089.25,30090.75,63,2026-09-24T16:48:21+00:00
2026-09-21T03:13:00Z,30090.75,30094.5,30090.5,30092.5,30,2026-09-24T16:48:21+00:00
2026-09-21T03:14:00Z,30093.5,30094.75,30092.75,30093.5,29,2026-09-24T16:48:21+00:00
2026-09-21T03:15:00Z,30093.5,30096.5,30092.0,30096.5,31,2026-09-24T16:48:21+00:00
2026-09-21T03:16:00Z,30096.25,30103.25,30095.25,30102.75,81,2026-09-24T16:48:21+00:00
2026-09-21T03:17:00Z,30101.75,30102.25,30099.5,30101.5,49,2026-09-24T16:48:21+00:00
2026-09-21T03:18:00Z,30101.75,30104.75,30101.0,30101.0,63,2026-09-24T16:48:21+00:00
2026-09-21T03:19:00Z,30100.5,30102.25,30100.5,30101.75,15,2026-09-24T16:48:21+00:00
2026-09-21T03:20:00Z,30102.5,30104.5,30101.75,30102.5,114,2026-09-24T16:48:21+00:00
2026-09-21T03:21:00Z,30102.0,30102.0,30098.5,30099.0,54,2026-09-24T16:48:21+00:00
2026-09-21T03:22:00Z,30100.25,30101.5,30097.75,30099.75,40,2026-09-24T16:48:21+00:00
2026-09-21T03:23:00Z,30099.5,30101.25,30099.0,30100.0,17,2026-09-24T16:48:21+00:00
2026-09-21T03:24:00Z,30099.5,30100.5,30099.0,30099.0,11,2026-09-24T16:48:21+00:00
2026-09-21T03:25:00Z,30100.25,30102.25,30100.0,30101.5,18,2026-09-24T16:48:21+00:00
2026-09-21T03:26:00Z,30101.5,30103.75,30100.25,30103.25,22,2026-09-24T16:48:21+00:00
2026-09-21T03:27:00Z,30102.5,30103.0,30099.0,30099.25,41,2026-09-24T16:48:21+00:00
2026-09-21T03:28:00Z,30100.0,30100.0,30094.5,30095.5,59,2026-09-24T16:48:21+00:00
2026-09-21T03:29:00Z,30096.0,30097.0,30092.25,30093.75,46,2026-09-24T16:48:21+00:00
2026-09-21T03:30:00Z,30092.75,30094.75,30090.25,30092.5,94,2026-09-24T16:48:21+00:00
2026-09-21T03:31:00Z,30091.5,30093.0,30087.5,30089.5,71,2026-09-24T16:48:21+00:00
2026-09-21T03:32:00Z,30089.25,30090.75,30082.25,30084.5,212,2026-09-24T16:48:21+00:00
2026-09-21T03:33:00Z,30083.5,30090.75,30083.5,30090.75,114,2026-09-24T16:48:21+00:00
2026-09-21T03:34:00Z,30090.25,30091.5,30088.5,30091.25,56,2026-09-24T16:48:21+00:00
2026-09-21T03:35:00Z,30091.5,30095.25,30089.0,30089.25,139,2026-09-24T16:48:21+00:00
2026-09-21T03:36:00Z,30088.5,30090.5,30086.0,30089.0,84,2026-09-24T16:48:21+00:00
2026-09-21T03:37:00Z,30088.25,30089.75,30083.75,30083.75,80,2026-09-24T16:48:21+00:00
2026-09-21T03:38:00Z,30084.25,30090.0,30084.0,30089.75,35,2026-09-24T16:48:21+00:00
2026-09-21T03:39:00Z,30090.25,30093.5,30089.75,30092.5,42,2026-09-24T16:48:21+00:00
2026-09-21T03:40:00Z,30091.75,30093.0,30089.75,30090.0,25,2026-09-24T16:48:21+00:00
2026-09-21T03:41:00Z,30089.0,30091.75,30088.25,30088.5,17,2026-09-24T16:48:21+00:00
2026-09-21T03:42:00Z,30090.0,30091.25,30090.0,30091.25,10,2026-09-24T16:48:21+00:00
2026-09-21T03:43:00Z,30092.75,30093.0,30091.0,30091.75,21,2026-09-24T16:48:21+00:00
2026-09-21T03:44:00Z,30091.5,30095.0,30091.5,30094.0,81,2026-09-24T16:48:21+00:00
2026-09-21T03:45:00Z,30094.5,30105.5,30094.5,30105.5,257,2026-09-24T16:48:21+00:00
2026-09-21T03:46:00Z,30104.75,30107.0,30102.25,30103.25,95,2026-09-24T16:48:21+00:00
2026-09-21T03:47:00Z,30103.75,30106.5,30102.5,30105.75,40,2026-09-24T16:48:21+00:00
2026-09-21T03:48:00Z,30105.0,30105.0,30099.0,30100.0,80,2026-09-24T16:48:21+00:00
2026-09-21T03:49:00Z,30100.0,30100.0,30094.0,30095.25,116,2026-09-24T16:48:21+00:00
2026-09-21T03:50:00Z,30094.0,30094.25,30090.5,30092.75,103,2026-09-24T16:48:21+00:00
2026-09-21T03:51:00Z,30092.75,30096.75,30092.75,30095.75,22,2026-09-24T16:48:21+00:00
2026-09-21T03:52:00Z,30096.5,30100.5,30096.5,30099.75,28,2026-09-24T16:48:21+00:00
2026-09-21T03:53:00Z,30099.5,30100.0,30097.0,30098.75,40,2026-09-24T16:48:21+00:00
2026-09-21T03:54:00Z,30098.75,30099.75,30097.25,30097.25,13,2026-09-24T16:48:21+00:00
2026-09-21T03:55:00Z,30096.75,30097.0,30091.75,30092.75,54,2026-09-24T16:48:21+00:00
2026-09-21T03:56:00Z,30092.5,30093.25,30089.75,30092.25,55,2026-09-24T16:48:21+00:00
2026-09-21T03:57:00Z,30092.0,30093.0,30090.75,30092.25,13,2026-09-24T16:48:21+00:00
2026-09-21T03:58:00Z,30092.0,30092.25,30088.5,30090.0,53,2026-09-24T16:48:21+00:00
2026-09-21T04:00:00Z,30087.25,30093.0,30087.25,30093.0,63,2026-09-24T16:48:21+00:00
2026-09-21T04:01:00Z,30091.75,30094.75,30090.0,30094.25,37,2026-09-24T16:48:21+00:00
2026-09-21T04:02:00Z,30095.0,30095.75,30090.75,30093.75,40,2026-09-24T16:48:21+00:00
2026-09-21T04:03:00Z,30092.75,30093.0,30089.75,30090.0,38,2026-09-24T16:48:21+00:00
2026-09-21T04:04:00Z,30090.0,30091.5,30083.25,30084.75,80,2026-09-24T16:48:21+00:00
2026-09-21T04:05:00Z,30083.75,30085.25,30078.5,30082.0,134,2026-09-24T16:48:21+00:00
2026-09-21T04:06:00Z,30082.5,30083.5,30073.75,30074.0,119,2026-09-24T16:48:21+00:00
2026-09-21T04:07:00Z,30073.5,30074.25,30071.0,30073.25,113,2026-09-24T16:48:21+00:00
2026-09-21T04:08:00Z,30073.0,30087.5,30073.0,30086.0,231,2026-09-24T16:48:21+00:00
2026-09-21T04:09:00Z,30085.0,30085.25,30079.25,30081.0,81,2026-09-24T16:48:21+00:00
2026-09-21T04:10:00Z,30081.25,30081.5,30079.0,30079.0,46,2026-09-24T16:48:21+00:00
2026-09-21T04:11:00Z,30078.75,30078.75,30072.5,30074.25,55,2026-09-24T16:48:21+00:00
2026-09-21T04:12:00Z,30075.25,30081.25,30075.25,30078.0,118,2026-09-24T16:48:21+00:00
2026-09-21T04:13:00Z,30077.75,30082.75,30077.25,30081.5,37,2026-09-24T16:48:21+00:00
2026-09-21T04:14:00Z,30082.0,30084.5,30080.25,30082.0,25,2026-09-24T16:48:21+00:00
2026-09-21T04:15:00Z,30082.75,30085.0,30082.0,30084.0,35,2026-09-24T16:48:21+00:00
2026-09-21T04:16:00Z,30083.75,30094.5,30083.75,30093.5,140,2026-09-24T16:48:21+00:00
2026-09-21T04:17:00Z,30094.25,30095.25,30091.75,30093.5,50,2026-09-24T16:48:21+00:00
2026-09-21T04:18:00Z,30093.25,30098.25,30092.5,30097.75,62,2026-09-24T16:48:21+00:00
2026-09-21T04:19:00Z,30098.0,30099.75,30096.5,30098.0,78,2026-09-24T16:48:21+00:00
2026-09-21T04:20:00Z,30098.0,30100.75,30096.25,30098.25,91,2026-09-24T16:48:21+00:00
2026-09-21T04:21:00Z,30097.25,30099.25,30096.75,30097.75,26,2026-09-24T16:48:21+00:00
2026-09-21T04:22:00Z,30096.75,30099.0,30096.0,30096.0,35,2026-09-24T16:48:21+00:00
2026-09-21T04:23:00Z,30096.25,30096.25,30088.0,30092.25,102,2026-09-24T16:48:21+00:00
2026-09-21T04:24:00Z,30092.5,30094.0,30092.0,30094.0,16,2026-09-24T16:48:21+00:00
2026-09-21T04:25:00Z,30094.5,30096.25,30093.75,30095.0,24,2026-09-24T16:48:21+00:00
2026-09-21T04:26:00Z,30094.25,30097.0,30092.75,30097.0,40,2026-09-24T16:48:21+00:00
2026-09-21T04:27:00Z,30097.5,30097.5,30095.25,30096.25,16,2026-09-24T16:48:21+00:00
2026-09-21T04:28:00Z,30095.25,30095.5,30094.5,30095.5,7,2026-09-24T16:48:21+00:00
2026-09-21T04:29:00Z,30095.75,30095.75,30093.75,30094.0,10,2026-09-24T16:48:21+00:00
2026-09-21T04:30:00Z,30093.25,30094.5,30086.0,30086.75,70,2026-09-24T16:48:21+00:00
2026-09-21T04:31:00Z,30085.0,30086.25,30081.5,30083.75,73,2026-09-24T16:48:21+00:00
2026-09-21T04:32:00Z,30085.0,30087.0,30083.5,30085.75,51,2026-09-24T16:48:21+00:00
2026-09-21T04:33:00Z,30085.5,30087.0,30085.5,30086.25,22,2026-09-24T16:48:21+00:00
2026-09-21T04:34:00Z,30086.25,30087.25,30085.25,30086.5,30,2026-09-24T16:48:21+00:00
2026-09-21T04:35:00Z,30087.0,30087.0,30080.5,30081.5,48,2026-09-24T16:48:21+00:00
2026-09-21T04:36:00Z,30083.75,30084.5,30082.25,30083.75,23,2026-09-24T16:48:21+00:00
2026-09-21T04:37:00Z,30082.0,30085.0,30082.0,30084.5,27,2026-09-24T16:48:21+00:00
2026-09-21T04:38:00Z,30083.25,30083.25,30082.5,30082.5,6,2026-09-24T16:48:21+00:00
2026-09-21T04:39:00Z,30083.0,30085.75,30082.5,30085.5,32,2026-09-24T16:48:21+00:00
2026-09-21T04:40:00Z,30085.0,30092.5,30084.75,30090.25,53,2026-09-24T16:48:21+00:00
2026-09-21T04:41:00Z,30091.5,30092.25,30089.75,30091.5,18,2026-09-24T16:48:21+00:00
2026-09-21T04:42:00Z,30092.0,30092.25,30090.5,30092.0,33,2026-09-24T16:48:21+00:00
2026-09-21T04:43:00Z,30091.5,30092.25,30088.5,30089.25,36,2026-09-24T16:48:21+00:00
2026-09-21T04:44:00Z,30088.75,30091.0,30088.5,30088.5,13,2026-09-24T16:48:21+00:00
2026-09-21T04:45:00Z,30087.75,30091.75,30087.5,30090.75,27,2026-09-24T16:48:21+00:00
2026-09-21T04:46:00Z,30089.25,30092.0,30089.25,30092.0,18,2026-09-24T16:48:21+00:00
2026-09-21T04:47:00Z,30091.75,30092.0,30090.25,30091.25,7,2026-09-24T16:48:21+00:00
2026-09-21T04:48:00Z,30090.75,30096.0,30090.75,30094.0,49,2026-09-24T16:48:21+00:00
2026-09-21T04:49:00Z,30094.75,30098.0,30093.75,30093.75,41,2026-09-24T16:48:21+00:00
2026-09-21T04:50:00Z,30093.75,30095.0,30093.0,30095.0,24,2026-09-24T16:48:21+00:00
2026-09-21T04:51:00Z,30094.25,30094.75,30092.75,30094.75,29,2026-09-24T16:48:21+00:00
2026-09-21T04:52:00Z,30096.0,30096.5,30092.25,30092.25,31,2026-09-24T16:48:21+00:00
2026-09-21T04:53:00Z,30092.5,30095.0,30091.0,30091.5,63,2026-09-24T16:48:21+00:00
2026-09-21T04:54:00Z,30091.5,30094.0,30091.25,30091.5,19,2026-09-24T16:48:21+00:00
2026-09-21T04:55:00Z,30092.5,30092.5,30089.0,30090.25,23,2026-09-24T16:48:21+00:00
2026-09-21T04:56:00Z,30090.75,30096.25,30090.5,30096.25,35,2026-09-24T16:48:21+00:00
2026-09-21T04:57:00Z,30096.25,30096.25,30094.0,30094.0,26,2026-09-24T16:48:21+00:00
2026-09-21T04:58:00Z,30093.0,30093.5,30089.0,30089.25,43,2026-09-24T16:48:21+00:00
2026-09-21T04:59:00Z,30089.5,30091.5,30089.5,30090.0,33,2026-09-24T16:48:21+00:00
2026-09-21T05:00:00Z,30090.25,30090.75,30086.5,30087.5,42,2026-09-24T16:48:21+00:00
2026-09-21T05:01:00Z,30087.25,30090.0,30086.75,30088.75,36,2026-09-24T16:48:21+00:00
2026-09-21T05:02:00Z,30089.0,30089.0,30084.25,30088.5,31,2026-09-24T16:48:21+00:00
2026-09-21T05:03:00Z,30088.5,30089.75,30086.0,30086.0,16,2026-09-24T16:48:21+00:00
2026-09-21T05:04:00Z,30086.0,30087.75,30083.75,30084.0,17,2026-09-24T16:48:21+00:00
2026-09-21T05:05:00Z,30083.5,30085.0,30081.0,30083.5,41,2026-09-24T16:48:21+00:00
2026-09-21T05:06:00Z,30084.25,30084.5,30082.5,30084.0,22,2026-09-24T16:48:21+00:00
2026-09-21T05:07:00Z,30084.0,30085.5,30083.25,30083.25,11,2026-09-24T16:48:21+00:00
2026-09-21T05:08:00Z,30084.0,30086.0,30082.25,30083.75,33,2026-09-24T16:48:21+00:00
2026-09-21T05:09:00Z,30083.0,30084.25,30080.0,30083.5,38,2026-09-24T16:48:21+00:00
2026-09-21T05:10:00Z,30083.0,30086.0,30082.0,30082.75,37,2026-09-24T16:48:21+00:00
2026-09-21T05:11:00Z,30082.0,30085.0,30082.0,30084.5,17,2026-09-24T16:48:21+00:00
2026-09-21T05:12:00Z,30085.25,30085.25,30082.0,30083.75,17,2026-09-24T16:48:21+00:00
2026-09-21T05:13:00Z,30084.25,30084.25,30081.0,30082.25,22,2026-09-24T16:48:21+00:00
2026-09-21T05:14:00Z,30082.5,30084.25,30080.25,30081.75,37,2026-09-24T16:48:21+00:00
2026-09-21T05:15:00Z,30082.0,30082.75,30079.25,30081.25,55,2026-09-24T16:48:21+00:00
2026-09-21T05:16:00Z,30080.5,30083.0,30079.25,30080.75,51,2026-09-24T16:48:21+00:00
2026-09-21T05:17:00Z,30081.25,30081.25,30077.5,30077.5,62,2026-09-24T16:48:21+00:00
2026-09-21T05:18:00Z,30077.0,30079.25,30075.25,30079.25,66,2026-09-24T16:48:21+00:00
2026-09-21T05:19:00Z,30079.5,30082.75,30077.75,30079.25,72,2026-09-24T16:48:21+00:00
2026-09-21T05:20:00Z,30079.5,30081.5,30079.25,30081.5,27,2026-09-24T16:48:21+00:00
2026-09-21T05:21:00Z,30081.5,30084.25,30079.75,30080.5,44,2026-09-24T16:48:21+00:00
2026-09-21T05:22:00Z,30081.5,30085.75,30081.5,30085.5,35,2026-09-24T16:48:21+00:00
2026-09-21T05:23:00Z,30085.5,30088.5,30084.0,30087.5,42,2026-09-24T16:48:21+00:00
2026-09-21T05:24:00Z,30086.5,30089.25,30085.75,30088.0,33,2026-09-24T16:48:21+00:00
2026-09-21T05:25:00Z,30088.25,30088.25,30082.0,30083.75,38,2026-09-24T16:48:21+00:00
2026-09-21T05:26:00Z,30085.0,30086.0,30083.25,30084.25,35,2026-09-24T16:48:21+00:00
2026-09-21T05:27:00Z,30084.5,30085.25,30082.0,30082.0,15,2026-09-24T16:48:21+00:00
2026-09-21T05:28:00Z,30082.5,30082.5,30078.75,30078.75,63,2026-09-24T16:48:21+00:00
2026-09-21T05:29:00Z,30079.5,30083.25,30079.5,30081.75,27,2026-09-24T16:48:21+00:00
2026-09-21T05:30:00Z,30081.25,30087.0,30081.0,30083.25,53,2026-09-24T16:48:21+00:00
2026-09-21T05:31:00Z,30083.5,30094.0,30083.5,30093.75,139,2026-09-24T16:48:21+00:00
2026-09-21T05:32:00Z,30093.25,30094.5,30079.5,30082.25,100,2026-09-24T16:48:21+00:00
2026-09-21T05:33:00Z,30082.0,30086.0,30077.5,30085.5,80,2026-09-24T16:48:21+00:00
2026-09-21T05:34:00Z,30085.5,30090.75,30085.25,30089.25,52,2026-09-24T16:48:21+00:00
2026-09-21T05:35:00Z,30089.25,30090.75,30083.5,30089.75,38,2026-09-24T16:48:21+00:00
2026-09-21T05:36:00Z,30089.5,30096.0,30089.5,30093.0,92,2026-09-24T16:48:21+00:00
2026-09-21T05:37:00Z,30092.75,30098.25,30091.25,30097.0,98,2026-09-24T16:48:21+00:00
2026-09-21T05:38:00Z,30097.5,30103.0,30096.5,30102.5,98,2026-09-24T16:48:21+00:00
2026-09-21T05:39:00Z,30102.5,30102.5,30092.0,30095.5,114,2026-09-24T16:48:21+00:00
2026-09-21T05:40:00Z,30096.0,30111.75,30095.5,30109.0,397,2026-09-24T16:48:21+00:00
2026-09-21T05:41:00Z,30109.5,30109.75,30097.75,30099.25,206,2026-09-24T16:48:21+00:00
2026-09-21T05:42:00Z,30100.0,30102.25,30095.5,30097.75,84,2026-09-24T16:48:21+00:00
2026-09-21T05:43:00Z,30099.0,30100.0,30097.75,30097.75,27,2026-09-24T16:48:21+00:00
2026-09-21T05:44:00Z,30098.0,30100.25,30097.5,30098.5,28,2026-09-24T16:48:21+00:00
2026-09-21T05:45:00Z,30097.5,30101.5,30095.75,30098.0,68,2026-09-24T16:48:21+00:00
2026-09-21T05:46:00Z,30098.0,30102.5,30096.75,30098.5,71,2026-09-24T16:48:21+00:00
2026-09-21T05:47:00Z,30098.25,30098.25,30093.25,30096.0,60,2026-09-24T16:48:21+00:00
2026-09-21T05:48:00Z,30094.75,30095.0,30084.0,30084.75,171,2026-09-24T16:48:21+00:00
2026-09-21T05:49:00Z,30085.0,30088.25,30084.25,30085.0,87,2026-09-24T16:48:21+00:00
2026-09-21T05:50:00Z,30085.25,30087.5,30082.5,30085.0,42,2026-09-24T16:48:21+00:00
2026-09-21T05:51:00Z,30087.0,30088.0,30083.75,30086.75,30,2026-09-24T16:48:21+00:00
2026-09-21T05:52:00Z,30086.5,30090.5,30086.0,30090.5,37,2026-09-24T16:48:21+00:00
2026-09-21T05:53:00Z,30090.5,30097.25,30089.5,30095.5,42,2026-09-24T16:48:21+00:00
2026-09-21T05:54:00Z,30095.0,30095.0,30088.75,30091.25,50,2026-09-24T16:48:21+00:00
2026-09-21T05:55:00Z,30089.25,30091.5,30088.5,30089.0,30,2026-09-24T16:48:21+00:00
2026-09-21T05:56:00Z,30090.25,30092.0,30089.25,30091.5,22,2026-09-24T16:48:21+00:00
2026-09-21T05:57:00Z,30090.75,30093.0,30087.25,30090.25,52,2026-09-24T16:48:21+00:00
2026-09-21T05:58:00Z,30090.5,30092.0,30089.5,30090.75,24,2026-09-24T16:48:21+00:00
2026-09-21T05:59:00Z,30090.5,30092.25,30089.75,30090.75,47,2026-09-24T16:48:21+00:00
2026-09-21T06:00:00Z,30090.5,30105.5,30090.5,30105.0,248,2026-09-24T16:48:21+00:00
2026-09-21T06:01:00Z,30104.5,30106.0,30100.75,30105.75,99,2026-09-24T16:48:21+00:00
2026-09-21T06:02:00Z,30104.5,30106.25,30103.0,30103.0,83,2026-09-24T16:48:21+00:00
2026-09-21T06:03:00Z,30104.25,30105.75,30102.25,30104.25,102,2026-09-24T16:48:21+00:00
2026-09-21T06:04:00Z,30104.75,30108.5,30102.0,30108.0,102,2026-09-24T16:48:21+00:00
2026-09-21T06:05:00Z,30107.5,30108.5,30104.75,30106.75,109,2026-09-24T16:48:21+00:00
2026-09-21T06:06:00Z,30106.75,30109.5,30103.75,30106.5,143,2026-09-24T16:48:21+00:00
2026-09-21T06:07:00Z,30108.0,30110.25,30105.0,30109.0,85,2026-09-24T16:48:21+00:00
2026-09-21T06:08:00Z,30109.5,30111.0,30104.0,30110.5,63,2026-09-24T16:48:21+00:00
2026-09-21T06:09:00Z,30110.25,30115.0,30109.0,30114.0,116,2026-09-24T16:48:21+00:00
2026-09-21T06:10:00Z,30113.5,30115.75,30112.0,30113.75,111,2026-09-24T16:48:21+00:00
2026-09-21T06:11:00Z,30114.75,30115.5,30112.0,30113.75,73,2026-09-24T16:48:21+00:00
2026-09-21T06:12:00Z,30114.0,30121.5,30108.0,30111.25,304,2026-09-24T16:48:21+00:00
2026-09-21T06:13:00Z,30111.25,30111.5,30107.0,30110.5,82,2026-09-24T16:48:21+00:00
2026-09-21T06:14:00Z,30110.0,30113.5,30106.0,30113.25,133,2026-09-24T16:48:21+00:00
2026-09-21T06:15:00Z,30112.0,30115.25,30108.25,30114.75,126,2026-09-24T16:48:21+00:00
2026-09-21T06:16:00Z,30114.75,30120.5,30113.75,30119.25,101,2026-09-24T16:48:21+00:00
2026-09-21T06:17:00Z,30119.75,30122.5,30118.25,30120.5,123,2026-09-24T16:48:21+00:00
2026-09-21T06:18:00Z,30120.25,30123.0,30117.75,30123.0,100,2026-09-24T16:48:21+00:00
2026-09-21T06:19:00Z,30123.0,30125.0,30113.0,30116.25,249,2026-09-24T16:48:21+00:00
2026-09-21T06:20:00Z,30116.0,30118.5,30113.0,30114.0,70,2026-09-24T16:48:21+00:00
2026-09-21T06:21:00Z,30114.0,30118.5,30110.25,30117.5,124,2026-09-24T16:48:21+00:00
2026-09-21T06:22:00Z,30117.75,30118.0,30110.75,30112.25,103,2026-09-24T16:48:21+00:00
2026-09-21T06:23:00Z,30113.0,30114.0,30110.75,30111.75,55,2026-09-24T16:48:21+00:00
2026-09-21T06:24:00Z,30112.5,30113.25,30108.75,30111.5,68,2026-09-24T16:48:21+00:00
2026-09-21T06:25:00Z,30112.0,30115.25,30110.0,30114.5,118,2026-09-24T16:48:21+00:00
2026-09-21T06:26:00Z,30115.5,30115.5,30107.0,30108.75,94,2026-09-24T16:48:21+00:00
2026-09-21T06:27:00Z,30109.0,30110.75,30108.0,30110.25,28,2026-09-24T16:48:21+00:00
2026-09-21T06:28:00Z,30111.25,30112.75,30102.75,30105.75,104,2026-09-24T16:48:21+00:00
2026-09-21T06:29:00Z,30106.0,30108.25,30105.5,30108.0,66,2026-09-24T16:48:21+00:00
2026-09-21T06:30:00Z,30108.25,30112.0,30106.5,30108.0,71,2026-09-24T16:48:21+00:00
2026-09-21T06:31:00Z,30108.75,30114.5,30108.75,30110.25,47,2026-09-24T16:48:21+00:00
2026-09-21T06:32:00Z,30109.75,30112.5,30108.5,30112.0,59,2026-09-24T16:48:21+00:00
2026-09-21T06:33:00Z,30111.25,30113.25,30109.75,30113.25,31,2026-09-24T16:48:21+00:00
2026-09-21T06:34:00Z,30113.25,30120.25,30113.25,30120.25,56,2026-09-24T16:48:21+00:00
2026-09-21T06:35:00Z,30119.75,30120.0,30115.0,30116.0,53,2026-09-24T16:48:21+00:00
2026-09-21T06:36:00Z,30118.0,30122.75,30118.0,30121.25,91,2026-09-24T16:48:21+00:00
2026-09-21T06:37:00Z,30122.0,30123.0,30120.0,30122.5,40,2026-09-24T16:48:21+00:00
2026-09-21T06:38:00Z,30123.5,30123.5,30118.5,30121.0,79,2026-09-24T16:48:21+00:00
2026-09-21T06:39:00Z,30121.0,30122.0,30118.75,30122.0,60,2026-09-24T16:48:21+00:00
2026-09-21T06:40:00Z,30121.5,30123.75,30120.25,30121.25,43,2026-09-24T16:48:21+00:00
2026-09-21T06:41:00Z,30121.5,30121.75,30118.75,30119.75,31,2026-09-24T16:48:21+00:00
2026-09-21T06:42:00Z,30119.75,30121.25,30117.0,30118.0,53,2026-09-24T16:48:21+00:00
2026-09-21T06:43:00Z,30118.25,30119.0,30117.25,30118.5,33,2026-09-24T16:48:21+00:00
2026-09-21T06:44:00Z,30118.0,30121.0,30118.0,30121.0,23,2026-09-24T16:48:21+00:00
2026-09-21T06:45:00Z,30121.25,30125.75,30120.75,30124.5,86,2026-09-24T16:48:21+00:00
2026-09-21T06:46:00Z,30124.75,30129.5,30124.75,30128.25,180,2026-09-24T16:48:21+00:00
2026-09-21T06:47:00Z,30128.25,30134.75,30127.25,30133.75,262,2026-09-24T16:48:21+00:00
2026-09-21T06:48:00Z,30133.0,30135.25,30131.0,30135.25,142,2026-09-24T16:48:21+00:00
2026-09-21T06:49:00Z,30134.75,30136.5,30133.5,30135.0,117,2026-09-24T16:48:21+00:00
2026-09-21T06:50:00Z,30134.75,30136.0,30128.0,30128.0,128,2026-09-24T16:48:21+00:00
2026-09-21T06:51:00Z,30128.25,30134.0,30127.75,30129.75,109,2026-09-24T16:48:21+00:00
2026-09-21T06:52:00Z,30129.5,30133.0,30127.75,30130.75,81,2026-09-24T16:48:21+00:00
2026-09-21T06:53:00Z,30131.0,30132.0,30121.25,30124.0,147,2026-09-24T16:48:21+00:00
2026-09-21T06:54:00Z,30124.0,30125.5,30117.25,30124.75,167,2026-09-24T16:48:21+00:00
2026-09-21T06:55:00Z,30125.0,30131.5,30124.25,30130.75,73,2026-09-24T16:48:21+00:00
2026-09-21T06:56:00Z,30131.25,30134.5,30128.25,30133.0,70,2026-09-24T16:48:21+00:00
2026-09-21T06:57:00Z,30133.75,30134.75,30132.25,30134.25,61,2026-09-24T16:48:21+00:00
2026-09-21T06:58:00Z,30133.5,30136.5,30131.5,30135.5,77,2026-09-24T16:48:21+00:00
2026-09-21T06:59:00Z,30135.75,30144.5,30132.75,30141.5,438,2026-09-24T16:48:21+00:00
2026-09-21T07:00:00Z,30142.0,30146.5,30137.5,30139.5,494,2026-09-24T16:48:21+00:00
2026-09-21T07:01:00Z,30141.0,30141.0,30131.75,30135.25,191,2026-09-24T16:48:21+00:00
2026-09-21T07:02:00Z,30135.25,30139.75,30134.5,30137.75,138,2026-09-24T16:48:21+00:00
2026-09-21T07:03:00Z,30137.75,30156.75,30137.0,30155.25,415,2026-09-24T16:48:21+00:00
2026-09-21T07:04:00Z,30156.0,30162.0,30153.75,30160.0,316,2026-09-24T16:48:21+00:00
2026-09-21T07:05:00Z,30159.5,30160.25,30148.25,30156.5,230,2026-09-24T16:48:21+00:00
2026-09-21T07:06:00Z,30157.0,30158.5,30150.0,30151.5,96,2026-09-24T16:48:21+00:00
2026-09-21T07:07:00Z,30152.0,30155.0,30149.5,30152.75,156,2026-09-24T16:48:21+00:00
2026-09-21T07:08:00Z,30154.0,30157.75,30150.0,30151.0,113,2026-09-24T16:48:21+00:00
2026-09-21T07:09:00Z,30151.5,30161.5,30149.75,30155.75,201,2026-09-24T16:48:21+00:00
2026-09-21T07:10:00Z,30156.75,30156.75,30140.75,30142.0,179,2026-09-24T16:48:21+00:00
2026-09-21T07:11:00Z,30141.0,30143.25,30137.25,30140.25,136,2026-09-24T16:48:21+00:00
2026-09-21T07:12:00Z,30140.5,30142.5,30135.25,30136.5,215,2026-09-24T16:48:21+00:00
2026-09-21T07:13:00Z,30135.75,30147.5,30135.75,30143.25,138,2026-09-24T16:48:21+00:00
2026-09-21T07:14:00Z,30142.5,30155.25,30141.5,30153.0,158,2026-09-24T16:48:21+00:00
2026-09-21T07:15:00Z,30153.25,30155.75,30148.5,30148.75,141,2026-09-24T16:48:21+00:00
2026-09-21T07:16:00Z,30149.75,30152.25,30146.0,30152.25,162,2026-09-24T16:48:21+00:00
2026-09-21T07:17:00Z,30151.25,30154.0,30146.25,30150.0,200,2026-09-24T16:48:21+00:00
2026-09-21T07:18:00Z,30151.0,30154.0,30147.0,30151.25,95,2026-09-24T16:48:21+00:00
2026-09-21T07:19:00Z,30152.0,30154.0,30150.25,30150.25,80,2026-09-24T16:48:21+00:00
2026-09-21T07:20:00Z,30151.75,30152.0,30144.25,30144.75,119,2026-09-24T16:48:21+00:00
2026-09-21T07:21:00Z,30145.0,30146.5,30142.75,30145.0,82,2026-09-24T16:48:21+00:00
2026-09-21T07:22:00Z,30143.5,30143.5,30138.0,30138.75,103,2026-09-24T16:48:21+00:00
2026-09-21T07:23:00Z,30138.5,30138.75,30132.0,30132.75,172,2026-09-24T16:48:21+00:00
2026-09-21T07:24:00Z,30132.0,30136.0,30130.25,30135.5,78,2026-09-24T16:48:21+00:00
2026-09-21T07:25:00Z,30135.5,30135.75,30129.5,30129.75,67,2026-09-24T16:48:21+00:00
2026-09-21T07:26:00Z,30130.25,30133.25,30126.0,30129.5,106,2026-09-24T16:48:21+00:00
2026-09-21T07:27:00Z,30128.25,30141.5,30128.0,30140.0,155,2026-09-24T16:48:21+00:00
2026-09-21T07:28:00Z,30139.0,30142.25,30136.0,30138.0,135,2026-09-24T16:48:21+00:00
2026-09-21T07:29:00Z,30138.25,30150.75,30138.25,30148.0,263,2026-09-24T16:48:21+00:00
2026-09-21T07:30:00Z,30149.25,30154.25,30146.75,30150.0,115,2026-09-24T16:48:21+00:00
2026-09-21T07:31:00Z,30149.75,30154.75,30149.0,30154.25,130,2026-09-24T16:48:21+00:00
2026-09-21T07:32:00Z,30155.0,30155.25,30145.0,30147.25,140,2026-09-24T16:48:21+00:00
2026-09-21T07:33:00Z,30146.0,30151.0,30142.75,30149.5,107,2026-09-24T16:48:21+00:00
2026-09-21T07:34:00Z,30148.5,30150.0,30145.0,30147.0,97,2026-09-24T16:48:21+00:00
2026-09-21T07:35:00Z,30147.5,30148.0,30146.0,30148.0,49,2026-09-24T16:48:21+00:00
2026-09-21T07:36:00Z,30145.25,30147.75,30145.0,30147.5,30,2026-09-24T16:48:21+00:00
2026-09-21T07:37:00Z,30148.5,30154.0,30147.0,30151.5,126,2026-09-24T16:48:21+00:00
2026-09-21T07:38:00Z,30151.5,30157.0,30151.25,30152.75,71,2026-09-24T16:48:21+00:00
2026-09-21T07:39:00Z,30153.0,30153.25,30145.5,30152.75,149,2026-09-24T16:48:21+00:00
2026-09-21T07:40:00Z,30151.5,30151.75,30144.75,30146.25,69,2026-09-24T16:48:21+00:00
2026-09-21T07:41:00Z,30146.25,30148.5,30141.25,30142.25,154,2026-09-24T16:48:21+00:00
2026-09-21T07:42:00Z,30142.75,30150.25,30142.75,30148.75,143,2026-09-24T16:48:21+00:00
2026-09-21T07:43:00Z,30149.25,30149.75,30138.25,30139.75,111,2026-09-24T16:48:21+00:00
2026-09-21T07:44:00Z,30139.5,30146.75,30139.25,30144.75,86,2026-09-24T16:48:21+00:00
2026-09-21T07:45:00Z,30144.5,30150.25,30142.0,30147.5,165,2026-09-24T16:48:21+00:00
2026-09-21T07:46:00Z,30148.0,30149.5,30140.5,30141.0,110,2026-09-24T16:48:21+00:00
2026-09-21T07:47:00Z,30142.25,30148.75,30140.0,30146.75,62,2026-09-24T16:48:21+00:00
2026-09-21T07:48:00Z,30146.25,30151.5,30145.0,30151.25,77,2026-09-24T16:48:21+00:00
2026-09-21T07:49:00Z,30151.5,30152.0,30145.0,30150.25,86,2026-09-24T16:48:21+00:00
2026-09-21T07:50:00Z,30150.75,30167.5,30149.75,30161.0,482,2026-09-24T16:48:21+00:00
2026-09-21T07:51:00Z,30161.25,30171.5,30160.0,30169.25,247,2026-09-24T16:48:21+00:00
2026-09-21T07:52:00Z,30169.75,30173.25,30168.75,30171.0,152,2026-09-24T16:48:21+00:00
2026-09-21T07:53:00Z,30171.0,30175.0,30169.75,30173.75,114,2026-09-24T16:48:21+00:00
2026-09-21T07:54:00Z,30174.5,30178.0,30173.5,30177.75,116,2026-09-24T16:48:21+00:00
2026-09-21T07:55:00Z,30177.25,30182.5,30177.25,30180.5,184,2026-09-24T16:48:21+00:00
2026-09-21T07:56:00Z,30180.75,30182.75,30178.5,30181.5,141,2026-09-24T16:48:21+00:00
2026-09-21T07:57:00Z,30182.5,30186.25,30180.75,30186.25,137,2026-09-24T16:48:21+00:00
2026-09-21T07:58:00Z,30185.5,30188.25,30181.5,30183.75,155,2026-09-24T16:48:21+00:00
2026-09-21T07:59:00Z,30183.5,30183.5,30177.5,30178.75,95,2026-09-24T16:48:21+00:00
2026-09-21T08:00:00Z,30178.5,30192.75,30172.5,30191.25,446,2026-09-24T16:48:21+00:00
2026-09-21T08:01:00Z,30191.75,30195.75,30189.5,30195.75,192,2026-09-24T16:48:21+00:00
2026-09-21T08:02:00Z,30196.0,30203.75,30194.25,30201.25,412,2026-09-24T16:48:21+00:00
2026-09-21T08:03:00Z,30200.75,30214.0,30199.0,30209.0,408,2026-09-24T16:48:21+00:00
2026-09-21T08:04:00Z,30209.5,30211.0,30201.0,30202.25,200,2026-09-24T16:48:21+00:00
2026-09-21T08:05:00Z,30202.25,30204.0,30184.75,30186.5,257,2026-09-24T16:48:21+00:00
2026-09-21T08:06:00Z,30187.0,30204.75,30186.25,30201.0,321,2026-09-24T16:48:21+00:00
2026-09-21T08:07:00Z,30202.25,30202.25,30194.0,30194.5,135,2026-09-24T16:48:21+00:00
2026-09-21T08:08:00Z,30197.0,30202.25,30196.5,30200.0,138,2026-09-24T16:48:21+00:00
2026-09-21T08:09:00Z,30199.5,30208.75,30195.25,30207.5,241,2026-09-24T16:48:21+00:00
2026-09-21T08:10:00Z,30208.0,30211.25,30205.5,30208.5,214,2026-09-24T16:48:21+00:00
2026-09-21T08:11:00Z,30207.5,30210.5,30206.0,30208.25,112,2026-09-24T16:48:21+00:00
2026-09-21T08:12:00Z,30208.75,30215.0,30208.0,30214.0,197,2026-09-24T16:48:21+00:00
2026-09-21T08:13:00Z,30213.5,30214.0,30202.25,30203.25,198,2026-09-24T16:48:21+00:00
2026-09-21T08:14:00Z,30204.5,30206.0,30202.5,30204.5,93,2026-09-24T16:48:21+00:00
2026-09-21T08:15:00Z,30205.25,30208.25,30203.75,30203.75,51,2026-09-24T16:48:21+00:00
2026-09-21T08:16:00Z,30205.0,30207.0,30203.5,30206.0,50,2026-09-24T16:48:21+00:00
2026-09-21T08:17:00Z,30204.75,30205.25,30202.75,30202.75,32,2026-09-24T16:48:21+00:00
2026-09-21T08:18:00Z,30202.0,30202.0,30197.5,30197.75,97,2026-09-24T16:48:21+00:00
2026-09-21T08:19:00Z,30197.5,30203.25,30195.75,30197.75,138,2026-09-24T16:48:21+00:00
2026-09-21T08:20:00Z,30198.0,30201.5,30191.25,30199.0,141,2026-09-24T16:48:21+00:00
2026-09-21T08:21:00Z,30198.25,30200.75,30195.0,30200.5,88,2026-09-24T16:48:21+00:00
2026-09-21T08:22:00Z,30200.5,30207.0,30196.25,30206.5,151,2026-09-24T16:48:21+00:00
2026-09-21T08:23:00Z,30207.0,30212.25,30206.0,30208.25,108,2026-09-24T16:48:21+00:00
2026-09-21T08:24:00Z,30209.0,30211.25,30207.25,30209.5,79,2026-09-24T16:48:21+00:00
2026-09-21T08:25:00Z,30209.5,30214.0,30202.5,30203.5,205,2026-09-24T16:48:21+00:00
2026-09-21T08:26:00Z,30203.5,30205.25,30199.25,30203.0,249,2026-09-24T16:48:21+00:00
2026-09-21T08:27:00Z,30203.5,30206.25,30202.0,30205.25,42,2026-09-24T16:48:21+00:00
2026-09-21T08:28:00Z,30204.5,30210.0,30204.5,30208.5,41,2026-09-24T16:48:21+00:00
2026-09-21T08:29:00Z,30207.5,30208.75,30198.25,30198.75,120,2026-09-24T16:48:21+00:00
2026-09-21T08:30:00Z,30198.75,30207.75,30197.5,30206.5,126,2026-09-24T16:48:21+00:00
2026-09-21T08:31:00Z,30207.0,30215.25,30205.5,30211.25,136,2026-09-24T16:48:21+00:00
2026-09-21T08:32:00Z,30214.0,30230.25,30211.0,30229.25,398,2026-09-24T16:48:21+00:00
2026-09-21T08:33:00Z,30229.5,30231.0,30226.75,30227.25,119,2026-09-24T16:48:21+00:00
2026-09-21T08:34:00Z,30227.0,30228.0,30221.75,30223.5,225,2026-09-24T16:48:21+00:00
2026-09-21T08:35:00Z,30224.5,30225.75,30221.0,30224.75,74,2026-09-24T16:48:21+00:00
2026-09-21T08:36:00Z,30224.0,30229.75,30221.0,30224.5,151,2026-09-24T16:48:21+00:00
2026-09-21T08:37:00Z,30223.25,30225.0,30219.25,30222.0,114,2026-09-24T16:48:21+00:00
2026-09-21T08:38:00Z,30221.25,30228.0,30220.0,30224.0,103,2026-09-24T16:48:21+00:00
2026-09-21T08:39:00Z,30225.75,30226.25,30222.25,30225.5,68,2026-09-24T16:48:21+00:00
2026-09-21T08:40:00Z,30225.0,30226.75,30220.75,30223.5,65,2026-09-24T16:48:21+00:00
2026-09-21T08:41:00Z,30224.0,30234.75,30223.5,30233.0,147,2026-09-24T16:48:21+00:00
2026-09-21T08:42:00Z,30232.5,30233.5,30229.5,30231.0,74,2026-09-24T16:48:21+00:00
2026-09-21T08:43:00Z,30231.5,30237.5,30231.5,30233.25,156,2026-09-24T16:48:21+00:00
2026-09-21T08:44:00Z,30233.0,30234.25,30230.75,30234.25,123,2026-09-24T16:48:21+00:00
2026-09-21T08:45:00Z,30232.75,30233.0,30228.0,30230.25,158,2026-09-24T16:48:21+00:00
2026-09-21T08:46:00Z,30231.5,30233.25,30228.0,30229.5,65,2026-09-24T16:48:21+00:00
2026-09-21T08:47:00Z,30230.0,30234.0,30222.0,30227.75,131,2026-09-24T16:48:21+00:00
2026-09-21T08:48:00Z,30227.0,30232.25,30226.0,30232.25,67,2026-09-24T16:48:21+00:00
2026-09-21T08:49:00Z,30231.5,30235.0,30230.75,30230.75,64,2026-09-24T16:48:21+00:00
2026-09-21T08:50:00Z,30230.0,30232.25,30224.5,30229.0,69,2026-09-24T16:48:21+00:00
2026-09-21T08:51:00Z,30229.75,30231.5,30227.25,30227.25,33,2026-09-24T16:48:21+00:00
2026-09-21T08:52:00Z,30228.25,30229.5,30226.0,30229.5,48,2026-09-24T16:48:21+00:00
2026-09-21T08:53:00Z,30229.75,30234.5,30229.75,30233.0,90,2026-09-24T16:48:21+00:00
2026-09-21T08:54:00Z,30233.75,30236.5,30226.0,30227.75,227,2026-09-24T16:48:21+00:00
2026-09-21T08:55:00Z,30228.25,30231.25,30224.75,30231.0,63,2026-09-24T16:48:21+00:00
2026-09-21T08:56:00Z,30230.75,30232.25,30226.5,30227.75,90,2026-09-24T16:48:21+00:00
2026-09-21T08:57:00Z,30229.0,30234.5,30227.25,30232.0,82,2026-09-24T16:48:21+00:00
2026-09-21T08:58:00Z,30231.75,30235.25,30231.0,30232.5,66,2026-09-24T16:48:21+00:00
2026-09-21T08:59:00Z,30235.25,30237.75,30232.5,30234.5,132,2026-09-24T16:48:21+00:00
2026-09-21T09:00:00Z,30234.75,30235.5,30229.25,30233.25,109,2026-09-24T16:48:21+00:00
2026-09-21T09:01:00Z,30233.5,30235.25,30230.0,30234.75,58,2026-09-24T16:48:21+00:00
2026-09-21T09:02:00Z,30233.75,30237.0,30231.5,30233.5,56,2026-09-24T16:48:21+00:00
2026-09-21T09:03:00Z,30234.5,30237.5,30230.25,30236.75,52,2026-09-24T16:48:21+00:00
2026-09-21T09:04:00Z,30237.0,30237.0,30229.25,30231.0,118,2026-09-24T16:48:21+00:00
2026-09-21T09:05:00Z,30229.5,30233.5,30228.5,30232.75,38,2026-09-24T16:48:21+00:00
2026-09-21T09:06:00Z,30235.0,30239.75,30233.75,30237.0,85,2026-09-24T16:48:21+00:00
2026-09-21T09:07:00Z,30237.5,30243.0,30237.5,30243.0,129,2026-09-24T16:48:21+00:00
2026-09-21T09:08:00Z,30242.75,30249.75,30242.75,30247.25,227,2026-09-24T16:48:21+00:00
2026-09-21T09:09:00Z,30247.25,30249.0,30240.25,30240.25,97,2026-09-24T16:48:21+00:00
2026-09-21T09:10:00Z,30241.0,30245.25,30237.75,30237.75,135,2026-09-24T16:48:21+00:00
2026-09-21T09:11:00Z,30239.5,30242.25,30230.25,30241.0,251,2026-09-24T16:48:21+00:00
2026-09-21T09:12:00Z,30240.75,30243.0,30240.0,30243.0,33,2026-09-24T16:48:21+00:00
2026-09-21T09:13:00Z,30241.5,30242.5,30236.25,30239.75,58,2026-09-24T16:48:21+00:00
2026-09-21T09:14:00Z,30239.75,30243.0,30239.0,30241.0,65,2026-09-24T16:48:21+00:00
2026-09-21T09:15:00Z,30239.0,30248.0,30238.25,30245.5,120,2026-09-24T16:48:21+00:00
2026-09-21T09:16:00Z,30245.25,30246.0,30239.5,30241.0,62,2026-09-24T16:48:21+00:00
2026-09-21T09:17:00Z,30240.0,30240.0,30234.0,30239.25,82,2026-09-24T16:48:21+00:00
2026-09-21T09:18:00Z,30238.25,30240.75,30234.0,30234.75,55,2026-09-24T16:48:21+00:00
2026-09-21T09:19:00Z,30235.0,30236.0,30233.0,30236.0,64,2026-09-24T16:48:21+00:00
2026-09-21T09:20:00Z,30236.5,30237.25,30233.25,30233.75,42,2026-09-24T16:48:21+00:00
2026-09-21T09:21:00Z,30232.5,30237.25,30232.5,30236.75,62,2026-09-24T16:48:21+00:00
2026-09-21T09:22:00Z,30237.5,30247.5,30237.0,30246.75,104,2026-09-24T16:48:21+00:00
2026-09-21T09:23:00Z,30247.75,30249.5,30244.0,30247.0,117,2026-09-24T16:48:21+00:00
2026-09-21T09:24:00Z,30247.5,30248.0,30244.75,30247.25,31,2026-09-24T16:48:21+00:00
2026-09-21T09:25:00Z,30245.75,30250.0,30242.75,30247.0,126,2026-09-24T16:48:21+00:00
2026-09-21T09:26:00Z,30245.75,30256.25,30245.75,30254.0,217,2026-09-24T16:48:21+00:00
2026-09-21T09:27:00Z,30254.5,30262.5,30253.75,30260.25,262,2026-09-24T16:48:21+00:00
2026-09-21T09:28:00Z,30260.25,30261.0,30253.25,30254.0,128,2026-09-24T16:48:21+00:00
2026-09-21T09:29:00Z,30254.25,30254.5,30247.75,30247.75,77,2026-09-24T16:48:21+00:00
2026-09-21T09:30:00Z,30247.0,30248.5,30243.75,30247.5,126,2026-09-24T16:48:21+00:00
2026-09-21T09:31:00Z,30248.0,30249.0,30241.0,30241.75,86,2026-09-24T16:48:21+00:00
2026-09-21T09:32:00Z,30242.25,30246.5,30239.75,30245.5,158,2026-09-24T16:48:21+00:00
2026-09-21T09:33:00Z,30246.0,30248.5,30243.75,30246.25,45,2026-09-24T16:48:21+00:00
2026-09-21T09:34:00Z,30246.0,30250.75,30246.0,30249.0,58,2026-09-24T16:48:21+00:00
2026-09-21T09:35:00Z,30250.0,30252.25,30248.0,30251.75,86,2026-09-24T16:48:21+00:00
2026-09-21T09:36:00Z,30252.5,30254.75,30249.0,30249.75,53,2026-09-24T16:48:21+00:00
2026-09-21T09:37:00Z,30250.0,30253.0,30249.5,30252.75,37,2026-09-24T16:48:21+00:00
2026-09-21T09:38:00Z,30251.5,30255.75,30251.5,30253.25,33,2026-09-24T16:48:21+00:00
2026-09-21T09:39:00Z,30253.75,30255.5,30252.0,30254.25,21,2026-09-24T16:48:21+00:00
2026-09-21T09:40:00Z,30254.0,30254.5,30251.25,30251.5,55,2026-09-24T16:48:21+00:00
2026-09-21T09:41:00Z,30252.75,30259.75,30252.75,30257.5,98,2026-09-24T16:48:21+00:00
2026-09-21T09:42:00Z,30257.0,30257.25,30254.25,30254.25,23,2026-09-24T16:48:21+00:00
2026-09-21T09:43:00Z,30256.5,30257.75,30256.0,30257.0,15,2026-09-24T16:48:21+00:00
2026-09-21T09:44:00Z,30257.5,30260.0,30256.25,30257.75,54,2026-09-24T16:48:21+00:00
2026-09-21T09:45:00Z,30258.0,30258.75,30255.5,30257.25,52,2026-09-24T16:48:21+00:00
2026-09-21T09:46:00Z,30257.5,30258.75,30254.5,30256.25,85,2026-09-24T16:48:21+00:00
2026-09-21T09:47:00Z,30257.25,30259.0,30256.5,30257.5,55,2026-09-24T16:48:21+00:00
2026-09-21T09:48:00Z,30257.5,30264.0,30257.0,30262.5,155,2026-09-24T16:48:21+00:00
2026-09-21T09:49:00Z,30262.75,30262.75,30253.25,30254.75,162,2026-09-24T16:48:21+00:00
2026-09-21T09:50:00Z,30255.0,30259.25,30255.0,30257.0,72,2026-09-24T16:48:21+00:00
2026-09-21T09:51:00Z,30255.75,30259.75,30255.25,30256.25,40,2026-09-24T16:48:21+00:00
2026-09-21T09:52:00Z,30255.75,30258.25,30253.5,30254.5,80,2026-09-24T16:48:21+00:00
2026-09-21T09:53:00Z,30253.5,30256.0,30251.0,30253.0,117,2026-09-24T16:48:21+00:00
2026-09-21T09:54:00Z,30253.0,30257.5,30250.75,30254.25,111,2026-09-24T16:48:21+00:00
2026-09-21T09:55:00Z,30253.5,30253.5,30249.0,30251.25,88,2026-09-24T16:48:21+00:00
2026-09-21T09:56:00Z,30250.5,30250.75,30245.25,30246.25,108,2026-09-24T16:48:21+00:00
2026-09-21T09:57:00Z,30245.75,30247.5,30235.0,30237.25,215,2026-09-24T16:48:21+00:00
2026-09-21T09:58:00Z,30236.75,30238.0,30233.0,30234.75,169,2026-09-24T16:48:21+00:00
2026-09-21T09:59:00Z,30235.0,30239.5,30233.5,30234.25,204,2026-09-24T16:48:21+00:00
2026-09-21T10:00:00Z,30234.0,30238.75,30232.75,30235.75,137,2026-09-24T16:48:21+00:00
2026-09-21T10:01:00Z,30234.75,30247.0,30233.5,30246.0,176,2026-09-24T16:48:21+00:00
2026-09-21T10:02:00Z,30244.5,30247.0,30241.25,30246.25,58,2026-09-24T16:48:21+00:00
2026-09-21T10:03:00Z,30246.25,30247.5,30244.0,30245.5,54,2026-09-24T16:48:21+00:00
2026-09-21T10:04:00Z,30245.5,30246.0,30241.75,30246.0,90,2026-09-24T16:48:21+00:00
2026-09-21T10:05:00Z,30245.5,30247.75,30242.75,30243.5,60,2026-09-24T16:48:21+00:00
2026-09-21T10:06:00Z,30244.25,30245.0,30239.5,30241.0,93,2026-09-24T16:48:21+00:00
2026-09-21T10:07:00Z,30241.25,30244.75,30238.0,30243.25,76,2026-09-24T16:48:21+00:00
2026-09-21T10:08:00Z,30244.5,30245.5,30241.5,30241.75,53,2026-09-24T16:48:21+00:00
2026-09-21T10:09:00Z,30242.5,30247.5,30241.75,30247.25,81,2026-09-24T16:48:21+00:00
2026-09-21T10:10:00Z,30246.75,30246.75,30244.75,30245.75,52,2026-09-24T16:48:21+00:00
2026-09-21T10:11:00Z,30245.5,30246.25,30244.25,30245.0,39,2026-09-24T16:48:21+00:00
2026-09-21T10:12:00Z,30245.0,30245.0,30242.75,30242.75,30,2026-09-24T16:48:21+00:00
2026-09-21T10:13:00Z,30242.25,30242.5,30238.5,30240.75,118,2026-09-24T16:48:21+00:00
2026-09-21T10:14:00Z,30241.25,30246.5,30241.0,30246.5,46,2026-09-24T16:48:21+00:00
2026-09-21T10:15:00Z,30246.75,30253.75,30246.75,30253.0,214,2026-09-24T16:48:21+00:00
2026-09-21T10:16:00Z,30252.25,30252.5,30248.5,30250.25,39,2026-09-24T16:48:21+00:00
2026-09-21T10:17:00Z,30250.5,30252.5,30247.75,30247.75,40,2026-09-24T16:48:21+00:00
2026-09-21T10:18:00Z,30246.5,30248.0,30242.25,30245.0,177,2026-09-24T16:48:21+00:00
2026-09-21T10:19:00Z,30245.25,30248.5,30244.5,30246.0,66,2026-09-24T16:48:21+00:00
2026-09-21T10:20:00Z,30245.25,30246.75,30243.75,30246.75,85,2026-09-24T16:48:21+00:00
2026-09-21T10:21:00Z,30247.25,30247.25,30245.75,30246.0,25,2026-09-24T16:48:21+00:00
2026-09-21T10:22:00Z,30245.0,30245.25,30242.75,30244.5,38,2026-09-24T16:48:21+00:00
2026-09-21T10:23:00Z,30244.75,30245.5,30239.0,30240.25,81,2026-09-24T16:48:21+00:00
2026-09-21T10:24:00Z,30241.0,30242.5,30239.75,30240.0,30,2026-09-24T16:48:21+00:00
2026-09-21T10:25:00Z,30240.25,30242.75,30239.25,30239.25,51,2026-09-24T16:48:21+00:00
2026-09-21T10:26:00Z,30240.25,30246.0,30240.25,30246.0,48,2026-09-24T16:48:21+00:00
2026-09-21T10:27:00Z,30245.75,30251.25,30245.75,30250.5,46,2026-09-24T16:48:21+00:00
2026-09-21T10:28:00Z,30249.5,30251.75,30249.25,30249.75,26,2026-09-24T16:48:21+00:00
2026-09-21T10:29:00Z,30248.0,30248.0,30243.75,30245.75,16,2026-09-24T16:48:21+00:00
2026-09-21T10:30:00Z,30247.0,30250.5,30237.0,30250.0,262,2026-09-24T16:48:21+00:00
2026-09-21T10:31:00Z,30249.75,30256.0,30247.75,30254.25,179,2026-09-24T16:48:21+00:00
2026-09-21T10:32:00Z,30255.0,30255.75,30251.75,30253.75,63,2026-09-24T16:48:21+00:00
2026-09-21T10:33:00Z,30252.75,30259.75,30252.0,30258.75,110,2026-09-24T16:48:21+00:00
2026-09-21T10:34:00Z,30259.25,30261.0,30257.5,30259.5,125,2026-09-24T16:48:21+00:00
2026-09-21T10:35:00Z,30258.75,30262.25,30248.75,30248.75,153,2026-09-24T16:48:21+00:00
2026-09-21T10:36:00Z,30248.75,30253.5,30246.5,30253.25,127,2026-09-24T16:48:21+00:00
2026-09-21T10:37:00Z,30253.5,30255.25,30252.25,30254.5,58,2026-09-24T16:48:21+00:00
2026-09-21T10:38:00Z,30255.5,30258.5,30254.75,30257.75,41,2026-09-24T16:48:21+00:00
2026-09-21T10:39:00Z,30258.5,30266.75,30258.0,30261.0,231,2026-09-24T16:48:21+00:00
2026-09-21T10:40:00Z,30258.5,30259.5,30254.5,30257.25,73,2026-09-24T16:48:21+00:00
2026-09-21T10:41:00Z,30257.0,30257.0,30251.75,30254.0,44,2026-09-24T16:48:21+00:00
2026-09-21T10:42:00Z,30253.5,30254.0,30251.0,30252.75,51,2026-09-24T16:48:21+00:00
2026-09-21T10:43:00Z,30251.0,30252.75,30250.0,30251.75,54,2026-09-24T16:48:21+00:00
2026-09-21T10:44:00Z,30251.25,30254.75,30250.5,30252.25,62,2026-09-24T16:48:21+00:00
2026-09-21T10:45:00Z,30251.0,30253.5,30249.5,30251.75,34,2026-09-24T16:48:21+00:00
2026-09-21T10:46:00Z,30252.25,30259.0,30252.25,30254.0,31,2026-09-24T16:48:21+00:00
2026-09-21T10:47:00Z,30253.25,30256.25,30250.5,30256.0,49,2026-09-24T16:48:21+00:00
2026-09-21T10:48:00Z,30254.75,30255.0,30249.25,30249.5,57,2026-09-24T16:48:21+00:00
2026-09-21T10:49:00Z,30251.0,30251.25,30247.5,30248.75,27,2026-09-24T16:48:21+00:00
2026-09-21T10:50:00Z,30249.0,30252.0,30249.0,30250.75,41,2026-09-24T16:48:21+00:00
2026-09-21T10:51:00Z,30248.75,30250.25,30247.75,30250.25,38,2026-09-24T16:48:21+00:00
2026-09-21T10:52:00Z,30249.25,30252.0,30248.0,30248.0,33,2026-09-24T16:48:21+00:00
2026-09-21T10:53:00Z,30249.25,30254.5,30248.25,30253.75,26,2026-09-24T16:48:21+00:00
2026-09-21T10:54:00Z,30253.5,30255.75,30250.25,30254.75,66,2026-09-24T16:48:21+00:00
2026-09-21T10:55:00Z,30255.25,30255.5,30246.75,30246.75,55,2026-09-24T16:48:21+00:00
2026-09-21T10:56:00Z,30246.25,30250.75,30246.0,30248.0,87,2026-09-24T16:48:21+00:00
2026-09-21T10:57:00Z,30248.25,30249.5,30242.0,30243.75,99,2026-09-24T16:48:21+00:00
2026-09-21T10:58:00Z,30243.75,30245.5,30241.5,30242.25,81,2026-09-24T16:48:21+00:00
2026-09-21T10:59:00Z,30242.5,30243.5,30239.25,30241.5,122,2026-09-24T16:48:21+00:00
2026-09-21T11:00:00Z,30241.25,30245.0,30233.25,30241.25,372,2026-09-24T16:48:21+00:00
2026-09-21T11:01:00Z,30241.25,30251.75,30241.25,30247.5,193,2026-09-24T16:48:21+00:00
2026-09-21T11:02:00Z,30248.0,30248.5,30240.25,30243.25,93,2026-09-24T16:48:21+00:00
2026-09-21T11:03:00Z,30244.0,30249.0,30244.0,30246.5,47,2026-09-24T16:48:21+00:00
2026-09-21T11:04:00Z,30246.75,30246.75,30235.5,30236.0,69,2026-09-24T16:48:21+00:00
2026-09-21T11:05:00Z,30235.75,30237.75,30233.0,30234.25,125,2026-09-24T16:48:21+00:00
2026-09-21T11:06:00Z,30234.75,30236.75,30229.75,30231.25,101,2026-09-24T16:48:21+00:00
2026-09-21T11:07:00Z,30231.5,30234.0,30227.25,30228.25,150,2026-09-24T16:48:21+00:00
2026-09-21T11:08:00Z,30228.5,30229.5,30222.75,30226.0,179,2026-09-24T16:48:21+00:00
2026-09-21T11:09:00Z,30226.0,30231.0,30225.5,30229.0,91,2026-09-24T16:48:21+00:00
2026-09-21T11:10:00Z,30229.25,30229.25,30225.25,30226.0,64,2026-09-24T16:48:21+00:00
2026-09-21T11:11:00Z,30226.75,30228.0,30223.75,30225.75,97,2026-09-24T16:48:21+00:00
2026-09-21T11:12:00Z,30226.25,30230.5,30225.5,30230.25,55,2026-09-24T16:48:21+00:00
2026-09-21T11:13:00Z,30230.75,30233.25,30230.5,30232.25,69,2026-09-24T16:48:21+00:00
2026-09-21T11:14:00Z,30232.25,30238.25,30231.5,30232.5,116,2026-09-24T16:48:21+00:00
2026-09-21T11:15:00Z,30232.25,30242.25,30232.25,30241.0,96,2026-09-24T16:48:21+00:00
2026-09-21T11:16:00Z,30239.75,30239.75,30234.5,30237.5,85,2026-09-24T16:48:21+00:00
2026-09-21T11:17:00Z,30236.75,30237.25,30233.25,30237.25,52,2026-09-24T16:48:21+00:00
2026-09-21T11:18:00Z,30236.75,30236.75,30233.75,30236.0,64,2026-09-24T16:48:21+00:00
2026-09-21T11:19:00Z,30236.75,30239.75,30235.0,30239.75,31,2026-09-24T16:48:21+00:00
2026-09-21T11:20:00Z,30238.75,30238.75,30231.25,30232.75,69,2026-09-24T16:48:21+00:00
2026-09-21T11:21:00Z,30232.75,30234.25,30231.25,30233.75,44,2026-09-24T16:48:21+00:00
2026-09-21T11:22:00Z,30233.5,30234.25,30230.5,30232.75,59,2026-09-24T16:48:21+00:00
2026-09-21T11:23:00Z,30232.75,30232.75,30223.75,30224.0,123,2026-09-24T16:48:21+00:00
2026-09-21T11:24:00Z,30224.0,30227.0,30222.0,30223.5,115,2026-09-24T16:48:21+00:00
2026-09-21T11:25:00Z,30223.25,30227.0,30221.0,30221.0,78,2026-09-24T16:48:21+00:00
2026-09-21T11:26:00Z,30221.5,30223.75,30216.0,30221.5,167,2026-09-24T16:48:21+00:00
2026-09-21T11:27:00Z,30221.75,30226.0,30221.75,30223.25,83,2026-09-24T16:48:21+00:00
2026-09-21T11:28:00Z,30224.25,30227.75,30223.75,30226.5,36,2026-09-24T16:48:21+00:00
2026-09-21T11:29:00Z,30226.75,30228.75,30223.5,30225.75,64,2026-09-24T16:48:21+00:00
2026-09-21T11:30:00Z,30225.75,30229.75,30223.0,30228.25,84,2026-09-24T16:48:21+00:00
2026-09-21T11:31:00Z,30227.25,30232.0,30224.5,30231.25,100,2026-09-24T16:48:21+00:00
2026-09-21T11:32:00Z,30229.5,30232.0,30229.25,30231.25,66,2026-09-24T16:48:21+00:00
2026-09-21T11:33:00Z,30231.25,30235.25,30227.25,30235.25,160,2026-09-24T16:48:21+00:00
2026-09-21T11:34:00Z,30235.25,30242.0,30234.25,30234.25,189,2026-09-24T16:48:21+00:00
2026-09-21T11:35:00Z,30235.5,30237.25,30232.0,30235.75,92,2026-09-24T16:48:21+00:00
2026-09-21T11:36:00Z,30234.5,30234.75,30228.0,30229.5,74,2026-09-24T16:48:21+00:00
2026-09-21T11:37:00Z,30228.5,30230.0,30220.75,30220.75,174,2026-09-24T16:48:21+00:00
2026-09-21T11:38:00Z,30221.25,30225.75,30220.75,30225.0,138,2026-09-24T16:48:21+00:00
2026-09-21T11:39:00Z,30225.5,30238.25,30225.5,30231.25,258,2026-09-24T16:48:21+00:00
2026-09-21T11:40:00Z,30231.0,30234.5,30229.5,30232.25,73,2026-09-24T16:48:21+00:00
2026-09-21T11:41:00Z,30233.5,30233.5,30227.25,30229.0,57,2026-09-24T16:48:21+00:00
2026-09-21T11:42:00Z,30230.25,30233.5,30230.0,30231.75,41,2026-09-24T16:48:21+00:00
2026-09-21T11:43:00Z,30230.0,30231.0,30225.75,30230.0,88,2026-09-24T16:48:21+00:00
2026-09-21T11:44:00Z,30229.5,30241.0,30229.5,30240.75,116,2026-09-24T16:48:21+00:00
2026-09-21T11:45:00Z,30241.0,30243.75,30238.5,30242.75,126,2026-09-24T16:48:21+00:00
2026-09-21T11:46:00Z,30243.0,30243.0,30238.75,30239.5,93,2026-09-24T16:48:21+00:00
2026-09-21T11:47:00Z,30239.25,30239.5,30233.0,30237.25,84,2026-09-24T16:48:21+00:00
2026-09-21T11:48:00Z,30237.0,30239.0,30235.75,30238.5,29,2026-09-24T16:48:21+00:00
2026-09-21T11:49:00Z,30238.5,30249.25,30238.5,30248.25,132,2026-09-24T16:48:21+00:00
2026-09-21T11:50:00Z,30248.0,30250.5,30246.25,30250.5,81,2026-09-24T16:48:21+00:00
2026-09-21T11:51:00Z,30249.75,30251.25,30246.75,30250.25,66,2026-09-24T16:48:21+00:00
2026-09-21T11:52:00Z,30250.25,30257.25,30248.75,30257.25,179,2026-09-24T16:48:21+00:00
2026-09-21T11:53:00Z,30256.5,30256.5,30249.75,30252.0,136,2026-09-24T16:48:21+00:00
2026-09-21T11:54:00Z,30252.25,30257.75,30251.25,30254.5,149,2026-09-24T16:48:21+00:00
2026-09-21T11:55:00Z,30255.25,30260.5,30253.5,30256.25,168,2026-09-24T16:48:21+00:00
2026-09-21T11:56:00Z,30256.5,30257.5,30248.0,30250.0,93,2026-09-24T16:48:21+00:00
2026-09-21T11:57:00Z,30250.75,30252.25,30243.75,30249.75,175,2026-09-24T16:48:21+00:00
2026-09-21T11:58:00Z,30249.25,30249.25,30244.75,30246.25,43,2026-09-24T16:48:21+00:00
2026-09-21T11:59:00Z,30246.0,30248.5,30245.5,30247.0,33,2026-09-24T16:48:21+00:00
2026-09-21T12:00:00Z,30247.5,30255.0,30245.5,30249.5,154,2026-09-24T16:48:21+00:00
2026-09-21T12:01:00Z,30249.0,30249.75,30246.75,30249.25,76,2026-09-24T16:48:21+00:00
2026-09-21T12:02:00Z,30249.75,30255.0,30236.0,30246.75,430,2026-09-24T16:48:21+00:00
2026-09-21T12:03:00Z,30247.0,30256.75,30243.75,30252.5,260,2026-09-24T16:48:21+00:00
2026-09-21T12:04:00Z,30252.5,30268.75,30252.5,30267.75,564,2026-09-24T16:48:21+00:00
2026-09-21T12:05:00Z,30268.0,30275.0,30264.25,30268.25,386,2026-09-24T16:48:21+00:00
2026-09-21T12:06:00Z,30268.25,30275.0,30268.0,30273.25,250,2026-09-24T16:48:21+00:00
2026-09-21T12:07:00Z,30273.0,30273.5,30262.0,30263.5,139,2026-09-24T16:48:21+00:00
2026-09-21T12:08:00Z,30263.0,30266.75,30262.25,30264.0,84,2026-09-24T16:48:21+00:00
2026-09-21T12:09:00Z,30264.25,30266.75,30260.75,30263.75,149,2026-09-24T16:48:21+00:00
2026-09-21T12:10:00Z,30263.75,30265.5,30260.0,30263.5,150,2026-09-24T16:48:21+00:00
2026-09-21T12:11:00Z,30262.75,30265.75,30260.0,30265.0,240,2026-09-24T16:48:21+00:00
2026-09-21T12:12:00Z,30265.5,30265.5,30259.25,30263.0,263,2026-09-24T16:48:21+00:00
2026-09-21T12:13:00Z,30262.5,30264.25,30259.25,30262.5,87,2026-09-24T16:48:21+00:00
2026-09-21T12:14:00Z,30262.75,30262.75,30250.5,30252.25,303,2026-09-24T16:48:21+00:00
2026-09-21T12:15:00Z,30251.75,30255.25,30250.75,30255.0,130,2026-09-24T16:48:21+00:00
2026-09-21T12:16:00Z,30255.0,30257.5,30251.25,30251.75,109,2026-09-24T16:48:21+00:00
2026-09-21T12:17:00Z,30251.25,30251.75,30243.25,30246.5,222,2026-09-24T16:48:21+00:00
2026-09-21T12:18:00Z,30247.0,30257.0,30246.75,30257.0,79,2026-09-24T16:48:21+00:00
2026-09-21T12:19:00Z,30257.75,30257.75,30252.5,30252.5,175,2026-09-24T16:48:21+00:00
2026-09-21T12:20:00Z,30252.75,30255.25,30247.25,30254.75,115,2026-09-24T16:48:21+00:00
2026-09-21T12:21:00Z,30255.25,30255.5,30245.0,30245.75,181,2026-09-24T16:48:21+00:00
2026-09-21T12:22:00Z,30244.5,30244.5,30236.25,30242.0,245,2026-09-24T16:48:21+00:00
2026-09-21T12:23:00Z,30242.0,30242.25,30237.25,30240.25,73,2026-09-24T16:48:21+00:00
2026-09-21T12:24:00Z,30241.25,30241.5,30236.25,30237.0,81,2026-09-24T16:48:21+00:00
2026-09-21T12:25:00Z,30235.75,30236.75,30233.75,30236.25,106,2026-09-24T16:48:21+00:00
2026-09-21T12:26:00Z,30235.75,30238.0,30234.0,30236.25,101,2026-09-24T16:48:21+00:00
2026-09-21T12:27:00Z,30236.75,30238.25,30230.0,30231.75,170,2026-09-24T16:48:21+00:00
2026-09-21T12:28:00Z,30230.25,30231.0,30225.25,30229.0,359,2026-09-24T16:48:21+00:00
2026-09-21T12:29:00Z,30228.75,30230.5,30225.5,30225.5,103,2026-09-24T16:48:21+00:00
2026-09-21T12:30:00Z,30226.25,30234.0,30226.0,30231.5,154,2026-09-24T16:48:21+00:00
2026-09-21T12:31:00Z,30232.25,30236.0,30224.25,30235.25,208,2026-09-24T16:48:21+00:00
2026-09-21T12:32:00Z,30235.75,30236.5,30226.5,30233.25,147,2026-09-24T16:48:21+00:00
2026-09-21T12:33:00Z,30232.75,30232.75,30229.0,30230.0,75,2026-09-24T16:48:21+00:00
2026-09-21T12:34:00Z,30229.0,30230.5,30222.25,30229.5,130,2026-09-24T16:48:21+00:00
2026-09-21T12:35:00Z,30230.0,30231.0,30227.5,30229.0,90,2026-09-24T16:48:21+00:00
2026-09-21T12:36:00Z,30229.25,30232.0,30226.75,30228.0,146,2026-09-24T16:48:21+00:00
2026-09-21T12:37:00Z,30228.25,30230.0,30225.0,30228.75,153,2026-09-24T16:48:21+00:00
2026-09-21T12:38:00Z,30228.25,30235.75,30222.5,30233.5,386,2026-09-24T16:48:21+00:00
2026-09-21T12:39:00Z,30233.5,30235.0,30231.0,30232.0,89,2026-09-24T16:48:21+00:00
2026-09-21T12:40:00Z,30231.5,30234.25,30228.5,30232.25,119,2026-09-24T16:48:21+00:00
2026-09-21T12:41:00Z,30232.0,30233.75,30226.75,30232.75,231,2026-09-24T16:48:21+00:00
2026-09-21T12:42:00Z,30232.5,30240.25,30232.0,30238.5,138,2026-09-24T16:48:21+00:00
2026-09-21T12:43:00Z,30239.0,30240.0,30236.75,30236.75,86,2026-09-24T16:48:21+00:00
2026-09-21T12:44:00Z,30237.25,30257.0,30232.75,30255.5,779,2026-09-24T16:48:21+00:00
2026-09-21T12:45:00Z,30255.75,30258.5,30248.75,30249.5,281,2026-09-24T16:48:21+00:00
2026-09-21T12:46:00Z,30250.25,30250.5,30241.0,30244.0,225,2026-09-24T16:48:21+00:00
2026-09-21T12:47:00Z,30243.75,30244.0,30238.0,30241.0,150,2026-09-24T16:48:21+00:00
2026-09-21T12:48:00Z,30240.5,30241.0,30234.0,30239.5,116,2026-09-24T16:48:21+00:00
2026-09-21T12:49:00Z,30238.0,30238.25,30233.25,30237.0,116,2026-09-24T16:48:21+00:00
2026-09-21T12:50:00Z,30237.5,30240.0,30235.75,30239.5,101,2026-09-24T16:48:21+00:00
2026-09-21T12:51:00Z,30239.25,30239.25,30237.0,30238.25,67,2026-09-24T16:48:21+00:00
2026-09-21T12:52:00Z,30238.75,30242.0,30237.25,30240.5,127,2026-09-24T16:48:21+00:00
2026-09-21T12:53:00Z,30242.0,30243.5,30238.25,30240.25,85,2026-09-24T16:48:21+00:00
2026-09-21T12:54:00Z,30240.25,30240.25,30235.75,30237.25,76,2026-09-24T16:48:21+00:00
2026-09-21T12:55:00Z,30237.25,30237.25,30230.25,30231.25,155,2026-09-24T16:48:21+00:00
2026-09-21T12:56:00Z,30231.5,30233.25,30226.0,30226.5,170,2026-09-24T16:48:21+00:00
2026-09-21T12:57:00Z,30227.0,30230.0,30226.0,30227.0,168,2026-09-24T16:48:21+00:00
2026-09-21T12:58:00Z,30226.75,30231.0,30224.75,30230.25,137,2026-09-24T16:48:21+00:00
2026-09-21T12:59:00Z,30230.0,30230.25,30224.25,30225.5,233,2026-09-24T16:48:21+00:00
2026-09-21T13:00:00Z,30224.25,30225.75,30219.5,30222.25,323,2026-09-24T16:48:21+00:00
2026-09-21T13:01:00Z,30224.0,30228.0,30221.75,30225.75,174,2026-09-24T16:48:21+00:00
2026-09-21T13:02:00Z,30226.0,30235.0,30224.5,30233.0,137,2026-09-24T16:48:21+00:00
2026-09-21T13:03:00Z,30233.5,30235.0,30228.25,30229.0,121,2026-09-24T16:48:21+00:00
2026-09-21T13:04:00Z,30230.5,30236.5,30230.0,30233.25,121,2026-09-24T16:48:21+00:00
2026-09-21T13:05:00Z,30232.5,30236.25,30227.5,30229.5,113,2026-09-24T16:48:21+00:00
2026-09-21T13:06:00Z,30229.0,30230.75,30226.5,30230.0,105,2026-09-24T16:48:21+00:00
2026-09-21T13:07:00Z,30230.25,30230.5,30224.25,30228.25,182,2026-09-24T16:48:21+00:00
2026-09-21T13:08:00Z,30227.5,30230.25,30226.75,30227.25,128,2026-09-24T16:48:21+00:00
2026-09-21T13:09:00Z,30229.0,30234.25,30228.5,30233.25,129,2026-09-24T16:48:21+00:00
2026-09-21T13:10:00Z,30233.75,30238.25,30232.0,30234.25,226,2026-09-24T16:48:21+00:00
2026-09-21T13:11:00Z,30233.0,30234.25,30225.0,30226.25,121,2026-09-24T16:48:21+00:00
2026-09-21T13:12:00Z,30225.25,30230.75,30225.25,30230.75,105,2026-09-24T16:48:21+00:00
2026-09-21T13:13:00Z,30230.0,30230.25,30223.0,30223.5,273,2026-09-24T16:48:21+00:00
2026-09-21T13:14:00Z,30223.0,30225.5,30221.25,30223.0,174,2026-09-24T16:48:21+00:00
2026-09-21T13:15:00Z,30224.0,30229.25,30223.75,30229.25,148,2026-09-24T16:48:21+00:00
2026-09-21T13:16:00Z,30229.5,30230.0,30226.0,30226.0,122,2026-09-24T16:48:21+00:00
2026-09-21T13:17:00Z,30226.0,30227.75,30222.25,30223.25,157,2026-09-24T16:48:21+00:00
2026-09-21T13:18:00Z,30223.25,30226.25,30223.25,30224.75,75,2026-09-24T16:48:21+00:00
2026-09-21T13:19:00Z,30225.5,30231.0,30225.5,30230.25,196,2026-09-24T16:48:21+00:00
2026-09-21T13:20:00Z,30230.25,30230.75,30218.0,30219.0,342,2026-09-24T16:48:21+00:00
2026-09-21T13:21:00Z,30219.0,30222.0,30218.0,30219.5,200,2026-09-24T16:48:21+00:00
2026-09-21T13:22:00Z,30219.25,30219.5,30210.75,30211.75,399,2026-09-24T16:48:21+00:00
2026-09-21T13:23:00Z,30212.25,30214.75,30208.25,30209.5,332,2026-09-24T16:48:21+00:00
2026-09-21T13:24:00Z,30209.75,30211.0,30202.25,30203.0,357,2026-09-24T16:48:21+00:00
2026-09-21T13:25:00Z,30203.0,30213.5,30203.0,30212.5,712,2026-09-24T16:48:21+00:00
2026-09-21T13:26:00Z,30212.5,30227.0,30210.25,30218.75,994,2026-09-24T16:48:21+00:00
2026-09-21T13:27:00Z,30218.75,30233.0,30213.75,30233.0,677,2026-09-24T16:48:21+00:00
2026-09-21T13:28:00Z,30232.5,30232.5,30209.0,30210.25,826,2026-09-24T16:48:21+00:00
2026-09-21T13:29:00Z,30209.25,30223.5,30208.75,30221.5,795,2026-09-24T16:48:21+00:00
2026-09-21T13:30:00Z,30221.5,30260.0,30221.5,30253.0,5302,2026-09-24T16:48:21+00:00
2026-09-21T13:31:00Z,30253.25,30255.0,30230.0,30253.75,3663,2026-09-24T16:48:21+00:00
2026-09-21T13:32:00Z,30253.75,30260.0,30236.75,30238.25,2865,2026-09-24T16:48:21+00:00
2026-09-21T13:33:00Z,30238.0,30240.0,30216.5,30224.0,2543,2026-09-24T16:48:21+00:00
2026-09-21T13:34:00Z,30225.25,30252.0,30223.25,30252.0,2117,2026-09-24T16:48:21+00:00
2026-09-21T13:35:00Z,30252.25,30260.0,30235.5,30256.75,3134,2026-09-24T16:48:21+00:00
2026-09-21T13:36:00Z,30256.25,30264.25,30244.25,30264.25,2120,2026-09-24T16:48:21+00:00
2026-09-21T13:37:00Z,30263.5,30296.0,30259.75,30291.75,4051,2026-09-24T16:48:21+00:00
2026-09-21T13:38:00Z,30291.25,30293.5,30282.5,30292.5,1527,2026-09-24T16:48:21+00:00
2026-09-21T13:39:00Z,30292.75,30303.25,30287.0,30296.5,2109,2026-09-24T16:48:21+00:00
2026-09-21T13:40:00Z,30297.0,30310.0,30296.75,30307.0,2337,2026-09-24T16:48:21+00:00
2026-09-21T13:41:00Z,30307.75,30312.5,30302.5,30308.25,1472,2026-09-24T16:48:21+00:00
2026-09-21T13:42:00Z,30308.5,30316.0,30305.5,30315.0,1445,2026-09-24T16:48:21+00:00
2026-09-21T13:43:00Z,30314.5,30329.0,30312.0,30323.25,2011,2026-09-24T16:48:21+00:00
2026-09-21T13:44:00Z,30323.25,30340.5,30320.5,30339.75,1849,2026-09-24T16:48:21+00:00
2026-09-21T13:45:00Z,30340.5,30366.75,30340.0,30366.75,3604,2026-09-24T16:48:21+00:00
2026-09-21T13:46:00Z,30366.75,30370.0,30358.75,30365.75,1945,2026-09-24T16:48:21+00:00
2026-09-21T13:47:00Z,30365.25,30366.25,30356.25,30358.25,1388,2026-09-24T16:48:21+00:00
2026-09-21T13:48:00Z,30358.0,30371.0,30357.5,30364.5,1644,2026-09-24T16:48:21+00:00
2026-09-21T13:49:00Z,30364.75,30366.0,30356.5,30359.25,1745,2026-09-24T16:48:21+00:00
2026-09-21T13:50:00Z,30359.0,30361.0,30351.75,30357.25,1655,2026-09-24T16:48:21+00:00
2026-09-21T13:51:00Z,30357.25,30375.0,30357.25,30371.75,2198,2026-09-24T16:48:21+00:00
2026-09-21T13:52:00Z,30371.25,30396.0,30371.25,30392.0,3193,2026-09-24T16:48:21+00:00
2026-09-21T13:53:00Z,30391.75,30399.5,30390.75,30399.25,1605,2026-09-24T16:48:21+00:00
2026-09-21T13:54:00Z,30399.0,30408.5,30393.75,30407.75,2193,2026-09-24T16:48:21+00:00
2026-09-21T13:55:00Z,30407.75,30408.0,30395.75,30402.75,1961,2026-09-24T16:48:21+00:00
2026-09-21T13:56:00Z,30402.25,30409.0,30396.0,30398.5,1401,2026-09-24T16:48:21+00:00
2026-09-21T13:57:00Z,30398.25,30418.0,30395.5,30417.75,1618,2026-09-24T16:48:21+00:00
2026-09-21T13:58:00Z,30417.5,30423.0,30405.25,30409.75,1920,2026-09-24T16:48:21+00:00
2026-09-21T13:59:00Z,30410.0,30419.5,30404.75,30417.0,1682,2026-09-24T16:48:21+00:00
2026-09-21T14:00:00Z,30416.5,30430.0,30412.0,30418.5,2239,2026-09-24T16:48:21+00:00
2026-09-21T14:01:00Z,30419.0,30437.75,30416.75,30429.75,2603,2026-09-24T16:48:21+00:00
2026-09-21T14:02:00Z,30429.75,30430.25,30414.25,30423.0,1482,2026-09-24T16:48:21+00:00
2026-09-21T14:03:00Z,30423.0,30424.75,30411.0,30413.75,1341,2026-09-24T16:48:21+00:00
2026-09-21T14:04:00Z,30413.5,30421.75,30413.5,30417.5,1290,2026-09-24T16:48:21+00:00
2026-09-21T14:05:00Z,30418.0,30419.0,30399.25,30410.25,2072,2026-09-24T16:48:21+00:00
2026-09-21T14:06:00Z,30410.25,30410.25,30401.5,30403.25,1088,2026-09-24T16:48:21+00:00
2026-09-21T14:07:00Z,30403.25,30409.0,30397.0,30403.5,1254,2026-09-24T16:48:21+00:00
2026-09-21T14:08:00Z,30403.5,30416.5,30402.75,30415.25,1025,2026-09-24T16:48:21+00:00
2026-09-21T14:09:00Z,30415.5,30420.25,30406.5,30408.5,1471,2026-09-24T16:48:21+00:00
2026-09-21T14:10:00Z,30408.5,30429.0,30408.25,30421.25,1457,2026-09-24T16:48:21+00:00
2026-09-21T14:11:00Z,30421.0,30428.0,30417.25,30425.75,1160,2026-09-24T16:48:21+00:00
2026-09-21T14:12:00Z,30425.75,30434.75,30423.5,30432.5,1742,2026-09-24T16:48:21+00:00
2026-09-21T14:13:00Z,30433.0,30444.75,30431.25,30442.5,1969,2026-09-24T16:48:21+00:00
2026-09-21T14:14:00Z,30442.5,30444.25,30433.5,30436.75,1200,2026-09-24T16:48:21+00:00
2026-09-21T14:15:00Z,30437.5,30454.25,30437.5,30453.75,2118,2026-09-24T16:48:21+00:00
2026-09-21T14:16:00Z,30453.5,30470.5,30451.5,30467.75,2252,2026-09-24T16:48:21+00:00
2026-09-21T14:17:00Z,30468.0,30469.0,30460.5,30463.75,1436,2026-09-24T16:48:21+00:00
2026-09-21T14:18:00Z,30463.25,30471.75,30463.0,30468.5,1140,2026-09-24T16:48:21+00:00
2026-09-21T14:19:00Z,30468.75,30469.75,30462.25,30468.75,919,2026-09-24T16:48:21+00:00
2026-09-21T14:20:00Z,30469.0,30469.5,30457.0,30458.5,1093,2026-09-24T16:48:21+00:00
2026-09-21T14:21:00Z,30458.0,30489.25,30455.75,30486.75,2212,2026-09-24T16:48:21+00:00
2026-09-21T14:22:00Z,30486.75,30498.5,30485.0,30497.75,2186,2026-09-24T16:48:21+00:00
2026-09-21T14:23:00Z,30497.25,30503.0,30491.75,30502.0,1576,2026-09-24T16:48:21+00:00
2026-09-21T14:24:00Z,30502.75,30505.0,30498.25,30502.5,1635,2026-09-24T16:48:21+00:00
2026-09-21T14:25:00Z,30502.0,30503.0,30493.5,30499.75,1321,2026-09-24T16:48:21+00:00
2026-09-21T14:26:00Z,30500.0,30509.75,30497.75,30506.25,1315,2026-09-24T16:48:21+00:00
2026-09-21T14:27:00Z,30506.75,30514.0,30504.5,30512.25,1404,2026-09-24T16:48:21+00:00
2026-09-21T14:28:00Z,30512.0,30519.25,30511.0,30516.25,1431,2026-09-24T16:48:21+00:00
2026-09-21T14:29:00Z,30516.5,30519.75,30512.0,30518.0,1594,2026-09-24T16:48:21+00:00
2026-09-21T14:30:00Z,30518.25,30525.0,30510.25,30524.25,1482,2026-09-24T16:48:21+00:00
2026-09-21T14:31:00Z,30524.25,30528.5,30514.5,30521.75,1754,2026-09-24T16:48:21+00:00
2026-09-21T14:32:00Z,30521.5,30531.25,30519.75,30527.0,1548,2026-09-24T16:48:21+00:00
2026-09-21T14:33:00Z,30527.25,30530.75,30523.25,30527.5,920,2026-09-24T16:48:21+00:00
2026-09-21T14:34:00Z,30527.5,30529.5,30520.75,30524.25,853,2026-09-24T16:48:21+00:00
2026-09-21T14:35:00Z,30524.25,30533.0,30524.25,30530.75,1123,2026-09-24T16:48:21+00:00
2026-09-21T14:36:00Z,30531.0,30549.0,30529.25,30547.25,1764,2026-09-24T16:48:21+00:00
2026-09-21T14:37:00Z,30547.5,30557.25,30545.5,30546.75,1822,2026-09-24T16:48:21+00:00
2026-09-21T14:38:00Z,30546.75,30548.0,30531.75,30533.0,1533,2026-09-24T16:48:21+00:00
2026-09-21T14:39:00Z,30533.25,30537.5,30525.25,30530.75,1531,2026-09-24T16:48:21+00:00
2026-09-21T14:40:00Z,30531.5,30532.25,30522.75,30526.25,1483,2026-09-24T16:48:21+00:00
2026-09-21T14:41:00Z,30526.25,30539.0,30517.75,30522.0,1921,2026-09-24T16:48:21+00:00
2026-09-21T14:42:00Z,30521.75,30522.5,30510.75,30511.5,1241,2026-09-24T16:48:21+00:00
2026-09-21T14:43:00Z,30511.5,30513.25,30500.5,30509.25,1722,2026-09-24T16:48:21+00:00
2026-09-21T14:44:00Z,30508.75,30519.0,30504.5,30516.75,1334,2026-09-24T16:48:21+00:00
2026-09-21T14:45:00Z,30517.0,30517.75,30504.0,30507.5,1467,2026-09-24T16:48:21+00:00
2026-09-21T14:46:00Z,30508.0,30524.75,30507.5,30519.5,1693,2026-09-24T16:48:21+00:00
2026-09-21T14:47:00Z,30520.25,30531.5,30517.0,30527.0,1952,2026-09-24T16:48:21+00:00
2026-09-21T14:48:00Z,30526.0,30531.75,30522.0,30529.5,885,2026-09-24T16:48:21+00:00
2026-09-21T14:49:00Z,30529.5,30530.75,30519.0,30519.0,663,2026-09-24T16:48:21+00:00
2026-09-21T14:50:00Z,30519.0,30522.75,30506.75,30509.75,1286,2026-09-24T16:48:21+00:00
2026-09-21T14:51:00Z,30509.75,30521.75,30508.5,30518.25,873,2026-09-24T16:48:21+00:00
2026-09-21T14:52:00Z,30518.75,30524.5,30513.0,30518.25,755,2026-09-24T16:48:21+00:00
2026-09-21T14:53:00Z,30517.5,30521.0,30506.5,30506.75,927,2026-09-24T16:48:21+00:00
2026-09-21T14:54:00Z,30506.75,30529.25,30506.75,30527.75,1032,2026-09-24T16:48:21+00:00
2026-09-21T14:55:00Z,30527.75,30528.25,30522.0,30524.0,570,2026-09-24T16:48:21+00:00
2026-09-21T14:56:00Z,30524.25,30543.25,30519.5,30542.75,1559,2026-09-24T16:48:21+00:00
2026-09-21T14:57:00Z,30542.5,30546.5,30538.5,30541.5,1403,2026-09-24T16:48:21+00:00
2026-09-21T14:58:00Z,30541.0,30559.5,30539.5,30551.0,1725,2026-09-24T16:48:21+00:00
2026-09-21T14:59:00Z,30551.0,30551.25,30544.0,30550.5,950,2026-09-24T16:48:21+00:00
2026-09-21T15:00:00Z,30551.0,30561.25,30549.0,30556.5,1542,2026-09-24T16:48:21+00:00
2026-09-21T15:01:00Z,30556.25,30560.75,30552.0,30556.75,1225,2026-09-24T16:48:21+00:00
2026-09-21T15:02:00Z,30557.0,30559.75,30552.0,30558.25,779,2026-09-24T16:48:21+00:00
2026-09-21T15:03:00Z,30557.5,30569.25,30556.75,30568.5,1706,2026-09-24T16:48:21+00:00
2026-09-21T15:04:00Z,30569.25,30577.5,30567.5,30576.0,1732,2026-09-24T16:48:21+00:00
2026-09-21T15:05:00Z,30576.0,30577.75,30568.5,30570.0,969,2026-09-24T16:48:21+00:00
2026-09-21T15:06:00Z,30570.5,30571.0,30563.75,30565.0,1132,2026-09-24T16:48:21+00:00
2026-09-21T15:07:00Z,30565.75,30573.25,30565.25,30571.25,863,2026-09-24T16:48:21+00:00
2026-09-21T15:08:00Z,30571.25,30574.0,30567.0,30572.5,633,2026-09-24T16:48:21+00:00
2026-09-21T15:09:00Z,30572.25,30579.0,30570.25,30575.25,818,2026-09-24T16:48:21+00:00
2026-09-21T15:10:00Z,30576.25,30577.0,30569.25,30569.5,947,2026-09-24T16:48:21+00:00
2026-09-21T15:11:00Z,30569.75,30572.0,30567.0,30571.25,633,2026-09-24T16:48:21+00:00
2026-09-21T15:12:00Z,30571.0,30581.0,30568.75,30580.0,1040,2026-09-24T16:48:21+00:00
2026-09-21T15:13:00Z,30580.25,30581.0,30571.5,30574.25,930,2026-09-24T16:48:21+00:00
2026-09-21T15:14:00Z,30574.5,30576.0,30569.5,30575.5,912,2026-09-24T16:48:21+00:00
2026-09-21T15:15:00Z,30575.75,30582.0,30575.75,30579.75,1036,2026-09-24T16:48:21+00:00
2026-09-21T15:16:00Z,30580.0,30582.25,30572.5,30576.5,797,2026-09-24T16:48:21+00:00
2026-09-21T15:17:00Z,30576.25,30578.75,30570.5,30578.0,1013,2026-09-24T16:48:21+00:00
2026-09-21T15:18:00Z,30578.75,30582.25,30577.25,30579.25,682,2026-09-24T16:48:21+00:00
2026-09-21T15:19:00Z,30578.75,30587.25,30577.5,30584.75,1003,2026-09-24T16:48:21+00:00
2026-09-21T15:20:00Z,30584.75,30586.25,30575.25,30577.75,798,2026-09-24T16:48:21+00:00
2026-09-21T15:21:00Z,30577.5,30582.5,30576.5,30580.5,646,2026-09-24T16:48:21+00:00
2026-09-21T15:22:00Z,30580.25,30580.5,30571.0,30576.0,604,2026-09-24T16:48:21+00:00
2026-09-21T15:23:00Z,30576.0,30576.75,30570.75,30574.5,574,2026-09-24T16:48:21+00:00
2026-09-21T15:24:00Z,30574.25,30576.75,30571.75,30573.5,403,2026-09-24T16:48:21+00:00
2026-09-21T15:25:00Z,30573.5,30581.0,30571.0,30576.25,596,2026-09-24T16:48:21+00:00
2026-09-21T15:26:00Z,30576.25,30581.75,30575.5,30578.25,412,2026-09-24T16:48:21+00:00
2026-09-21T15:27:00Z,30577.5,30587.5,30577.25,30581.75,681,2026-09-24T16:48:21+00:00
2026-09-21T15:28:00Z,30581.5,30586.25,30578.0,30578.5,654,2026-09-24T16:48:21+00:00
2026-09-21T15:29:00Z,30578.0,30586.75,30578.0,30584.5,626,2026-09-24T16:48:21+00:00
2026-09-21T15:30:00Z,30585.0,30595.0,30584.5,30594.75,1195,2026-09-24T16:48:21+00:00
2026-09-21T15:31:00Z,30594.0,30594.5,30588.75,30592.25,610,2026-09-24T16:48:21+00:00
2026-09-21T15:32:00Z,30592.75,30594.0,30588.25,30590.0,521,2026-09-24T16:48:21+00:00
2026-09-21T15:33:00Z,30590.25,30592.0,30587.25,30588.25,649,2026-09-24T16:48:21+00:00
2026-09-21T15:34:00Z,30588.25,30591.25,30579.5,30582.5,816,2026-09-24T16:48:21+00:00
2026-09-21T15:35:00Z,30582.25,30586.5,30580.0,30581.75,568,2026-09-24T16:48:21+00:00
2026-09-21T15:36:00Z,30582.75,30597.0,30581.5,30592.25,1419,2026-09-24T16:48:21+00:00
2026-09-21T15:37:00Z,30592.5,30598.25,30591.0,30596.5,621,2026-09-24T16:48:21+00:00
2026-09-21T15:38:00Z,30596.5,30599.5,30593.0,30597.5,750,2026-09-24T16:48:21+00:00
2026-09-21T15:39:00Z,30597.5,30610.5,30597.5,30608.25,1860,2026-09-24T16:48:21+00:00
2026-09-21T15:40:00Z,30608.25,30610.0,30601.0,30603.0,943,2026-09-24T16:48:21+00:00
2026-09-21T15:41:00Z,30603.0,30607.25,30598.5,30606.75,1206,2026-09-24T16:48:21+00:00
2026-09-21T15:42:00Z,30606.5,30607.5,30600.0,30605.75,527,2026-09-24T16:48:21+00:00
2026-09-21T15:43:00Z,30606.0,30611.25,30605.75,30608.5,563,2026-09-24T16:48:21+00:00
2026-09-21T15:44:00Z,30608.75,30614.25,30608.25,30613.5,593,2026-09-24T16:48:21+00:00
2026-09-21T15:45:00Z,30613.25,30623.75,30613.25,30620.5,1654,2026-09-24T16:48:21+00:00
2026-09-21T15:46:00Z,30620.25,30625.75,30620.0,30624.0,1028,2026-09-24T16:48:21+00:00
2026-09-21T15:47:00Z,30624.25,30632.25,30622.25,30631.0,1351,2026-09-24T16:48:21+00:00
2026-09-21T15:48:00Z,30630.5,30630.75,30625.75,30627.5,677,2026-09-24T16:48:21+00:00
2026-09-21T15:49:00Z,30627.5,30628.75,30623.5,30624.25,715,2026-09-24T16:48:21+00:00
2026-09-21T15:50:00Z,30624.25,30639.25,30615.25,30621.5,2502,2026-09-24T16:48:21+00:00
2026-09-21T15:51:00Z,30621.5,30623.75,30615.5,30616.75,776,2026-09-24T16:48:21+00:00
2026-09-21T15:52:00Z,30616.75,30624.25,30616.0,30620.25,644,2026-09-24T16:48:21+00:00
2026-09-21T15:53:00Z,30620.75,30624.25,30618.75,30621.5,433,2026-09-24T16:48:21+00:00
2026-09-21T15:54:00Z,30621.5,30623.0,30612.0,30612.75,654,2026-09-24T16:48:21+00:00
2026-09-21T15:55:00Z,30613.25,30616.75,30609.75,30615.75,904,2026-09-24T16:48:21+00:00
2026-09-21T15:56:00Z,30615.5,30618.0,30611.75,30613.0,628,2026-09-24T16:48:21+00:00
2026-09-21T15:57:00Z,30613.0,30613.75,30601.75,30606.0,860,2026-09-24T16:48:21+00:00
2026-09-21T15:58:00Z,30605.75,30609.5,30601.5,30608.5,568,2026-09-24T16:48:21+00:00
2026-09-21T15:59:00Z,30608.5,30611.75,30602.5,30609.75,563,2026-09-24T16:48:21+00:00
2026-09-21T16:00:00Z,30610.25,30610.5,30601.5,30605.75,592,2026-09-24T16:48:21+00:00
2026-09-21T16:01:00Z,30606.5,30608.75,30604.75,30608.25,398,2026-09-24T16:48:21+00:00
2026-09-21T16:02:00Z,30608.0,30622.75,30608.0,30621.0,1004,2026-09-24T16:48:21+00:00
2026-09-21T16:03:00Z,30621.0,30626.75,30620.5,30626.5,722,2026-09-24T16:48:21+00:00
2026-09-21T16:04:00Z,30626.0,30632.75,30624.5,30630.0,971,2026-09-24T16:48:21+00:00
2026-09-21T16:05:00Z,30630.5,30634.5,30627.25,30628.25,945,2026-09-24T16:48:21+00:00
2026-09-21T16:06:00Z,30628.25,30631.25,30623.75,30624.0,657,2026-09-24T16:48:21+00:00
2026-09-21T16:07:00Z,30624.0,30649.5,30619.0,30639.0,3295,2026-09-24T16:48:21+00:00
2026-09-21T16:08:00Z,30639.0,30643.5,30636.0,30641.25,840,2026-09-24T16:48:21+00:00
2026-09-21T16:09:00Z,30641.5,30655.0,30640.5,30652.0,1577,2026-09-24T16:48:21+00:00
2026-09-21T16:10:00Z,30652.0,30659.25,30648.75,30658.75,1290,2026-09-24T16:48:21+00:00
2026-09-21T16:11:00Z,30658.75,30661.25,30656.0,30657.0,866,2026-09-24T16:48:21+00:00
2026-09-21T16:12:00Z,30657.25,30657.25,30646.75,30651.75,1025,2026-09-24T16:48:21+00:00
2026-09-21T16:13:00Z,30651.75,30659.75,30649.75,30650.0,609,2026-09-24T16:48:21+00:00
2026-09-21T16:14:00Z,30650.0,30653.5,30646.25,30652.5,539,2026-09-24T16:48:21+00:00
2026-09-21T16:15:00Z,30653.5,30660.25,30653.5,30658.5,906,2026-09-24T16:48:21+00:00
2026-09-21T16:16:00Z,30658.0,30662.75,30655.75,30659.5,641,2026-09-24T16:48:21+00:00
2026-09-21T16:17:00Z,30659.25,30662.75,30651.75,30652.5,942,2026-09-24T16:48:21+00:00
2026-09-21T16:18:00Z,30652.5,30656.25,30648.0,30652.0,735,2026-09-24T16:48:21+00:00
2026-09-21T16:19:00Z,30652.0,30659.25,30651.5,30657.25,497,2026-09-24T16:48:21+00:00
2026-09-21T16:20:00Z,30657.25,30667.25,30655.5,30658.0,1171,2026-09-24T16:48:21+00:00
2026-09-21T16:21:00Z,30658.0,30663.0,30652.25,30663.0,681,2026-09-24T16:48:21+00:00
2026-09-21T16:22:00Z,30662.75,30669.0,30661.5,30666.75,632,2026-09-24T16:48:21+00:00
2026-09-21T16:23:00Z,30666.25,30669.75,30664.0,30669.75,435,2026-09-24T16:48:21+00:00
2026-09-21T16:24:00Z,30669.5,30671.0,30665.25,30670.5,1074,2026-09-24T16:48:21+00:00
2026-09-21T16:25:00Z,30670.25,30672.5,30668.25,30671.75,586,2026-09-24T16:48:21+00:00
2026-09-21T16:26:00Z,30671.5,30677.5,30667.25,30675.25,761,2026-09-24T16:48:21+00:00
2026-09-21T16:27:00Z,30674.75,30685.75,30674.75,30685.5,1061,2026-09-24T16:48:21+00:00
2026-09-21T16:28:00Z,30685.25,30687.5,30682.25,30685.25,743,2026-09-24T16:48:21+00:00
2026-09-21T16:29:00Z,30684.5,30685.25,30676.5,30678.25,667,2026-09-24T16:48:21+00:00
2026-09-21T16:30:00Z,30677.75,30685.75,30676.5,30685.5,808,2026-09-24T16:48:21+00:00
2026-09-21T16:31:00Z,30685.25,30693.5,30684.5,30692.5,867,2026-09-24T16:48:21+00:00
2026-09-21T16:32:00Z,30692.25,30699.75,30690.25,30696.75,1266,2026-09-24T16:48:21+00:00
2026-09-21T16:33:00Z,30696.5,30704.25,30695.75,30698.75,1278,2026-09-24T16:48:21+00:00
2026-09-21T16:34:00Z,30698.75,30699.75,30691.5,30696.0,712,2026-09-24T16:48:21+00:00
2026-09-21T16:35:00Z,30696.0,30699.5,30693.5,30695.5,501,2026-09-24T16:48:21+00:00
2026-09-21T16:36:00Z,30695.25,30698.5,30690.5,30693.75,569,2026-09-24T16:48:21+00:00
2026-09-21T16:37:00Z,30693.25,30694.75,30682.25,30683.0,760,2026-09-24T16:48:21+00:00
2026-09-21T16:38:00Z,30682.75,30682.75,30674.0,30676.5,1106,2026-09-24T16:48:21+00:00
2026-09-21T16:39:00Z,30676.5,30677.0,30665.75,30667.0,961,2026-09-24T16:48:21+00:00
2026-09-21T16:40:00Z,30667.5,30678.0,30666.25,30677.25,890,2026-09-24T16:48:21+00:00
2026-09-21T16:41:00Z,30676.75,30680.75,30669.25,30677.25,802,2026-09-24T16:48:21+00:00
2026-09-21T16:42:00Z,30677.0,30683.0,30676.0,30679.5,575,2026-09-24T16:48:21+00:00
2026-09-21T16:43:00Z,30679.25,30683.25,30678.0,30679.0,628,2026-09-24T16:48:21+00:00
2026-09-21T16:44:00Z,30679.0,30680.5,30668.75,30670.25,867,2026-09-24T16:48:21+00:00
2026-09-21T16:45:00Z,30670.25,30679.75,30669.75,30674.25,753,2026-09-24T16:48:21+00:00
2026-09-21T16:46:00Z,30674.25,30680.5,30672.0,30677.0,566,2026-09-24T16:48:21+00:00
2026-09-21T16:47:00Z,30677.0,30679.0,30673.0,30678.5,500,2026-09-24T16:48:21+00:00
2026-09-21T16:48:00Z,30678.25,30681.25,30670.75,30677.5,532,2026-09-24T16:48:21+00:00
2026-09-21T16:49:00Z,30677.5,30678.5,30674.25,30678.5,248,2026-09-24T16:48:21+00:00
2026-09-21T16:50:00Z,30678.25,30682.5,30676.75,30679.25,445,2026-09-24T16:48:21+00:00
2026-09-21T16:51:00Z,30678.75,30678.75,30671.0,30673.75,415,2026-09-24T16:48:21+00:00
2026-09-21T16:52:00Z,30673.75,30674.75,30665.0,30671.0,681,2026-09-24T16:48:21+00:00
2026-09-21T16:53:00Z,30671.25,30672.5,30666.75,30669.0,474,2026-09-24T16:48:21+00:00
2026-09-21T16:54:00Z,30669.25,30675.0,30668.5,30674.25,380,2026-09-24T16:48:21+00:00
2026-09-21T16:55:00Z,30674.5,30680.0,30673.5,30678.75,414,2026-09-24T16:48:21+00:00
2026-09-21T16:56:00Z,30678.25,30679.75,30670.0,30671.0,597,2026-09-24T16:48:21+00:00
2026-09-21T16:57:00Z,30670.75,30678.0,30670.75,30677.0,413,2026-09-24T16:48:21+00:00
2026-09-21T16:58:00Z,30677.25,30678.5,30674.25,30676.0,322,2026-09-24T16:48:21+00:00
2026-09-21T16:59:00Z,30675.5,30681.25,30675.25,30680.5,413,2026-09-24T16:48:21+00:00
2026-09-21T17:00:00Z,30680.5,30684.25,30678.5,30683.25,666,2026-09-24T16:48:21+00:00
2026-09-21T17:01:00Z,30683.5,30688.5,30682.0,30684.0,571,2026-09-24T16:48:21+00:00
2026-09-21T17:02:00Z,30684.5,30685.5,30680.0,30681.75,410,2026-09-24T16:48:21+00:00
2026-09-21T17:03:00Z,30681.75,30686.0,30680.5,30684.0,328,2026-09-24T16:48:21+00:00
2026-09-21T17:04:00Z,30683.5,30687.5,30679.5,30685.25,402,2026-09-24T16:48:21+00:00
2026-09-21T17:05:00Z,30685.75,30693.75,30685.75,30691.75,584,2026-09-24T16:48:21+00:00
2026-09-21T17:06:00Z,30691.5,30693.5,30688.75,30689.25,438,2026-09-24T16:48:21+00:00
2026-09-21T17:07:00Z,30689.5,30690.25,30681.0,30681.75,377,2026-09-24T16:48:21+00:00
2026-09-21T17:08:00Z,30682.25,30682.75,30675.75,30679.75,739,2026-09-24T16:48:21+00:00
2026-09-21T17:09:00Z,30679.75,30682.0,30676.5,30681.25,448,2026-09-24T16:48:21+00:00
2026-09-21T17:10:00Z,30680.75,30682.25,30676.5,30678.5,381,2026-09-24T16:48:21+00:00
2026-09-21T17:11:00Z,30678.75,30681.5,30676.25,30681.25,309,2026-09-24T16:48:21+00:00
2026-09-21T17:12:00Z,30681.25,30689.0,30680.5,30688.5,607,2026-09-24T16:48:21+00:00
2026-09-21T17:13:00Z,30688.0,30690.5,30687.5,30688.5,429,2026-09-24T16:48:21+00:00
2026-09-21T17:14:00Z,30688.0,30694.25,30686.0,30689.0,619,2026-09-24T16:48:21+00:00
2026-09-21T17:15:00Z,30689.0,30692.25,30686.75,30688.0,607,2026-09-24T16:48:21+00:00
2026-09-21T17:16:00Z,30688.25,30689.0,30684.0,30684.5,443,2026-09-24T16:48:21+00:00
2026-09-21T17:17:00Z,30684.25,30686.0,30680.25,30683.5,630,2026-09-24T16:48:21+00:00
2026-09-21T17:18:00Z,30683.5,30689.75,30681.25,30688.25,532,2026-09-24T16:48:21+00:00
2026-09-21T17:19:00Z,30688.5,30691.0,30686.25,30689.0,354,2026-09-24T16:48:21+00:00
2026-09-21T17:20:00Z,30688.75,30693.0,30688.25,30691.25,422,2026-09-24T16:48:21+00:00
2026-09-21T17:21:00Z,30691.0,30692.5,30687.75,30689.0,499,2026-09-24T16:48:21+00:00
2026-09-21T17:22:00Z,30688.75,30689.5,30678.25,30680.75,619,2026-09-24T16:48:21+00:00
2026-09-21T17:23:00Z,30680.25,30682.75,30671.5,30673.5,768,2026-09-24T16:48:21+00:00
2026-09-21T17:24:00Z,30673.25,30673.75,30667.75,30670.5,698,2026-09-24T16:48:21+00:00
2026-09-21T17:25:00Z,30670.0,30673.75,30669.0,30671.75,526,2026-09-24T16:48:21+00:00
2026-09-21T17:26:00Z,30671.25,30675.0,30668.0,30668.5,503,2026-09-24T16:48:21+00:00
2026-09-21T17:27:00Z,30668.5,30676.25,30664.25,30675.5,865,2026-09-24T16:48:21+00:00
2026-09-21T17:28:00Z,30675.75,30681.75,30672.0,30681.75,551,2026-09-24T16:48:21+00:00
2026-09-21T17:29:00Z,30681.25,30689.5,30681.0,30687.75,1234,2026-09-24T16:48:21+00:00
2026-09-21T17:30:00Z,30688.0,30692.0,30685.25,30692.0,533,2026-09-24T16:48:21+00:00
2026-09-21T17:31:00Z,30692.25,30695.75,30677.5,30684.5,1533,2026-09-24T16:48:21+00:00
2026-09-21T17:32:00Z,30684.5,30684.5,30677.75,30681.75,472,2026-09-24T16:48:21+00:00
2026-09-21T17:33:00Z,30682.5,30683.25,30676.75,30678.75,394,2026-09-24T16:48:21+00:00
2026-09-21T17:34:00Z,30679.0,30679.25,30673.5,30675.25,428,2026-09-24T16:48:21+00:00
2026-09-21T17:35:00Z,30675.25,30680.0,30670.75,30677.0,587,2026-09-24T16:48:21+00:00
2026-09-21T17:36:00Z,30677.0,30681.25,30676.75,30679.25,487,2026-09-24T16:48:21+00:00
2026-09-21T17:37:00Z,30679.5,30684.5,30674.25,30675.25,502,2026-09-24T16:48:21+00:00
2026-09-21T17:38:00Z,30675.5,30681.5,30674.75,30680.75,290,2026-09-24T16:48:21+00:00
2026-09-21T17:39:00Z,30680.75,30683.75,30677.5,30681.0,251,2026-09-24T16:48:21+00:00
2026-09-21T17:40:00Z,30680.5,30684.25,30678.0,30682.25,359,2026-09-24T16:48:21+00:00
2026-09-21T17:41:00Z,30682.5,30689.0,30682.5,30686.5,486,2026-09-24T16:48:21+00:00
2026-09-21T17:42:00Z,30686.5,30700.25,30686.5,30697.75,801,2026-09-24T16:48:21+00:00
2026-09-21T17:43:00Z,30697.75,30702.5,30694.5,30701.5,854,2026-09-24T16:48:21+00:00
2026-09-21T17:44:00Z,30701.5,30716.5,30701.5,30714.0,1288,2026-09-24T16:48:21+00:00
2026-09-21T17:45:00Z,30714.25,30723.0,30714.0,30721.25,1124,2026-09-24T16:48:21+00:00
2026-09-21T17:46:00Z,30721.0,30724.5,30719.75,30720.25,900,2026-09-24T16:48:21+00:00
2026-09-21T17:47:00Z,30720.0,30722.0,30710.25,30711.75,841,2026-09-24T16:48:21+00:00
2026-09-21T17:48:00Z,30711.75,30714.25,30709.75,30710.0,418,2026-09-24T16:48:21+00:00
2026-09-21T17:49:00Z,30710.25,30717.25,30708.25,30712.75,524,2026-09-24T16:48:21+00:00
2026-09-21T17:50:00Z,30712.75,30716.5,30711.0,30711.25,274,2026-09-24T16:48:21+00:00
2026-09-21T17:51:00Z,30711.75,30716.0,30711.75,30715.0,271,2026-09-24T16:48:21+00:00
2026-09-21T17:52:00Z,30715.25,30719.25,30714.75,30719.0,301,2026-09-24T16:48:21+00:00
2026-09-21T17:53:00Z,30718.5,30720.5,30717.25,30720.25,433,2026-09-24T16:48:21+00:00
2026-09-21T17:54:00Z,30719.5,30723.0,30718.25,30718.5,469,2026-09-24T16:48:21+00:00
2026-09-21T17:55:00Z,30718.75,30719.25,30712.0,30715.75,383,2026-09-24T16:48:21+00:00
2026-09-21T17:56:00Z,30715.75,30719.0,30710.75,30711.75,582,2026-09-24T16:48:21+00:00
2026-09-21T17:57:00Z,30711.0,30713.75,30709.25,30711.75,528,2026-09-24T16:48:21+00:00
2026-09-21T17:58:00Z,30712.5,30717.75,30711.75,30714.25,373,2026-09-24T16:48:21+00:00
2026-09-21T17:59:00Z,30714.0,30714.25,30710.5,30712.5,285,2026-09-24T16:48:21+00:00
2026-09-21T18:00:00Z,30712.75,30716.25,30712.5,30715.0,631,2026-09-24T16:48:21+00:00
2026-09-21T18:01:00Z,30714.0,30718.0,30713.25,30717.25,389,2026-09-24T16:48:21+00:00
2026-09-21T18:02:00Z,30717.75,30722.5,30717.25,30721.25,551,2026-09-24T16:48:21+00:00
2026-09-21T18:03:00Z,30721.25,30723.75,30716.75,30719.0,524,2026-09-24T16:48:21+00:00
2026-09-21T18:04:00Z,30718.5,30724.25,30718.25,30724.25,429,2026-09-24T16:48:21+00:00
2026-09-21T18:05:00Z,30724.25,30729.0,30724.0,30727.5,949,2026-09-24T16:48:21+00:00
2026-09-21T18:06:00Z,30727.5,30729.0,30724.75,30729.0,346,2026-09-24T16:48:21+00:00
2026-09-21T18:07:00Z,30728.5,30731.75,30726.75,30729.75,473,2026-09-24T16:48:21+00:00
2026-09-21T18:08:00Z,30729.0,30731.75,30724.25,30727.5,505,2026-09-24T16:48:21+00:00
2026-09-21T18:09:00Z,30727.5,30728.25,30721.0,30724.25,637,2026-09-24T16:48:21+00:00
2026-09-21T18:10:00Z,30724.5,30728.5,30723.25,30723.75,521,2026-09-24T16:48:21+00:00
2026-09-21T18:11:00Z,30723.75,30728.0,30719.75,30727.75,396,2026-09-24T16:48:21+00:00
2026-09-21T18:12:00Z,30727.75,30728.0,30724.25,30725.5,260,2026-09-24T16:48:21+00:00
2026-09-21T18:13:00Z,30726.25,30730.25,30725.25,30728.75,326,2026-09-24T16:48:21+00:00
2026-09-21T18:14:00Z,30729.0,30736.75,30729.0,30730.25,1052,2026-09-24T16:48:21+00:00
2026-09-21T18:15:00Z,30730.75,30738.5,30729.5,30737.5,669,2026-09-24T16:48:21+00:00
2026-09-21T18:16:00Z,30738.0,30740.0,30732.75,30734.0,814,2026-09-24T16:48:21+00:00
2026-09-21T18:17:00Z,30733.0,30738.25,30732.5,30736.0,428,2026-09-24T16:48:21+00:00
2026-09-21T18:18:00Z,30735.5,30745.0,30735.5,30741.75,704,2026-09-24T16:48:21+00:00
2026-09-21T18:19:00Z,30741.25,30742.25,30735.25,30739.5,609,2026-09-24T16:48:21+00:00
2026-09-21T18:20:00Z,30739.5,30743.0,30738.75,30742.0,663,2026-09-24T16:48:21+00:00
2026-09-21T18:21:00Z,30741.5,30748.0,30738.75,30744.5,623,2026-09-24T16:48:21+00:00
2026-09-21T18:22:00Z,30744.0,30756.5,30744.0,30755.25,1139,2026-09-24T16:48:21+00:00
2026-09-21T18:23:00Z,30755.0,30757.0,30752.25,30755.5,621,2026-09-24T16:48:21+00:00
2026-09-21T18:24:00Z,30755.25,30756.75,30753.25,30754.75,484,2026-09-24T16:48:21+00:00
2026-09-21T18:25:00Z,30754.75,30757.5,30750.25,30754.75,741,2026-09-24T16:48:21+00:00
2026-09-21T18:26:00Z,30755.25,30755.75,30747.75,30750.5,658,2026-09-24T16:48:21+00:00
2026-09-21T18:27:00Z,30750.25,30754.75,30750.25,30753.25,343,2026-09-24T16:48:21+00:00
2026-09-21T18:28:00Z,30753.0,30759.0,30753.0,30756.0,567,2026-09-24T16:48:21+00:00
2026-09-21T18:29:00Z,30755.5,30757.25,30751.75,30753.5,386,2026-09-24T16:48:21+00:00
2026-09-21T18:30:00Z,30753.75,30755.5,30750.5,30753.0,736,2026-09-24T16:48:21+00:00
2026-09-21T18:31:00Z,30752.75,30755.0,30744.5,30745.0,904,2026-09-24T16:48:21+00:00
2026-09-21T18:32:00Z,30745.25,30747.5,30737.0,30740.25,758,2026-09-24T16:48:21+00:00
2026-09-21T18:33:00Z,30740.75,30746.5,30737.5,30743.0,638,2026-09-24T16:48:21+00:00
2026-09-21T18:34:00Z,30743.5,30743.75,30739.25,30743.25,485,2026-09-24T16:48:21+00:00
2026-09-21T18:35:00Z,30743.25,30748.5,30739.0,30743.25,586,2026-09-24T16:48:21+00:00
2026-09-21T18:36:00Z,30743.0,30751.0,30741.25,30749.5,592,2026-09-24T16:48:21+00:00
2026-09-21T18:37:00Z,30749.5,30753.75,30748.25,30753.5,783,2026-09-24T16:48:21+00:00
2026-09-21T18:38:00Z,30753.25,30759.75,30753.25,30757.0,796,2026-09-24T16:48:21+00:00
2026-09-21T18:39:00Z,30757.5,30763.0,30757.5,30763.0,756,2026-09-24T16:48:21+00:00
2026-09-21T18:40:00Z,30762.5,30765.5,30756.5,30760.0,843,2026-09-24T16:48:21+00:00
2026-09-21T18:41:00Z,30760.25,30764.0,30757.25,30762.5,429,2026-09-24T16:48:21+00:00
2026-09-21T18:42:00Z,30762.75,30767.5,30762.75,30763.75,668,2026-09-24T16:48:21+00:00
2026-09-21T18:43:00Z,30764.25,30766.25,30760.5,30765.0,515,2026-09-24T16:48:21+00:00
2026-09-21T18:44:00Z,30765.0,30766.25,30763.25,30765.25,439,2026-09-24T16:48:21+00:00
2026-09-21T18:45:00Z,30765.0,30773.25,30765.0,30765.5,922,2026-09-24T16:48:21+00:00
2026-09-21T18:46:00Z,30765.25,30766.25,30762.0,30764.25,481,2026-09-24T16:48:21+00:00
2026-09-21T18:47:00Z,30764.75,30772.0,30763.75,30771.25,469,2026-09-24T16:48:21+00:00
2026-09-21T18:48:00Z,30771.25,30774.75,30769.25,30773.75,603,2026-09-24T16:48:21+00:00
2026-09-21T18:49:00Z,30773.75,30775.0,30769.5,30772.5,572,2026-09-24T16:48:21+00:00
2026-09-21T18:50:00Z,30772.5,30785.5,30772.5,30781.0,1751,2026-09-24T16:48:21+00:00
2026-09-21T18:51:00Z,30781.25,30785.75,30781.0,30785.75,687,2026-09-24T16:48:21+00:00
2026-09-21T18:52:00Z,30785.5,30786.0,30780.25,30781.75,712,2026-09-24T16:48:21+00:00
2026-09-21T18:53:00Z,30781.0,30795.0,30781.0,30795.0,1051,2026-09-24T16:48:21+00:00
2026-09-21T18:54:00Z,30795.0,30797.25,30791.25,30792.0,972,2026-09-24T16:48:21+00:00
2026-09-21T18:55:00Z,30792.25,30794.75,30788.0,30790.0,557,2026-09-24T16:48:21+00:00
2026-09-21T18:56:00Z,30790.0,30792.0,30786.5,30790.25,592,2026-09-24T16:48:21+00:00
2026-09-21T18:57:00Z,30790.0,30792.5,30786.75,30787.75,471,2026-09-24T16:48:21+00:00
2026-09-21T18:58:00Z,30787.75,30790.25,30781.25,30782.5,886,2026-09-24T16:48:21+00:00
2026-09-21T18:59:00Z,30782.5,30789.0,30780.0,30786.5,691,2026-09-24T16:48:21+00:00
2026-09-21T19:00:00Z,30786.75,30797.5,30785.0,30786.25,1217,2026-09-24T16:48:21+00:00
2026-09-21T19:01:00Z,30786.0,30790.0,30784.5,30789.25,703,2026-09-24T16:48:21+00:00
2026-09-21T19:02:00Z,30788.75,30793.75,30786.0,30788.5,776,2026-09-24T16:48:21+00:00
2026-09-21T19:03:00Z,30788.25,30788.5,30783.75,30784.5,570,2026-09-24T16:48:21+00:00
2026-09-21T19:04:00Z,30784.75,30787.75,30777.0,30777.25,640,2026-09-24T16:48:21+00:00
2026-09-21T19:05:00Z,30777.5,30781.25,30773.5,30773.5,751,2026-09-24T16:48:21+00:00
2026-09-21T19:06:00Z,30773.5,30785.0,30773.0,30784.5,798,2026-09-24T16:48:21+00:00
2026-09-21T19:07:00Z,30784.75,30786.75,30781.75,30785.75,525,2026-09-24T16:48:21+00:00
2026-09-21T19:08:00Z,30785.75,30789.75,30785.25,30785.75,576,2026-09-24T16:48:21+00:00
2026-09-21T19:09:00Z,30787.25,30791.0,30786.5,30789.0,405,2026-09-24T16:48:21+00:00
2026-09-21T19:10:00Z,30789.0,30789.0,30778.75,30782.5,614,2026-09-24T16:48:21+00:00
2026-09-21T19:11:00Z,30782.5,30790.0,30781.5,30788.75,531,2026-09-24T16:48:21+00:00
2026-09-21T19:12:00Z,30789.5,30795.5,30788.5,30794.0,580,2026-09-24T16:48:21+00:00
2026-09-21T19:13:00Z,30794.25,30798.5,30792.75,30796.75,681,2026-09-24T16:48:21+00:00
2026-09-21T19:14:00Z,30796.75,30802.5,30795.0,30801.75,901,2026-09-24T16:48:21+00:00
2026-09-21T19:15:00Z,30801.5,30802.0,30794.75,30800.25,903,2026-09-24T16:48:21+00:00
2026-09-21T19:16:00Z,30800.0,30804.5,30797.75,30803.75,681,2026-09-24T16:48:21+00:00
2026-09-21T19:17:00Z,30803.5,30806.0,30802.25,30804.5,572,2026-09-24T16:48:21+00:00
2026-09-21T19:18:00Z,30804.0,30807.0,30801.75,30802.25,533,2026-09-24T16:48:21+00:00
2026-09-21T19:19:00Z,30802.25,30807.0,30801.25,30805.25,554,2026-09-24T16:48:21+00:00
2026-09-21T19:20:00Z,30805.0,30806.5,30801.25,30803.0,575,2026-09-24T16:48:21+00:00
2026-09-21T19:21:00Z,30802.75,30806.0,30795.25,30805.25,910,2026-09-24T16:48:21+00:00
2026-09-21T19:22:00Z,30805.0,30809.5,30803.0,30808.75,658,2026-09-24T16:48:21+00:00
2026-09-21T19:23:00Z,30808.75,30813.5,30804.75,30805.5,943,2026-09-24T16:48:21+00:00
2026-09-21T19:24:00Z,30805.0,30806.5,30802.0,30803.0,552,2026-09-24T16:48:21+00:00
2026-09-21T19:25:00Z,30803.25,30805.75,30797.75,30799.0,581,2026-09-24T16:48:21+00:00
2026-09-21T19:26:00Z,30798.75,30805.5,30797.75,30805.25,573,2026-09-24T16:48:21+00:00
2026-09-21T19:27:00Z,30805.5,30808.75,30805.25,30806.25,467,2026-09-24T16:48:21+00:00
2026-09-21T19:28:00Z,30806.5,30812.25,30804.75,30807.0,710,2026-09-24T16:48:21+00:00
2026-09-21T19:29:00Z,30806.75,30808.75,30802.75,30803.75,564,2026-09-24T16:48:21+00:00
2026-09-21T19:30:00Z,30803.0,30810.0,30800.25,30809.0,978,2026-09-24T16:48:21+00:00
2026-09-21T19:31:00Z,30809.0,30813.0,30804.25,30812.0,803,2026-09-24T16:48:21+00:00
2026-09-21T19:32:00Z,30812.0,30823.0,30811.5,30819.25,1252,2026-09-24T16:48:21+00:00
2026-09-21T19:33:00Z,30819.25,30831.25,30818.75,30829.5,1169,2026-09-24T16:48:21+00:00
2026-09-21T19:34:00Z,30829.25,30838.0,30828.5,30835.5,1160,2026-09-24T16:48:21+00:00
2026-09-21T19:35:00Z,30835.5,30838.0,30832.5,30835.25,967,2026-09-24T16:48:21+00:00
2026-09-21T19:36:00Z,30835.25,30839.5,30833.0,30839.5,775,2026-09-24T16:48:21+00:00
2026-09-21T19:37:00Z,30839.0,30849.25,30837.25,30848.5,1247,2026-09-24T16:48:21+00:00
2026-09-21T19:38:00Z,30849.0,30862.75,30849.0,30861.5,1592,2026-09-24T16:48:21+00:00
2026-09-21T19:39:00Z,30861.5,30862.0,30854.0,30854.5,1281,2026-09-24T16:48:21+00:00
2026-09-21T19:40:00Z,30854.5,30858.25,30840.25,30841.75,1390,2026-09-24T16:48:21+00:00
2026-09-21T19:41:00Z,30841.75,30846.25,30834.25,30836.0,1442,2026-09-24T16:48:21+00:00
2026-09-21T19:42:00Z,30835.75,30838.0,30827.75,30829.0,1086,2026-09-24T16:48:21+00:00
2026-09-21T19:43:00Z,30829.0,30838.25,30826.5,30835.5,933,2026-09-24T16:48:21+00:00
2026-09-21T19:44:00Z,30835.5,30838.25,30832.5,30835.5,728,2026-09-24T16:48:21+00:00
2026-09-21T19:45:00Z,30835.0,30837.75,30824.25,30835.75,1468,2026-09-24T16:48:21+00:00
2026-09-21T19:46:00Z,30835.5,30837.75,30826.5,30829.0,932,2026-09-24T16:48:21+00:00
2026-09-21T19:47:00Z,30828.75,30835.75,30828.0,30830.0,803,2026-09-24T16:48:21+00:00
2026-09-21T19:48:00Z,30829.25,30833.75,30824.75,30828.5,741,2026-09-24T16:48:21+00:00
2026-09-21T19:49:00Z,30828.5,30829.25,30822.0,30825.0,1055,2026-09-24T16:48:21+00:00
2026-09-21T19:50:00Z,30825.5,30825.5,30786.75,30802.0,3257,2026-09-24T16:48:21+00:00
2026-09-21T19:51:00Z,30802.0,30808.75,30796.25,30803.25,1426,2026-09-24T16:48:21+00:00
2026-09-21T19:52:00Z,30804.0,30820.0,30804.0,30813.25,2011,2026-09-24T16:48:21+00:00
2026-09-21T19:53:00Z,30812.75,30814.0,30802.75,30804.25,997,2026-09-24T16:48:21+00:00
2026-09-21T19:54:00Z,30803.75,30809.25,30794.75,30794.75,1976,2026-09-24T16:48:21+00:00
2026-09-21T19:55:00Z,30794.75,30807.75,30788.5,30802.0,2329,2026-09-24T16:48:21+00:00
2026-09-21T19:56:00Z,30802.0,30803.5,30794.5,30796.5,1556,2026-09-24T16:48:21+00:00
2026-09-21T19:57:00Z,30796.5,30804.5,30794.0,30798.25,1798,2026-09-24T16:48:21+00:00
2026-09-21T19:58:00Z,30798.75,30801.0,30792.5,30794.25,2123,2026-09-24T16:48:21+00:00
2026-09-21T19:59:00Z,30795.0,30798.75,30778.0,30783.5,10388,2026-09-24T16:48:21+00:00
2026-09-21T20:00:00Z,30784.0,30794.0,30775.75,30779.75,2725,2026-09-24T16:48:21+00:00
2026-09-21T20:01:00Z,30779.25,30782.25,30774.5,30780.0,1050,2026-09-24T16:48:21+00:00
2026-09-21T20:02:00Z,30779.75,30780.25,30773.75,30776.5,638,2026-09-24T16:48:21+00:00
2026-09-21T20:03:00Z,30776.75,30777.25,30769.25,30771.5,684,2026-09-24T16:48:21+00:00
2026-09-21T20:04:00Z,30771.5,30771.75,30763.25,30767.75,897,2026-09-24T16:48:21+00:00
2026-09-21T20:05:00Z,30768.25,30772.0,30766.5,30769.75,423,2026-09-24T16:48:21+00:00
2026-09-21T20:06:00Z,30770.0,30781.5,30769.5,30781.25,860,2026-09-24T16:48:21+00:00
2026-09-21T20:07:00Z,30781.25,30786.0,30778.0,30779.5,597,2026-09-24T16:48:21+00:00
2026-09-21T20:08:00Z,30779.75,30783.0,30775.5,30781.75,337,2026-09-24T16:48:21+00:00
2026-09-21T20:09:00Z,30781.75,30783.0,30780.0,30781.5,199,2026-09-24T16:48:21+00:00
2026-09-21T20:10:00Z,30782.5,30784.0,30779.0,30779.75,203,2026-09-24T16:48:21+00:00
2026-09-21T20:11:00Z,30779.5,30779.5,30772.75,30775.75,256,2026-09-24T16:48:21+00:00
2026-09-21T20:12:00Z,30776.0,30776.0,30771.0,30774.0,185,2026-09-24T16:48:21+00:00
2026-09-21T20:13:00Z,30773.5,30780.5,30773.5,30779.0,400,2026-09-24T16:48:21+00:00
2026-09-21T20:14:00Z,30779.0,30781.75,30777.75,30778.5,341,2026-09-24T16:48:21+00:00
2026-09-21T20:15:00Z,30778.25,30779.0,30773.25,30777.25,240,2026-09-24T16:48:21+00:00
2026-09-21T20:16:00Z,30777.25,30777.25,30763.75,30766.25,292,2026-09-24T16:48:21+00:00
2026-09-21T20:17:00Z,30766.0,30766.0,30761.75,30763.75,256,2026-09-24T16:48:21+00:00
2026-09-21T20:18:00Z,30764.0,30768.25,30763.75,30767.25,243,2026-09-24T16:48:21+00:00
2026-09-21T20:19:00Z,30768.0,30771.5,30768.0,30771.0,258,2026-09-24T16:48:21+00:00
2026-09-21T20:20:00Z,30770.75,30772.5,30768.25,30770.0,149,2026-09-24T16:48:21+00:00
2026-09-21T20:21:00Z,30769.0,30769.5,30766.0,30766.5,169,2026-09-24T16:48:21+00:00
2026-09-21T20:22:00Z,30767.5,30767.75,30765.75,30767.25,80,2026-09-24T16:48:21+00:00
2026-09-21T20:23:00Z,30767.75,30771.0,30767.25,30768.0,161,2026-09-24T16:48:21+00:00
2026-09-21T20:24:00Z,30770.0,30771.75,30768.25,30769.0,122,2026-09-24T16:48:21+00:00
2026-09-21T20:25:00Z,30769.5,30778.25,30769.25,30777.5,240,2026-09-24T16:48:21+00:00
2026-09-21T20:26:00Z,30777.5,30782.0,30777.5,30778.25,253,2026-09-24T16:48:21+00:00
2026-09-21T20:27:00Z,30777.25,30777.5,30775.0,30775.0,104,2026-09-24T16:48:21+00:00
2026-09-21T20:28:00Z,30775.0,30781.25,30774.75,30780.75,134,2026-09-24T16:48:21+00:00
2026-09-21T20:29:00Z,30780.5,30780.75,30776.0,30777.5,114,2026-09-24T16:48:21+00:00
2026-09-21T20:30:00Z,30777.5,30778.5,30775.0,30775.5,140,2026-09-24T16:48:21+00:00
2026-09-21T20:31:00Z,30775.25,30775.25,30772.5,30773.25,160,2026-09-24T16:48:21+00:00
2026-09-21T20:32:00Z,30773.25,30774.0,30769.5,30771.5,116,2026-09-24T16:48:21+00:00
2026-09-21T20:33:00Z,30771.75,30774.0,30771.75,30772.5,99,2026-09-24T16:48:21+00:00
2026-09-21T20:34:00Z,30772.0,30773.25,30771.0,30772.25,39,2026-09-24T16:48:21+00:00
2026-09-21T20:35:00Z,30772.0,30772.0,30769.25,30770.0,84,2026-09-24T16:48:21+00:00
2026-09-21T20:36:00Z,30769.5,30770.0,30766.25,30766.75,168,2026-09-24T16:48:21+00:00
2026-09-21T20:37:00Z,30766.25,30767.0,30763.25,30764.0,131,2026-09-24T16:48:21+00:00
2026-09-21T20:38:00Z,30763.5,30765.25,30760.0,30763.25,204,2026-09-24T16:48:21+00:00
2026-09-21T20:39:00Z,30763.0,30765.0,30762.0,30764.5,82,2026-09-24T16:48:21+00:00
2026-09-21T20:40:00Z,30765.0,30767.25,30764.0,30764.5,117,2026-09-24T16:48:21+00:00
2026-09-21T20:41:00Z,30764.25,30764.75,30761.5,30762.5,110,2026-09-24T16:48:21+00:00
2026-09-21T20:42:00Z,30762.5,30762.5,30756.5,30760.0,185,2026-09-24T16:48:21+00:00
2026-09-21T20:43:00Z,30760.0,30762.5,30759.75,30760.5,106,2026-09-24T16:48:21+00:00
2026-09-21T20:44:00Z,30760.5,30763.75,30758.25,30763.0,206,2026-09-24T16:48:21+00:00
2026-09-21T20:45:00Z,30762.25,30762.5,30760.5,30760.75,202,2026-09-24T16:48:21+00:00
2026-09-21T20:46:00Z,30761.0,30763.75,30761.0,30762.5,89,2026-09-24T16:48:21+00:00
2026-09-21T20:47:00Z,30762.0,30764.25,30760.5,30764.25,101,2026-09-24T16:48:21+00:00
2026-09-21T20:48:00Z,30763.75,30766.5,30762.75,30764.25,116,2026-09-24T16:48:21+00:00
2026-09-21T20:49:00Z,30765.75,30768.0,30764.75,30765.75,90,2026-09-24T16:48:21+00:00
2026-09-21T20:50:00Z,30765.25,30767.5,30764.25,30765.0,82,2026-09-24T16:48:21+00:00
2026-09-21T20:51:00Z,30765.0,30767.0,30763.5,30766.5,71,2026-09-24T16:48:21+00:00
2026-09-21T20:52:00Z,30767.0,30768.5,30766.0,30766.0,66,2026-09-24T16:48:21+00:00
2026-09-21T20:53:00Z,30766.0,30767.75,30766.0,30767.5,52,2026-09-24T16:48:21+00:00
2026-09-21T20:54:00Z,30767.0,30769.75,30766.25,30768.25,139,2026-09-24T16:48:21+00:00
2026-09-21T20:55:00Z,30768.25,30769.25,30767.25,30767.5,82,2026-09-24T16:48:21+00:00
2026-09-21T20:56:00Z,30767.25,30768.0,30763.75,30768.0,142,2026-09-24T16:48:21+00:00
2026-09-21T20:57:00Z,30767.75,30773.75,30767.5,30773.5,308,2026-09-24T16:48:21+00:00
2026-09-21T20:58:00Z,30773.0,30778.0,30769.75,30778.0,230,2026-09-24T16:48:21+00:00
2026-09-21T20:59:00Z,30775.75,30788.0,30774.0,30781.0,425,2026-09-24T16:48:21+00:00
2026-09-21T22:00:00Z,30780.0,30799.0,30778.5,30788.0,0,2026-09-24T16:48:21+00:00
2026-09-21T22:01:00Z,30787.75,30794.0,30780.25,30789.5,195,2026-09-24T16:48:21+00:00
2026-09-21T22:02:00Z,30788.25,30789.25,30785.25,30786.5,94,2026-09-24T16:48:21+00:00
2026-09-21T22:03:00Z,30786.25,30794.25,30786.25,30794.25,114,2026-09-24T16:48:21+00:00
2026-09-21T22:04:00Z,30793.25,30808.75,30793.25,30808.25,233,2026-09-24T16:48:21+00:00
2026-09-21T22:05:00Z,30809.5,30821.25,30806.75,30809.75,321,2026-09-24T16:48:21+00:00
2026-09-21T22:06:00Z,30810.5,30810.5,30798.0,30800.0,188,2026-09-24T16:48:21+00:00
2026-09-21T22:07:00Z,30800.0,30807.5,30797.5,30802.75,73,2026-09-24T16:48:21+00:00
2026-09-21T22:08:00Z,30802.75,30807.0,30802.5,30803.25,70,2026-09-24T16:48:21+00:00
2026-09-21T22:09:00Z,30804.5,30807.0,30802.75,30804.5,69,2026-09-24T16:48:21+00:00
2026-09-21T22:10:00Z,30805.0,30807.0,30802.0,30802.75,65,2026-09-24T16:48:21+00:00
2026-09-21T22:11:00Z,30803.75,30804.0,30786.25,30802.0,375,2026-09-24T16:48:21+00:00
2026-09-21T22:12:00Z,30800.25,30805.75,30795.5,30797.75,122,2026-09-24T16:48:21+00:00
2026-09-21T22:13:00Z,30796.5,30807.5,30796.0,30805.25,138,2026-09-24T16:48:21+00:00
2026-09-21T22:14:00Z,30807.75,30810.0,30802.25,30802.75,66,2026-09-24T16:48:21+00:00
2026-09-21T22:15:00Z,30803.25,30807.0,30802.25,30806.0,35,2026-09-24T16:48:21+00:00
2026-09-21T22:16:00Z,30806.0,30806.0,30802.75,30803.75,33,2026-09-24T16:48:21+00:00
2026-09-21T22:17:00Z,30803.0,30815.75,30800.5,30812.75,235,2026-09-24T16:48:21+00:00
2026-09-21T22:18:00Z,30812.25,30812.75,30803.0,30807.0,125,2026-09-24T16:48:21+00:00
2026-09-21T22:19:00Z,30807.0,30810.0,30805.0,30808.0,47,2026-09-24T16:48:21+00:00
2026-09-21T22:20:00Z,30808.5,30810.5,30806.0,30807.75,72,2026-09-24T16:48:21+00:00
2026-09-21T22:21:00Z,30807.0,30815.0,30806.75,30810.0,69,2026-09-24T16:48:21+00:00
2026-09-21T22:22:00Z,30811.0,30812.5,30804.75,30807.5,72,2026-09-24T16:48:21+00:00
2026-09-21T22:23:00Z,30807.25,30808.0,30804.0,30807.25,32,2026-09-24T16:48:21+00:00
2026-09-21T22:24:00Z,30808.0,30811.75,30807.75,30809.5,28,2026-09-24T16:48:21+00:00
2026-09-21T22:25:00Z,30810.0,30812.5,30808.75,30809.5,45,2026-09-24T16:48:21+00:00
2026-09-21T22:26:00Z,30809.5,30810.75,30808.25,30809.5,25,2026-09-24T16:48:21+00:00
2026-09-21T22:27:00Z,30809.75,30811.0,30808.25,30811.0,25,2026-09-24T16:48:21+00:00
2026-09-21T22:28:00Z,30809.5,30814.0,30808.5,30814.0,58,2026-09-24T16:48:21+00:00
2026-09-21T22:29:00Z,30814.0,30816.0,30811.75,30814.0,96,2026-09-24T16:48:21+00:00
2026-09-21T22:30:00Z,30815.75,30828.25,30815.0,30825.75,301,2026-09-24T16:48:21+00:00
2026-09-21T22:31:00Z,30825.25,30827.75,30817.0,30820.5,165,2026-09-24T16:48:21+00:00
2026-09-21T22:32:00Z,30820.5,30822.0,30814.0,30815.0,85,2026-09-24T16:48:21+00:00
2026-09-21T22:33:00Z,30815.5,30815.75,30811.5,30814.5,59,2026-09-24T16:48:21+00:00
2026-09-21T22:34:00Z,30813.5,30822.0,30811.5,30814.0,210,2026-09-24T16:48:21+00:00
2026-09-21T22:35:00Z,30815.0,30816.5,30812.0,30815.5,45,2026-09-24T16:48:21+00:00
2026-09-21T22:36:00Z,30815.0,30816.0,30812.25,30815.5,23,2026-09-24T16:48:21+00:00
2026-09-21T22:37:00Z,30813.5,30817.75,30812.5,30817.25,12,2026-09-24T16:48:21+00:00
2026-09-21T22:38:00Z,30817.25,30820.75,30814.0,30814.0,38,2026-09-24T16:48:21+00:00
2026-09-21T22:39:00Z,30814.0,30815.0,30812.0,30813.5,36,2026-09-24T16:48:21+00:00
2026-09-21T22:40:00Z,30813.5,30815.5,30811.25,30812.0,77,2026-09-24T16:48:21+00:00
2026-09-21T22:41:00Z,30812.25,30814.0,30806.0,30808.25,126,2026-09-24T16:48:21+00:00
2026-09-21T22:42:00Z,30806.75,30810.0,30805.0,30808.0,75,2026-09-24T16:48:21+00:00
2026-09-21T22:43:00Z,30808.0,30811.75,30807.75,30811.25,25,2026-09-24T16:48:21+00:00
2026-09-21T22:44:00Z,30811.75,30821.75,30810.5,30821.75,94,2026-09-24T16:48:21+00:00
2026-09-21T22:45:00Z,30821.25,30821.25,30812.75,30818.0,87,2026-09-24T16:48:21+00:00
2026-09-21T22:46:00Z,30817.75,30818.0,30813.25,30818.0,42,2026-09-24T16:48:21+00:00
2026-09-21T22:47:00Z,30816.75,30821.0,30816.75,30818.0,57,2026-09-24T16:48:21+00:00
2026-09-21T22:48:00Z,30817.0,30823.75,30816.0,30823.75,57,2026-09-24T16:48:21+00:00
2026-09-21T22:49:00Z,30822.75,30824.5,30820.5,30824.5,50,2026-09-24T16:48:21+00:00
2026-09-21T22:50:00Z,30823.0,30827.25,30821.0,30825.25,112,2026-09-24T16:48:21+00:00
2026-09-21T22:51:00Z,30824.25,30825.0,30819.5,30821.25,78,2026-09-24T16:48:21+00:00
2026-09-21T22:52:00Z,30820.0,30820.5,30815.5,30820.5,72,2026-09-24T16:48:21+00:00
2026-09-21T22:53:00Z,30820.5,30827.5,30820.5,30824.75,79,2026-09-24T16:48:21+00:00
2026-09-21T22:54:00Z,30825.75,30829.75,30825.75,30829.25,65,2026-09-24T16:48:21+00:00
2026-09-21T22:55:00Z,30829.25,30833.5,30825.0,30830.5,144,2026-09-24T16:48:21+00:00
2026-09-21T22:56:00Z,30830.5,30831.5,30827.75,30829.75,76,2026-09-24T16:48:21+00:00
2026-09-21T22:57:00Z,30828.75,30831.0,30828.75,30830.25,54,2026-09-24T16:48:21+00:00
2026-09-21T22:58:00Z,30829.5,30831.75,30828.75,30829.5,41,2026-09-24T16:48:21+00:00
2026-09-21T22:59:00Z,30830.0,30831.5,30828.25,30829.5,56,2026-09-24T16:48:21+00:00
2026-09-21T23:00:00Z,30828.25,30831.25,30828.0,30830.5,76,2026-09-24T16:48:21+00:00
2026-09-21T23:01:00Z,30830.0,30834.5,30823.25,30825.0,187,2026-09-24T16:48:21+00:00
2026-09-21T23:02:00Z,30825.25,30829.75,30825.0,30829.0,57,2026-09-24T16:48:21+00:00
2026-09-21T23:03:00Z,30829.5,30836.5,30829.5,30834.25,104,2026-09-24T16:48:21+00:00
2026-09-21T23:04:00Z,30833.75,30834.5,30828.0,30829.5,97,2026-09-24T16:48:21+00:00
2026-09-21T23:05:00Z,30829.25,30831.5,30827.0,30831.5,46,2026-09-24T16:48:21+00:00
2026-09-21T23:06:00Z,30832.25,30837.25,30831.75,30834.75,95,2026-09-24T16:48:21+00:00
2026-09-21T23:07:00Z,30833.75,30836.75,30832.75,30836.25,34,2026-09-24T16:48:21+00:00
2026-09-21T23:08:00Z,30836.5,30840.75,30835.75,30836.5,132,2026-09-24T16:48:21+00:00
2026-09-21T23:09:00Z,30837.0,30839.25,30835.5,30838.5,63,2026-09-24T16:48:21+00:00
2026-09-21T23:10:00Z,30838.25,30839.25,30836.0,30838.0,46,2026-09-24T16:48:21+00:00
2026-09-21T23:11:00Z,30836.75,30839.75,30836.5,30839.5,56,2026-09-24T16:48:21+00:00
2026-09-21T23:12:00Z,30838.75,30844.5,30837.0,30843.5,220,2026-09-24T16:48:21+00:00
2026-09-21T23:13:00Z,30843.25,30852.25,30842.0,30849.5,226,2026-09-24T16:48:21+00:00
2026-09-21T23:14:00Z,30848.0,30849.0,30843.25,30843.75,167,2026-09-24T16:48:21+00:00
2026-09-21T23:15:00Z,30843.25,30847.25,30842.75,30847.0,47,2026-09-24T16:48:21+00:00
2026-09-21T23:16:00Z,30846.75,30847.25,30842.25,30843.75,56,2026-09-24T16:48:21+00:00
2026-09-21T23:17:00Z,30843.25,30844.5,30836.0,30837.25,122,2026-09-24T16:48:21+00:00
2026-09-21T23:18:00Z,30837.0,30846.0,30836.75,30842.75,119,2026-09-24T16:48:21+00:00
2026-09-21T23:19:00Z,30843.0,30844.5,30840.5,30841.75,24,2026-09-24T16:48:21+00:00
2026-09-21T23:20:00Z,30841.75,30843.0,30838.75,30840.0,99,2026-09-24T16:48:21+00:00
2026-09-21T23:21:00Z,30839.75,30842.75,30838.0,30841.75,44,2026-09-24T16:48:21+00:00
2026-09-21T23:22:00Z,30841.25,30844.75,30841.25,30844.0,31,2026-09-24T16:48:21+00:00
2026-09-21T23:23:00Z,30844.0,30844.0,30840.5,30841.25,21,2026-09-24T16:48:21+00:00
2026-09-21T23:24:00Z,30840.25,30844.75,30840.0,30843.5,62,2026-09-24T16:48:21+00:00
2026-09-21T23:25:00Z,30843.5,30843.75,30840.0,30842.0,34,2026-09-24T16:48:21+00:00
2026-09-21T23:26:00Z,30842.0,30843.75,30842.0,30843.25,15,2026-09-24T16:48:21+00:00
2026-09-21T23:27:00Z,30844.75,30844.75,30841.75,30841.75,20,2026-09-24T16:48:21+00:00
2026-09-21T23:28:00Z,30841.75,30842.5,30838.0,30838.0,128,2026-09-24T16:48:21+00:00
2026-09-21T23:29:00Z,30838.25,30844.5,30836.75,30842.75,113,2026-09-24T16:48:21+00:00
2026-09-21T23:30:00Z,30842.25,30847.0,30840.5,30842.25,118,2026-09-24T16:48:21+00:00
2026-09-21T23:31:00Z,30841.75,30843.75,30840.5,30840.75,32,2026-09-24T16:48:21+00:00
2026-09-21T23:32:00Z,30840.25,30846.25,30836.75,30845.5,100,2026-09-24T16:48:21+00:00
2026-09-21T23:33:00Z,30844.75,30848.75,30843.25,30847.25,77,2026-09-24T16:48:21+00:00
2026-09-21T23:34:00Z,30847.5,30850.5,30846.75,30848.5,91,2026-09-24T16:48:21+00:00
2026-09-21T23:35:00Z,30849.0,30850.0,30846.75,30846.75,41,2026-09-24T16:48:21+00:00
2026-09-21T23:36:00Z,30846.5,30847.25,30841.5,30846.75,86,2026-09-24T16:48:21+00:00
2026-09-21T23:37:00Z,30847.0,30850.75,30844.75,30845.0,69,2026-09-24T16:48:21+00:00
2026-09-21T23:38:00Z,30845.25,30848.25,30843.5,30848.25,64,2026-09-24T16:48:21+00:00
2026-09-21T23:39:00Z,30845.75,30847.0,30842.75,30846.0,42,2026-09-24T16:48:21+00:00
2026-09-21T23:40:00Z,30847.0,30855.75,30846.25,30852.0,191,2026-09-24T16:48:21+00:00
2026-09-21T23:41:00Z,30851.25,30856.0,30851.0,30853.25,131,2026-09-24T16:48:21+00:00
2026-09-21T23:42:00Z,30854.0,30854.25,30851.25,30852.75,91,2026-09-24T16:48:21+00:00
2026-09-21T23:43:00Z,30852.75,30853.5,30851.25,30851.25,107,2026-09-24T16:48:21+00:00
2026-09-21T23:44:00Z,30851.25,30852.75,30849.25,30850.0,112,2026-09-24T16:48:21+00:00
2026-09-21T23:45:00Z,30849.5,30853.5,30847.5,30849.0,175,2026-09-24T16:48:21+00:00
2026-09-21T23:46:00Z,30847.5,30855.0,30846.75,30851.5,142,2026-09-24T16:48:21+00:00
2026-09-21T23:47:00Z,30851.25,30853.75,30848.25,30852.0,105,2026-09-24T16:48:21+00:00
2026-09-21T23:48:00Z,30852.5,30853.0,30847.0,30849.5,75,2026-09-24T16:48:21+00:00
2026-09-21T23:49:00Z,30849.5,30851.0,30847.75,30849.0,38,2026-09-24T16:48:21+00:00
2026-09-21T23:50:00Z,30848.5,30850.5,30847.25,30848.75,72,2026-09-24T16:48:21+00:00
2026-09-21T23:51:00Z,30848.75,30851.75,30847.75,30850.25,47,2026-09-24T16:48:21+00:00
2026-09-21T23:52:00Z,30849.5,30851.0,30849.0,30850.75,17,2026-09-24T16:48:21+00:00
2026-09-21T23:53:00Z,30851.25,30854.5,30850.75,30853.0,82,2026-09-24T16:48:21+00:00
2026-09-21T23:54:00Z,30853.5,30856.75,30853.5,30854.25,72,2026-09-24T16:48:21+00:00
2026-09-21T23:55:00Z,30855.25,30855.25,30851.75,30854.5,127,2026-09-24T16:48:21+00:00
2026-09-21T23:56:00Z,30855.0,30855.25,30849.25,30853.0,51,2026-09-24T16:48:21+00:00
2026-09-21T23:57:00Z,30852.25,30854.25,30852.0,30854.0,28,2026-09-24T16:48:21+00:00
2026-09-21T23:58:00Z,30854.5,30854.5,30852.75,30853.0,33,2026-09-24T16:48:21+00:00
2026-09-21T23:59:00Z,30852.5,30854.0,30850.75,30852.25,62,2026-09-24T16:48:21+00:00
2026-09-22T00:00:00Z,30852.25,30858.0,30850.0,30857.25,254,2026-09-24T16:48:21+00:00
2026-09-22T00:01:00Z,30857.5,30868.25,30856.25,30862.5,506,2026-09-24T16:48:21+00:00
2026-09-22T00:02:00Z,30861.5,30867.25,30860.5,30867.25,171,2026-09-24T16:48:21+00:00
2026-09-22T00:03:00Z,30867.5,30869.25,30863.25,30865.0,181,2026-09-24T16:48:21+00:00
2026-09-22T00:04:00Z,30864.25,30867.75,30859.25,30865.25,217,2026-09-24T16:48:21+00:00
2026-09-22T00:05:00Z,30865.25,30869.75,30864.5,30867.5,134,2026-09-24T16:48:21+00:00
2026-09-22T00:06:00Z,30867.0,30869.75,30864.0,30868.25,143,2026-09-24T16:48:21+00:00
2026-09-22T00:07:00Z,30868.75,30872.5,30868.25,30870.25,150,2026-09-24T16:48:21+00:00
2026-09-22T00:08:00Z,30871.5,30872.75,30869.0,30872.0,136,2026-09-24T16:48:21+00:00
2026-09-22T00:09:00Z,30872.0,30886.5,30872.0,30884.0,444,2026-09-24T16:48:21+00:00
2026-09-22T00:10:00Z,30884.5,30888.25,30876.25,30884.5,478,2026-09-24T16:48:21+00:00
2026-09-22T00:11:00Z,30884.25,30888.5,30881.25,30884.5,271,2026-09-24T16:48:21+00:00
2026-09-22T00:12:00Z,30884.5,30888.25,30880.25,30881.75,185,2026-09-24T16:48:21+00:00
2026-09-22T00:13:00Z,30882.25,30882.25,30873.0,30879.5,225,2026-09-24T16:48:21+00:00
2026-09-22T00:14:00Z,30879.75,30880.25,30876.75,30876.75,76,2026-09-24T16:48:21+00:00
2026-09-22T00:15:00Z,30876.75,30878.0,30862.75,30874.75,915,2026-09-24T16:48:21+00:00
2026-09-22T00:16:00Z,30876.75,30882.25,30871.75,30874.0,303,2026-09-24T16:48:21+00:00
2026-09-22T00:17:00Z,30876.25,30877.75,30871.0,30873.0,152,2026-09-24T16:48:21+00:00
2026-09-22T00:18:00Z,30871.75,30876.25,30870.0,30872.5,205,2026-09-24T16:48:21+00:00
2026-09-22T00:19:00Z,30872.5,30874.25,30871.5,30873.25,39,2026-09-24T16:48:21+00:00
2026-09-22T00:20:00Z,30874.0,30875.75,30871.0,30871.75,39,2026-09-24T16:48:21+00:00
2026-09-22T00:21:00Z,30871.5,30882.75,30870.0,30880.0,358,2026-09-24T16:48:21+00:00
2026-09-22T00:22:00Z,30881.0,30882.25,30878.75,30880.5,104,2026-09-24T16:48:21+00:00
2026-09-22T00:23:00Z,30880.25,30881.5,30878.0,30878.25,56,2026-09-24T16:48:21+00:00
2026-09-22T00:24:00Z,30879.0,30879.75,30875.0,30879.75,142,2026-09-24T16:48:21+00:00
2026-09-22T00:25:00Z,30878.75,30880.5,30874.5,30874.75,91,2026-09-24T16:48:21+00:00
2026-09-22T00:26:00Z,30874.75,30883.0,30874.75,30882.0,68,2026-09-24T16:48:21+00:00
2026-09-22T00:27:00Z,30882.25,30885.75,30881.5,30882.75,160,2026-09-24T16:48:21+00:00
2026-09-22T00:28:00Z,30883.25,30889.0,30881.0,30887.5,91,2026-09-24T16:48:21+00:00
2026-09-22T00:29:00Z,30887.0,30893.75,30886.25,30892.25,219,2026-09-24T16:48:21+00:00
2026-09-22T00:30:00Z,30893.0,30908.0,30891.75,30905.25,735,2026-09-24T16:48:21+00:00
2026-09-22T00:31:00Z,30905.25,30909.5,30904.75,30909.0,226,2026-09-24T16:48:21+00:00
2026-09-22T00:32:00Z,30908.25,30916.5,30908.0,30912.75,397,2026-09-24T16:48:21+00:00
2026-09-22T00:33:00Z,30912.0,30912.0,30898.0,30899.5,391,2026-09-24T16:48:21+00:00
2026-09-22T00:34:00Z,30899.25,30900.25,30880.5,30881.25,605,2026-09-24T16:48:21+00:00
2026-09-22T00:35:00Z,30881.5,30884.5,30873.5,30877.25,476,2026-09-24T16:48:21+00:00
2026-09-22T00:36:00Z,30877.0,30881.25,30874.5,30876.5,161,2026-09-24T16:48:21+00:00
2026-09-22T00:37:00Z,30877.5,30878.75,30872.75,30876.5,141,2026-09-24T16:48:21+00:00
2026-09-22T00:38:00Z,30878.5,30885.5,30878.25,30885.0,105,2026-09-24T16:48:21+00:00
2026-09-22T00:39:00Z,30883.75,30884.0,30874.0,30875.5,128,2026-09-24T16:48:21+00:00
2026-09-22T00:40:00Z,30875.75,30882.0,30872.25,30877.25,164,2026-09-24T16:48:21+00:00
2026-09-22T00:41:00Z,30876.25,30887.0,30876.25,30885.75,149,2026-09-24T16:48:21+00:00
2026-09-22T00:42:00Z,30885.25,30893.75,30884.0,30892.0,243,2026-09-24T16:48:21+00:00
2026-09-22T00:43:00Z,30894.25,30897.0,30890.5,30893.0,172,2026-09-24T16:48:21+00:00
2026-09-22T00:44:00Z,30892.75,30893.0,30888.75,30891.0,78,2026-09-24T16:48:21+00:00
2026-09-22T00:45:00Z,30891.75,30899.5,30890.0,30897.25,181,2026-09-24T16:48:21+00:00
2026-09-22T00:46:00Z,30897.0,30906.75,30895.25,30899.5,412,2026-09-24T16:48:21+00:00
2026-09-22T00:47:00Z,30898.75,30899.0,30893.0,30893.0,78,2026-09-24T16:48:21+00:00
2026-09-22T00:48:00Z,30892.25,30896.25,30886.0,30896.0,179,2026-09-24T16:48:21+00:00
2026-09-22T00:49:00Z,30895.75,30899.25,30893.5,30896.25,66,2026-09-24T16:48:21+00:00
2026-09-22T00:50:00Z,30896.25,30898.0,30893.75,30898.0,54,2026-09-24T16:48:21+00:00
2026-09-22T00:51:00Z,30896.75,30900.75,30896.0,30898.5,90,2026-09-24T16:48:21+00:00
2026-09-22T00:52:00Z,30898.75,30901.0,30896.25,30896.25,60,2026-09-24T16:48:21+00:00
2026-09-22T00:53:00Z,30895.5,30901.25,30894.5,30900.5,47,2026-09-24T16:48:21+00:00
2026-09-22T00:54:00Z,30900.0,30901.5,30897.5,30899.75,43,2026-09-24T16:48:21+00:00
2026-09-22T00:55:00Z,30900.0,30901.5,30895.25,30895.5,85,2026-09-24T16:48:21+00:00
2026-09-22T00:56:00Z,30895.0,30898.5,30892.5,30898.0,91,2026-09-24T16:48:21+00:00
2026-09-22T00:57:00Z,30898.0,30900.25,30897.5,30899.25,34,2026-09-24T16:48:21+00:00
2026-09-22T00:58:00Z,30898.0,30901.75,30896.5,30901.0,102,2026-09-24T16:48:21+00:00
2026-09-22T00:59:00Z,30902.25,30903.25,30898.25,30899.5,145,2026-09-24T16:48:21+00:00
2026-09-22T01:00:00Z,30900.0,30901.25,30894.75,30896.0,199,2026-09-24T16:48:21+00:00
2026-09-22T01:01:00Z,30895.5,30896.25,30888.75,30892.5,210,2026-09-24T16:48:21+00:00
2026-09-22T01:02:00Z,30893.0,30893.0,30888.25,30889.75,89,2026-09-24T16:48:21+00:00
2026-09-22T01:03:00Z,30890.75,30892.25,30884.5,30884.5,217,2026-09-24T16:48:21+00:00
2026-09-22T01:04:00Z,30884.5,30887.5,30883.0,30884.5,228,2026-09-24T16:48:21+00:00
2026-09-22T01:05:00Z,30885.5,30891.0,30878.75,30888.5,270,2026-09-24T16:48:21+00:00
2026-09-22T01:06:00Z,30888.75,30894.0,30886.25,30892.25,119,2026-09-24T16:48:21+00:00
2026-09-22T01:07:00Z,30892.5,30894.5,30889.5,30892.25,74,2026-09-24T16:48:21+00:00
2026-09-22T01:08:00Z,30890.75,30897.25,30889.0,30894.25,92,2026-09-24T16:48:21+00:00
2026-09-22T01:09:00Z,30894.0,30894.25,30886.5,30889.75,106,2026-09-24T16:48:21+00:00
2026-09-22T01:10:00Z,30888.75,30889.0,30882.25,30882.25,168,2026-09-24T16:48:21+00:00
2026-09-22T01:11:00Z,30882.0,30883.0,30877.75,30878.75,224,2026-09-24T16:48:21+00:00
2026-09-22T01:12:00Z,30879.25,30886.75,30878.75,30885.25,134,2026-09-24T16:48:21+00:00
2026-09-22T01:13:00Z,30886.25,30886.5,30880.75,30883.5,99,2026-09-24T16:48:21+00:00
2026-09-22T01:14:00Z,30883.75,30886.75,30880.25,30885.5,80,2026-09-24T16:48:21+00:00
2026-09-22T01:15:00Z,30884.75,30884.75,30875.75,30879.5,163,2026-09-24T16:48:21+00:00
2026-09-22T01:16:00Z,30880.0,30881.25,30871.0,30874.0,295,2026-09-24T16:48:21+00:00
2026-09-22T01:17:00Z,30874.75,30877.5,30873.0,30874.0,162,2026-09-24T16:48:21+00:00
2026-09-22T01:18:00Z,30874.25,30878.5,30873.75,30876.75,77,2026-09-24T16:48:21+00:00
2026-09-22T01:19:00Z,30874.75,30876.0,30871.5,30871.5,89,2026-09-24T16:48:21+00:00
2026-09-22T01:20:00Z,30871.75,30876.75,30870.5,30873.75,142,2026-09-24T16:48:21+00:00
2026-09-22T01:21:00Z,30874.25,30877.25,30872.5,30875.75,37,2026-09-24T16:48:21+00:00
2026-09-22T01:22:00Z,30875.0,30875.0,30867.5,30870.75,324,2026-09-24T16:48:21+00:00
2026-09-22T01:23:00Z,30870.5,30876.0,30870.0,30873.25,184,2026-09-24T16:48:21+00:00
2026-09-22T01:24:00Z,30871.75,30875.5,30871.75,30872.0,63,2026-09-24T16:48:21+00:00
2026-09-22T01:25:00Z,30872.75,30874.0,30870.5,30871.75,84,2026-09-24T16:48:21+00:00
2026-09-22T01:26:00Z,30871.0,30872.25,30868.25,30871.5,38,2026-09-24T16:48:21+00:00
2026-09-22T01:27:00Z,30872.25,30880.75,30871.25,30874.5,256,2026-09-24T16:48:21+00:00
2026-09-22T01:28:00Z,30874.75,30882.5,30874.0,30881.5,120,2026-09-24T16:48:21+00:00
2026-09-22T01:29:00Z,30881.0,30888.25,30878.25,30882.75,248,2026-09-24T16:48:21+00:00
2026-09-22T01:30:00Z,30882.0,30884.75,30873.0,30879.0,216,2026-09-24T16:48:21+00:00
2026-09-22T01:31:00Z,30879.25,30888.25,30879.0,30886.25,137,2026-09-24T16:48:21+00:00
2026-09-22T01:32:00Z,30885.75,30888.0,30883.5,30887.25,107,2026-09-24T16:48:21+00:00
2026-09-22T01:33:00Z,30887.5,30896.5,30886.75,30891.5,271,2026-09-24T16:48:21+00:00
2026-09-22T01:34:00Z,30892.25,30897.75,30890.25,30897.0,130,2026-09-24T16:48:21+00:00
2026-09-22T01:35:00Z,30897.75,30898.5,30894.0,30895.75,108,2026-09-24T16:48:21+00:00
2026-09-22T01:36:00Z,30895.5,30899.75,30891.75,30898.0,252,2026-09-24T16:48:21+00:00
2026-09-22T01:37:00Z,30897.25,30904.75,30893.5,30896.5,325,2026-09-24T16:48:21+00:00
2026-09-22T01:38:00Z,30897.25,30897.25,30890.25,30890.25,106,2026-09-24T16:48:21+00:00
2026-09-22T01:39:00Z,30891.0,30892.75,30886.5,30889.75,250,2026-09-24T16:48:21+00:00
2026-09-22T01:40:00Z,30888.5,30891.5,30885.75,30889.0,72,2026-09-24T16:48:21+00:00
2026-09-22T01:41:00Z,30889.5,30899.25,30889.5,30896.75,107,2026-09-24T16:48:21+00:00
2026-09-22T01:42:00Z,30897.0,30898.25,30888.5,30892.75,153,2026-09-24T16:48:21+00:00
2026-09-22T01:43:00Z,30892.0,30894.5,30888.75,30894.25,64,2026-09-24T16:48:21+00:00
2026-09-22T01:44:00Z,30892.5,30892.75,30884.25,30884.25,50,2026-09-24T16:48:21+00:00
2026-09-22T01:45:00Z,30887.25,30892.75,30887.25,30888.25,68,2026-09-24T16:48:21+00:00
2026-09-22T01:46:00Z,30888.0,30888.75,30880.25,30884.75,152,2026-09-24T16:48:21+00:00
2026-09-22T01:47:00Z,30886.25,30890.75,30882.75,30885.0,106,2026-09-24T16:48:21+00:00
2026-09-22T01:48:00Z,30884.25,30890.25,30879.25,30883.75,110,2026-09-24T16:48:21+00:00
2026-09-22T01:49:00Z,30883.5,30883.5,30874.5,30878.75,120,2026-09-24T16:48:21+00:00
2026-09-22T01:50:00Z,30876.5,30880.5,30876.0,30878.5,67,2026-09-24T16:48:21+00:00
2026-09-22T01:51:00Z,30878.75,30887.25,30875.75,30887.25,123,2026-09-24T16:48:21+00:00
2026-09-22T01:52:00Z,30887.75,30888.5,30882.75,30883.25,137,2026-09-24T16:48:21+00:00
2026-09-22T01:53:00Z,30882.25,30886.5,30880.5,30882.75,106,2026-09-24T16:48:21+00:00
2026-09-22T01:54:00Z,30884.25,30887.0,30882.0,30884.75,50,2026-09-24T16:48:21+00:00
2026-09-22T01:55:00Z,30885.25,30886.0,30880.75,30880.75,47,2026-09-24T16:48:21+00:00
2026-09-22T01:56:00Z,30881.25,30884.5,30879.25,30883.5,71,2026-09-24T16:48:21+00:00
2026-09-22T01:57:00Z,30884.0,30889.25,30883.0,30883.5,138,2026-09-24T16:48:21+00:00
2026-09-22T01:58:00Z,30882.25,30884.0,30878.75,30880.0,63,2026-09-24T16:48:21+00:00
2026-09-22T01:59:00Z,30878.75,30879.5,30873.75,30874.75,143,2026-09-24T16:48:21+00:00
2026-09-22T02:00:00Z,30873.0,30886.0,30873.0,30884.75,182,2026-09-24T16:48:21+00:00
2026-09-22T02:01:00Z,30883.0,30889.25,30881.75,30887.5,120,2026-09-24T16:48:21+00:00
2026-09-22T02:02:00Z,30887.0,30893.0,30887.0,30892.0,130,2026-09-24T16:48:21+00:00
2026-09-22T02:03:00Z,30892.0,30892.0,30886.75,30888.25,67,2026-09-24T16:48:21+00:00
2026-09-22T02:04:00Z,30890.25,30893.5,30887.25,30890.75,96,2026-09-24T16:48:21+00:00
2026-09-22T02:05:00Z,30888.75,30888.75,30883.0,30883.75,73,2026-09-24T16:48:21+00:00
2026-09-22T02:06:00Z,30884.25,30887.0,30883.5,30886.75,28,2026-09-24T16:48:21+00:00
2026-09-22T02:07:00Z,30887.0,30887.0,30880.75,30881.5,93,2026-09-24T16:48:21+00:00
2026-09-22T02:08:00Z,30882.0,30885.75,30880.25,30882.0,62,2026-09-24T16:48:21+00:00
2026-09-22T02:09:00Z,30881.5,30881.75,30877.5,30879.0,151,2026-09-24T16:48:21+00:00
2026-09-22T02:10:00Z,30879.5,30879.5,30870.25,30870.25,269,2026-09-24T16:48:21+00:00
2026-09-22T02:11:00Z,30870.25,30875.5,30870.25,30871.75,72,2026-09-24T16:48:21+00:00
2026-09-22T02:12:00Z,30873.0,30875.75,30870.0,30873.25,86,2026-09-24T16:48:21+00:00
2026-09-22T02:13:00Z,30874.25,30874.75,30871.0,30872.75,43,2026-09-24T16:48:21+00:00
2026-09-22T02:14:00Z,30873.0,30874.25,30872.25,30873.5,21,2026-09-24T16:48:21+00:00
2026-09-22T02:15:00Z,30874.25,30878.25,30873.75,30877.75,77,2026-09-24T16:48:21+00:00
2026-09-22T02:16:00Z,30877.75,30878.75,30875.5,30878.0,73,2026-09-24T16:48:21+00:00
2026-09-22T02:17:00Z,30876.5,30878.5,30871.75,30875.5,69,2026-09-24T16:48:21+00:00
2026-09-22T02:18:00Z,30875.25,30878.25,30872.5,30877.75,58,2026-09-24T16:48:21+00:00
2026-09-22T02:19:00Z,30877.75,30879.5,30875.75,30876.75,84,2026-09-24T16:48:21+00:00
2026-09-22T02:20:00Z,30877.5,30881.0,30877.5,30880.25,58,2026-09-24T16:48:21+00:00
2026-09-22T02:21:00Z,30879.5,30880.25,30876.75,30879.75,57,2026-09-24T16:48:21+00:00
2026-09-22T02:22:00Z,30879.5,30884.75,30879.5,30883.5,121,2026-09-24T16:48:21+00:00
2026-09-22T02:23:00Z,30883.5,30883.5,30877.5,30878.25,82,2026-09-24T16:48:21+00:00
2026-09-22T02:24:00Z,30876.25,30881.75,30875.5,30879.75,143,2026-09-24T16:48:21+00:00
2026-09-22T02:25:00Z,30880.0,30881.0,30877.75,30880.5,63,2026-09-24T16:48:21+00:00
2026-09-22T02:26:00Z,30880.75,30881.75,30878.75,30879.0,37,2026-09-24T16:48:21+00:00
2026-09-22T02:27:00Z,30879.5,30880.75,30879.25,30880.0,13,2026-09-24T16:48:21+00:00
2026-09-22T02:28:00Z,30882.0,30885.0,30879.25,30881.75,104,2026-09-24T16:48:21+00:00
2026-09-22T02:29:00Z,30881.0,30881.0,30878.75,30878.75,45,2026-09-24T16:48:21+00:00
2026-09-22T02:30:00Z,30879.75,30881.25,30866.75,30870.25,316,2026-09-24T16:48:21+00:00
2026-09-22T02:31:00Z,30870.25,30872.0,30866.5,30868.5,172,2026-09-24T16:48:21+00:00
2026-09-22T02:32:00Z,30868.25,30871.25,30868.0,30869.75,77,2026-09-24T16:48:21+00:00
2026-09-22T02:33:00Z,30870.5,30873.5,30866.75,30868.0,81,2026-09-24T16:48:21+00:00
2026-09-22T02:34:00Z,30868.5,30870.25,30866.75,30869.0,71,2026-09-24T16:48:21+00:00
2026-09-22T02:35:00Z,30870.25,30871.0,30868.25,30870.0,26,2026-09-24T16:48:21+00:00
2026-09-22T02:36:00Z,30870.75,30874.0,30868.5,30872.75,107,2026-09-24T16:48:21+00:00
2026-09-22T02:37:00Z,30871.5,30878.25,30868.0,30874.5,248,2026-09-24T16:48:21+00:00
2026-09-22T02:38:00Z,30874.0,30883.75,30873.25,30882.25,270,2026-09-24T16:48:21+00:00
2026-09-22T02:39:00Z,30882.0,30887.25,30879.25,30883.75,227,2026-09-24T16:48:21+00:00
2026-09-22T02:40:00Z,30885.75,30895.0,30885.0,30889.25,198,2026-09-24T16:48:21+00:00
2026-09-22T02:41:00Z,30889.25,30891.0,30884.75,30891.0,57,2026-09-24T16:48:21+00:00
2026-09-22T02:42:00Z,30889.75,30894.0,30888.0,30892.25,65,2026-09-24T16:48:21+00:00
2026-09-22T02:43:00Z,30892.0,30892.25,30890.25,30891.0,57,2026-09-24T16:48:21+00:00
2026-09-22T02:44:00Z,30890.75,30890.75,30887.5,30888.25,54,2026-09-24T16:48:21+00:00
2026-09-22T02:45:00Z,30888.75,30890.75,30886.5,30889.0,54,2026-09-24T16:48:21+00:00
2026-09-22T02:46:00Z,30887.5,30888.5,30886.0,30886.0,45,2026-09-24T16:48:21+00:00
2026-09-22T02:47:00Z,30887.25,30888.25,30884.25,30888.25,56,2026-09-24T16:48:21+00:00
2026-09-22T02:48:00Z,30888.25,30894.75,30887.25,30894.5,96,2026-09-24T16:48:21+00:00
2026-09-22T02:49:00Z,30894.0,30894.75,30887.75,30887.75,72,2026-09-24T16:48:21+00:00
2026-09-22T02:50:00Z,30889.75,30890.0,30886.25,30889.75,49,2026-09-24T16:48:21+00:00
2026-09-22T02:51:00Z,30891.25,30893.0,30889.5,30890.0,72,2026-09-24T16:48:21+00:00
2026-09-22T02:52:00Z,30890.5,30893.75,30890.5,30891.5,53,2026-09-24T16:48:21+00:00
2026-09-22T02:53:00Z,30891.5,30896.25,30888.5,30896.0,112,2026-09-24T16:48:21+00:00
2026-09-22T02:54:00Z,30895.5,30897.0,30893.5,30896.0,79,2026-09-24T16:48:21+00:00
2026-09-22T02:55:00Z,30895.0,30895.0,30888.0,30888.0,71,2026-09-24T16:48:21+00:00
2026-09-22T02:56:00Z,30888.0,30894.75,30887.75,30891.5,43,2026-09-24T16:48:21+00:00
2026-09-22T02:57:00Z,30891.0,30895.0,30888.0,30893.5,60,2026-09-24T16:48:21+00:00
2026-09-22T02:58:00Z,30891.75,30896.75,30891.5,30892.25,68,2026-09-24T16:48:21+00:00
2026-09-22T02:59:00Z,30893.5,30897.75,30892.25,30894.5,160,2026-09-24T16:48:21+00:00
2026-09-22T03:00:00Z,30894.5,30895.5,30891.25,30895.0,113,2026-09-24T16:48:21+00:00
2026-09-22T03:01:00Z,30894.75,30894.75,30886.25,30888.75,110,2026-09-24T16:48:21+00:00
2026-09-22T03:02:00Z,30889.5,30891.25,30888.5,30890.25,37,2026-09-24T16:48:21+00:00
2026-09-22T03:03:00Z,30889.75,30897.25,30889.75,30895.75,188,2026-09-24T16:48:21+00:00
2026-09-22T03:04:00Z,30895.75,30896.5,30892.75,30893.0,43,2026-09-24T16:48:21+00:00
2026-09-22T03:05:00Z,30893.75,30895.0,30890.75,30892.25,31,2026-09-24T16:48:21+00:00
2026-09-22T03:06:00Z,30891.0,30892.25,30889.25,30891.0,61,2026-09-24T16:48:21+00:00
2026-09-22T03:07:00Z,30890.5,30891.25,30886.0,30888.5,86,2026-09-24T16:48:21+00:00
2026-09-22T03:08:00Z,30886.75,30889.25,30886.75,30889.0,31,2026-09-24T16:48:21+00:00
2026-09-22T03:09:00Z,30888.0,30888.75,30883.0,30884.25,100,2026-09-24T16:48:21+00:00
2026-09-22T03:10:00Z,30884.0,30890.0,30884.0,30888.0,108,2026-09-24T16:48:21+00:00
2026-09-22T03:11:00Z,30887.0,30889.25,30886.25,30887.75,40,2026-09-24T16:48:21+00:00
2026-09-22T03:12:00Z,30888.25,30891.25,30886.0,30887.75,43,2026-09-24T16:48:21+00:00
2026-09-22T03:13:00Z,30889.5,30890.25,30887.5,30888.0,39,2026-09-24T16:48:21+00:00
2026-09-22T03:14:00Z,30888.25,30891.75,30887.75,30891.5,27,2026-09-24T16:48:21+00:00
2026-09-22T03:15:00Z,30891.25,30899.25,30890.75,30898.75,171,2026-09-24T16:48:21+00:00
2026-09-22T03:16:00Z,30898.5,30899.25,30891.0,30892.5,83,2026-09-24T16:48:21+00:00
2026-09-22T03:17:00Z,30892.5,30893.5,30889.25,30890.5,36,2026-09-24T16:48:21+00:00
2026-09-22T03:18:00Z,30890.75,30894.25,30890.25,30893.25,19,2026-09-24T16:48:21+00:00
2026-09-22T03:19:00Z,30893.25,30894.0,30887.25,30891.25,55,2026-09-24T16:48:21+00:00
2026-09-22T03:20:00Z,30891.0,30891.75,30888.25,30888.5,18,2026-09-24T16:48:21+00:00
2026-09-22T03:21:00Z,30888.25,30891.0,30887.75,30890.5,32,2026-09-24T16:48:21+00:00
2026-09-22T03:22:00Z,30890.75,30892.0,30887.25,30892.0,73,2026-09-24T16:48:21+00:00
2026-09-22T03:23:00Z,30891.75,30891.75,30889.0,30890.0,40,2026-09-24T16:48:21+00:00
2026-09-22T03:24:00Z,30889.5,30890.0,30886.75,30887.5,51,2026-09-24T16:48:21+00:00
2026-09-22T03:25:00Z,30887.0,30890.0,30887.0,30889.75,29,2026-09-24T16:48:21+00:00
2026-09-22T03:26:00Z,30889.0,30890.25,30888.25,30888.75,17,2026-09-24T16:48:21+00:00
2026-09-22T03:27:00Z,30890.0,30890.75,30888.0,30890.75,19,2026-09-24T16:48:21+00:00
2026-09-22T03:28:00Z,30890.5,30890.75,30887.75,30888.5,30,2026-09-24T16:48:21+00:00
2026-09-22T03:29:00Z,30888.0,30889.5,30887.0,30888.75,25,2026-09-24T16:48:21+00:00
2026-09-22T03:30:00Z,30889.75,30890.5,30886.75,30887.25,30,2026-09-24T16:48:21+00:00
2026-09-22T03:31:00Z,30886.5,30887.25,30884.5,30885.0,78,2026-09-24T16:48:21+00:00
2026-09-22T03:32:00Z,30884.0,30885.0,30881.25,30882.25,116,2026-09-24T16:48:21+00:00
2026-09-22T03:33:00Z,30882.0,30886.75,30882.0,30885.5,35,2026-09-24T16:48:21+00:00
2026-09-22T03:34:00Z,30886.0,30892.0,30884.25,30890.75,247,2026-09-24T16:48:21+00:00
2026-09-22T03:35:00Z,30891.25,30894.75,30890.0,30893.5,107,2026-09-24T16:48:21+00:00
2026-09-22T03:36:00Z,30893.5,30898.0,30893.0,30897.0,88,2026-09-24T16:48:21+00:00
2026-09-22T03:37:00Z,30897.5,30898.75,30895.0,30895.0,96,2026-09-24T16:48:21+00:00
2026-09-22T03:38:00Z,30896.0,30897.0,30894.25,30894.75,26,2026-09-24T16:48:21+00:00
2026-09-22T03:39:00Z,30895.25,30897.5,30888.5,30889.75,77,2026-09-24T16:48:21+00:00
2026-09-22T03:40:00Z,30888.5,30891.75,30883.25,30883.75,158,2026-09-24T16:48:21+00:00
2026-09-22T03:41:00Z,30884.25,30888.25,30884.25,30886.0,81,2026-09-24T16:48:21+00:00
2026-09-22T03:42:00Z,30885.5,30888.5,30883.5,30887.75,35,2026-09-24T16:48:21+00:00
2026-09-22T03:43:00Z,30886.5,30887.75,30880.0,30881.75,160,2026-09-24T16:48:21+00:00
2026-09-22T03:44:00Z,30882.5,30883.0,30880.25,30881.75,65,2026-09-24T16:48:21+00:00
2026-09-22T03:45:00Z,30881.5,30883.0,30880.0,30881.75,35,2026-09-24T16:48:21+00:00
2026-09-22T03:46:00Z,30881.0,30882.25,30877.5,30879.25,132,2026-09-24T16:48:21+00:00
2026-09-22T03:47:00Z,30879.75,30880.25,30878.25,30878.75,48,2026-09-24T16:48:21+00:00
2026-09-22T03:48:00Z,30878.5,30882.0,30878.25,30882.0,36,2026-09-24T16:48:21+00:00
2026-09-22T03:49:00Z,30881.25,30883.75,30881.0,30882.0,51,2026-09-24T16:48:21+00:00
2026-09-22T03:50:00Z,30882.0,30882.25,30879.5,30879.75,29,2026-09-24T16:48:21+00:00
2026-09-22T03:51:00Z,30879.75,30882.0,30878.25,30881.25,39,2026-09-24T16:48:21+00:00
2026-09-22T03:52:00Z,30881.25,30881.5,30877.0,30877.75,58,2026-09-24T16:48:21+00:00
2026-09-22T03:53:00Z,30877.5,30881.5,30876.75,30878.75,98,2026-09-24T16:48:21+00:00
2026-09-22T03:54:00Z,30879.25,30880.0,30875.0,30875.0,156,2026-09-24T16:48:21+00:00
2026-09-22T03:55:00Z,30875.5,30875.5,30871.25,30873.75,214,2026-09-24T16:48:21+00:00
2026-09-22T03:56:00Z,30873.75,30873.75,30863.75,30871.5,417,2026-09-24T16:48:21+00:00
2026-09-22T03:57:00Z,30871.75,30877.0,30870.0,30876.5,186,2026-09-24T16:48:21+00:00
2026-09-22T03:58:00Z,30877.0,30877.5,30873.25,30875.0,87,2026-09-24T16:48:21+00:00
2026-09-22T04:09:00Z,30846.75,30847.75,30840.75,30841.5,129,2026-09-24T16:48:21+00:00
2026-09-22T04:10:00Z,30842.0,30850.0,30832.5,30850.0,594,2026-09-24T16:48:21+00:00
2026-09-22T04:11:00Z,30849.5,30866.5,30849.0,30864.0,394,2026-09-24T16:48:21+00:00
2026-09-22T04:12:00Z,30863.0,30864.0,30856.25,30863.0,204,2026-09-24T16:48:21+00:00
2026-09-22T04:13:00Z,30862.25,30863.5,30854.0,30856.25,64,2026-09-24T16:48:21+00:00
2026-09-22T04:14:00Z,30855.75,30859.25,30853.5,30854.5,78,2026-09-24T16:48:21+00:00
2026-09-22T04:15:00Z,30853.5,30857.0,30850.75,30852.75,86,2026-09-24T16:48:21+00:00
2026-09-22T04:16:00Z,30852.5,30853.5,30851.5,30852.25,40,2026-09-24T16:48:21+00:00
2026-09-22T04:17:00Z,30852.25,30852.75,30844.5,30844.5,200,2026-09-24T16:48:21+00:00
2026-09-22T04:18:00Z,30844.5,30844.5,30840.0,30843.75,198,2026-09-24T16:48:21+00:00
2026-09-22T04:19:00Z,30844.0,30844.0,30836.75,30837.0,150,2026-09-24T16:48:21+00:00
2026-09-22T04:20:00Z,30836.5,30840.0,30833.5,30836.25,192,2026-09-24T16:48:21+00:00
2026-09-22T04:21:00Z,30836.25,30838.5,30833.0,30835.0,119,2026-09-24T16:48:21+00:00
2026-09-22T04:22:00Z,30835.25,30840.75,30835.25,30839.25,47,2026-09-24T16:48:21+00:00
2026-09-22T04:23:00Z,30838.0,30839.75,30833.0,30837.5,142,2026-09-24T16:48:21+00:00
2026-09-22T04:24:00Z,30837.5,30842.25,30834.5,30839.25,92,2026-09-24T16:48:21+00:00
2026-09-22T04:25:00Z,30838.0,30838.0,30832.25,30833.5,126,2026-09-24T16:48:21+00:00
2026-09-22T04:26:00Z,30835.0,30841.0,30835.0,30838.5,108,2026-09-24T16:48:21+00:00
2026-09-22T04:27:00Z,30838.25,30839.25,30834.5,30837.0,124,2026-09-24T16:48:21+00:00
2026-09-22T04:28:00Z,30836.75,30842.25,30836.5,30841.0,150,2026-09-24T16:48:21+00:00
2026-09-22T04:29:00Z,30841.25,30849.25,30836.25,30836.5,336,2026-09-24T16:48:21+00:00
2026-09-22T04:30:00Z,30836.25,30846.25,30835.5,30844.5,126,2026-09-24T16:48:21+00:00
2026-09-22T04:31:00Z,30845.25,30847.75,30842.5,30843.0,72,2026-09-24T16:48:21+00:00
2026-09-22T04:32:00Z,30843.0,30843.0,30835.0,30835.5,105,2026-09-24T16:48:21+00:00
2026-09-22T04:33:00Z,30835.25,30838.0,30831.5,30833.5,149,2026-09-24T16:48:21+00:00
2026-09-22T04:34:00Z,30834.0,30836.0,30831.0,30834.0,84,2026-09-24T16:48:21+00:00
2026-09-22T04:35:00Z,30833.5,30833.5,30827.5,30829.25,247,2026-09-24T16:48:21+00:00
2026-09-22T04:36:00Z,30831.0,30832.25,30827.0,30828.75,93,2026-09-24T16:48:21+00:00
2026-09-22T04:37:00Z,30828.0,30838.0,30827.25,30836.75,133,2026-09-24T16:48:21+00:00
2026-09-22T04:38:00Z,30836.75,30840.0,30833.5,30835.0,101,2026-09-24T16:48:21+00:00
2026-09-22T04:39:00Z,30836.0,30836.25,30829.75,30832.25,81,2026-09-24T16:48:21+00:00
2026-09-22T04:40:00Z,30831.0,30831.25,30824.5,30826.5,168,2026-09-24T16:48:21+00:00
2026-09-22T04:41:00Z,30825.5,30836.0,30824.5,30834.5,133,2026-09-24T16:48:21+00:00
2026-09-22T04:42:00Z,30834.5,30839.5,30833.5,30838.0,149,2026-09-24T16:48:21+00:00
2026-09-22T04:43:00Z,30839.5,30842.0,30834.25,30836.5,81,2026-09-24T16:48:21+00:00
2026-09-22T04:44:00Z,30836.5,30837.5,30828.5,30829.0,53,2026-09-24T16:48:21+00:00
2026-09-22T04:45:00Z,30829.0,30835.0,30827.75,30833.0,99,2026-09-24T16:48:21+00:00
2026-09-22T04:46:00Z,30833.5,30834.75,30826.25,30827.25,41,2026-09-24T16:48:21+00:00
2026-09-22T04:47:00Z,30826.75,30827.75,30821.0,30821.5,229,2026-09-24T16:48:21+00:00
2026-09-22T04:48:00Z,30821.5,30823.5,30821.0,30821.5,73,2026-09-24T16:48:21+00:00
2026-09-22T04:49:00Z,30821.5,30822.75,30820.0,30821.5,85,2026-09-24T16:48:21+00:00
2026-09-22T04:50:00Z,30822.25,30823.5,30813.5,30813.75,385,2026-09-24T16:48:21+00:00
2026-09-22T04:51:00Z,30813.75,30818.0,30813.5,30815.75,88,2026-09-24T16:48:21+00:00
2026-09-22T04:52:00Z,30816.5,30822.0,30814.0,30820.75,119,2026-09-24T16:48:21+00:00
2026-09-22T04:53:00Z,30820.5,30820.5,30815.0,30816.5,76,2026-09-24T16:48:21+00:00
2026-09-22T04:54:00Z,30816.0,30818.25,30813.5,30816.0,64,2026-09-24T16:48:21+00:00
2026-09-22T04:55:00Z,30817.75,30820.75,30816.75,30816.75,40,2026-09-24T16:48:21+00:00
2026-09-22T04:56:00Z,30816.25,30816.25,30812.75,30814.5,63,2026-09-24T16:48:21+00:00
2026-09-22T04:57:00Z,30814.5,30815.0,30810.0,30813.25,148,2026-09-24T16:48:21+00:00
2026-09-22T04:58:00Z,30813.25,30813.75,30810.0,30810.75,89,2026-09-24T16:48:21+00:00
2026-09-22T04:59:00Z,30811.0,30813.5,30809.25,30812.5,65,2026-09-24T16:48:21+00:00
2026-09-22T05:00:00Z,30813.0,30814.75,30808.5,30814.0,151,2026-09-24T16:48:21+00:00
2026-09-22T05:01:00Z,30814.25,30815.25,30809.5,30814.25,84,2026-09-24T16:48:21+00:00
2026-09-22T05:02:00Z,30813.0,30818.25,30812.25,30816.5,84,2026-09-24T16:48:21+00:00
2026-09-22T05:03:00Z,30815.25,30820.75,30812.25,30813.5,125,2026-09-24T16:48:21+00:00
2026-09-22T05:04:00Z,30813.5,30816.75,30811.25,30813.25,65,2026-09-24T16:48:21+00:00
2026-09-22T05:05:00Z,30814.0,30816.25,30811.25,30815.0,45,2026-09-24T16:48:21+00:00
2026-09-22T05:06:00Z,30815.0,30819.75,30813.25,30817.75,89,2026-09-24T16:48:21+00:00
2026-09-22T05:07:00Z,30818.5,30820.75,30814.5,30816.25,92,2026-09-24T16:48:21+00:00
2026-09-22T05:08:00Z,30815.0,30815.5,30811.75,30814.0,44,2026-09-24T16:48:21+00:00
2026-09-22T05:09:00Z,30814.0,30814.5,30807.0,30808.0,154,2026-09-24T16:48:21+00:00
2026-09-22T05:10:00Z,30807.75,30812.0,30804.0,30811.5,209,2026-09-24T16:48:21+00:00
2026-09-22T05:11:00Z,30812.25,30813.25,30807.75,30808.0,43,2026-09-24T16:48:21+00:00
2026-09-22T05:12:00Z,30807.75,30809.0,30806.0,30809.0,77,2026-09-24T16:48:21+00:00
2026-09-22T05:13:00Z,30808.0,30811.25,30806.25,30811.25,102,2026-09-24T16:48:21+00:00
2026-09-22T05:14:00Z,30811.0,30812.0,30807.0,30809.5,70,2026-09-24T16:48:21+00:00
2026-09-22T05:15:00Z,30809.5,30810.5,30801.5,30801.75,171,2026-09-24T16:48:21+00:00
2026-09-22T05:16:00Z,30801.75,30804.5,30797.5,30800.25,454,2026-09-24T16:48:21+00:00
2026-09-22T05:17:00Z,30799.5,30799.75,30791.25,30796.0,230,2026-09-24T16:48:21+00:00
2026-09-22T05:18:00Z,30796.25,30796.25,30784.0,30784.75,356,2026-09-24T16:48:21+00:00
2026-09-22T05:19:00Z,30785.0,30788.75,30783.25,30784.5,156,2026-09-24T16:48:21+00:00
2026-09-22T05:20:00Z,30784.0,30791.25,30783.5,30788.5,162,2026-09-24T16:48:21+00:00
2026-09-22T05:21:00Z,30789.5,30807.5,30788.5,30805.25,233,2026-09-24T16:48:21+00:00
2026-09-22T05:22:00Z,30805.25,30809.75,30804.75,30805.25,196,2026-09-24T16:48:21+00:00
2026-09-22T05:23:00Z,30804.75,30807.75,30803.0,30803.75,134,2026-09-24T16:48:21+00:00
2026-09-22T05:24:00Z,30803.75,30807.25,30787.0,30790.25,643,2026-09-24T16:48:21+00:00
2026-09-22T05:25:00Z,30790.0,30794.0,30788.25,30791.25,172,2026-09-24T16:48:21+00:00
2026-09-22T05:26:00Z,30791.0,30791.5,30786.75,30790.0,213,2026-09-24T16:48:21+00:00
2026-09-22T05:27:00Z,30790.5,30793.0,30785.25,30786.25,114,2026-09-24T16:48:21+00:00
2026-09-22T05:28:00Z,30786.25,30797.25,30786.25,30796.75,92,2026-09-24T16:48:21+00:00
2026-09-22T05:29:00Z,30797.25,30801.25,30792.5,30792.5,102,2026-09-24T16:48:21+00:00
2026-09-22T05:30:00Z,30791.25,30792.5,30783.75,30784.25,126,2026-09-24T16:48:21+00:00
2026-09-22T05:31:00Z,30784.25,30787.0,30780.0,30783.25,345,2026-09-24T16:48:21+00:00
2026-09-22T05:32:00Z,30783.25,30785.0,30779.5,30782.5,164,2026-09-24T16:48:21+00:00
2026-09-22T05:33:00Z,30782.5,30790.0,30781.75,30789.25,82,2026-09-24T16:48:21+00:00
2026-09-22T05:34:00Z,30789.5,30793.75,30786.75,30791.5,105,2026-09-24T16:48:21+00:00
2026-09-22T05:35:00Z,30791.5,30802.5,30791.5,30794.0,157,2026-09-24T16:48:21+00:00
2026-09-22T05:36:00Z,30794.0,30798.75,30791.0,30793.5,80,2026-09-24T16:48:21+00:00
2026-09-22T05:37:00Z,30794.25,30809.75,30793.0,30802.75,276,2026-09-24T16:48:21+00:00
2026-09-22T05:38:00Z,30801.75,30804.75,30799.0,30804.5,89,2026-09-24T16:48:21+00:00
2026-09-22T05:39:00Z,30805.0,30815.25,30805.0,30814.0,289,2026-09-24T16:48:21+00:00
2026-09-22T05:40:00Z,30813.75,30817.75,30812.25,30815.75,162,2026-09-24T16:48:21+00:00
2026-09-22T05:41:00Z,30815.75,30823.5,30815.25,30815.5,200,2026-09-24T16:48:21+00:00
2026-09-22T05:42:00Z,30816.25,30816.5,30809.5,30813.0,131,2026-09-24T16:48:21+00:00
2026-09-22T05:43:00Z,30813.5,30814.0,30808.0,30810.75,47,2026-09-24T16:48:21+00:00
2026-09-22T05:44:00Z,30812.0,30819.0,30810.25,30818.0,75,2026-09-24T16:48:21+00:00
2026-09-22T05:45:00Z,30816.5,30828.5,30815.75,30826.75,185,2026-09-24T16:48:21+00:00
2026-09-22T05:46:00Z,30826.0,30835.75,30825.0,30832.25,236,2026-09-24T16:48:21+00:00
2026-09-22T05:47:00Z,30831.5,30840.0,30830.0,30836.25,279,2026-09-24T16:48:21+00:00
2026-09-22T05:48:00Z,30836.25,30842.75,30826.5,30832.0,433,2026-09-24T16:48:21+00:00
2026-09-22T05:49:00Z,30831.75,30844.75,30827.5,30844.25,307,2026-09-24T16:48:21+00:00
2026-09-22T05:50:00Z,30844.5,30844.5,30827.5,30830.5,190,2026-09-24T16:48:21+00:00
2026-09-22T05:51:00Z,30831.0,30834.75,30829.0,30834.0,137,2026-09-24T16:48:21+00:00
2026-09-22T05:52:00Z,30834.25,30835.0,30826.0,30827.75,138,2026-09-24T16:48:21+00:00
2026-09-22T05:53:00Z,30828.0,30829.75,30826.5,30828.0,67,2026-09-24T16:48:21+00:00
2026-09-22T05:54:00Z,30827.5,30829.5,30820.75,30821.75,133,2026-09-24T16:48:21+00:00
2026-09-22T05:55:00Z,30820.75,30822.25,30815.5,30818.25,114,2026-09-24T16:48:21+00:00
2026-09-22T05:56:00Z,30818.5,30823.5,30817.0,30819.75,102,2026-09-24T16:48:21+00:00
2026-09-22T05:57:00Z,30820.5,30822.0,30817.75,30820.25,81,2026-09-24T16:48:21+00:00
2026-09-22T05:58:00Z,30820.75,30820.75,30818.0,30818.5,65,2026-09-24T16:48:21+00:00
2026-09-22T05:59:00Z,30819.5,30822.0,30812.5,30814.75,197,2026-09-24T16:48:21+00:00
2026-09-22T06:00:00Z,30816.25,30818.75,30805.75,30817.75,433,2026-09-24T16:48:21+00:00
2026-09-22T06:01:00Z,30815.75,30818.0,30809.25,30809.25,162,2026-09-24T16:48:21+00:00
2026-09-22T06:02:00Z,30810.25,30811.0,30798.5,30800.0,195,2026-09-24T16:48:21+00:00
2026-09-22T06:03:00Z,30800.0,30801.0,30792.0,30795.5,159,2026-09-24T16:48:21+00:00
2026-09-22T06:04:00Z,30795.5,30800.75,30789.25,30789.25,159,2026-09-24T16:48:21+00:00
2026-09-22T06:05:00Z,30789.5,30798.5,30785.75,30798.5,213,2026-09-24T16:48:21+00:00
2026-09-22T06:06:00Z,30798.25,30800.25,30792.75,30794.0,126,2026-09-24T16:48:21+00:00
2026-09-22T06:07:00Z,30792.75,30793.5,30788.5,30792.0,93,2026-09-24T16:48:21+00:00
2026-09-22T06:08:00Z,30791.5,30795.5,30789.5,30795.5,77,2026-09-24T16:48:21+00:00
2026-09-22T06:09:00Z,30795.5,30802.5,30793.25,30798.0,121,2026-09-24T16:48:21+00:00
2026-09-22T06:10:00Z,30796.75,30800.5,30792.75,30795.25,81,2026-09-24T16:48:21+00:00
2026-09-22T06:11:00Z,30795.5,30795.5,30787.0,30790.25,107,2026-09-24T16:48:21+00:00
2026-09-22T06:12:00Z,30789.25,30790.0,30785.0,30787.25,88,2026-09-24T16:48:21+00:00
2026-09-22T06:13:00Z,30787.0,30789.0,30780.75,30781.25,190,2026-09-24T16:48:21+00:00
2026-09-22T06:14:00Z,30780.75,30785.0,30778.75,30784.25,217,2026-09-24T16:48:21+00:00
2026-09-22T06:15:00Z,30784.25,30787.75,30782.0,30786.75,144,2026-09-24T16:48:21+00:00
2026-09-22T06:16:00Z,30786.75,30789.0,30777.75,30779.75,154,2026-09-24T16:48:21+00:00
2026-09-22T06:17:00Z,30779.75,30781.5,30776.25,30780.0,171,2026-09-24T16:48:21+00:00
2026-09-22T06:18:00Z,30780.25,30780.25,30776.25,30777.75,68,2026-09-24T16:48:21+00:00
2026-09-22T06:19:00Z,30777.25,30777.75,30773.0,30774.25,192,2026-09-24T16:48:21+00:00
2026-09-22T06:20:00Z,30773.75,30780.0,30772.0,30776.75,157,2026-09-24T16:48:21+00:00
2026-09-22T06:21:00Z,30776.0,30778.25,30766.5,30775.5,396,2026-09-24T16:48:21+00:00
2026-09-22T06:22:00Z,30778.5,30782.75,30776.25,30776.5,165,2026-09-24T16:48:21+00:00
2026-09-22T06:23:00Z,30777.25,30778.5,30773.0,30777.25,122,2026-09-24T16:48:21+00:00
2026-09-22T06:24:00Z,30775.0,30775.25,30767.75,30771.25,158,2026-09-24T16:48:21+00:00
2026-09-22T06:25:00Z,30772.25,30776.25,30769.5,30774.25,117,2026-09-24T16:48:21+00:00
2026-09-22T06:26:00Z,30777.0,30781.0,30771.75,30773.0,99,2026-09-24T16:48:21+00:00
2026-09-22T06:27:00Z,30771.5,30773.25,30768.25,30772.75,115,2026-09-24T16:48:21+00:00
2026-09-22T06:28:00Z,30772.75,30776.5,30772.75,30776.0,70,2026-09-24T16:48:21+00:00
2026-09-22T06:29:00Z,30777.5,30788.0,30776.75,30786.25,144,2026-09-24T16:48:21+00:00
2026-09-22T06:30:00Z,30785.75,30792.25,30783.75,30787.25,179,2026-09-24T16:48:21+00:00
2026-09-22T06:31:00Z,30786.5,30787.5,30782.25,30784.75,100,2026-09-24T16:48:21+00:00
2026-09-22T06:32:00Z,30785.25,30788.75,30780.25,30783.25,74,2026-09-24T16:48:21+00:00
2026-09-22T06:33:00Z,30784.0,30791.0,30782.0,30782.5,156,2026-09-24T16:48:21+00:00
2026-09-22T06:34:00Z,30783.0,30784.0,30777.25,30779.0,147,2026-09-24T16:48:21+00:00
2026-09-22T06:35:00Z,30779.75,30789.0,30778.0,30788.0,119,2026-09-24T16:48:21+00:00
2026-09-22T06:36:00Z,30787.75,30794.25,30787.5,30793.75,69,2026-09-24T16:48:21+00:00
2026-09-22T06:37:00Z,30793.0,30793.25,30789.75,30790.25,80,2026-09-24T16:48:21+00:00
2026-09-22T06:38:00Z,30789.75,30790.75,30787.5,30788.75,35,2026-09-24T16:48:21+00:00
2026-09-22T06:39:00Z,30788.5,30790.0,30778.5,30786.75,153,2026-09-24T16:48:21+00:00
2026-09-22T06:40:00Z,30786.5,30791.5,30784.0,30791.25,109,2026-09-24T16:48:21+00:00
2026-09-22T06:41:00Z,30790.5,30794.25,30788.0,30793.75,48,2026-09-24T16:48:21+00:00
2026-09-22T06:42:00Z,30793.75,30794.25,30782.0,30784.0,72,2026-09-24T16:48:21+00:00
2026-09-22T06:43:00Z,30783.0,30783.75,30775.75,30777.5,163,2026-09-24T16:48:21+00:00
2026-09-22T06:44:00Z,30777.75,30780.75,30775.25,30780.25,93,2026-09-24T16:48:21+00:00
2026-09-22T06:45:00Z,30779.25,30780.25,30775.75,30778.0,83,2026-09-24T16:48:21+00:00
2026-09-22T06:46:00Z,30779.5,30785.75,30778.25,30785.75,75,2026-09-24T16:48:21+00:00
2026-09-22T06:47:00Z,30786.0,30786.5,30779.5,30782.75,60,2026-09-24T16:48:21+00:00
2026-09-22T06:48:00Z,30784.25,30786.25,30783.5,30784.0,32,2026-09-24T16:48:21+00:00
2026-09-22T06:49:00Z,30785.0,30786.5,30780.75,30781.25,86,2026-09-24T16:48:21+00:00
2026-09-22T06:50:00Z,30781.5,30784.75,30781.25,30782.25,25,2026-09-24T16:48:21+00:00
2026-09-22T06:51:00Z,30783.0,30784.25,30781.5,30783.75,40,2026-09-24T16:48:21+00:00
2026-09-22T06:52:00Z,30782.25,30785.5,30781.75,30783.75,38,2026-09-24T16:48:21+00:00
2026-09-22T06:53:00Z,30783.25,30786.0,30782.0,30782.75,38,2026-09-24T16:48:21+00:00
2026-09-22T06:54:00Z,30781.75,30781.75,30775.5,30777.25,117,2026-09-24T16:48:21+00:00
2026-09-22T06:55:00Z,30777.0,30782.5,30777.0,30782.0,68,2026-09-24T16:48:21+00:00
2026-09-22T06:56:00Z,30781.75,30785.0,30780.0,30783.75,54,2026-09-24T16:48:21+00:00
2026-09-22T06:57:00Z,30785.25,30789.5,30782.75,30783.0,77,2026-09-24T16:48:21+00:00
2026-09-22T06:58:00Z,30784.75,30786.5,30783.0,30785.75,41,2026-09-24T16:48:21+00:00
2026-09-22T06:59:00Z,30785.5,30787.0,30778.5,30779.0,112,2026-09-24T16:48:21+00:00
2026-09-22T07:00:00Z,30779.25,30789.25,30773.5,30775.5,267,2026-09-24T16:48:21+00:00
2026-09-22T07:01:00Z,30776.0,30777.5,30772.5,30774.25,114,2026-09-24T16:48:21+00:00
2026-09-22T07:02:00Z,30775.25,30775.25,30767.75,30772.5,162,2026-09-24T16:48:21+00:00
2026-09-22T07:03:00Z,30772.25,30777.25,30765.5,30768.5,141,2026-09-24T16:48:21+00:00
2026-09-22T07:04:00Z,30768.75,30778.0,30768.25,30775.75,154,2026-09-24T16:48:21+00:00
2026-09-22T07:05:00Z,30775.75,30785.0,30770.75,30775.0,153,2026-09-24T16:48:21+00:00
2026-09-22T07:06:00Z,30775.75,30776.25,30767.25,30767.25,84,2026-09-24T16:48:21+00:00
2026-09-22T07:07:00Z,30767.5,30774.25,30766.75,30771.75,61,2026-09-24T16:48:21+00:00
2026-09-22T07:08:00Z,30770.5,30774.25,30770.0,30774.25,34,2026-09-24T16:48:21+00:00
2026-09-22T07:09:00Z,30775.0,30781.75,30773.25,30781.25,72,2026-09-24T16:48:21+00:00
2026-09-22T07:10:00Z,30781.25,30786.0,30776.25,30782.25,85,2026-09-24T16:48:21+00:00
2026-09-22T07:11:00Z,30782.5,30784.25,30777.75,30780.75,39,2026-09-24T16:48:21+00:00
2026-09-22T07:12:00Z,30783.25,30788.0,30780.25,30781.75,90,2026-09-24T16:48:21+00:00
2026-09-22T07:13:00Z,30782.25,30782.25,30769.5,30773.5,70,2026-09-24T16:48:21+00:00
2026-09-22T07:14:00Z,30773.75,30779.0,30768.75,30779.0,89,2026-09-24T16:48:21+00:00
2026-09-22T07:15:00Z,30778.75,30784.5,30776.0,30784.25,59,2026-09-24T16:48:21+00:00
2026-09-22T07:16:00Z,30784.25,30792.0,30780.5,30781.5,152,2026-09-24T16:48:21+00:00
2026-09-22T07:17:00Z,30780.75,30794.0,30780.75,30788.75,199,2026-09-24T16:48:21+00:00
2026-09-22T07:18:00Z,30787.5,30787.5,30782.5,30784.0,78,2026-09-24T16:48:21+00:00
2026-09-22T07:19:00Z,30784.25,30784.25,30773.75,30774.25,121,2026-09-24T16:48:21+00:00
2026-09-22T07:20:00Z,30774.75,30778.0,30773.0,30775.75,97,2026-09-24T16:48:21+00:00
2026-09-22T07:21:00Z,30776.5,30780.25,30774.5,30780.25,58,2026-09-24T16:48:21+00:00
2026-09-22T07:22:00Z,30779.0,30780.0,30774.0,30776.0,120,2026-09-24T16:48:21+00:00
2026-09-22T07:23:00Z,30775.75,30779.5,30772.75,30775.0,109,2026-09-24T16:48:21+00:00
2026-09-22T07:24:00Z,30774.75,30785.0,30767.75,30775.75,230,2026-09-24T16:48:21+00:00
2026-09-22T07:25:00Z,30777.0,30778.5,30771.0,30775.5,70,2026-09-24T16:48:21+00:00
2026-09-22T07:26:00Z,30776.0,30776.0,30769.0,30772.5,87,2026-09-24T16:48:21+00:00
2026-09-22T07:27:00Z,30772.25,30780.0,30769.5,30776.5,83,2026-09-24T16:48:21+00:00
2026-09-22T07:28:00Z,30775.75,30775.75,30770.25,30772.25,85,2026-09-24T16:48:21+00:00
2026-09-22T07:29:00Z,30772.5,30773.0,30766.75,30768.75,96,2026-09-24T16:48:21+00:00
2026-09-22T07:30:00Z,30769.25,30771.5,30761.0,30767.0,358,2026-09-24T16:48:21+00:00
2026-09-22T07:31:00Z,30767.5,30772.5,30766.0,30771.5,157,2026-09-24T16:48:21+00:00
2026-09-22T07:32:00Z,30771.0,30776.75,30767.5,30767.75,204,2026-09-24T16:48:21+00:00
2026-09-22T07:33:00Z,30767.5,30769.0,30762.0,30764.5,189,2026-09-24T16:48:21+00:00
2026-09-22T07:34:00Z,30764.5,30769.5,30762.0,30764.75,77,2026-09-24T16:48:21+00:00
2026-09-22T07:35:00Z,30765.0,30765.75,30761.75,30762.75,125,2026-09-24T16:48:21+00:00
2026-09-22T07:36:00Z,30762.25,30771.75,30762.0,30771.25,135,2026-09-24T16:48:21+00:00
2026-09-22T07:37:00Z,30771.0,30777.25,30769.5,30775.0,145,2026-09-24T16:48:21+00:00
2026-09-22T07:38:00Z,30774.75,30776.25,30771.0,30773.0,65,2026-09-24T16:48:21+00:00
2026-09-22T07:39:00Z,30771.0,30774.5,30770.0,30774.0,70,2026-09-24T16:48:21+00:00
2026-09-22T07:40:00Z,30773.25,30776.5,30771.0,30771.0,37,2026-09-24T16:48:21+00:00
2026-09-22T07:41:00Z,30770.75,30778.75,30769.5,30777.75,104,2026-09-24T16:48:21+00:00
2026-09-22T07:42:00Z,30777.0,30779.0,30774.25,30778.25,68,2026-09-24T16:48:21+00:00
2026-09-22T07:43:00Z,30776.25,30777.5,30773.25,30776.25,44,2026-09-24T16:48:21+00:00
2026-09-22T07:44:00Z,30775.75,30779.75,30775.0,30779.5,32,2026-09-24T16:48:21+00:00
2026-09-22T07:45:00Z,30780.0,30781.0,30777.0,30778.0,40,2026-09-24T16:48:21+00:00
2026-09-22T07:46:00Z,30778.0,30785.75,30778.0,30778.25,169,2026-09-24T16:48:21+00:00
2026-09-22T07:47:00Z,30777.25,30779.5,30766.75,30769.0,131,2026-09-24T16:48:21+00:00
2026-09-22T07:48:00Z,30768.25,30769.25,30764.75,30769.25,140,2026-09-24T16:48:21+00:00
2026-09-22T07:49:00Z,30769.5,30774.75,30768.5,30769.0,46,2026-09-24T16:48:21+00:00
2026-09-22T07:50:00Z,30770.0,30772.5,30768.0,30770.25,73,2026-09-24T16:48:21+00:00
2026-09-22T07:51:00Z,30771.0,30772.25,30766.75,30768.5,35,2026-09-24T16:48:21+00:00
2026-09-22T07:52:00Z,30769.0,30777.25,30769.0,30777.25,58,2026-09-24T16:48:21+00:00
2026-09-22T07:53:00Z,30777.5,30780.5,30773.5,30778.0,81,2026-09-24T16:48:21+00:00
2026-09-22T07:54:00Z,30778.25,30781.0,30773.25,30780.25,95,2026-09-24T16:48:21+00:00
2026-09-22T07:55:00Z,30778.0,30781.25,30777.5,30777.75,81,2026-09-24T16:48:21+00:00
2026-09-22T07:56:00Z,30778.0,30782.0,30778.0,30779.75,47,2026-09-24T16:48:21+00:00
2026-09-22T07:57:00Z,30778.5,30781.0,30770.25,30771.5,121,2026-09-24T16:48:21+00:00
2026-09-22T07:58:00Z,30771.75,30773.75,30768.5,30769.0,61,2026-09-24T16:48:21+00:00
2026-09-22T07:59:00Z,30769.25,30775.75,30769.0,30770.5,51,2026-09-24T16:48:21+00:00
2026-09-22T08:00:00Z,30770.25,30771.5,30756.0,30764.75,551,2026-09-24T16:48:21+00:00
2026-09-22T08:01:00Z,30763.75,30764.5,30754.0,30757.5,254,2026-09-24T16:48:21+00:00
2026-09-22T08:02:00Z,30758.5,30766.5,30758.25,30762.5,197,2026-09-24T16:48:21+00:00
2026-09-22T08:03:00Z,30761.5,30762.75,30737.75,30743.25,563,2026-09-24T16:48:21+00:00
2026-09-22T08:04:00Z,30743.0,30744.0,30729.25,30731.0,393,2026-09-24T16:48:21+00:00
2026-09-22T08:05:00Z,30731.0,30747.75,30725.75,30738.0,400,2026-09-24T16:48:21+00:00
2026-09-22T08:06:00Z,30738.0,30742.25,30734.75,30734.75,114,2026-09-24T16:48:21+00:00
2026-09-22T08:07:00Z,30734.25,30745.5,30732.0,30744.5,226,2026-09-24T16:48:21+00:00
2026-09-22T08:08:00Z,30745.25,30747.25,30736.75,30737.25,164,2026-09-24T16:48:21+00:00
2026-09-22T08:09:00Z,30737.25,30739.75,30725.0,30736.5,313,2026-09-24T16:48:21+00:00
2026-09-22T08:10:00Z,30738.5,30742.25,30732.5,30738.25,301,2026-09-24T16:48:21+00:00
2026-09-22T08:11:00Z,30738.0,30738.5,30733.25,30737.25,138,2026-09-24T16:48:21+00:00
2026-09-22T08:12:00Z,30737.0,30741.5,30729.75,30732.25,199,2026-09-24T16:48:21+00:00
2026-09-22T08:13:00Z,30732.75,30739.25,30729.75,30733.5,149,2026-09-24T16:48:21+00:00
2026-09-22T08:14:00Z,30735.5,30742.5,30735.25,30736.5,135,2026-09-24T16:48:21+00:00
2026-09-22T08:15:00Z,30736.0,30737.5,30724.75,30726.75,171,2026-09-24T16:48:21+00:00
2026-09-22T08:16:00Z,30726.5,30726.5,30718.0,30721.25,151,2026-09-24T16:48:21+00:00
2026-09-22T08:17:00Z,30720.75,30721.75,30716.25,30717.5,116,2026-09-24T16:48:21+00:00
2026-09-22T08:18:00Z,30716.5,30718.0,30713.0,30715.5,226,2026-09-24T16:48:21+00:00
2026-09-22T08:19:00Z,30716.25,30724.5,30716.25,30723.75,221,2026-09-24T16:48:21+00:00
2026-09-22T08:20:00Z,30724.25,30724.75,30710.25,30711.75,226,2026-09-24T16:48:21+00:00
2026-09-22T08:21:00Z,30712.0,30717.75,30712.0,30717.75,126,2026-09-24T16:48:21+00:00
2026-09-22T08:22:00Z,30717.0,30717.5,30705.0,30705.75,178,2026-09-24T16:48:21+00:00
2026-09-22T08:23:00Z,30705.75,30715.0,30701.0,30711.0,287,2026-09-24T16:48:21+00:00
2026-09-22T08:24:00Z,30711.25,30718.0,30709.5,30712.25,175,2026-09-24T16:48:21+00:00
2026-09-22T08:25:00Z,30711.25,30735.5,30700.5,30700.75,723,2026-09-24T16:48:21+00:00
2026-09-22T08:26:00Z,30700.25,30704.75,30694.0,30698.0,295,2026-09-24T16:48:21+00:00
2026-09-22T08:27:00Z,30697.75,30698.25,30690.0,30692.25,211,2026-09-24T16:48:21+00:00
2026-09-22T08:28:00Z,30692.75,30696.0,30683.5,30685.0,281,2026-09-24T16:48:21+00:00
2026-09-22T08:29:00Z,30684.5,30688.25,30683.0,30686.5,239,2026-09-24T16:48:21+00:00
2026-09-22T08:30:00Z,30686.75,30687.25,30673.25,30674.5,319,2026-09-24T16:48:21+00:00
2026-09-22T08:31:00Z,30674.5,30686.5,30670.0,30679.75,532,2026-09-24T16:48:21+00:00
2026-09-22T08:32:00Z,30680.75,30699.5,30673.5,30681.75,466,2026-09-24T16:48:21+00:00
2026-09-22T08:33:00Z,30682.25,30682.25,30671.5,30679.25,194,2026-09-24T16:48:21+00:00
2026-09-22T08:34:00Z,30678.25,30692.25,30678.0,30691.0,137,2026-09-24T16:48:21+00:00
2026-09-22T08:35:00Z,30690.5,30705.0,30687.25,30702.75,236,2026-09-24T16:48:21+00:00
2026-09-22T08:36:00Z,30702.0,30716.25,30693.0,30714.0,332,2026-09-24T16:48:21+00:00
2026-09-22T08:37:00Z,30714.5,30721.25,30710.0,30712.5,294,2026-09-24T16:48:21+00:00
2026-09-22T08:38:00Z,30714.25,30724.25,30712.0,30721.75,226,2026-09-24T16:48:21+00:00
2026-09-22T08:39:00Z,30722.0,30746.5,30720.5,30735.5,571,2026-09-24T16:48:21+00:00
2026-09-22T08:40:00Z,30735.5,30738.0,30727.75,30731.0,234,2026-09-24T16:48:21+00:00
2026-09-22T08:41:00Z,30730.75,30751.0,30729.75,30749.5,301,2026-09-24T16:48:21+00:00
2026-09-22T08:42:00Z,30748.25,30765.0,30745.75,30755.25,451,2026-09-24T16:48:21+00:00
2026-09-22T08:43:00Z,30755.25,30762.0,30751.0,30757.5,264,2026-09-24T16:48:21+00:00
2026-09-22T08:44:00Z,30755.5,30761.75,30748.0,30759.75,172,2026-09-24T16:48:21+00:00
2026-09-22T08:45:00Z,30759.0,30763.0,30745.5,30751.75,280,2026-09-24T16:48:21+00:00
2026-09-22T08:46:00Z,30750.5,30760.75,30744.0,30758.25,192,2026-09-24T16:48:21+00:00
2026-09-22T08:47:00Z,30757.5,30772.5,30757.5,30769.5,330,2026-09-24T16:48:21+00:00
2026-09-22T08:48:00Z,30769.0,30776.0,30763.5,30773.25,300,2026-09-24T16:48:21+00:00
2026-09-22T08:49:00Z,30772.25,30780.0,30770.25,30778.25,260,2026-09-24T16:48:21+00:00
2026-09-22T08:50:00Z,30777.5,30780.0,30772.25,30780.0,349,2026-09-24T16:48:21+00:00
2026-09-22T08:51:00Z,30779.0,30783.75,30768.0,30775.0,329,2026-09-24T16:48:21+00:00
2026-09-22T08:52:00Z,30768.75,30780.75,30767.25,30776.75,205,2026-09-24T16:48:21+00:00
2026-09-22T08:53:00Z,30777.75,30787.5,30773.0,30786.5,237,2026-09-24T16:48:21+00:00
2026-09-22T08:54:00Z,30784.75,30788.5,30770.75,30776.75,318,2026-09-24T16:48:21+00:00
2026-09-22T08:55:00Z,30777.25,30783.0,30771.5,30772.25,307,2026-09-24T16:48:21+00:00
2026-09-22T08:56:00Z,30773.25,30785.0,30769.5,30784.0,153,2026-09-24T16:48:21+00:00
2026-09-22T08:57:00Z,30783.5,30788.25,30777.75,30787.0,150,2026-09-24T16:48:21+00:00
2026-09-22T08:58:00Z,30787.75,30789.75,30774.75,30775.5,261,2026-09-24T16:48:21+00:00
2026-09-22T08:59:00Z,30778.25,30788.5,30778.0,30784.5,143,2026-09-24T16:48:21+00:00
2026-09-22T09:00:00Z,30782.5,30790.25,30777.75,30779.0,217,2026-09-24T16:48:21+00:00
2026-09-22T09:01:00Z,30778.5,30785.5,30771.5,30774.75,234,2026-09-24T16:48:21+00:00
2026-09-22T09:02:00Z,30775.5,30800.25,30773.0,30786.0,348,2026-09-24T16:48:21+00:00
2026-09-22T09:03:00Z,30785.5,30788.75,30771.5,30771.5,191,2026-09-24T16:48:21+00:00
2026-09-22T09:04:00Z,30771.25,30772.25,30757.0,30757.5,371,2026-09-24T16:48:21+00:00
2026-09-22T09:05:00Z,30757.0,30765.0,30754.25,30760.75,158,2026-09-24T16:48:21+00:00
2026-09-22T09:06:00Z,30761.5,30780.75,30761.5,30777.75,163,2026-09-24T16:48:21+00:00
2026-09-22T09:07:00Z,30778.0,30778.25,30767.0,30777.5,153,2026-09-24T16:48:21+00:00
2026-09-22T09:08:00Z,30777.25,30779.75,30763.5,30764.5,240,2026-09-24T16:48:21+00:00
2026-09-22T09:09:00Z,30764.5,30777.25,30759.0,30765.75,197,2026-09-24T16:48:21+00:00
2026-09-22T09:10:00Z,30766.75,30771.0,30762.75,30769.75,119,2026-09-24T16:48:21+00:00
2026-09-22T09:11:00Z,30769.75,30780.25,30760.5,30774.0,299,2026-09-24T16:48:21+00:00
2026-09-22T09:12:00Z,30773.0,30773.0,30753.0,30756.0,248,2026-09-24T16:48:21+00:00
2026-09-22T09:13:00Z,30756.5,30770.0,30755.75,30764.25,123,2026-09-24T16:48:21+00:00
2026-09-22T09:14:00Z,30765.0,30766.75,30761.0,30763.25,94,2026-09-24T16:48:21+00:00
2026-09-22T09:15:00Z,30763.5,30787.75,30762.25,30784.5,466,2026-09-24T16:48:21+00:00
2026-09-22T09:16:00Z,30783.75,30783.75,30773.0,30776.0,114,2026-09-24T16:48:21+00:00
2026-09-22T09:17:00Z,30777.25,30778.5,30768.0,30770.75,80,2026-09-24T16:48:21+00:00
2026-09-22T09:18:00Z,30771.25,30772.5,30767.5,30767.5,35,2026-09-24T16:48:21+00:00
2026-09-22T09:19:00Z,30769.0,30774.25,30768.25,30768.25,23,2026-09-24T16:48:21+00:00
2026-09-22T09:20:00Z,30767.25,30769.75,30766.25,30768.75,54,2026-09-24T16:48:21+00:00
2026-09-22T09:21:00Z,30771.25,30773.5,30768.75,30771.5,38,2026-09-24T16:48:21+00:00
2026-09-22T09:22:00Z,30768.0,30774.5,30759.0,30770.0,203,2026-09-24T16:48:21+00:00
2026-09-22T09:23:00Z,30769.5,30769.75,30760.0,30767.5,51,2026-09-24T16:48:21+00:00
2026-09-22T09:24:00Z,30767.5,30772.25,30767.0,30767.25,34,2026-09-24T16:48:21+00:00
2026-09-22T09:25:00Z,30767.75,30769.75,30761.5,30764.5,59,2026-09-24T16:48:21+00:00
2026-09-22T09:26:00Z,30766.0,30768.25,30763.0,30768.0,31,2026-09-24T16:48:21+00:00
2026-09-22T09:27:00Z,30768.25,30771.0,30764.75,30767.75,73,2026-09-24T16:48:21+00:00
2026-09-22T09:28:00Z,30768.25,30768.5,30766.0,30767.75,32,2026-09-24T16:48:21+00:00
2026-09-22T09:29:00Z,30769.25,30772.5,30767.0,30769.25,41,2026-09-24T16:48:21+00:00
2026-09-22T09:30:00Z,30770.25,30777.75,30770.25,30777.25,77,2026-09-24T16:48:21+00:00
2026-09-22T09:31:00Z,30777.0,30785.75,30776.5,30785.25,161,2026-09-24T16:48:21+00:00
2026-09-22T09:32:00Z,30785.75,30787.25,30782.0,30782.0,73,2026-09-24T16:48:21+00:00
2026-09-22T09:33:00Z,30782.75,30784.25,30767.75,30771.75,401,2026-09-24T16:48:21+00:00
2026-09-22T09:34:00Z,30771.75,30779.75,30771.75,30776.5,59,2026-09-24T16:48:21+00:00
2026-09-22T09:35:00Z,30778.0,30778.25,30766.5,30770.75,94,2026-09-24T16:48:21+00:00
2026-09-22T09:36:00Z,30770.25,30771.0,30765.25,30768.0,88,2026-09-24T16:48:21+00:00
2026-09-22T09:37:00Z,30767.25,30772.75,30766.5,30766.5,40,2026-09-24T16:48:21+00:00
2026-09-22T09:38:00Z,30769.25,30769.5,30764.0,30764.75,49,2026-09-24T16:48:21+00:00
2026-09-22T09:39:00Z,30765.25,30768.5,30765.25,30767.25,40,2026-09-24T16:48:21+00:00
2026-09-22T09:40:00Z,30765.5,30772.0,30765.5,30769.75,48,2026-09-24T16:48:21+00:00
2026-09-22T09:41:00Z,30768.5,30783.25,30768.5,30774.0,204,2026-09-24T16:48:21+00:00
2026-09-22T09:42:00Z,30775.75,30778.0,30769.0,30777.5,102,2026-09-24T16:48:21+00:00
2026-09-22T09:43:00Z,30777.75,30785.25,30777.75,30784.25,117,2026-09-24T16:48:21+00:00
2026-09-22T09:44:00Z,30782.75,30790.25,30782.75,30790.0,106,2026-09-24T16:48:21+00:00
2026-09-22T09:45:00Z,30789.5,30790.25,30784.5,30784.75,92,2026-09-24T16:48:21+00:00
2026-09-22T09:46:00Z,30784.0,30787.5,30781.5,30785.75,62,2026-09-24T16:48:21+00:00
2026-09-22T09:47:00Z,30784.75,30793.75,30783.25,30790.25,139,2026-09-24T16:48:21+00:00
2026-09-22T09:48:00Z,30791.0,30792.0,30785.0,30785.0,39,2026-09-24T16:48:21+00:00
2026-09-22T09:49:00Z,30787.75,30788.75,30785.0,30787.5,46,2026-09-24T16:48:21+00:00
2026-09-22T09:50:00Z,30788.0,30791.25,30786.5,30791.25,95,2026-09-24T16:48:21+00:00
2026-09-22T09:51:00Z,30791.25,30812.0,30791.0,30799.75,294,2026-09-24T16:48:21+00:00
2026-09-22T09:52:00Z,30799.75,30850.75,30795.5,30822.0,1721,2026-09-24T16:48:21+00:00
2026-09-22T09:53:00Z,30822.25,30834.0,30800.0,30822.25,1029,2026-09-24T16:48:21+00:00
2026-09-22T09:54:00Z,30820.25,30826.75,30807.0,30821.5,503,2026-09-24T16:48:21+00:00
2026-09-22T09:55:00Z,30821.25,30823.75,30797.25,30801.25,404,2026-09-24T16:48:21+00:00
2026-09-22T09:56:00Z,30800.0,30846.5,30794.75,30824.5,956,2026-09-24T16:48:21+00:00
2026-09-22T09:57:00Z,30823.25,30823.25,30802.0,30814.75,445,2026-09-24T16:48:21+00:00
2026-09-22T09:58:00Z,30816.0,30838.5,30814.25,30837.5,267,2026-09-24T16:48:21+00:00
2026-09-22T09:59:00Z,30836.25,30842.5,30834.0,30837.25,353,2026-09-24T16:48:21+00:00
2026-09-22T10:00:00Z,30839.0,30839.0,30819.25,30825.5,255,2026-09-24T16:48:21+00:00
2026-09-22T10:01:00Z,30826.25,30831.5,30819.5,30824.0,195,2026-09-24T16:48:21+00:00
2026-09-22T10:02:00Z,30823.75,30837.25,30823.5,30835.5,241,2026-09-24T16:48:21+00:00
2026-09-22T10:03:00Z,30834.75,30842.5,30828.75,30838.75,229,2026-09-24T16:48:21+00:00
2026-09-22T10:04:00Z,30838.5,30841.0,30832.0,30833.75,138,2026-09-24T16:48:21+00:00
2026-09-22T10:05:00Z,30834.25,30842.0,30834.0,30835.5,171,2026-09-24T16:48:21+00:00
2026-09-22T10:06:00Z,30834.25,30836.0,30830.0,30833.25,118,2026-09-24T16:48:21+00:00
2026-09-22T10:07:00Z,30833.5,30839.0,30831.5,30837.75,110,2026-09-24T16:48:21+00:00
2026-09-22T10:08:00Z,30837.5,30847.0,30837.5,30846.25,208,2026-09-24T16:48:21+00:00
2026-09-22T10:09:00Z,30845.75,30846.5,30837.0,30839.0,179,2026-09-24T16:48:21+00:00
2026-09-22T10:10:00Z,30837.75,30843.25,30830.5,30834.5,377,2026-09-24T16:48:21+00:00
2026-09-22T10:11:00Z,30833.25,30835.25,30824.25,30825.0,145,2026-09-24T16:48:21+00:00
2026-09-22T10:12:00Z,30825.0,30836.0,30825.0,30827.25,109,2026-09-24T16:48:21+00:00
2026-09-22T10:13:00Z,30826.0,30826.0,30808.75,30816.75,253,2026-09-24T16:48:21+00:00
2026-09-22T10:14:00Z,30818.75,30823.75,30816.75,30818.75,136,2026-09-24T16:48:21+00:00
2026-09-22T10:15:00Z,30818.25,30825.75,30818.25,30822.5,94,2026-09-24T16:48:21+00:00
2026-09-22T10:16:00Z,30822.25,30823.0,30819.75,30821.5,61,2026-09-24T16:48:21+00:00
2026-09-22T10:17:00Z,30823.0,30824.0,30817.75,30822.25,62,2026-09-24T16:48:21+00:00
2026-09-22T10:18:00Z,30823.0,30823.5,30813.0,30814.75,82,2026-09-24T16:48:21+00:00
2026-09-22T10:19:00Z,30814.5,30817.0,30810.25,30810.75,51,2026-09-24T16:48:21+00:00
2026-09-22T10:20:00Z,30813.25,30815.25,30804.25,30807.5,112,2026-09-24T16:48:21+00:00
2026-09-22T10:21:00Z,30808.0,30811.75,30805.0,30810.5,67,2026-09-24T16:48:21+00:00
2026-09-22T10:22:00Z,30809.0,30810.5,30803.75,30804.5,142,2026-09-24T16:48:21+00:00
2026-09-22T10:23:00Z,30805.0,30806.25,30800.0,30800.5,100,2026-09-24T16:48:21+00:00
2026-09-22T10:24:00Z,30800.75,30805.0,30800.5,30801.75,78,2026-09-24T16:48:21+00:00
2026-09-22T10:25:00Z,30800.0,30803.75,30794.0,30803.75,105,2026-09-24T16:48:21+00:00
2026-09-22T10:26:00Z,30804.0,30805.5,30800.75,30804.0,76,2026-09-24T16:48:21+00:00
2026-09-22T10:27:00Z,30803.5,30806.25,30799.5,30802.75,92,2026-09-24T16:48:21+00:00
2026-09-22T10:28:00Z,30805.75,30808.0,30803.5,30808.0,29,2026-09-24T16:48:21+00:00
2026-09-22T10:29:00Z,30808.75,30815.0,30804.0,30810.25,83,2026-09-24T16:48:21+00:00
2026-09-22T10:30:00Z,30809.0,30813.25,30806.5,30812.75,116,2026-09-24T16:48:21+00:00
2026-09-22T10:31:00Z,30813.5,30815.25,30805.75,30810.25,223,2026-09-24T16:48:21+00:00
2026-09-22T10:32:00Z,30810.5,30811.0,30806.25,30807.25,69,2026-09-24T16:48:21+00:00
2026-09-22T10:33:00Z,30807.5,30809.25,30798.0,30802.25,89,2026-09-24T16:48:21+00:00
2026-09-22T10:34:00Z,30802.5,30806.25,30802.5,30805.25,36,2026-09-24T16:48:21+00:00
2026-09-22T10:35:00Z,30805.0,30805.0,30798.25,30798.25,38,2026-09-24T16:48:21+00:00
2026-09-22T10:36:00Z,30799.25,30805.75,30799.0,30804.75,57,2026-09-24T16:48:21+00:00
2026-09-22T10:37:00Z,30803.75,30810.0,30801.5,30808.0,70,2026-09-24T16:48:21+00:00
2026-09-22T10:38:00Z,30808.5,30809.5,30805.75,30807.25,83,2026-09-24T16:48:21+00:00
2026-09-22T10:39:00Z,30806.75,30809.75,30806.0,30808.25,44,2026-09-24T16:48:21+00:00
2026-09-22T10:40:00Z,30809.25,30811.75,30807.0,30809.75,70,2026-09-24T16:48:21+00:00
2026-09-22T10:41:00Z,30811.0,30817.5,30811.0,30815.25,73,2026-09-24T16:48:21+00:00
2026-09-22T10:42:00Z,30816.0,30817.75,30813.75,30817.75,55,2026-09-24T16:48:21+00:00
2026-09-22T10:43:00Z,30818.0,30830.75,30815.75,30825.5,256,2026-09-24T16:48:21+00:00
2026-09-22T10:44:00Z,30825.25,30828.0,30818.75,30821.5,162,2026-09-24T16:48:21+00:00
2026-09-22T10:45:00Z,30821.5,30821.5,30812.75,30816.75,131,2026-09-24T16:48:21+00:00
2026-09-22T10:46:00Z,30818.0,30819.75,30807.75,30810.0,200,2026-09-24T16:48:21+00:00
2026-09-22T10:47:00Z,30810.25,30821.25,30810.25,30821.25,109,2026-09-24T16:48:21+00:00
2026-09-22T10:48:00Z,30820.0,30830.25,30819.5,30828.0,262,2026-09-24T16:48:21+00:00
2026-09-22T10:49:00Z,30829.25,30832.0,30826.5,30829.5,105,2026-09-24T16:48:21+00:00
2026-09-22T10:50:00Z,30828.75,30834.0,30828.0,30833.0,93,2026-09-24T16:48:21+00:00
2026-09-22T10:51:00Z,30833.75,30833.75,30826.5,30831.0,112,2026-09-24T16:48:21+00:00
2026-09-22T10:52:00Z,30830.75,30830.75,30826.5,30827.25,52,2026-09-24T16:48:21+00:00
2026-09-22T10:53:00Z,30827.0,30834.25,30826.25,30831.5,60,2026-09-24T16:48:21+00:00
2026-09-22T10:54:00Z,30829.0,30829.0,30824.0,30826.25,71,2026-09-24T16:48:21+00:00
2026-09-22T10:55:00Z,30826.5,30830.0,30818.0,30819.0,134,2026-09-24T16:48:21+00:00
2026-09-22T10:56:00Z,30820.0,30825.5,30818.5,30824.5,101,2026-09-24T16:48:21+00:00
2026-09-22T10:57:00Z,30824.0,30826.25,30821.0,30822.75,101,2026-09-24T16:48:21+00:00
2026-09-22T10:58:00Z,30823.75,30827.25,30823.75,30827.25,34,2026-09-24T16:48:21+00:00
2026-09-22T10:59:00Z,30826.5,30829.75,30814.0,30814.25,142,2026-09-24T16:48:21+00:00
2026-09-22T11:00:00Z,30814.0,30829.0,30810.5,30811.25,237,2026-09-24T16:48:21+00:00
2026-09-22T11:01:00Z,30810.75,30811.5,30801.75,30801.75,223,2026-09-24T16:48:21+00:00
2026-09-22T11:02:00Z,30802.25,30807.25,30800.0,30801.0,117,2026-09-24T16:48:21+00:00
2026-09-22T11:03:00Z,30800.0,30807.75,30796.25,30807.25,177,2026-09-24T16:48:21+00:00
2026-09-22T11:04:00Z,30806.75,30810.75,30800.75,30810.5,198,2026-09-24T16:48:21+00:00
2026-09-22T11:05:00Z,30808.75,30813.25,30797.0,30797.0,194,2026-09-24T16:48:21+00:00
2026-09-22T11:06:00Z,30797.5,30804.75,30791.5,30799.5,178,2026-09-24T16:48:21+00:00
2026-09-22T11:07:00Z,30800.5,30811.0,30800.5,30808.0,92,2026-09-24T16:48:21+00:00
2026-09-22T11:08:00Z,30807.5,30809.25,30801.0,30801.25,38,2026-09-24T16:48:21+00:00
2026-09-22T11:09:00Z,30800.75,30808.5,30754.5,30774.75,1413,2026-09-24T16:48:21+00:00
2026-09-22T11:10:00Z,30774.75,30791.5,30764.0,30790.5,484,2026-09-24T16:48:21+00:00
2026-09-22T11:11:00Z,30789.75,30794.0,30776.25,30794.0,304,2026-09-24T16:48:21+00:00
2026-09-22T11:12:00Z,30794.75,30804.5,30776.0,30783.5,532,2026-09-24T16:48:21+00:00
2026-09-22T11:13:00Z,30783.75,30786.25,30775.75,30779.5,241,2026-09-24T16:48:21+00:00
2026-09-22T11:14:00Z,30782.0,30796.25,30779.5,30794.25,188,2026-09-24T16:48:21+00:00
2026-09-22T11:15:00Z,30795.5,30801.75,30790.5,30796.25,254,2026-09-24T16:48:21+00:00
2026-09-22T11:16:00Z,30797.0,30799.0,30793.25,30797.75,110,2026-09-24T16:48:21+00:00
2026-09-22T11:17:00Z,30798.0,30799.5,30792.5,30797.75,121,2026-09-24T16:48:21+00:00
2026-09-22T11:18:00Z,30797.0,30797.75,30789.25,30792.0,71,2026-09-24T16:48:21+00:00
2026-09-22T11:19:00Z,30792.5,30794.0,30788.75,30790.5,93,2026-09-24T16:48:21+00:00
2026-09-22T11:20:00Z,30791.25,30793.0,30783.0,30788.75,92,2026-09-24T16:48:21+00:00
2026-09-22T11:21:00Z,30787.5,30792.0,30787.0,30787.0,39,2026-09-24T16:48:21+00:00
2026-09-22T11:22:00Z,30787.0,30795.5,30785.0,30789.75,106,2026-09-24T16:48:21+00:00
2026-09-22T11:23:00Z,30790.75,30797.75,30788.75,30793.0,76,2026-09-24T16:48:21+00:00
2026-09-22T11:24:00Z,30793.0,30803.0,30792.75,30799.5,173,2026-09-24T16:48:21+00:00
2026-09-22T11:25:00Z,30798.75,30798.75,30792.0,30796.0,72,2026-09-24T16:48:21+00:00
2026-09-22T11:26:00Z,30796.0,30801.75,30791.0,30792.5,128,2026-09-24T16:48:21+00:00
2026-09-22T11:27:00Z,30793.0,30794.25,30783.75,30784.75,70,2026-09-24T16:48:21+00:00
2026-09-22T11:28:00Z,30785.25,30786.5,30781.5,30784.0,40,2026-09-24T16:48:21+00:00
2026-09-22T11:29:00Z,30782.5,30784.0,30777.5,30778.75,91,2026-09-24T16:48:21+00:00
2026-09-22T11:30:00Z,30779.5,30782.75,30776.25,30782.75,133,2026-09-24T16:48:21+00:00
2026-09-22T11:31:00Z,30781.75,30789.75,30780.0,30785.75,95,2026-09-24T16:48:21+00:00
2026-09-22T11:32:00Z,30784.0,30795.0,30783.25,30791.5,89,2026-09-24T16:48:21+00:00
2026-09-22T11:33:00Z,30792.75,30793.0,30788.0,30788.0,32,2026-09-24T16:48:21+00:00
2026-09-22T11:34:00Z,30788.0,30789.25,30781.5,30788.75,65,2026-09-24T16:48:21+00:00
2026-09-22T11:35:00Z,30788.5,30796.25,30787.75,30794.5,69,2026-09-24T16:48:21+00:00
2026-09-22T11:36:00Z,30795.5,30798.25,30790.25,30792.0,84,2026-09-24T16:48:21+00:00
2026-09-22T11:37:00Z,30790.75,30794.5,30789.75,30790.5,39,2026-09-24T16:48:21+00:00
2026-09-22T11:38:00Z,30791.25,30796.5,30791.0,30795.25,51,2026-09-24T16:48:21+00:00
2026-09-22T11:39:00Z,30796.0,30802.0,30793.75,30796.25,177,2026-09-24T16:48:21+00:00
2026-09-22T11:40:00Z,30796.5,30798.75,30792.25,30798.75,95,2026-09-24T16:48:21+00:00
2026-09-22T11:41:00Z,30797.25,30807.5,30795.0,30803.0,184,2026-09-24T16:48:21+00:00
2026-09-22T11:42:00Z,30803.0,30805.0,30789.25,30790.75,118,2026-09-24T16:48:21+00:00
2026-09-22T11:43:00Z,30791.25,30798.0,30790.25,30794.75,56,2026-09-24T16:48:21+00:00
2026-09-22T11:44:00Z,30795.75,30797.75,30786.25,30794.25,149,2026-09-24T16:48:21+00:00
2026-09-22T11:45:00Z,30794.5,30813.75,30791.25,30803.25,397,2026-09-24T16:48:21+00:00
2026-09-22T11:46:00Z,30803.5,30803.5,30785.75,30788.75,120,2026-09-24T16:48:21+00:00
2026-09-22T11:47:00Z,30788.25,30794.5,30785.5,30792.75,107,2026-09-24T16:48:21+00:00
2026-09-22T11:48:00Z,30792.25,30792.5,30788.5,30790.25,51,2026-09-24T16:48:21+00:00
2026-09-22T11:49:00Z,30792.0,30792.75,30788.0,30792.5,52,2026-09-24T16:48:21+00:00
2026-09-22T11:50:00Z,30792.25,30792.5,30783.25,30783.25,60,2026-09-24T16:48:21+00:00
2026-09-22T11:51:00Z,30784.25,30785.75,30783.0,30784.25,38,2026-09-24T16:48:21+00:00
2026-09-22T11:52:00Z,30784.5,30786.5,30778.5,30779.25,127,2026-09-24T16:48:21+00:00
2026-09-22T11:53:00Z,30781.75,30783.25,30778.5,30780.5,45,2026-09-24T16:48:21+00:00
2026-09-22T11:54:00Z,30781.0,30781.75,30775.75,30775.75,47,2026-09-24T16:48:21+00:00
2026-09-22T11:55:00Z,30776.75,30792.25,30776.75,30786.0,135,2026-09-24T16:48:21+00:00
2026-09-22T11:56:00Z,30785.25,30785.75,30776.25,30779.0,70,2026-09-24T16:48:21+00:00
2026-09-22T11:57:00Z,30779.0,30787.75,30779.0,30779.75,88,2026-09-24T16:48:21+00:00
2026-09-22T11:58:00Z,30778.75,30780.0,30772.25,30774.25,118,2026-09-24T16:48:21+00:00
2026-09-22T11:59:00Z,30774.75,30778.0,30772.75,30776.75,85,2026-09-24T16:48:21+00:00
2026-09-22T12:00:00Z,30776.75,30780.5,30772.25,30775.5,119,2026-09-24T16:48:21+00:00
2026-09-22T12:01:00Z,30775.25,30778.0,30771.0,30776.5,144,2026-09-24T16:48:21+00:00
2026-09-22T12:02:00Z,30778.5,30784.5,30774.75,30780.5,193,2026-09-24T16:48:21+00:00
2026-09-22T12:03:00Z,30779.75,30791.75,30778.5,30788.5,105,2026-09-24T16:48:21+00:00
2026-09-22T12:04:00Z,30789.25,30791.25,30784.75,30787.0,103,2026-09-24T16:48:21+00:00
2026-09-22T12:05:00Z,30785.5,30789.25,30782.25,30782.25,67,2026-09-24T16:48:21+00:00
2026-09-22T12:06:00Z,30783.25,30783.25,30768.25,30771.25,138,2026-09-24T16:48:21+00:00
2026-09-22T12:07:00Z,30772.25,30774.0,30767.75,30771.0,112,2026-09-24T16:48:21+00:00
2026-09-22T12:08:00Z,30770.5,30772.25,30762.5,30770.25,177,2026-09-24T16:48:21+00:00
2026-09-22T12:09:00Z,30769.5,30769.5,30749.0,30759.0,357,2026-09-24T16:48:21+00:00
2026-09-22T12:10:00Z,30759.75,30765.5,30757.75,30761.25,188,2026-09-24T16:48:21+00:00
2026-09-22T12:11:00Z,30762.5,30766.0,30757.75,30765.75,134,2026-09-24T16:48:21+00:00
2026-09-22T12:12:00Z,30765.75,30769.25,30763.25,30767.25,84,2026-09-24T16:48:21+00:00
2026-09-22T12:13:00Z,30765.5,30768.25,30763.25,30766.25,99,2026-09-24T16:48:21+00:00
2026-09-22T12:14:00Z,30767.25,30768.0,30760.0,30762.75,54,2026-09-24T16:48:21+00:00
2026-09-22T12:15:00Z,30760.75,30762.5,30753.75,30761.75,148,2026-09-24T16:48:21+00:00
2026-09-22T12:16:00Z,30762.75,30769.5,30753.75,30754.75,149,2026-09-24T16:48:21+00:00
2026-09-22T12:17:00Z,30754.75,30759.5,30749.0,30756.5,212,2026-09-24T16:48:21+00:00
2026-09-22T12:18:00Z,30756.5,30759.25,30754.25,30756.5,157,2026-09-24T16:48:21+00:00
2026-09-22T12:19:00Z,30756.0,30763.5,30755.5,30758.25,95,2026-09-24T16:48:21+00:00
2026-09-22T12:20:00Z,30758.25,30765.5,30758.25,30763.5,99,2026-09-24T16:48:21+00:00
2026-09-22T12:21:00Z,30764.0,30773.0,30763.0,30772.75,158,2026-09-24T16:48:21+00:00
2026-09-22T12:22:00Z,30773.25,30774.25,30768.5,30771.5,105,2026-09-24T16:48:21+00:00
2026-09-22T12:23:00Z,30770.5,30773.5,30769.5,30772.25,94,2026-09-24T16:48:21+00:00
2026-09-22T12:24:00Z,30772.25,30777.0,30770.75,30770.75,115,2026-09-24T16:48:21+00:00
2026-09-22T12:25:00Z,30770.25,30780.5,30770.0,30776.25,120,2026-09-24T16:48:21+00:00
2026-09-22T12:26:00Z,30775.0,30776.75,30771.75,30776.75,139,2026-09-24T16:48:21+00:00
2026-09-22T12:27:00Z,30776.75,30777.0,30771.5,30771.5,75,2026-09-24T16:48:21+00:00
2026-09-22T12:28:00Z,30771.75,30777.5,30771.5,30776.75,61,2026-09-24T16:48:21+00:00
2026-09-22T12:29:00Z,30777.0,30784.25,30776.0,30783.5,99,2026-09-24T16:48:21+00:00
2026-09-22T12:30:00Z,30783.25,30783.25,30775.75,30778.5,181,2026-09-24T16:48:21+00:00
2026-09-22T12:31:00Z,30777.75,30784.0,30772.0,30783.5,192,2026-09-24T16:48:21+00:00
2026-09-22T12:32:00Z,30782.5,30787.25,30776.75,30780.25,207,2026-09-24T16:48:21+00:00
2026-09-22T12:33:00Z,30780.5,30788.5,30777.75,30787.0,129,2026-09-24T16:48:21+00:00
2026-09-22T12:34:00Z,30788.0,30788.0,30783.25,30784.75,123,2026-09-24T16:48:21+00:00
2026-09-22T12:35:00Z,30785.0,30787.75,30776.0,30777.75,177,2026-09-24T16:48:21+00:00
2026-09-22T12:36:00Z,30778.0,30786.75,30771.75,30771.75,239,2026-09-24T16:48:21+00:00
2026-09-22T12:37:00Z,30772.0,30774.25,30763.75,30768.0,300,2026-09-24T16:48:21+00:00
2026-09-22T12:38:00Z,30768.25,30768.75,30765.5,30765.75,73,2026-09-24T16:48:21+00:00
2026-09-22T12:39:00Z,30765.75,30772.5,30764.5,30767.5,125,2026-09-24T16:48:21+00:00
2026-09-22T12:40:00Z,30768.0,30781.5,30767.25,30779.75,184,2026-09-24T16:48:21+00:00
2026-09-22T12:41:00Z,30779.25,30779.25,30774.75,30777.0,49,2026-09-24T16:48:21+00:00
2026-09-22T12:42:00Z,30777.75,30780.0,30774.25,30778.25,121,2026-09-24T16:48:21+00:00
2026-09-22T12:43:00Z,30779.25,30780.75,30771.25,30771.25,108,2026-09-24T16:48:21+00:00
2026-09-22T12:44:00Z,30772.5,30772.5,30763.0,30764.0,186,2026-09-24T16:48:21+00:00
2026-09-22T12:45:00Z,30764.75,30768.75,30764.0,30766.25,112,2026-09-24T16:48:21+00:00
2026-09-22T12:46:00Z,30766.0,30769.0,30762.0,30762.5,77,2026-09-24T16:48:21+00:00
2026-09-22T12:47:00Z,30763.25,30766.0,30761.75,30762.75,91,2026-09-24T16:48:21+00:00
2026-09-22T12:48:00Z,30762.0,30769.5,30762.0,30766.0,58,2026-09-24T16:48:21+00:00
2026-09-22T12:49:00Z,30766.75,30767.5,30761.25,30763.0,111,2026-09-24T16:48:21+00:00
2026-09-22T12:50:00Z,30763.0,30765.0,30759.5,30760.25,93,2026-09-24T16:48:21+00:00
2026-09-22T12:51:00Z,30759.25,30761.5,30757.25,30758.75,135,2026-09-24T16:48:21+00:00
2026-09-22T12:52:00Z,30758.5,30759.75,30753.25,30759.0,212,2026-09-24T16:48:21+00:00
2026-09-22T12:53:00Z,30759.25,30762.25,30756.5,30757.5,79,2026-09-24T16:48:21+00:00
2026-09-22T12:54:00Z,30758.0,30758.75,30756.25,30758.0,58,2026-09-24T16:48:21+00:00
2026-09-22T12:55:00Z,30757.5,30758.0,30752.75,30755.25,160,2026-09-24T16:48:21+00:00
2026-09-22T12:56:00Z,30754.75,30755.0,30750.75,30751.75,205,2026-09-24T16:48:21+00:00
2026-09-22T12:57:00Z,30752.5,30761.5,30752.25,30755.0,217,2026-09-24T16:48:21+00:00
2026-09-22T12:58:00Z,30755.0,30758.5,30752.0,30753.0,134,2026-09-24T16:48:21+00:00
2026-09-22T12:59:00Z,30752.5,30753.75,30745.5,30752.25,353,2026-09-24T16:48:21+00:00
2026-09-22T13:00:00Z,30753.0,30759.75,30748.75,30758.5,338,2026-09-24T16:48:21+00:00
2026-09-22T13:01:00Z,30758.75,30767.75,30752.75,30767.0,290,2026-09-24T16:48:21+00:00
2026-09-22T13:02:00Z,30767.0,30770.5,30765.75,30769.75,203,2026-09-24T16:48:21+00:00
2026-09-22T13:03:00Z,30768.25,30771.75,30766.75,30770.25,210,2026-09-24T16:48:21+00:00
2026-09-22T13:04:00Z,30770.0,30772.0,30766.75,30767.5,152,2026-09-24T16:48:21+00:00
2026-09-22T13:05:00Z,30768.0,30769.5,30761.5,30765.25,198,2026-09-24T16:48:21+00:00
2026-09-22T13:06:00Z,30765.75,30777.25,30757.25,30769.75,803,2026-09-24T16:48:21+00:00
2026-09-22T13:07:00Z,30769.0,30771.25,30764.0,30765.75,189,2026-09-24T16:48:21+00:00
2026-09-22T13:08:00Z,30766.5,30780.75,30766.25,30773.0,290,2026-09-24T16:48:21+00:00
2026-09-22T13:09:00Z,30772.5,30774.0,30766.25,30766.25,224,2026-09-24T16:48:21+00:00
2026-09-22T13:10:00Z,30766.25,30770.25,30760.5,30770.25,170,2026-09-24T16:48:21+00:00
2026-09-22T13:11:00Z,30769.0,30771.25,30764.5,30765.0,95,2026-09-24T16:48:21+00:00
2026-09-22T13:12:00Z,30765.5,30768.5,30762.5,30765.25,111,2026-09-24T16:48:21+00:00
2026-09-22T13:13:00Z,30765.0,30768.0,30760.5,30766.5,192,2026-09-24T16:48:21+00:00
2026-09-22T13:14:00Z,30767.0,30773.0,30766.75,30769.75,183,2026-09-24T16:48:21+00:00
2026-09-22T13:15:00Z,30769.5,30771.0,30761.75,30765.75,260,2026-09-24T16:48:21+00:00
2026-09-22T13:16:00Z,30765.75,30774.5,30765.0,30765.0,176,2026-09-24T16:48:21+00:00
2026-09-22T13:17:00Z,30767.5,30767.5,30758.25,30759.25,195,2026-09-24T16:48:21+00:00
2026-09-22T13:18:00Z,30759.75,30763.75,30757.0,30759.0,146,2026-09-24T16:48:21+00:00
2026-09-22T13:19:00Z,30758.0,30759.5,30755.25,30759.5,164,2026-09-24T16:48:21+00:00
2026-09-22T13:20:00Z,30759.5,30759.5,30750.5,30753.75,210,2026-09-24T16:48:21+00:00
2026-09-22T13:21:00Z,30752.75,30765.25,30752.75,30763.5,390,2026-09-24T16:48:21+00:00
2026-09-22T13:22:00Z,30763.75,30766.25,30759.0,30765.0,259,2026-09-24T16:48:21+00:00
2026-09-22T13:23:00Z,30764.0,30767.0,30760.0,30763.5,198,2026-09-24T16:48:21+00:00
2026-09-22T13:24:00Z,30764.25,30771.0,30764.25,30769.0,284,2026-09-24T16:48:21+00:00
2026-09-22T13:25:00Z,30768.75,30777.75,30762.25,30777.0,641,2026-09-24T16:48:21+00:00
2026-09-22T13:26:00Z,30776.75,30777.0,30768.5,30773.0,313,2026-09-24T16:48:21+00:00
2026-09-22T13:27:00Z,30773.5,30777.75,30769.5,30777.75,537,2026-09-24T16:48:21+00:00
2026-09-22T13:28:00Z,30775.75,30775.75,30756.5,30764.75,612,2026-09-24T16:48:21+00:00
2026-09-22T13:29:00Z,30765.25,30769.0,30759.75,30764.0,563,2026-09-24T16:48:21+00:00
2026-09-22T13:30:00Z,30764.25,30816.0,30763.5,30813.5,5307,2026-09-24T16:48:21+00:00
2026-09-22T13:31:00Z,30813.5,30847.0,30809.75,30842.0,3205,2026-09-24T16:48:21+00:00
2026-09-22T13:32:00Z,30842.5,30864.5,30836.75,30859.5,2883,2026-09-24T16:48:21+00:00
2026-09-22T13:33:00Z,30858.75,30868.5,30848.25,30853.0,3216,2026-09-24T16:48:21+00:00
2026-09-22T13:34:00Z,30853.5,30865.75,30842.5,30864.75,1998,2026-09-24T16:48:21+00:00
2026-09-22T13:35:00Z,30865.5,30886.5,30864.25,30882.0,3021,2026-09-24T16:48:21+00:00
2026-09-22T13:36:00Z,30882.25,30894.25,30876.0,30892.0,1930,2026-09-24T16:48:21+00:00
2026-09-22T13:37:00Z,30891.5,30894.0,30881.25,30885.25,1629,2026-09-24T16:48:21+00:00
2026-09-22T13:38:00Z,30885.25,30895.0,30879.0,30884.5,1618,2026-09-24T16:48:21+00:00
2026-09-22T13:39:00Z,30884.75,30897.5,30878.5,30893.0,1706,2026-09-24T16:48:21+00:00
2026-09-22T13:40:00Z,30892.5,30900.0,30886.75,30893.5,2005,2026-09-24T16:48:21+00:00
2026-09-22T13:41:00Z,30893.5,30913.0,30891.25,30896.25,2317,2026-09-24T16:48:21+00:00
2026-09-22T13:42:00Z,30896.25,30923.25,30893.0,30917.75,2197,2026-09-24T16:48:21+00:00
2026-09-22T13:43:00Z,30917.5,30927.5,30914.75,30925.0,1501,2026-09-24T16:48:21+00:00
2026-09-22T13:44:00Z,30925.0,30926.0,30902.25,30902.25,1855,2026-09-24T16:48:21+00:00
2026-09-22T13:45:00Z,30902.75,30913.5,30884.25,30907.0,2867,2026-09-24T16:48:21+00:00
2026-09-22T13:46:00Z,30906.5,30919.25,30892.25,30894.5,1917,2026-09-24T16:48:21+00:00
2026-09-22T13:47:00Z,30894.75,30904.5,30890.0,30899.5,1413,2026-09-24T16:48:21+00:00
2026-09-22T13:48:00Z,30899.25,30925.0,30892.0,30921.5,2850,2026-09-24T16:48:21+00:00
2026-09-22T13:49:00Z,30921.75,30922.5,30898.75,30906.75,1588,2026-09-24T16:48:21+00:00
2026-09-22T13:50:00Z,30907.75,30940.0,30905.0,30939.0,2229,2026-09-24T16:48:21+00:00
2026-09-22T13:51:00Z,30939.5,30942.0,30923.5,30934.25,1714,2026-09-24T16:48:21+00:00
2026-09-22T13:52:00Z,30933.25,30939.25,30924.0,30932.75,1367,2026-09-24T16:48:21+00:00
2026-09-22T13:53:00Z,30932.5,30942.5,30929.0,30937.5,1174,2026-09-24T16:48:21+00:00
2026-09-22T13:54:00Z,30938.5,30945.0,30931.25,30941.25,1254,2026-09-24T16:48:21+00:00
2026-09-22T13:55:00Z,30941.0,30943.5,30917.75,30922.75,2268,2026-09-24T16:48:21+00:00
2026-09-22T13:56:00Z,30922.5,30924.25,30899.0,30906.5,2136,2026-09-24T16:48:21+00:00
2026-09-22T13:57:00Z,30906.0,30927.75,30903.75,30922.5,2071,2026-09-24T16:48:21+00:00
2026-09-22T13:58:00Z,30922.75,30934.5,30922.0,30929.75,1512,2026-09-24T16:48:21+00:00
2026-09-22T13:59:00Z,30929.75,30930.75,30915.75,30930.0,1212,2026-09-24T16:48:21+00:00
2026-09-22T14:00:00Z,30929.5,30937.5,30920.5,30921.5,1846,2026-09-24T16:48:21+00:00
2026-09-22T14:01:00Z,30920.75,30931.5,30915.0,30926.0,1235,2026-09-24T16:48:21+00:00
2026-09-22T14:02:00Z,30926.5,30931.0,30911.25,30923.5,990,2026-09-24T16:48:21+00:00
2026-09-22T14:03:00Z,30923.25,30925.75,30914.25,30917.75,790,2026-09-24T16:48:21+00:00
2026-09-22T14:04:00Z,30917.25,30933.25,30909.25,30928.0,1147,2026-09-24T16:48:21+00:00
2026-09-22T14:05:00Z,30928.25,30934.25,30923.0,30925.25,838,2026-09-24T16:48:21+00:00
2026-09-22T14:06:00Z,30925.75,30927.75,30908.5,30915.75,1102,2026-09-24T16:48:21+00:00
2026-09-22T14:07:00Z,30915.5,30930.0,30915.0,30924.25,1113,2026-09-24T16:48:21+00:00
2026-09-22T14:08:00Z,30924.5,30926.75,30915.0,30919.25,730,2026-09-24T16:48:21+00:00
2026-09-22T14:09:00Z,30919.25,30919.5,30912.75,30915.25,766,2026-09-24T16:48:21+00:00
2026-09-22T14:10:00Z,30914.5,30938.75,30912.5,30936.75,1485,2026-09-24T16:48:21+00:00
2026-09-22T14:11:00Z,30936.25,30957.25,30934.25,30955.5,2364,2026-09-24T16:48:21+00:00
2026-09-22T14:12:00Z,30955.0,30967.0,30954.75,30966.5,2025,2026-09-24T16:48:21+00:00
2026-09-22T14:13:00Z,30966.0,30983.75,30956.75,30959.0,3159,2026-09-24T16:48:21+00:00
2026-09-22T14:14:00Z,30959.75,30965.75,30947.0,30960.5,1617,2026-09-24T16:48:21+00:00
2026-09-22T14:15:00Z,30961.0,30974.25,30951.75,30974.25,1743,2026-09-24T16:48:21+00:00
2026-09-22T14:16:00Z,30974.5,30978.0,30961.0,30965.25,1630,2026-09-24T16:48:21+00:00
2026-09-22T14:17:00Z,30964.5,30965.25,30954.75,30962.5,1212,2026-09-24T16:48:21+00:00
2026-09-22T14:18:00Z,30962.0,30962.0,30938.25,30946.5,1989,2026-09-24T16:48:21+00:00
2026-09-22T14:19:00Z,30946.0,30954.0,30942.25,30950.25,955,2026-09-24T16:48:21+00:00
2026-09-22T14:20:00Z,30950.0,30960.75,30944.0,30955.0,961,2026-09-24T16:48:21+00:00
2026-09-22T14:21:00Z,30955.0,30955.5,30934.25,30948.0,1306,2026-09-24T16:48:21+00:00
2026-09-22T14:22:00Z,30948.5,30958.75,30945.75,30956.0,1030,2026-09-24T16:48:21+00:00
2026-09-22T14:23:00Z,30957.75,30959.0,30947.75,30949.5,694,2026-09-24T16:48:21+00:00
2026-09-22T14:24:00Z,30949.75,30953.0,30938.5,30951.25,1061,2026-09-24T16:48:21+00:00
2026-09-22T14:25:00Z,30950.5,30951.75,30939.5,30947.5,613,2026-09-24T16:48:21+00:00
2026-09-22T14:26:00Z,30947.25,30961.0,30944.75,30958.25,906,2026-09-24T16:48:21+00:00
2026-09-22T14:27:00Z,30958.0,30964.5,30955.75,30958.25,823,2026-09-24T16:48:21+00:00
2026-09-22T14:28:00Z,30957.5,30963.5,30955.25,30962.0,596,2026-09-24T16:48:21+00:00
2026-09-22T14:29:00Z,30961.75,30965.5,30955.75,30961.5,888,2026-09-24T16:48:21+00:00
2026-09-22T14:30:00Z,30961.25,30965.5,30954.5,30956.25,879,2026-09-24T16:48:21+00:00
2026-09-22T14:31:00Z,30956.25,30978.25,30955.5,30974.25,1846,2026-09-24T16:48:21+00:00
2026-09-22T14:32:00Z,30974.0,30989.75,30973.75,30983.0,1646,2026-09-24T16:48:21+00:00
2026-09-22T14:33:00Z,30982.5,30997.5,30980.0,30991.75,1592,2026-09-24T16:48:21+00:00
2026-09-22T14:34:00Z,30991.5,30996.0,30985.0,30987.75,974,2026-09-24T16:48:21+00:00
2026-09-22T14:35:00Z,30987.75,30988.5,30948.0,30953.75,2808,2026-09-24T16:48:21+00:00
2026-09-22T14:36:00Z,30953.5,30959.75,30949.75,30958.5,1020,2026-09-24T16:48:21+00:00
2026-09-22T14:37:00Z,30958.25,30972.25,30951.75,30969.5,1272,2026-09-24T16:48:21+00:00
2026-09-22T14:38:00Z,30969.0,30970.5,30941.25,30947.5,1995,2026-09-24T16:48:21+00:00
2026-09-22T14:39:00Z,30947.25,30988.5,30936.5,30943.75,3385,2026-09-24T16:48:21+00:00
2026-09-22T14:40:00Z,30943.75,30949.5,30932.25,30942.25,1528,2026-09-24T16:48:21+00:00
2026-09-22T14:41:00Z,30942.0,30943.0,30902.25,30908.75,2661,2026-09-24T16:48:21+00:00
2026-09-22T14:42:00Z,30909.25,30913.0,30896.25,30903.25,2133,2026-09-24T16:48:21+00:00
2026-09-22T14:43:00Z,30903.0,30918.25,30897.5,30916.5,1326,2026-09-24T16:48:21+00:00
2026-09-22T14:44:00Z,30917.0,30926.75,30912.25,30914.5,1700,2026-09-24T16:48:21+00:00
2026-09-22T14:45:00Z,30914.0,30920.75,30906.75,30906.75,1370,2026-09-24T16:48:21+00:00
2026-09-22T14:46:00Z,30906.25,30911.25,30894.0,30896.75,1524,2026-09-24T16:48:21+00:00
2026-09-22T14:47:00Z,30896.75,30919.0,30890.5,30914.75,1926,2026-09-24T16:48:21+00:00
2026-09-22T14:48:00Z,30914.5,30933.25,30906.5,30932.75,1639,2026-09-24T16:48:21+00:00
2026-09-22T14:49:00Z,30932.25,30943.75,30928.25,30941.75,1358,2026-09-24T16:48:21+00:00
2026-09-22T14:50:00Z,30942.0,30955.75,30939.75,30945.25,1530,2026-09-24T16:48:21+00:00
2026-09-22T14:51:00Z,30945.75,30946.0,30925.5,30929.75,1290,2026-09-24T16:48:21+00:00
2026-09-22T14:52:00Z,30930.0,30936.5,30923.25,30934.5,970,2026-09-24T16:48:21+00:00
2026-09-22T14:53:00Z,30934.75,30943.0,30931.0,30932.5,855,2026-09-24T16:48:21+00:00
2026-09-22T14:54:00Z,30933.0,30946.0,30928.5,30943.5,989,2026-09-24T16:48:21+00:00
2026-09-22T14:55:00Z,30944.25,30948.25,30931.25,30941.25,860,2026-09-24T16:48:21+00:00
2026-09-22T14:56:00Z,30941.0,30944.5,30933.25,30937.25,682,2026-09-24T16:48:21+00:00
2026-09-22T14:57:00Z,30937.25,30942.75,30927.5,30929.75,610,2026-09-24T16:48:21+00:00
2026-09-22T14:58:00Z,30930.0,30933.0,30918.5,30921.25,965,2026-09-24T16:48:21+00:00
2026-09-22T14:59:00Z,30921.75,30927.75,30919.75,30924.75,635,2026-09-24T16:48:21+00:00
2026-09-22T15:00:00Z,30925.75,30930.0,30916.25,30921.5,1118,2026-09-24T16:48:21+00:00
2026-09-22T15:01:00Z,30922.0,30929.25,30914.25,30929.0,996,2026-09-24T16:48:21+00:00
2026-09-22T15:02:00Z,30928.75,30930.25,30917.75,30925.75,824,2026-09-24T16:48:21+00:00
2026-09-22T15:03:00Z,30926.25,30927.0,30915.5,30919.75,715,2026-09-24T16:48:21+00:00
2026-09-22T15:04:00Z,30920.0,30924.25,30905.25,30915.5,1486,2026-09-24T16:48:21+00:00
2026-09-22T15:05:00Z,30915.75,30922.75,30911.5,30921.75,696,2026-09-24T16:48:21+00:00
2026-09-22T15:06:00Z,30922.75,30930.0,30914.25,30915.5,1427,2026-09-24T16:48:21+00:00
2026-09-22T15:07:00Z,30915.5,30936.5,30911.75,30921.75,1446,2026-09-24T16:48:21+00:00
2026-09-22T15:08:00Z,30921.25,30924.75,30918.0,30921.75,387,2026-09-24T16:48:21+00:00
2026-09-22T15:09:00Z,30922.0,30928.0,30912.0,30915.0,644,2026-09-24T16:48:21+00:00
2026-09-22T15:10:00Z,30914.75,30926.75,30914.75,30921.75,733,2026-09-24T16:48:21+00:00
2026-09-22T15:11:00Z,30921.5,30929.5,30917.75,30920.5,579,2026-09-24T16:48:21+00:00
2026-09-22T15:12:00Z,30920.25,30923.0,30912.5,30918.25,562,2026-09-24T16:48:21+00:00
2026-09-22T15:13:00Z,30918.5,30918.5,30907.0,30913.75,738,2026-09-24T16:48:21+00:00
2026-09-22T15:14:00Z,30914.0,30942.5,30914.0,30937.5,1923,2026-09-24T16:48:21+00:00
2026-09-22T15:15:00Z,30937.75,30939.5,30927.5,30928.25,871,2026-09-24T16:48:21+00:00
2026-09-22T15:16:00Z,30927.75,30941.75,30924.25,30941.75,743,2026-09-24T16:48:21+00:00
2026-09-22T15:17:00Z,30942.0,30942.75,30933.25,30936.5,652,2026-09-24T16:48:21+00:00
2026-09-22T15:18:00Z,30935.25,30936.75,30926.0,30926.0,624,2026-09-24T16:48:21+00:00
2026-09-22T15:19:00Z,30926.25,30949.0,30926.0,30947.0,733,2026-09-24T16:48:21+00:00
2026-09-22T15:20:00Z,30946.75,30947.25,30931.25,30931.5,713,2026-09-24T16:48:21+00:00
2026-09-22T15:21:00Z,30932.0,30945.75,30931.5,30942.25,537,2026-09-24T16:48:21+00:00
2026-09-22T15:22:00Z,30941.75,30944.0,30934.75,30937.75,415,2026-09-24T16:48:21+00:00
2026-09-22T15:23:00Z,30937.25,30937.5,30928.75,30935.25,550,2026-09-24T16:48:21+00:00
2026-09-22T15:24:00Z,30936.0,30938.0,30930.5,30933.25,314,2026-09-24T16:48:21+00:00
2026-09-22T15:25:00Z,30933.25,30945.0,30931.0,30939.5,606,2026-09-24T16:48:21+00:00
2026-09-22T15:26:00Z,30939.5,30941.0,30935.25,30936.75,393,2026-09-24T16:48:21+00:00
2026-09-22T15:27:00Z,30937.25,30939.5,30932.75,30937.25,410,2026-09-24T16:48:21+00:00
2026-09-22T15:28:00Z,30937.25,30938.0,30920.25,30922.25,754,2026-09-24T16:48:21+00:00
2026-09-22T15:29:00Z,30922.75,30932.75,30921.75,30928.25,724,2026-09-24T16:48:21+00:00
2026-09-22T15:30:00Z,30928.5,30928.5,30916.0,30919.5,1138,2026-09-24T16:48:21+00:00
2026-09-22T15:31:00Z,30918.75,30929.25,30918.5,30922.75,628,2026-09-24T16:48:21+00:00
2026-09-22T15:32:00Z,30923.25,30928.75,30920.75,30923.25,448,2026-09-24T16:48:21+00:00
2026-09-22T15:33:00Z,30923.0,30930.75,30917.75,30923.0,568,2026-09-24T16:48:21+00:00
2026-09-22T15:34:00Z,30922.5,30934.0,30921.75,30923.75,830,2026-09-24T16:48:21+00:00
2026-09-22T15:35:00Z,30923.5,30925.75,30918.25,30918.5,744,2026-09-24T16:48:21+00:00
2026-09-22T15:36:00Z,30918.25,30922.25,30912.75,30916.0,1070,2026-09-24T16:48:21+00:00
2026-09-22T15:37:00Z,30914.75,30915.0,30904.0,30909.75,1102,2026-09-24T16:48:21+00:00
2026-09-22T15:38:00Z,30910.5,30910.5,30895.75,30898.0,1183,2026-09-24T16:48:21+00:00
2026-09-22T15:39:00Z,30897.5,30902.0,30894.25,30897.25,1470,2026-09-24T16:48:21+00:00
2026-09-22T15:40:00Z,30897.5,30901.75,30890.25,30901.5,1032,2026-09-24T16:48:21+00:00
2026-09-22T15:41:00Z,30901.5,30903.75,30885.75,30894.5,946,2026-09-24T16:48:21+00:00
2026-09-22T15:42:00Z,30894.5,30903.0,30892.0,30901.25,686,2026-09-24T16:48:21+00:00
2026-09-22T15:43:00Z,30901.25,30906.25,30895.75,30896.25,762,2026-09-24T16:48:21+00:00
2026-09-22T15:44:00Z,30896.25,30904.0,30896.25,30900.0,627,2026-09-24T16:48:21+00:00
2026-09-22T15:45:00Z,30899.75,30905.75,30898.75,30903.0,613,2026-09-24T16:48:21+00:00
2026-09-22T15:46:00Z,30901.25,30907.75,30898.25,30902.75,688,2026-09-24T16:48:21+00:00
2026-09-22T15:47:00Z,30903.5,30913.75,30903.5,30913.5,851,2026-09-24T16:48:21+00:00
2026-09-22T15:48:00Z,30913.5,30914.0,30908.25,30914.0,630,2026-09-24T16:48:21+00:00
2026-09-22T15:49:00Z,30914.0,30918.25,30908.0,30908.5,606,2026-09-24T16:48:21+00:00
2026-09-22T15:50:00Z,30908.75,30914.75,30900.5,30908.5,872,2026-09-24T16:48:21+00:00
2026-09-22T15:51:00Z,30908.75,30911.5,30904.25,30907.25,392,2026-09-24T16:48:21+00:00
2026-09-22T15:52:00Z,30907.25,30911.75,30902.25,30903.75,430,2026-09-24T16:48:21+00:00
2026-09-22T15:53:00Z,30904.0,30909.5,30900.5,30904.25,539,2026-09-24T16:48:21+00:00
2026-09-22T15:54:00Z,30903.75,30906.75,30894.5,30896.0,634,2026-09-24T16:48:21+00:00
2026-09-22T15:55:00Z,30896.25,30897.75,30887.25,30896.0,1004,2026-09-24T16:48:21+00:00
2026-09-22T15:56:00Z,30896.25,30897.5,30890.0,30890.0,551,2026-09-24T16:48:21+00:00
2026-09-22T15:57:00Z,30890.5,30896.75,30887.5,30896.75,532,2026-09-24T16:48:21+00:00
2026-09-22T15:58:00Z,30896.5,30904.5,30896.0,30903.75,597,2026-09-24T16:48:21+00:00
2026-09-22T15:59:00Z,30904.0,30911.75,30903.75,30910.5,509,2026-09-24T16:48:21+00:00
2026-09-22T16:00:00Z,30911.25,30919.75,30909.5,30910.5,1001,2026-09-24T16:48:21+00:00
2026-09-22T16:01:00Z,30910.5,30911.5,30894.5,30899.5,857,2026-09-24T16:48:21+00:00
2026-09-22T16:02:00Z,30899.5,30900.5,30896.5,30899.25,252,2026-09-24T16:48:21+00:00
2026-09-22T16:03:00Z,30899.0,30906.0,30896.5,30906.0,312,2026-09-24T16:48:21+00:00
2026-09-22T16:04:00Z,30905.25,30910.5,30904.0,30908.75,310,2026-09-24T16:48:21+00:00
2026-09-22T16:05:00Z,30908.25,30913.0,30906.25,30911.75,375,2026-09-24T16:48:21+00:00
2026-09-22T16:06:00Z,30911.75,30917.25,30908.0,30915.25,437,2026-09-24T16:48:21+00:00
2026-09-22T16:07:00Z,30914.75,30927.0,30914.5,30925.5,897,2026-09-24T16:48:21+00:00
2026-09-22T16:08:00Z,30925.25,30935.75,30924.5,30929.75,1025,2026-09-24T16:48:21+00:00
2026-09-22T16:09:00Z,30929.75,30935.0,30923.0,30927.5,1159,2026-09-24T16:48:21+00:00
2026-09-22T16:10:00Z,30926.75,30934.5,30926.5,30930.25,680,2026-09-24T16:48:21+00:00
2026-09-22T16:11:00Z,30929.5,30930.25,30923.5,30928.0,383,2026-09-24T16:48:21+00:00
2026-09-22T16:12:00Z,30928.5,30931.75,30923.5,30923.5,335,2026-09-24T16:48:21+00:00
2026-09-22T16:13:00Z,30923.5,30925.75,30919.25,30923.5,596,2026-09-24T16:48:21+00:00
2026-09-22T16:14:00Z,30923.25,30925.5,30920.25,30925.25,314,2026-09-24T16:48:21+00:00
2026-09-22T16:15:00Z,30924.75,30924.75,30914.75,30915.75,515,2026-09-24T16:48:21+00:00
2026-09-22T16:16:00Z,30917.5,30921.5,30915.75,30919.75,402,2026-09-24T16:48:21+00:00
2026-09-22T16:17:00Z,30920.25,30927.0,30918.25,30925.25,383,2026-09-24T16:48:21+00:00
2026-09-22T16:18:00Z,30924.5,30926.0,30912.75,30915.25,577,2026-09-24T16:48:21+00:00
2026-09-22T16:19:00Z,30915.25,30915.75,30908.75,30910.5,527,2026-09-24T16:48:21+00:00
2026-09-22T16:20:00Z,30910.5,30917.0,30903.0,30915.75,981,2026-09-24T16:48:21+00:00
2026-09-22T16:21:00Z,30916.5,30921.75,30914.0,30918.5,429,2026-09-24T16:48:21+00:00
2026-09-22T16:22:00Z,30918.5,30923.0,30917.25,30918.25,407,2026-09-24T16:48:21+00:00
2026-09-22T16:23:00Z,30918.5,30925.5,30906.0,30906.75,890,2026-09-24T16:48:21+00:00
2026-09-22T16:24:00Z,30907.0,30908.25,30897.75,30900.0,808,2026-09-24T16:48:21+00:00
2026-09-22T16:25:00Z,30899.5,30908.0,30895.25,30905.25,646,2026-09-24T16:48:21+00:00
2026-09-22T16:26:00Z,30905.0,30907.5,30893.5,30895.25,495,2026-09-24T16:48:21+00:00
2026-09-22T16:27:00Z,30894.75,30902.0,30892.75,30898.75,502,2026-09-24T16:48:21+00:00
2026-09-22T16:28:00Z,30899.0,30901.0,30893.75,30895.0,291,2026-09-24T16:48:21+00:00
2026-09-22T16:29:00Z,30895.5,30896.25,30889.25,30891.75,575,2026-09-24T16:48:21+00:00
2026-09-22T16:30:00Z,30891.75,30900.75,30891.25,30899.5,625,2026-09-24T16:48:21+00:00
2026-09-22T16:31:00Z,30900.0,30907.0,30898.25,30903.0,673,2026-09-24T16:48:21+00:00
2026-09-22T16:32:00Z,30903.25,30910.0,30896.5,30906.25,781,2026-09-24T16:48:21+00:00
2026-09-22T16:33:00Z,30906.0,30914.5,30905.0,30910.5,579,2026-09-24T16:48:21+00:00
2026-09-22T16:34:00Z,30910.0,30919.75,30908.0,30919.5,918,2026-09-24T16:48:21+00:00
2026-09-22T16:35:00Z,30919.75,30920.75,30903.25,30907.75,720,2026-09-24T16:48:21+00:00
2026-09-22T16:36:00Z,30908.0,30913.5,30903.75,30910.5,408,2026-09-24T16:48:21+00:00
2026-09-22T16:37:00Z,30911.0,30911.75,30905.0,30906.0,442,2026-09-24T16:48:21+00:00
2026-09-22T16:38:00Z,30906.0,30906.75,30900.0,30905.25,437,2026-09-24T16:48:21+00:00
2026-09-22T16:39:00Z,30905.5,30908.5,30902.75,30904.5,328,2026-09-24T16:48:21+00:00
2026-09-22T16:40:00Z,30904.0,30905.5,30899.0,30903.25,427,2026-09-24T16:48:21+00:00
2026-09-22T16:41:00Z,30903.0,30905.0,30897.25,30900.0,345,2026-09-24T16:48:21+00:00
2026-09-22T16:42:00Z,30900.75,30901.75,30896.0,30897.75,262,2026-09-24T16:48:21+00:00
2026-09-22T16:43:00Z,30897.75,30909.75,30897.5,30909.0,496,2026-09-24T16:48:21+00:00
2026-09-22T16:44:00Z,30908.75,30916.5,30907.5,30915.75,451,2026-09-24T16:48:21+00:00
2026-09-22T16:45:00Z,30915.25,30917.75,30911.25,30912.5,574,2026-09-24T16:48:21+00:00
2026-09-22T16:46:00Z,30912.0,30920.75,30911.5,30920.0,458,2026-09-24T16:48:21+00:00
2026-09-22T16:47:00Z,30919.5,30921.5,30914.5,30915.0,393,2026-09-24T16:48:21+00:00
2026-09-22T16:48:00Z,30915.5,30947.0,30914.25,30930.5,2361,2026-09-24T16:48:21+00:00
2026-09-22T16:49:00Z,30930.5,30945.0,30928.75,30943.25,1291,2026-09-24T16:48:21+00:00
2026-09-22T16:50:00Z,30942.75,30946.0,30938.25,30945.0,949,2026-09-24T16:48:21+00:00
2026-09-22T16:51:00Z,30945.25,30945.75,30940.75,30942.75,557,2026-09-24T16:48:21+00:00
2026-09-22T16:52:00Z,30943.0,30944.25,30938.75,30940.75,411,2026-09-24T16:48:21+00:00
2026-09-22T16:53:00Z,30941.0,30945.75,30939.25,30943.75,491,2026-09-24T16:48:21+00:00
2026-09-22T16:54:00Z,30943.25,30944.25,30934.0,30938.25,531,2026-09-24T16:48:21+00:00
2026-09-22T16:55:00Z,30938.0,30943.25,30935.5,30938.25,464,2026-09-24T16:48:21+00:00
2026-09-22T16:56:00Z,30938.25,30942.75,30936.25,30939.25,369,2026-09-24T16:48:21+00:00
2026-09-22T16:57:00Z,30939.25,30942.5,30934.5,30942.5,422,2026-09-24T16:48:21+00:00
2026-09-22T16:58:00Z,30942.25,30944.25,30937.5,30942.75,424,2026-09-24T16:48:21+00:00
2026-09-22T16:59:00Z,30942.75,30943.75,30940.5,30940.75,312,2026-09-24T16:48:21+00:00
2026-09-22T17:00:00Z,30941.25,30942.0,30936.5,30939.75,468,2026-09-24T16:48:21+00:00
2026-09-22T17:01:00Z,30940.25,30943.75,30939.75,30942.0,284,2026-09-24T16:48:21+00:00
2026-09-22T17:02:00Z,30941.75,30943.5,30937.0,30938.5,487,2026-09-24T16:48:21+00:00
2026-09-22T17:03:00Z,30939.5,30943.25,30938.75,30940.0,261,2026-09-24T16:48:21+00:00
2026-09-22T17:04:00Z,30939.75,30942.75,30939.25,30939.25,216,2026-09-24T16:48:21+00:00
2026-09-22T17:05:00Z,30938.5,30946.25,30937.75,30945.0,338,2026-09-24T16:48:21+00:00
2026-09-22T17:06:00Z,30945.0,30954.5,30945.0,30952.5,872,2026-09-24T16:48:21+00:00
2026-09-22T17:07:00Z,30952.0,30953.5,30945.75,30948.25,357,2026-09-24T16:48:21+00:00
2026-09-22T17:08:00Z,30947.5,30948.5,30941.5,30943.0,395,2026-09-24T16:48:21+00:00
2026-09-22T17:09:00Z,30942.0,30943.0,30936.0,30942.0,440,2026-09-24T16:48:21+00:00
2026-09-22T17:10:00Z,30942.25,30947.25,30940.25,30941.25,367,2026-09-24T16:48:21+00:00
2026-09-22T17:11:00Z,30941.0,30943.25,30938.0,30940.75,311,2026-09-24T16:48:21+00:00
2026-09-22T17:12:00Z,30941.0,30941.25,30937.25,30940.0,317,2026-09-24T16:48:21+00:00
2026-09-22T17:13:00Z,30939.75,30941.5,30938.75,30940.0,168,2026-09-24T16:48:21+00:00
2026-09-22T17:14:00Z,30939.5,30944.0,30937.25,30941.25,274,2026-09-24T16:48:21+00:00
2026-09-22T17:15:00Z,30941.5,30942.75,30935.25,30942.5,338,2026-09-24T16:48:21+00:00
2026-09-22T17:16:00Z,30942.25,30944.0,30938.0,30938.0,299,2026-09-24T16:48:21+00:00
2026-09-22T17:17:00Z,30937.5,30942.5,30935.25,30939.5,272,2026-09-24T16:48:21+00:00
2026-09-22T17:18:00Z,30940.25,30940.25,30936.0,30939.0,305,2026-09-24T16:48:21+00:00
2026-09-22T17:19:00Z,30939.0,30941.5,30937.0,30940.0,247,2026-09-24T16:48:21+00:00
2026-09-22T17:20:00Z,30939.5,30939.5,30931.25,30934.75,518,2026-09-24T16:48:21+00:00
2026-09-22T17:21:00Z,30934.75,30935.75,30931.75,30933.25,328,2026-09-24T16:48:21+00:00
2026-09-22T17:22:00Z,30933.0,30934.5,30929.0,30932.75,447,2026-09-24T16:48:21+00:00
2026-09-22T17:23:00Z,30933.25,30934.0,30930.25,30932.25,232,2026-09-24T16:48:21+00:00
2026-09-22T17:24:00Z,30933.75,30936.75,30931.75,30935.0,367,2026-09-24T16:48:21+00:00
2026-09-22T17:25:00Z,30935.0,30939.25,30932.75,30937.25,333,2026-09-24T16:48:21+00:00
2026-09-22T17:26:00Z,30938.0,30942.25,30936.5,30941.0,312,2026-09-24T16:48:21+00:00
2026-09-22T17:27:00Z,30942.25,30949.0,30942.0,30949.0,409,2026-09-24T16:48:21+00:00
2026-09-22T17:28:00Z,30949.0,30953.5,30947.0,30952.0,542,2026-09-24T16:48:21+00:00
2026-09-22T17:29:00Z,30951.75,30956.75,30951.25,30953.5,532,2026-09-24T16:48:21+00:00
2026-09-22T17:30:00Z,30953.5,30953.75,30942.75,30946.0,684,2026-09-24T16:48:21+00:00
2026-09-22T17:31:00Z,30946.25,30947.25,30935.25,30937.5,491,2026-09-24T16:48:21+00:00
2026-09-22T17:32:00Z,30937.25,30940.0,30934.5,30935.0,396,2026-09-24T16:48:21+00:00
2026-09-22T17:33:00Z,30935.25,30937.0,30931.5,30933.75,411,2026-09-24T16:48:21+00:00
2026-09-22T17:34:00Z,30933.75,30936.0,30930.5,30935.5,365,2026-09-24T16:48:21+00:00
2026-09-22T17:35:00Z,30935.75,30938.75,30933.25,30938.0,329,2026-09-24T16:48:21+00:00
2026-09-22T17:36:00Z,30938.0,30938.75,30927.75,30931.0,575,2026-09-24T16:48:21+00:00
2026-09-22T17:37:00Z,30930.5,30932.5,30929.5,30931.75,330,2026-09-24T16:48:21+00:00
2026-09-22T17:38:00Z,30931.25,30938.5,30929.5,30934.5,391,2026-09-24T16:48:21+00:00
2026-09-22T17:39:00Z,30934.25,30934.25,30929.25,30929.75,338,2026-09-24T16:48:21+00:00
2026-09-22T17:40:00Z,30930.0,30930.0,30921.75,30929.25,675,2026-09-24T16:48:21+00:00
2026-09-22T17:41:00Z,30929.0,30932.75,30928.0,30928.75,421,2026-09-24T16:48:21+00:00
2026-09-22T17:42:00Z,30930.25,30939.75,30930.25,30937.75,487,2026-09-24T16:48:21+00:00
2026-09-22T17:43:00Z,30937.0,30942.75,30934.75,30942.0,341,2026-09-24T16:48:21+00:00
2026-09-22T17:44:00Z,30941.75,30945.75,30941.75,30944.5,308,2026-09-24T16:48:21+00:00
2026-09-22T17:45:00Z,30944.75,30950.5,30943.75,30949.5,473,2026-09-24T16:48:21+00:00
2026-09-22T17:46:00Z,30950.25,30950.25,30943.25,30945.5,406,2026-09-24T16:48:21+00:00
2026-09-22T17:47:00Z,30945.25,30945.5,30937.0,30942.0,444,2026-09-24T16:48:21+00:00
2026-09-22T17:48:00Z,30941.75,30944.75,30941.25,30941.5,187,2026-09-24T16:48:21+00:00
2026-09-22T17:49:00Z,30942.0,30943.25,30939.25,30941.5,246,2026-09-24T16:48:21+00:00
2026-09-22T17:50:00Z,30942.0,30943.75,30936.5,30941.5,449,2026-09-24T16:48:21+00:00
2026-09-22T17:51:00Z,30941.75,30945.75,30940.75,30944.5,324,2026-09-24T16:48:21+00:00
2026-09-22T17:52:00Z,30944.0,30986.0,30943.0,30976.75,3765,2026-09-24T16:48:21+00:00
2026-09-22T17:53:00Z,30977.0,30985.0,30971.25,30973.25,1389,2026-09-24T16:48:21+00:00
2026-09-22T17:54:00Z,30973.25,30988.25,30971.5,30976.5,1940,2026-09-24T16:48:21+00:00
2026-09-22T17:55:00Z,30976.5,30979.25,30971.5,30977.0,809,2026-09-24T16:48:21+00:00
2026-09-22T17:56:00Z,30976.5,30980.5,30970.75,30972.5,633,2026-09-24T16:48:21+00:00
2026-09-22T17:57:00Z,30972.75,30973.5,30966.0,30966.5,813,2026-09-24T16:48:21+00:00
2026-09-22T17:58:00Z,30967.0,30974.0,30966.0,30971.5,432,2026-09-24T16:48:21+00:00
2026-09-22T17:59:00Z,30971.0,30977.75,30970.75,30977.25,404,2026-09-24T16:48:21+00:00
2026-09-22T18:00:00Z,30977.25,30979.5,30956.0,30957.5,1137,2026-09-24T16:48:21+00:00
2026-09-22T18:01:00Z,30957.5,30960.25,30951.25,30958.5,972,2026-09-24T16:48:21+00:00
2026-09-22T18:02:00Z,30958.75,30959.5,30951.5,30957.5,439,2026-09-24T16:48:21+00:00
2026-09-22T18:03:00Z,30957.5,30958.75,30955.5,30956.75,354,2026-09-24T16:48:21+00:00
2026-09-22T18:04:00Z,30957.0,30964.75,30954.75,30960.5,1097,2026-09-24T16:48:21+00:00
2026-09-22T18:05:00Z,30960.5,30973.25,30958.5,30970.0,589,2026-09-24T16:48:21+00:00
2026-09-22T18:06:00Z,30970.25,30976.75,30970.0,30974.75,478,2026-09-24T16:48:21+00:00
2026-09-22T18:07:00Z,30974.75,30975.25,30968.75,30973.75,440,2026-09-24T16:48:21+00:00
2026-09-22T18:08:00Z,30973.5,30976.0,30972.5,30975.0,395,2026-09-24T16:48:21+00:00
2026-09-22T18:09:00Z,30975.25,30981.25,30974.25,30980.5,476,2026-09-24T16:48:21+00:00
2026-09-22T18:10:00Z,30980.5,30984.25,30975.75,30980.5,565,2026-09-24T16:48:21+00:00
2026-09-22T18:11:00Z,30980.5,30984.25,30979.0,30982.75,292,2026-09-24T16:48:21+00:00
2026-09-22T18:12:00Z,30982.75,30985.5,30981.0,30982.25,388,2026-09-24T16:48:21+00:00
2026-09-22T18:13:00Z,30982.25,30982.5,30974.25,30978.5,542,2026-09-24T16:48:21+00:00
2026-09-22T18:14:00Z,30979.0,30982.5,30978.0,30981.0,400,2026-09-24T16:48:21+00:00
2026-09-22T18:15:00Z,30980.5,30986.75,30980.5,30986.5,367,2026-09-24T16:48:21+00:00
2026-09-22T18:16:00Z,30986.75,30988.25,30981.75,30986.0,531,2026-09-24T16:48:21+00:00
2026-09-22T18:17:00Z,30985.75,30988.75,30985.25,30988.0,331,2026-09-24T16:48:21+00:00
2026-09-22T18:18:00Z,30988.0,30994.25,30988.0,30993.0,722,2026-09-24T16:48:21+00:00
2026-09-22T18:19:00Z,30992.75,30993.75,30990.0,30990.75,504,2026-09-24T16:48:21+00:00
2026-09-22T18:20:00Z,30990.5,30996.5,30988.25,30994.25,825,2026-09-24T16:48:21+00:00
2026-09-22T18:21:00Z,30993.75,30995.5,30990.5,30993.75,565,2026-09-24T16:48:21+00:00
2026-09-22T18:22:00Z,30994.25,30998.5,30994.0,30996.75,555,2026-09-24T16:48:21+00:00
2026-09-22T18:23:00Z,30996.5,31009.5,30995.0,31005.75,1115,2026-09-24T16:48:21+00:00
2026-09-22T18:24:00Z,31005.75,31007.25,31002.5,31004.5,631,2026-09-24T16:48:21+00:00
2026-09-22T18:25:00Z,31004.0,31006.5,31001.0,31002.25,519,2026-09-24T16:48:21+00:00
2026-09-22T18:26:00Z,31002.25,31003.25,30997.5,30998.75,467,2026-09-24T16:48:21+00:00
2026-09-22T18:27:00Z,30999.0,31000.5,30994.0,30996.75,434,2026-09-24T16:48:21+00:00
2026-09-22T18:28:00Z,30996.5,31000.75,30993.25,30997.25,437,2026-09-24T16:48:21+00:00
2026-09-22T18:29:00Z,30997.25,30999.5,30992.75,30994.0,449,2026-09-24T16:48:21+00:00
2026-09-22T18:30:00Z,30994.0,30995.5,30987.5,30994.0,783,2026-09-24T16:48:21+00:00
2026-09-22T18:31:00Z,30993.75,30998.5,30992.25,30993.25,492,2026-09-24T16:48:21+00:00
2026-09-22T18:32:00Z,30992.75,30993.25,30986.0,30989.0,460,2026-09-24T16:48:21+00:00
2026-09-22T18:33:00Z,30989.5,30990.0,30981.5,30984.0,516,2026-09-24T16:48:21+00:00
2026-09-22T18:34:00Z,30984.25,30985.25,30981.0,30981.5,327,2026-09-24T16:48:21+00:00
2026-09-22T18:35:00Z,30981.25,30984.75,30973.75,30977.0,893,2026-09-24T16:48:21+00:00
2026-09-22T18:36:00Z,30977.5,30980.0,30967.5,30978.0,982,2026-09-24T16:48:21+00:00
2026-09-22T18:37:00Z,30978.75,30980.25,30976.0,30976.75,321,2026-09-24T16:48:21+00:00
2026-09-22T18:38:00Z,30977.0,30978.0,30970.75,30971.75,579,2026-09-24T16:48:21+00:00
2026-09-22T18:39:00Z,30972.0,30973.75,30966.5,30972.5,699,2026-09-24T16:48:21+00:00
2026-09-22T18:40:00Z,30972.25,30978.5,30971.0,30976.75,715,2026-09-24T16:48:21+00:00
2026-09-22T18:41:00Z,30976.75,30979.75,30966.0,30975.25,1032,2026-09-24T16:48:21+00:00
2026-09-22T18:42:00Z,30975.75,30983.5,30974.5,30982.0,473,2026-09-24T16:48:21+00:00
2026-09-22T18:43:00Z,30982.25,30992.0,30981.5,30988.75,768,2026-09-24T16:48:21+00:00
2026-09-22T18:44:00Z,30988.75,30992.75,30987.25,30987.75,593,2026-09-24T16:48:21+00:00
2026-09-22T18:45:00Z,30988.25,30991.5,30986.5,30989.0,325,2026-09-24T16:48:21+00:00
2026-09-22T18:46:00Z,30989.0,30989.0,30980.5,30981.5,305,2026-09-24T16:48:21+00:00
2026-09-22T18:47:00Z,30982.0,30985.5,30981.5,30983.0,210,2026-09-24T16:48:21+00:00
2026-09-22T18:48:00Z,30983.5,30986.5,30979.5,30985.75,384,2026-09-24T16:48:21+00:00
2026-09-22T18:49:00Z,30985.0,30987.75,30983.75,30984.0,176,2026-09-24T16:48:21+00:00
2026-09-22T18:50:00Z,30984.0,30985.0,30978.0,30979.75,322,2026-09-24T16:48:21+00:00
2026-09-22T18:51:00Z,30979.5,30986.5,30979.25,30986.5,296,2026-09-24T16:48:21+00:00
2026-09-22T18:52:00Z,30986.5,30987.0,30983.25,30986.0,202,2026-09-24T16:48:21+00:00
2026-09-22T18:53:00Z,30985.5,30989.25,30984.25,30985.0,259,2026-09-24T16:48:21+00:00
2026-09-22T18:54:00Z,30984.5,30988.5,30984.25,30985.75,138,2026-09-24T16:48:21+00:00
2026-09-22T18:55:00Z,30985.5,30985.75,30980.75,30984.75,301,2026-09-24T16:48:21+00:00
2026-09-22T18:56:00Z,30985.0,30986.25,30978.25,30978.75,275,2026-09-24T16:48:21+00:00
2026-09-22T18:57:00Z,30978.5,30978.5,30973.75,30974.25,375,2026-09-24T16:48:21+00:00
2026-09-22T18:58:00Z,30974.75,30976.0,30971.5,30972.75,473,2026-09-24T16:48:21+00:00
2026-09-22T18:59:00Z,30973.0,30977.25,30972.75,30976.0,316,2026-09-24T16:48:21+00:00
2026-09-22T19:00:00Z,30976.0,30983.0,30975.25,30982.0,513,2026-09-24T16:48:21+00:00
2026-09-22T19:01:00Z,30981.75,30985.75,30976.5,30983.75,639,2026-09-24T16:48:21+00:00
2026-09-22T19:02:00Z,30984.0,30985.75,30981.25,30982.5,366,2026-09-24T16:48:21+00:00
2026-09-22T19:03:00Z,30982.5,30984.5,30981.75,30983.25,223,2026-09-24T16:48:21+00:00
2026-09-22T19:04:00Z,30983.75,30988.5,30980.5,30988.5,297,2026-09-24T16:48:21+00:00
2026-09-22T19:05:00Z,30988.0,30988.25,30984.25,30986.0,436,2026-09-24T16:48:21+00:00
2026-09-22T19:06:00Z,30986.25,30993.25,30985.75,30991.0,689,2026-09-24T16:48:21+00:00
2026-09-22T19:07:00Z,30991.25,30993.75,30989.0,30993.25,382,2026-09-24T16:48:21+00:00
2026-09-22T19:08:00Z,30993.25,30998.5,30991.25,30996.5,611,2026-09-24T16:48:21+00:00
2026-09-22T19:09:00Z,30996.0,30998.25,30992.0,30995.5,381,2026-09-24T16:48:21+00:00
2026-09-22T19:10:00Z,30996.0,31002.5,30995.75,30999.5,567,2026-09-24T16:48:21+00:00
2026-09-22T19:11:00Z,30999.5,31003.75,30997.0,31002.0,494,2026-09-24T16:48:21+00:00
2026-09-22T19:12:00Z,31001.75,31003.5,31000.25,31002.0,409,2026-09-24T16:48:21+00:00
2026-09-22T19:13:00Z,31001.5,31004.5,31000.25,31003.75,475,2026-09-24T16:48:21+00:00
2026-09-22T19:14:00Z,31004.0,31004.25,30999.5,31003.5,493,2026-09-24T16:48:21+00:00
2026-09-22T19:15:00Z,31002.75,31007.5,31002.25,31005.0,569,2026-09-24T16:48:21+00:00
2026-09-22T19:16:00Z,31004.75,31014.75,31002.0,31012.25,913,2026-09-24T16:48:21+00:00
2026-09-22T19:17:00Z,31012.25,31013.25,31009.75,31012.5,511,2026-09-24T16:48:21+00:00
2026-09-22T19:18:00Z,31012.25,31016.0,31010.75,31012.75,538,2026-09-24T16:48:21+00:00
2026-09-22T19:19:00Z,31013.25,31014.75,31009.25,31011.5,372,2026-09-24T16:48:21+00:00
2026-09-22T19:20:00Z,31011.5,31011.5,31002.5,31006.75,644,2026-09-24T16:48:21+00:00
2026-09-22T19:21:00Z,31006.5,31007.5,31000.0,31002.5,341,2026-09-24T16:48:21+00:00
2026-09-22T19:22:00Z,31002.5,31004.25,30998.5,30999.0,437,2026-09-24T16:48:21+00:00
2026-09-22T19:23:00Z,30999.0,31002.75,30998.25,31001.25,334,2026-09-24T16:48:21+00:00
2026-09-22T19:24:00Z,31001.5,31011.75,30999.0,31004.75,783,2026-09-24T16:48:21+00:00
2026-09-22T19:25:00Z,31005.25,31023.0,31004.0,31019.75,1718,2026-09-24T16:48:21+00:00
2026-09-22T19:26:00Z,31019.75,31027.0,31019.5,31025.5,1108,2026-09-24T16:48:21+00:00
2026-09-22T19:27:00Z,31025.75,31025.75,31016.25,31016.25,887,2026-09-24T16:48:21+00:00
2026-09-22T19:28:00Z,31016.5,31023.75,31016.25,31020.25,376,2026-09-24T16:48:21+00:00
2026-09-22T19:29:00Z,31020.5,31023.0,31019.25,31020.75,384,2026-09-24T16:48:21+00:00
2026-09-22T19:30:00Z,31020.5,31025.0,31018.5,31021.75,748,2026-09-24T16:48:21+00:00
2026-09-22T19:31:00Z,31021.5,31032.5,31021.5,31030.0,894,2026-09-24T16:48:21+00:00
2026-09-22T19:32:00Z,31029.5,31036.25,31028.25,31036.0,1186,2026-09-24T16:48:21+00:00
2026-09-22T19:33:00Z,31035.75,31043.0,31033.75,31040.5,1707,2026-09-24T16:48:21+00:00
2026-09-22T19:34:00Z,31040.75,31048.0,31037.5,31046.75,1326,2026-09-24T16:48:21+00:00
2026-09-22T19:35:00Z,31046.5,31049.25,31040.75,31046.75,938,2026-09-24T16:48:21+00:00
2026-09-22T19:36:00Z,31046.5,31047.5,31036.25,31043.25,885,2026-09-24T16:48:21+00:00
2026-09-22T19:37:00Z,31043.75,31049.75,31040.5,31047.5,870,2026-09-24T16:48:21+00:00
2026-09-22T19:38:00Z,31047.25,31047.75,31039.75,31041.5,721,2026-09-24T16:48:21+00:00
2026-09-22T19:39:00Z,31041.5,31048.25,31037.5,31043.75,789,2026-09-24T16:48:21+00:00
2026-09-22T19:40:00Z,31043.25,31045.25,31041.5,31042.25,317,2026-09-24T16:48:21+00:00
2026-09-22T19:41:00Z,31042.0,31042.5,31027.5,31028.75,1187,2026-09-24T16:48:21+00:00
2026-09-22T19:42:00Z,31028.5,31029.25,31018.5,31025.0,1276,2026-09-24T16:48:21+00:00
2026-09-22T19:43:00Z,31025.5,31033.25,31024.0,31032.75,763,2026-09-24T16:48:21+00:00
2026-09-22T19:44:00Z,31033.25,31036.75,31030.75,31034.75,548,2026-09-24T16:48:21+00:00
2026-09-22T19:45:00Z,31034.75,31042.25,31034.5,31035.0,834,2026-09-24T16:48:21+00:00
2026-09-22T19:46:00Z,31035.0,31039.75,31035.0,31037.5,399,2026-09-24T16:48:21+00:00
2026-09-22T19:47:00Z,31037.75,31043.0,31037.5,31041.75,618,2026-09-24T16:48:21+00:00
2026-09-22T19:48:00Z,31042.25,31045.0,31039.5,31043.0,687,2026-09-24T16:48:21+00:00
2026-09-22T19:49:00Z,31043.25,31050.0,31040.75,31046.25,859,2026-09-24T16:48:21+00:00
2026-09-22T19:50:00Z,31046.5,31050.0,31030.0,31042.0,2268,2026-09-24T16:48:21+00:00
2026-09-22T19:51:00Z,31042.5,31054.25,31040.5,31054.0,1094,2026-09-24T16:48:21+00:00
2026-09-22T19:52:00Z,31053.5,31064.25,31052.25,31060.0,1620,2026-09-24T16:48:21+00:00
2026-09-22T19:53:00Z,31060.25,31065.5,31049.25,31050.0,1240,2026-09-24T16:48:21+00:00
2026-09-22T19:54:00Z,31050.25,31053.0,31036.0,31039.75,2062,2026-09-24T16:48:21+00:00
2026-09-22T19:55:00Z,31039.75,31040.75,31023.0,31027.0,2490,2026-09-24T16:48:21+00:00
2026-09-22T19:56:00Z,31027.0,31029.5,31023.25,31027.75,1465,2026-09-24T16:48:21+00:00
2026-09-22T19:57:00Z,31028.0,31033.25,31024.0,31029.0,1344,2026-09-24T16:48:21+00:00
2026-09-22T19:58:00Z,31029.0,31033.25,31016.0,31016.0,1990,2026-09-24T16:48:21+00:00
2026-09-22T19:59:00Z,31016.75,31036.5,31012.75,31030.25,8647,2026-09-24T16:48:21+00:00
2026-09-22T20:00:00Z,31029.25,31030.25,31019.0,31023.25,2084,2026-09-24T16:48:21+00:00
2026-09-22T20:01:00Z,31023.25,31027.5,31020.75,31022.0,709,2026-09-24T16:48:21+00:00
2026-09-22T20:02:00Z,31022.25,31022.75,31017.0,31022.0,463,2026-09-24T16:48:21+00:00
2026-09-22T20:03:00Z,31022.0,31022.5,31018.75,31021.75,268,2026-09-24T16:48:21+00:00
2026-09-22T20:04:00Z,31021.5,31026.0,31020.5,31025.25,325,2026-09-24T16:48:21+00:00
2026-09-22T20:05:00Z,31026.0,31027.5,31018.25,31020.25,506,2026-09-24T16:48:21+00:00
2026-09-22T20:06:00Z,31020.0,31029.75,31018.25,31027.75,602,2026-09-24T16:48:21+00:00
2026-09-22T20:07:00Z,31027.75,31035.75,31027.5,31029.0,565,2026-09-24T16:48:21+00:00
2026-09-22T20:08:00Z,31029.25,31032.75,31027.75,31030.75,236,2026-09-24T16:48:21+00:00
2026-09-22T20:09:00Z,31030.75,31032.75,31027.0,31028.75,215,2026-09-24T16:48:21+00:00
2026-09-22T20:10:00Z,31028.75,31031.0,31026.25,31029.5,228,2026-09-24T16:48:21+00:00
2026-09-22T20:11:00Z,31030.25,31030.75,31027.0,31029.25,166,2026-09-24T16:48:21+00:00
2026-09-22T20:12:00Z,31030.0,31034.0,31029.25,31030.25,236,2026-09-24T16:48:21+00:00
2026-09-22T20:13:00Z,31030.5,31031.0,31026.25,31027.25,254,2026-09-24T16:48:21+00:00
2026-09-22T20:14:00Z,31027.0,31027.25,31021.0,31021.0,471,2026-09-24T16:48:21+00:00
2026-09-22T20:15:00Z,31021.0,31025.0,31018.25,31018.5,265,2026-09-24T16:48:21+00:00
2026-09-22T20:16:00Z,31018.0,31020.0,31016.0,31017.0,161,2026-09-24T16:48:21+00:00
2026-09-22T20:17:00Z,31017.75,31021.5,31017.5,31021.25,207,2026-09-24T16:48:21+00:00
2026-09-22T20:18:00Z,31020.75,31024.0,31017.25,31018.25,230,2026-09-24T16:48:21+00:00
2026-09-22T20:19:00Z,31017.75,31018.0,31015.5,31015.75,120,2026-09-24T16:48:21+00:00
2026-09-22T20:20:00Z,31015.75,31016.75,31008.75,31010.0,384,2026-09-24T16:48:21+00:00
2026-09-22T20:21:00Z,31010.25,31010.25,31005.75,31007.75,253,2026-09-24T16:48:21+00:00
2026-09-22T20:22:00Z,31006.75,31007.25,31004.0,31004.5,94,2026-09-24T16:48:21+00:00
2026-09-22T20:23:00Z,31004.5,31009.5,31000.0,31004.75,239,2026-09-24T16:48:21+00:00
2026-09-22T20:24:00Z,31004.5,31009.5,31003.75,31008.0,175,2026-09-24T16:48:21+00:00
2026-09-22T20:25:00Z,31009.0,31014.0,31004.75,31013.5,320,2026-09-24T16:48:21+00:00
2026-09-22T20:26:00Z,31014.0,31014.0,31003.75,31007.25,220,2026-09-24T16:48:21+00:00
2026-09-22T20:27:00Z,31007.25,31007.25,31005.5,31005.75,35,2026-09-24T16:48:21+00:00
2026-09-22T20:28:00Z,31005.5,31007.5,31005.0,31007.25,58,2026-09-24T16:48:21+00:00
2026-09-22T20:29:00Z,31007.25,31008.5,31002.75,31004.5,250,2026-09-24T16:48:21+00:00
2026-09-22T20:30:00Z,31004.5,31008.25,31003.5,31007.75,161,2026-09-24T16:48:21+00:00
2026-09-22T20:31:00Z,31007.75,31011.5,31007.25,31009.75,133,2026-09-24T16:48:21+00:00
2026-09-22T20:32:00Z,31009.5,31010.25,31007.0,31008.25,56,2026-09-24T16:48:21+00:00
2026-09-22T20:33:00Z,31008.25,31009.5,31007.75,31009.25,35,2026-09-24T16:48:21+00:00
2026-09-22T20:34:00Z,31010.0,31010.75,31006.5,31007.5,110,2026-09-24T16:48:21+00:00
2026-09-22T20:35:00Z,31007.75,31009.5,31007.5,31009.25,29,2026-09-24T16:48:21+00:00
2026-09-22T20:36:00Z,31009.0,31009.25,31007.5,31008.0,50,2026-09-24T16:48:21+00:00
2026-09-22T20:37:00Z,31007.5,31009.5,31006.75,31007.75,72,2026-09-24T16:48:21+00:00
2026-09-22T20:38:00Z,31007.0,31009.5,31007.0,31008.0,26,2026-09-24T16:48:21+00:00
2026-09-22T20:39:00Z,31008.25,31009.0,31006.75,31007.0,58,2026-09-24T16:48:21+00:00
2026-09-22T20:40:00Z,31008.0,31008.25,31006.5,31006.5,33,2026-09-24T16:48:21+00:00
2026-09-22T20:41:00Z,31006.25,31007.75,31005.5,31007.0,61,2026-09-24T16:48:21+00:00
2026-09-22T20:42:00Z,31008.75,31009.5,31006.75,31006.75,112,2026-09-24T16:48:21+00:00
2026-09-22T20:43:00Z,31006.25,31006.5,31005.25,31005.25,66,2026-09-24T16:48:21+00:00
2026-09-22T20:44:00Z,31005.5,31006.25,31002.0,31002.5,124,2026-09-24T16:48:21+00:00
2026-09-22T20:45:00Z,31002.0,31003.25,30996.25,30996.75,312,2026-09-24T16:48:21+00:00
2026-09-22T20:46:00Z,30997.0,30998.5,30995.0,30998.0,193,2026-09-24T16:48:21+00:00
2026-09-22T20:47:00Z,30998.5,30999.5,30995.25,30995.5,73,2026-09-24T16:48:21+00:00
2026-09-22T20:48:00Z,30995.5,30997.75,30995.5,30995.75,61,2026-09-24T16:48:21+00:00
2026-09-22T20:49:00Z,30995.25,31000.5,30995.0,30998.25,99,2026-09-24T16:48:21+00:00
2026-09-22T20:50:00Z,30999.0,31006.25,30999.0,31005.0,94,2026-09-24T16:48:21+00:00
2026-09-22T20:51:00Z,31005.0,31005.0,30998.0,30998.5,103,2026-09-24T16:48:21+00:00
2026-09-22T20:52:00Z,30999.75,31000.25,30998.25,31000.0,73,2026-09-24T16:48:21+00:00
2026-09-22T20:53:00Z,30999.75,31002.0,30999.75,31002.0,67,2026-09-24T16:48:21+00:00
2026-09-22T20:54:00Z,31001.75,31004.0,31000.5,31002.5,67,2026-09-24T16:48:21+00:00
2026-09-22T20:55:00Z,31001.75,31003.75,31000.25,31000.5,104,2026-09-24T16:48:21+00:00
2026-09-22T20:56:00Z,31000.25,31002.25,30999.25,31002.25,97,2026-09-24T16:48:21+00:00
2026-09-22T20:57:00Z,31001.75,31006.0,31000.0,31002.5,201,2026-09-24T16:48:21+00:00
2026-09-22T20:58:00Z,31002.5,31005.75,31001.25,31004.25,64,2026-09-24T16:48:21+00:00
2026-09-22T20:59:00Z,31004.75,31006.25,30991.0,31002.0,436,2026-09-24T16:48:21+00:00
2026-09-22T22:00:00Z,31008.5,31030.25,30997.5,31028.5,0,2026-09-24T16:48:21+00:00
2026-09-22T22:01:00Z,31028.5,31033.0,31023.25,31026.25,200,2026-09-24T16:48:21+00:00
2026-09-22T22:02:00Z,31026.0,31026.0,31015.0,31017.5,177,2026-09-24T16:48:21+00:00
2026-09-22T22:03:00Z,31018.25,31022.5,31017.0,31022.25,62,2026-09-24T16:48:21+00:00
2026-09-22T22:04:00Z,31021.0,31022.25,31016.75,31016.75,49,2026-09-24T16:48:21+00:00
2026-09-22T22:05:00Z,31018.25,31031.5,31018.25,31030.5,165,2026-09-24T16:48:21+00:00
2026-09-22T22:06:00Z,31031.0,31038.5,31030.0,31034.0,164,2026-09-24T16:48:21+00:00
2026-09-22T22:07:00Z,31033.75,31034.75,31026.25,31030.5,105,2026-09-24T16:48:21+00:00
2026-09-22T22:08:00Z,31030.5,31031.75,31028.75,31031.75,35,2026-09-24T16:48:21+00:00
2026-09-22T22:09:00Z,31032.0,31041.0,31031.75,31033.0,138,2026-09-24T16:48:21+00:00
2026-09-22T22:10:00Z,31033.5,31034.0,31027.75,31027.75,49,2026-09-24T16:48:21+00:00
2026-09-22T22:11:00Z,31027.75,31031.75,31027.75,31030.75,34,2026-09-24T16:48:21+00:00
2026-09-22T22:12:00Z,31031.0,31036.0,31031.0,31034.0,38,2026-09-24T16:48:21+00:00
2026-09-22T22:13:00Z,31034.25,31040.0,31034.0,31039.25,129,2026-09-24T16:48:21+00:00
2026-09-22T22:14:00Z,31038.75,31041.75,31038.0,31041.0,118,2026-09-24T16:48:21+00:00
2026-09-22T22:15:00Z,31040.75,31044.75,31037.5,31044.5,115,2026-09-24T16:48:21+00:00
2026-09-22T22:16:00Z,31044.25,31046.5,31040.0,31044.25,75,2026-09-24T16:48:21+00:00
2026-09-22T22:17:00Z,31042.25,31044.0,31040.75,31042.75,58,2026-09-24T16:48:21+00:00
2026-09-22T22:18:00Z,31042.75,31043.0,31040.25,31041.0,21,2026-09-24T16:48:21+00:00
2026-09-22T22:19:00Z,31041.75,31045.0,31040.75,31044.0,39,2026-09-24T16:48:21+00:00
2026-09-22T22:20:00Z,31044.25,31049.75,31044.25,31048.0,98,2026-09-24T16:48:21+00:00
2026-09-22T22:21:00Z,31048.0,31053.25,31046.75,31052.0,148,2026-09-24T16:48:21+00:00
2026-09-22T22:22:00Z,31051.0,31056.25,31051.0,31053.75,87,2026-09-24T16:48:21+00:00
2026-09-22T22:23:00Z,31054.0,31055.25,31050.75,31052.75,55,2026-09-24T16:48:21+00:00
2026-09-22T22:24:00Z,31053.0,31054.5,31051.75,31052.25,35,2026-09-24T16:48:21+00:00
2026-09-22T22:25:00Z,31052.5,31054.75,31052.25,31053.25,53,2026-09-24T16:48:21+00:00
2026-09-22T22:26:00Z,31054.0,31058.5,31053.75,31055.75,75,2026-09-24T16:48:21+00:00
2026-09-22T22:27:00Z,31054.75,31055.25,31050.75,31053.0,80,2026-09-24T16:48:21+00:00
2026-09-22T22:28:00Z,31053.25,31053.25,31046.5,31050.0,55,2026-09-24T16:48:21+00:00
2026-09-22T22:29:00Z,31051.25,31051.25,31048.0,31049.0,35,2026-09-24T16:48:21+00:00
2026-09-22T22:30:00Z,31050.0,31051.5,31048.5,31051.25,55,2026-09-24T16:48:21+00:00
2026-09-22T22:31:00Z,31050.25,31052.75,31049.0,31052.5,40,2026-09-24T16:48:21+00:00
2026-09-22T22:32:00Z,31051.25,31053.5,31050.25,31052.75,41,2026-09-24T16:48:21+00:00
2026-09-22T22:33:00Z,31052.5,31055.25,31052.5,31055.25,31,2026-09-24T16:48:21+00:00
2026-09-22T22:34:00Z,31055.5,31059.25,31055.5,31057.25,101,2026-09-24T16:48:21+00:00
2026-09-22T22:35:00Z,31056.5,31058.75,31056.5,31057.0,35,2026-09-24T16:48:21+00:00
2026-09-22T22:36:00Z,31057.75,31057.75,31051.0,31051.5,86,2026-09-24T16:48:21+00:00
2026-09-22T22:37:00Z,31053.75,31053.75,31051.25,31051.5,31,2026-09-24T16:48:21+00:00
2026-09-22T22:38:00Z,31052.0,31054.25,31051.25,31052.75,34,2026-09-24T16:48:21+00:00
2026-09-22T22:39:00Z,31052.25,31053.75,31052.0,31052.75,68,2026-09-24T16:48:21+00:00
2026-09-22T22:40:00Z,31052.0,31055.75,31052.0,31055.25,48,2026-09-24T16:48:21+00:00
2026-09-22T22:41:00Z,31056.0,31060.5,31055.75,31057.25,138,2026-09-24T16:48:21+00:00
2026-09-22T22:42:00Z,31056.0,31056.5,31054.75,31055.5,39,2026-09-24T16:48:21+00:00
2026-09-22T22:43:00Z,31054.25,31056.0,31053.5,31055.0,30,2026-09-24T16:48:21+00:00
2026-09-22T22:44:00Z,31056.0,31056.25,31051.25,31052.0,41,2026-09-24T16:48:21+00:00
2026-09-22T22:45:00Z,31052.5,31052.5,31048.5,31050.25,67,2026-09-24T16:48:21+00:00
2026-09-22T22:46:00Z,31050.75,31050.75,31045.0,31046.25,140,2026-09-24T16:48:21+00:00
2026-09-22T22:47:00Z,31046.5,31047.0,31043.25,31044.5,111,2026-09-24T16:48:21+00:00
2026-09-22T22:48:00Z,31043.5,31046.0,31036.0,31037.25,223,2026-09-24T16:48:21+00:00
2026-09-22T22:49:00Z,31037.25,31037.5,31027.75,31029.25,289,2026-09-24T16:48:21+00:00
2026-09-22T22:50:00Z,31030.0,31033.75,31025.5,31031.5,165,2026-09-24T16:48:21+00:00
2026-09-22T22:51:00Z,31031.25,31037.5,31030.5,31035.75,66,2026-09-24T16:48:21+00:00
2026-09-22T22:52:00Z,31036.0,31038.75,31035.75,31036.75,75,2026-09-24T16:48:21+00:00
2026-09-22T22:53:00Z,31036.5,31043.75,31034.75,31041.75,140,2026-09-24T16:48:21+00:00
2026-09-22T22:54:00Z,31041.75,31046.0,31041.5,31044.25,117,2026-09-24T16:48:21+00:00
2026-09-22T22:55:00Z,31043.5,31046.25,31043.5,31046.0,49,2026-09-24T16:48:21+00:00
2026-09-22T22:56:00Z,31046.75,31048.25,31044.5,31047.0,89,2026-09-24T16:48:21+00:00
2026-09-22T22:57:00Z,31047.25,31047.25,31044.75,31045.0,23,2026-09-24T16:48:21+00:00
2026-09-22T22:58:00Z,31045.75,31046.5,31042.75,31045.0,47,2026-09-24T16:48:21+00:00
2026-09-22T22:59:00Z,31044.25,31045.0,31042.25,31044.25,45,2026-09-24T16:48:21+00:00
2026-09-22T23:00:00Z,31045.0,31050.5,31045.0,31047.5,85,2026-09-24T16:48:21+00:00
2026-09-22T23:01:00Z,31048.0,31052.25,31047.75,31051.0,64,2026-09-24T16:48:21+00:00
2026-09-22T23:02:00Z,31050.25,31054.25,31046.75,31048.0,103,2026-09-24T16:48:21+00:00
2026-09-22T23:03:00Z,31048.25,31049.5,31047.25,31048.25,24,2026-09-24T16:48:21+00:00
2026-09-22T23:04:00Z,31049.75,31050.0,31048.75,31050.0,20,2026-09-24T16:48:21+00:00
2026-09-22T23:05:00Z,31048.5,31052.5,31048.5,31050.25,68,2026-09-24T16:48:21+00:00
2026-09-22T23:06:00Z,31050.0,31053.5,31049.75,31051.25,28,2026-09-24T16:48:21+00:00
2026-09-22T23:07:00Z,31051.25,31051.75,31050.5,31050.5,13,2026-09-24T16:48:21+00:00
2026-09-22T23:08:00Z,31050.25,31050.25,31044.75,31046.25,68,2026-09-24T16:48:21+00:00
2026-09-22T23:09:00Z,31046.0,31047.5,31044.75,31046.0,23,2026-09-24T16:48:21+00:00
2026-09-22T23:10:00Z,31046.0,31047.5,31044.25,31044.25,17,2026-09-24T16:48:21+00:00
2026-09-22T23:11:00Z,31044.25,31047.5,31043.25,31047.5,40,2026-09-24T16:48:21+00:00
2026-09-22T23:12:00Z,31047.5,31050.5,31046.25,31046.25,27,2026-09-24T16:48:21+00:00
2026-09-22T23:13:00Z,31045.75,31048.25,31045.75,31048.25,6,2026-09-24T16:48:21+00:00
2026-09-22T23:14:00Z,31048.5,31049.5,31046.75,31049.25,27,2026-09-24T16:48:21+00:00
2026-09-22T23:15:00Z,31049.25,31050.0,31047.25,31049.0,15,2026-09-24T16:48:21+00:00
2026-09-22T23:16:00Z,31050.75,31052.75,31050.25,31051.0,42,2026-09-24T16:48:21+00:00
2026-09-22T23:17:00Z,31051.25,31051.5,31050.75,31051.5,10,2026-09-24T16:48:21+00:00
2026-09-22T23:18:00Z,31051.0,31051.25,31049.25,31049.5,17,2026-09-24T16:48:21+00:00
2026-09-22T23:19:00Z,31049.25,31052.75,31048.0,31051.5,26,2026-09-24T16:48:21+00:00
2026-09-22T23:20:00Z,31051.5,31053.25,31051.25,31052.25,24,2026-09-24T16:48:21+00:00
2026-09-22T23:21:00Z,31052.0,31057.5,31050.25,31056.75,94,2026-09-24T16:48:21+00:00
2026-09-22T23:22:00Z,31057.0,31061.75,31055.75,31059.25,199,2026-09-24T16:48:21+00:00
2026-09-22T23:23:00Z,31059.25,31060.75,31056.75,31057.5,50,2026-09-24T16:48:21+00:00
2026-09-22T23:24:00Z,31057.25,31059.5,31055.0,31059.0,44,2026-09-24T16:48:21+00:00
2026-09-22T23:25:00Z,31057.75,31058.0,31048.25,31051.25,113,2026-09-24T16:48:21+00:00
2026-09-22T23:26:00Z,31050.75,31052.75,31047.75,31048.5,69,2026-09-24T16:48:21+00:00
2026-09-22T23:27:00Z,31049.25,31053.25,31049.25,31053.0,35,2026-09-24T16:48:21+00:00
2026-09-22T23:28:00Z,31052.5,31053.75,31050.0,31051.75,33,2026-09-24T16:48:21+00:00
2026-09-22T23:29:00Z,31052.75,31055.5,31052.5,31053.0,63,2026-09-24T16:48:21+00:00
2026-09-22T23:30:00Z,31050.75,31054.75,31050.0,31054.75,39,2026-09-24T16:48:21+00:00
2026-09-22T23:31:00Z,31055.0,31056.5,31050.75,31051.25,62,2026-09-24T16:48:21+00:00
2026-09-22T23:32:00Z,31051.25,31055.5,31051.25,31054.0,26,2026-09-24T16:48:21+00:00
2026-09-22T23:33:00Z,31054.5,31057.25,31054.5,31054.5,56,2026-09-24T16:48:21+00:00
2026-09-22T23:34:00Z,31055.0,31057.25,31055.0,31055.25,23,2026-09-24T16:48:21+00:00
2026-09-22T23:35:00Z,31055.75,31057.0,31053.25,31055.25,39,2026-09-24T16:48:21+00:00
2026-09-22T23:36:00Z,31055.25,31056.5,31053.0,31055.0,27,2026-09-24T16:48:21+00:00
2026-09-22T23:37:00Z,31055.0,31056.5,31055.0,31056.5,16,2026-09-24T16:48:21+00:00
2026-09-22T23:38:00Z,31056.75,31057.25,31055.25,31056.5,47,2026-09-24T16:48:21+00:00
2026-09-22T23:39:00Z,31057.25,31057.75,31056.0,31056.25,55,2026-09-24T16:48:21+00:00
2026-09-22T23:40:00Z,31055.75,31056.75,31054.25,31056.0,32,2026-09-24T16:48:21+00:00
2026-09-22T23:41:00Z,31056.75,31058.0,31056.25,31057.0,13,2026-09-24T16:48:21+00:00
2026-09-22T23:42:00Z,31055.75,31055.75,31053.0,31053.0,45,2026-09-24T16:48:21+00:00
2026-09-22T23:43:00Z,31054.0,31054.75,31052.5,31054.5,28,2026-09-24T16:48:21+00:00
2026-09-22T23:44:00Z,31054.5,31055.0,31051.5,31052.0,31,2026-09-24T16:48:21+00:00
2026-09-22T23:45:00Z,31052.75,31055.25,31046.25,31047.5,161,2026-09-24T16:48:21+00:00
2026-09-22T23:46:00Z,31047.0,31048.5,31042.75,31047.5,113,2026-09-24T16:48:21+00:00
2026-09-22T23:47:00Z,31047.0,31048.25,31044.25,31048.25,52,2026-09-24T16:48:21+00:00
2026-09-22T23:48:00Z,31048.0,31053.75,31048.0,31052.5,43,2026-09-24T16:48:21+00:00
2026-09-22T23:49:00Z,31052.0,31052.0,31046.75,31049.75,57,2026-09-24T16:48:21+00:00
2026-09-22T23:50:00Z,31049.5,31049.5,31044.25,31046.75,59,2026-09-24T16:48:21+00:00
2026-09-22T23:51:00Z,31047.25,31053.5,31046.5,31050.25,96,2026-09-24T16:48:21+00:00
2026-09-22T23:52:00Z,31051.75,31057.25,31049.75,31055.75,251,2026-09-24T16:48:21+00:00
2026-09-22T23:53:00Z,31056.5,31059.25,31052.0,31057.5,260,2026-09-24T16:48:21+00:00
2026-09-22T23:54:00Z,31057.5,31062.75,31057.0,31060.75,152,2026-09-24T16:48:21+00:00
2026-09-22T23:55:00Z,31060.75,31060.75,31056.5,31058.0,88,2026-09-24T16:48:21+00:00
2026-09-22T23:56:00Z,31058.25,31060.5,31053.75,31057.0,77,2026-09-24T16:48:21+00:00
2026-09-22T23:57:00Z,31057.0,31062.0,31056.5,31061.0,69,2026-09-24T16:48:21+00:00
2026-09-22T23:58:00Z,31061.0,31063.75,31059.5,31062.75,74,2026-09-24T16:48:21+00:00
2026-09-22T23:59:00Z,31064.0,31070.5,31063.5,31065.0,384,2026-09-24T16:48:21+00:00
2026-09-23T00:00:00Z,31064.5,31065.75,31036.0,31041.25,767,2026-09-24T16:48:21+00:00
2026-09-23T00:01:00Z,31039.25,31047.75,31039.25,31043.75,173,2026-09-24T16:48:21+00:00
2026-09-23T00:02:00Z,31046.0,31058.75,31046.0,31054.0,273,2026-09-24T16:48:21+00:00
2026-09-23T00:03:00Z,31055.25,31058.0,31050.0,31056.75,118,2026-09-24T16:48:21+00:00
2026-09-23T00:04:00Z,31056.0,31056.0,31042.5,31047.0,185,2026-09-24T16:48:21+00:00
2026-09-23T00:05:00Z,31047.5,31052.5,31042.75,31043.75,111,2026-09-24T16:48:21+00:00
2026-09-23T00:06:00Z,31044.0,31049.5,31042.25,31046.0,116,2026-09-24T16:48:21+00:00
2026-09-23T00:07:00Z,31047.5,31048.75,31033.25,31039.5,276,2026-09-24T16:48:21+00:00
2026-09-23T00:08:00Z,31039.5,31041.5,31036.25,31036.5,155,2026-09-24T16:48:21+00:00
2026-09-23T00:09:00Z,31036.5,31044.5,31035.25,31042.5,109,2026-09-24T16:48:21+00:00
2026-09-23T00:10:00Z,31042.75,31047.0,31035.25,31039.75,132,2026-09-24T16:48:21+00:00
2026-09-23T00:11:00Z,31040.25,31045.5,31038.0,31045.0,74,2026-09-24T16:48:21+00:00
2026-09-23T00:12:00Z,31045.0,31047.75,31043.25,31045.75,166,2026-09-24T16:48:21+00:00
2026-09-23T00:13:00Z,31045.5,31047.25,31038.25,31039.0,88,2026-09-24T16:48:21+00:00
2026-09-23T00:14:00Z,31039.5,31041.75,31030.25,31041.25,202,2026-09-24T16:48:21+00:00
2026-09-23T00:15:00Z,31040.5,31047.0,31036.5,31042.0,175,2026-09-24T16:48:21+00:00
2026-09-23T00:16:00Z,31041.5,31048.0,31041.0,31046.25,114,2026-09-24T16:48:21+00:00
2026-09-23T00:17:00Z,31046.5,31053.5,31040.75,31042.5,157,2026-09-24T16:48:21+00:00
2026-09-23T00:18:00Z,31042.0,31047.5,31041.25,31044.0,47,2026-09-24T16:48:21+00:00
2026-09-23T00:19:00Z,31043.0,31047.25,31041.0,31046.25,81,2026-09-24T16:48:21+00:00
2026-09-23T00:20:00Z,31046.75,31046.75,31033.0,31033.25,142,2026-09-24T16:48:21+00:00
2026-09-23T00:21:00Z,31034.25,31041.0,31031.75,31035.75,222,2026-09-24T16:48:21+00:00
2026-09-23T00:22:00Z,31036.0,31041.0,31033.5,31038.5,92,2026-09-24T16:48:21+00:00
2026-09-23T00:23:00Z,31039.25,31047.0,31037.75,31042.5,98,2026-09-24T16:48:21+00:00
2026-09-23T00:24:00Z,31042.5,31050.5,31040.5,31049.5,104,2026-09-24T16:48:21+00:00
2026-09-23T00:25:00Z,31048.25,31054.0,31047.75,31050.5,112,2026-09-24T16:48:21+00:00
2026-09-23T00:26:00Z,31049.0,31055.25,31049.0,31050.75,121,2026-09-24T16:48:21+00:00
2026-09-23T00:27:00Z,31050.75,31053.5,31048.75,31049.25,84,2026-09-24T16:48:21+00:00
2026-09-23T00:28:00Z,31049.25,31049.25,31038.75,31039.0,114,2026-09-24T16:48:21+00:00
2026-09-23T00:29:00Z,31039.75,31042.5,31036.25,31037.75,120,2026-09-24T16:48:21+00:00
2026-09-23T00:30:00Z,31037.25,31046.75,31036.75,31046.0,107,2026-09-24T16:48:21+00:00
2026-09-23T00:31:00Z,31044.25,31050.5,31043.75,31046.0,94,2026-09-24T16:48:21+00:00
2026-09-23T00:32:00Z,31046.0,31046.0,31034.0,31038.0,179,2026-09-24T16:48:21+00:00
2026-09-23T00:33:00Z,31039.0,31040.5,31037.5,31038.25,48,2026-09-24T16:48:21+00:00
2026-09-23T00:34:00Z,31037.25,31039.75,31034.75,31038.0,72,2026-09-24T16:48:21+00:00
2026-09-23T00:35:00Z,31037.5,31040.75,31036.75,31040.0,38,2026-09-24T16:48:21+00:00
2026-09-23T00:36:00Z,31038.25,31042.0,31036.25,31042.0,42,2026-09-24T16:48:21+00:00
2026-09-23T00:37:00Z,31041.5,31041.5,31035.0,31036.25,89,2026-09-24T16:48:21+00:00
2026-09-23T00:38:00Z,31036.0,31041.25,31034.5,31041.25,53,2026-09-24T16:48:21+00:00
2026-09-23T00:39:00Z,31040.75,31047.25,31040.0,31043.0,162,2026-09-24T16:48:21+00:00
2026-09-23T00:40:00Z,31043.25,31045.5,31041.75,31044.25,38,2026-09-24T16:48:21+00:00
2026-09-23T00:41:00Z,31044.25,31047.0,31043.75,31045.0,28,2026-09-24T16:48:21+00:00
2026-09-23T00:42:00Z,31044.75,31049.0,31044.0,31045.5,49,2026-09-24T16:48:21+00:00
2026-09-23T00:43:00Z,31045.5,31045.5,31037.5,31039.5,86,2026-09-24T16:48:21+00:00
2026-09-23T00:44:00Z,31038.75,31041.0,31036.75,31039.25,70,2026-09-24T16:48:21+00:00
2026-09-23T00:45:00Z,31040.0,31043.75,31038.25,31041.75,74,2026-09-24T16:48:21+00:00
2026-09-23T00:46:00Z,31042.5,31045.0,31042.0,31042.0,41,2026-09-24T16:48:21+00:00
2026-09-23T00:47:00Z,31042.5,31042.5,31036.75,31039.0,51,2026-09-24T16:48:21+00:00
2026-09-23T00:48:00Z,31038.0,31038.25,31030.5,31035.25,122,2026-09-24T16:48:21+00:00
2026-09-23T00:49:00Z,31034.25,31035.5,31027.75,31027.75,204,2026-09-24T16:48:21+00:00
2026-09-23T00:50:00Z,31028.75,31033.5,31022.0,31033.0,308,2026-09-24T16:48:21+00:00
2026-09-23T00:51:00Z,31034.0,31035.0,31029.75,31033.0,87,2026-09-24T16:48:21+00:00
2026-09-23T00:52:00Z,31032.75,31032.75,31024.5,31028.0,183,2026-09-24T16:48:21+00:00
2026-09-23T00:53:00Z,31028.5,31029.25,31021.5,31022.5,135,2026-09-24T16:48:21+00:00
2026-09-23T00:54:00Z,31023.75,31024.5,31012.0,31014.5,240,2026-09-24T16:48:21+00:00
2026-09-23T00:55:00Z,31015.5,31017.25,31012.25,31014.25,263,2026-09-24T16:48:21+00:00
2026-09-23T00:56:00Z,31015.5,31020.25,31014.75,31019.25,205,2026-09-24T16:48:21+00:00
2026-09-23T00:57:00Z,31018.5,31021.0,31016.25,31017.25,75,2026-09-24T16:48:21+00:00
2026-09-23T00:58:00Z,31017.75,31019.5,31015.25,31016.25,72,2026-09-24T16:48:21+00:00
2026-09-23T00:59:00Z,31016.25,31023.5,31015.0,31022.75,151,2026-09-24T16:48:21+00:00
2026-09-23T01:00:00Z,31023.75,31026.25,31014.75,31022.5,198,2026-09-24T16:48:21+00:00
2026-09-23T01:01:00Z,31022.0,31024.75,31016.25,31019.25,101,2026-09-24T16:48:21+00:00
2026-09-23T01:02:00Z,31020.0,31024.75,31018.75,31019.75,131,2026-09-24T16:48:21+00:00
2026-09-23T01:03:00Z,31019.5,31021.25,31017.0,31018.75,65,2026-09-24T16:48:21+00:00
2026-09-23T01:04:00Z,31020.0,31024.75,31017.25,31022.5,87,2026-09-24T16:48:21+00:00
2026-09-23T01:05:00Z,31022.0,31027.75,31020.5,31027.0,93,2026-09-24T16:48:21+00:00
2026-09-23T01:06:00Z,31026.5,31026.75,31020.25,31026.25,78,2026-09-24T16:48:21+00:00
2026-09-23T01:07:00Z,31027.25,31037.5,31025.5,31028.5,243,2026-09-24T16:48:21+00:00
2026-09-23T01:08:00Z,31029.25,31031.0,31027.0,31028.5,74,2026-09-24T16:48:21+00:00
2026-09-23T01:09:00Z,31028.5,31031.75,31027.0,31029.5,41,2026-09-24T16:48:21+00:00
2026-09-23T01:10:00Z,31031.0,31031.75,31018.0,31019.0,183,2026-09-24T16:48:21+00:00
2026-09-23T01:11:00Z,31019.5,31024.0,31019.25,31023.5,69,2026-09-24T16:48:21+00:00
2026-09-23T01:12:00Z,31023.0,31026.5,31022.5,31024.25,48,2026-09-24T16:48:21+00:00
2026-09-23T01:13:00Z,31024.25,31026.75,31023.0,31024.0,45,2026-09-24T16:48:21+00:00
2026-09-23T01:14:00Z,31024.25,31026.5,31023.5,31026.0,29,2026-09-24T16:48:21+00:00
2026-09-23T01:15:00Z,31025.75,31032.0,31018.75,31027.75,162,2026-09-24T16:48:21+00:00
2026-09-23T01:16:00Z,31028.0,31030.0,31027.0,31030.0,55,2026-09-24T16:48:21+00:00
2026-09-23T01:17:00Z,31032.0,31032.5,31028.25,31030.25,64,2026-09-24T16:48:21+00:00
2026-09-23T01:18:00Z,31029.25,31032.25,31028.5,31030.0,44,2026-09-24T16:48:21+00:00
2026-09-23T01:19:00Z,31029.75,31036.25,31029.0,31036.25,100,2026-09-24T16:48:21+00:00
2026-09-23T01:20:00Z,31036.25,31040.75,31031.0,31037.0,155,2026-09-24T16:48:21+00:00
2026-09-23T01:21:00Z,31037.75,31040.25,31035.5,31040.0,80,2026-09-24T16:48:21+00:00
2026-09-23T01:22:00Z,31039.0,31039.75,31036.75,31036.75,49,2026-09-24T16:48:21+00:00
2026-09-23T01:23:00Z,31036.5,31038.5,31034.5,31036.5,40,2026-09-24T16:48:21+00:00
2026-09-23T01:24:00Z,31037.75,31049.75,31037.25,31044.25,183,2026-09-24T16:48:21+00:00
2026-09-23T01:25:00Z,31044.0,31049.5,31040.25,31043.0,315,2026-09-24T16:48:21+00:00
2026-09-23T01:26:00Z,31043.5,31045.0,31041.25,31043.25,54,2026-09-24T16:48:21+00:00
2026-09-23T01:27:00Z,31043.5,31049.5,31042.5,31048.75,61,2026-09-24T16:48:21+00:00
2026-09-23T01:28:00Z,31048.5,31050.0,31043.75,31048.25,102,2026-09-24T16:48:21+00:00
2026-09-23T01:29:00Z,31050.0,31057.0,31049.0,31053.25,212,2026-09-24T16:48:21+00:00
2026-09-23T01:30:00Z,31052.5,31058.0,31049.25,31052.25,190,2026-09-24T16:48:21+00:00
2026-09-23T01:31:00Z,31052.25,31055.25,31051.25,31051.75,70,2026-09-24T16:48:21+00:00
2026-09-23T01:32:00Z,31052.25,31052.25,31045.5,31046.75,85,2026-09-24T16:48:21+00:00
2026-09-23T01:33:00Z,31046.0,31046.0,31038.0,31039.5,165,2026-09-24T16:48:21+00:00
2026-09-23T01:34:00Z,31038.25,31040.0,31024.75,31031.75,363,2026-09-24T16:48:21+00:00
2026-09-23T01:35:00Z,31032.0,31033.75,31026.5,31030.75,146,2026-09-24T16:48:21+00:00
2026-09-23T01:36:00Z,31030.0,31034.0,31028.5,31029.0,71,2026-09-24T16:48:21+00:00
2026-09-23T01:37:00Z,31030.5,31032.0,31021.75,31024.25,157,2026-09-24T16:48:21+00:00
2026-09-23T01:38:00Z,31023.75,31028.75,31022.5,31027.75,62,2026-09-24T16:48:21+00:00
2026-09-23T01:39:00Z,31029.5,31032.0,31025.0,31027.25,91,2026-09-24T16:48:21+00:00
2026-09-23T01:40:00Z,31026.75,31027.25,31021.5,31023.5,131,2026-09-24T16:48:21+00:00
2026-09-23T01:41:00Z,31021.5,31024.75,31013.25,31013.75,333,2026-09-24T16:48:21+00:00
2026-09-23T01:42:00Z,31014.0,31020.0,31008.25,31014.5,363,2026-09-24T16:48:21+00:00
2026-09-23T01:43:00Z,31014.0,31020.75,31013.0,31016.5,106,2026-09-24T16:48:21+00:00
2026-09-23T01:44:00Z,31015.75,31016.5,31012.75,31014.25,67,2026-09-24T16:48:21+00:00
2026-09-23T01:45:00Z,31016.25,31017.75,31012.5,31014.25,94,2026-09-24T16:48:21+00:00
2026-09-23T01:46:00Z,31013.5,31023.5,31013.5,31020.75,177,2026-09-24T16:48:21+00:00
2026-09-23T01:47:00Z,31021.75,31023.25,31012.25,31015.5,123,2026-09-24T16:48:21+00:00
2026-09-23T01:48:00Z,31015.5,31020.0,31013.5,31020.0,70,2026-09-24T16:48:21+00:00
2026-09-23T01:49:00Z,31018.75,31021.5,31014.75,31014.75,77,2026-09-24T16:48:21+00:00
2026-09-23T01:50:00Z,31015.0,31019.25,31010.25,31017.75,93,2026-09-24T16:48:21+00:00
2026-09-23T01:51:00Z,31018.5,31019.75,31015.0,31015.25,58,2026-09-24T16:48:21+00:00
2026-09-23T01:52:00Z,31015.0,31017.0,31013.0,31015.75,43,2026-09-24T16:48:21+00:00
2026-09-23T01:53:00Z,31016.5,31019.25,31015.25,31018.0,57,2026-09-24T16:48:21+00:00
2026-09-23T01:54:00Z,31017.0,31019.0,31015.75,31016.25,42,2026-09-24T16:48:21+00:00
2026-09-23T01:55:00Z,31016.5,31018.75,31015.0,31016.0,58,2026-09-24T16:48:21+00:00
2026-09-23T01:56:00Z,31015.5,31018.5,31011.75,31016.75,114,2026-09-24T16:48:21+00:00
2026-09-23T01:57:00Z,31015.25,31020.0,31015.0,31017.0,57,2026-09-24T16:48:21+00:00
2026-09-23T01:58:00Z,31016.0,31017.0,31015.25,31015.25,14,2026-09-24T16:48:21+00:00
2026-09-23T01:59:00Z,31015.25,31017.75,31012.5,31016.25,65,2026-09-24T16:48:21+00:00
2026-09-23T02:00:00Z,31016.25,31021.25,31012.5,31016.5,154,2026-09-24T16:48:21+00:00
2026-09-23T02:01:00Z,31017.0,31017.75,31009.5,31011.5,85,2026-09-24T16:48:21+00:00
2026-09-23T02:02:00Z,31010.5,31013.0,31006.25,31012.75,166,2026-09-24T16:48:21+00:00
2026-09-23T02:03:00Z,31012.75,31013.75,31007.75,31011.75,63,2026-09-24T16:48:21+00:00
2026-09-23T02:04:00Z,31012.0,31017.0,31011.5,31015.75,76,2026-09-24T16:48:21+00:00
2026-09-23T02:05:00Z,31014.0,31016.5,31012.25,31015.5,93,2026-09-24T16:48:21+00:00
2026-09-23T02:06:00Z,31015.5,31015.75,31011.25,31012.5,44,2026-09-24T16:48:21+00:00
2026-09-23T02:07:00Z,31012.5,31014.0,31004.25,31006.25,173,2026-09-24T16:48:21+00:00
2026-09-23T02:08:00Z,31007.75,31011.5,31007.0,31009.25,57,2026-09-24T16:48:21+00:00
2026-09-23T02:09:00Z,31008.5,31010.0,31004.0,31006.0,74,2026-09-24T16:48:21+00:00
2026-09-23T02:10:00Z,31004.25,31006.5,30998.5,30999.5,207,2026-09-24T16:48:21+00:00
2026-09-23T02:11:00Z,30999.75,31001.5,30997.0,31000.0,170,2026-09-24T16:48:21+00:00
2026-09-23T02:12:00Z,30999.5,31004.0,30997.75,31001.75,117,2026-09-24T16:48:21+00:00
2026-09-23T02:13:00Z,31001.25,31003.0,30998.25,30998.5,43,2026-09-24T16:48:21+00:00
2026-09-23T02:14:00Z,30998.0,31001.5,30996.75,31001.25,67,2026-09-24T16:48:21+00:00
2026-09-23T02:15:00Z,31001.75,31002.75,30995.75,30996.25,90,2026-09-24T16:48:21+00:00
2026-09-23T02:16:00Z,30995.75,30997.5,30982.75,30995.25,459,2026-09-24T16:48:21+00:00
2026-09-23T02:17:00Z,30995.5,30998.0,30991.25,30996.0,124,2026-09-24T16:48:21+00:00
2026-09-23T02:18:00Z,30995.5,31001.5,30995.25,30997.25,149,2026-09-24T16:48:21+00:00
2026-09-23T02:19:00Z,30998.25,31012.5,30998.25,31001.5,294,2026-09-24T16:48:21+00:00
2026-09-23T02:20:00Z,31001.5,31010.0,30999.25,31008.5,282,2026-09-24T16:48:21+00:00
2026-09-23T02:21:00Z,31010.25,31017.0,31008.0,31011.5,320,2026-09-24T16:48:21+00:00
2026-09-23T02:22:00Z,31011.0,31013.25,31008.5,31010.5,92,2026-09-24T16:48:21+00:00
2026-09-23T02:23:00Z,31010.75,31010.75,31004.75,31006.5,80,2026-09-24T16:48:21+00:00
2026-09-23T02:24:00Z,31007.0,31012.0,31004.5,31011.75,122,2026-09-24T16:48:21+00:00
2026-09-23T02:25:00Z,31010.75,31013.0,31010.0,31012.0,42,2026-09-24T16:48:21+00:00
2026-09-23T02:26:00Z,31012.25,31018.25,31012.0,31017.0,154,2026-09-24T16:48:21+00:00
2026-09-23T02:27:00Z,31016.75,31020.0,31011.75,31012.5,145,2026-09-24T16:48:21+00:00
2026-09-23T02:28:00Z,31012.0,31015.75,31011.0,31013.75,55,2026-09-24T16:48:21+00:00
2026-09-23T02:29:00Z,31013.5,31015.5,31012.25,31012.25,26,2026-09-24T16:48:21+00:00
2026-09-23T02:30:00Z,31012.0,31016.0,31009.0,31009.5,89,2026-09-24T16:48:21+00:00
2026-09-23T02:31:00Z,31010.0,31014.0,31008.5,31010.5,102,2026-09-24T16:48:21+00:00
2026-09-23T02:32:00Z,31010.5,31010.5,31006.0,31006.5,106,2026-09-24T16:48:21+00:00
2026-09-23T02:33:00Z,31006.25,31007.5,31005.0,31007.25,95,2026-09-24T16:48:21+00:00
2026-09-23T02:34:00Z,31007.75,31009.5,31005.75,31009.5,39,2026-09-24T16:48:21+00:00
2026-09-23T02:35:00Z,31008.75,31010.75,31006.75,31008.25,33,2026-09-24T16:48:21+00:00
2026-09-23T02:36:00Z,31009.0,31012.25,31001.75,31003.0,98,2026-09-24T16:48:21+00:00
2026-09-23T02:37:00Z,31005.25,31010.0,31003.0,31005.25,48,2026-09-24T16:48:21+00:00
2026-09-23T02:38:00Z,31005.25,31008.0,31002.5,31005.5,33,2026-09-24T16:48:21+00:00
2026-09-23T02:39:00Z,31006.0,31006.0,31000.75,31002.0,49,2026-09-24T16:48:21+00:00
2026-09-23T02:40:00Z,31001.75,31005.5,30999.75,31005.5,100,2026-09-24T16:48:21+00:00
2026-09-23T02:41:00Z,31004.5,31007.75,31003.5,31005.5,52,2026-09-24T16:48:21+00:00
2026-09-23T02:42:00Z,31005.5,31005.5,31001.75,31003.25,27,2026-09-24T16:48:21+00:00
2026-09-23T02:43:00Z,31003.25,31003.75,31001.75,31001.75,19,2026-09-24T16:48:21+00:00
2026-09-23T02:44:00Z,31002.0,31002.25,30999.75,31002.0,85,2026-09-24T16:48:21+00:00
2026-09-23T02:45:00Z,31002.5,31008.75,31002.5,31006.75,64,2026-09-24T16:48:21+00:00
2026-09-23T02:46:00Z,31006.75,31010.75,31006.5,31009.0,57,2026-09-24T16:48:21+00:00
2026-09-23T02:47:00Z,31008.25,31008.25,31004.75,31006.25,36,2026-09-24T16:48:21+00:00
2026-09-23T02:48:00Z,31005.25,31009.25,31005.25,31008.75,21,2026-09-24T16:48:21+00:00
2026-09-23T02:49:00Z,31009.0,31013.5,31008.5,31010.0,62,2026-09-24T16:48:21+00:00
2026-09-23T02:50:00Z,31009.75,31010.5,31007.75,31008.5,25,2026-09-24T16:48:21+00:00
2026-09-23T02:51:00Z,31009.0,31009.5,31006.5,31008.0,27,2026-09-24T16:48:21+00:00
2026-09-23T02:52:00Z,31009.0,31010.25,31006.0,31007.75,18,2026-09-24T16:48:21+00:00
2026-09-23T02:53:00Z,31009.25,31009.75,31007.25,31007.5,18,2026-09-24T16:48:21+00:00
2026-09-23T02:54:00Z,31007.75,31011.5,31006.25,31011.5,36,2026-09-24T16:48:21+00:00
2026-09-23T02:55:00Z,31010.75,31011.75,31008.0,31009.75,38,2026-09-24T16:48:21+00:00
2026-09-23T02:56:00Z,31008.25,31009.5,31007.5,31009.5,26,2026-09-24T16:48:21+00:00
2026-09-23T02:57:00Z,31008.5,31011.75,31007.25,31008.0,33,2026-09-24T16:48:21+00:00
2026-09-23T02:58:00Z,31007.75,31010.0,31007.75,31008.25,18,2026-09-24T16:48:21+00:00
2026-09-23T02:59:00Z,31008.0,31008.75,31007.0,31007.75,40,2026-09-24T16:48:21+00:00
2026-09-23T03:00:00Z,31008.0,31009.25,31005.25,31006.5,67,2026-09-24T16:48:21+00:00
2026-09-23T03:01:00Z,31006.75,31007.75,31005.5,31007.75,22,2026-09-24T16:48:21+00:00
2026-09-23T03:02:00Z,31004.5,31006.0,31003.75,31005.5,20,2026-09-24T16:48:21+00:00
2026-09-23T03:03:00Z,31003.25,31006.0,31001.0,31003.0,114,2026-09-24T16:48:21+00:00
2026-09-23T03:04:00Z,31003.25,31004.5,31000.75,31003.5,87,2026-09-24T16:48:21+00:00
2026-09-23T03:05:00Z,31003.25,31006.0,31002.5,31005.75,23,2026-09-24T16:48:21+00:00
2026-09-23T03:06:00Z,31005.75,31006.0,30997.5,31003.5,106,2026-09-24T16:48:21+00:00
2026-09-23T03:07:00Z,31004.0,31006.5,31003.0,31003.25,75,2026-09-24T16:48:21+00:00
2026-09-23T03:08:00Z,31003.0,31003.5,31001.25,31003.25,47,2026-09-24T16:48:21+00:00
2026-09-23T03:09:00Z,31002.5,31003.75,31002.5,31002.5,13,2026-09-24T16:48:21+00:00
2026-09-23T03:10:00Z,31002.5,31004.25,31001.75,31003.5,36,2026-09-24T16:48:21+00:00
2026-09-23T03:11:00Z,31003.75,31007.5,31003.0,31004.0,111,2026-09-24T16:48:21+00:00
2026-09-23T03:12:00Z,31004.0,31005.25,31001.0,31005.0,171,2026-09-24T16:48:21+00:00
2026-09-23T03:13:00Z,31005.75,31008.0,31003.75,31007.0,47,2026-09-24T16:48:21+00:00
2026-09-23T03:14:00Z,31007.5,31007.5,31004.25,31006.0,39,2026-09-24T16:48:21+00:00
2026-09-23T03:15:00Z,31006.25,31007.5,30999.0,31000.5,97,2026-09-24T16:48:21+00:00
2026-09-23T03:16:00Z,31000.5,31000.75,30998.75,30999.75,42,2026-09-24T16:48:21+00:00
2026-09-23T03:17:00Z,31000.0,31000.5,30996.25,30998.0,68,2026-09-24T16:48:21+00:00
2026-09-23T03:18:00Z,30998.25,30999.5,30990.75,30997.0,197,2026-09-24T16:48:21+00:00
2026-09-23T03:19:00Z,30996.75,30998.0,30995.0,30996.75,67,2026-09-24T16:48:21+00:00
2026-09-23T03:20:00Z,30997.0,31003.0,30996.5,31002.0,96,2026-09-24T16:48:21+00:00
2026-09-23T03:21:00Z,31001.75,31002.5,31000.25,31002.0,23,2026-09-24T16:48:21+00:00
2026-09-23T03:22:00Z,31001.75,31005.25,30999.5,31002.5,52,2026-09-24T16:48:21+00:00
2026-09-23T03:23:00Z,31003.75,31009.75,31003.75,31008.75,58,2026-09-24T16:48:21+00:00
2026-09-23T03:24:00Z,31009.0,31012.0,31007.75,31007.75,77,2026-09-24T16:48:21+00:00
2026-09-23T03:25:00Z,31007.5,31012.5,31007.5,31010.75,65,2026-09-24T16:48:21+00:00
2026-09-23T03:26:00Z,31010.25,31014.75,31010.0,31011.25,92,2026-09-24T16:48:21+00:00
2026-09-23T03:27:00Z,31011.75,31012.5,31006.0,31008.75,46,2026-09-24T16:48:21+00:00
2026-09-23T03:28:00Z,31009.5,31010.25,31004.75,31004.75,32,2026-09-24T16:48:21+00:00
2026-09-23T03:29:00Z,31005.75,31006.0,30999.75,30999.75,82,2026-09-24T16:48:21+00:00
2026-09-23T03:30:00Z,30999.5,31008.5,30999.5,31007.5,44,2026-09-24T16:48:21+00:00
2026-09-23T03:31:00Z,31006.0,31010.5,31006.0,31010.25,25,2026-09-24T16:48:21+00:00
2026-09-23T03:32:00Z,31010.5,31013.0,31010.0,31012.0,54,2026-09-24T16:48:21+00:00
2026-09-23T03:33:00Z,31012.0,31013.0,31010.5,31010.75,47,2026-09-24T16:48:21+00:00
2026-09-23T03:34:00Z,31010.25,31014.25,31009.25,31014.25,62,2026-09-24T16:48:21+00:00
2026-09-23T03:35:00Z,31014.25,31014.75,31008.75,31012.0,92,2026-09-24T16:48:21+00:00
2026-09-23T03:36:00Z,31011.25,31011.75,31009.0,31009.0,27,2026-09-24T16:48:21+00:00
2026-09-23T03:37:00Z,31008.75,31014.0,31008.75,31009.25,57,2026-09-24T16:48:21+00:00
2026-09-23T03:38:00Z,31010.25,31012.0,31009.25,31010.25,21,2026-09-24T16:48:21+00:00
2026-09-23T03:39:00Z,31011.5,31013.0,31010.25,31013.0,32,2026-09-24T16:48:21+00:00
2026-09-23T03:40:00Z,31012.0,31020.0,31010.0,31019.25,175,2026-09-24T16:48:21+00:00
2026-09-23T03:41:00Z,31020.5,31024.5,31019.0,31022.5,156,2026-09-24T16:48:21+00:00
2026-09-23T03:42:00Z,31023.0,31027.0,31021.25,31022.5,100,2026-09-24T16:48:21+00:00
2026-09-23T03:43:00Z,31022.5,31022.5,31018.0,31019.25,68,2026-09-24T16:48:21+00:00
2026-09-23T03:44:00Z,31019.75,31020.5,31019.25,31019.5,17,2026-09-24T16:48:21+00:00
2026-09-23T03:45:00Z,31019.25,31021.75,31018.5,31018.5,27,2026-09-24T16:48:21+00:00
2026-09-23T03:46:00Z,31019.0,31021.25,31018.0,31019.0,31,2026-09-24T16:48:21+00:00
2026-09-23T03:47:00Z,31019.5,31023.75,31019.0,31021.0,50,2026-09-24T16:48:21+00:00
2026-09-23T03:48:00Z,31021.75,31022.5,31018.5,31022.5,29,2026-09-24T16:48:21+00:00
2026-09-23T03:49:00Z,31021.25,31022.75,31021.0,31021.0,13,2026-09-24T16:48:21+00:00
2026-09-23T03:50:00Z,31021.0,31021.0,31018.0,31021.0,43,2026-09-24T16:48:21+00:00
2026-09-23T03:51:00Z,31020.75,31022.5,31019.5,31019.75,51,2026-09-24T16:48:21+00:00
2026-09-23T03:52:00Z,31020.5,31023.5,31019.25,31023.5,41,2026-09-24T16:48:21+00:00
2026-09-23T03:53:00Z,31023.5,31025.5,31022.75,31024.75,33,2026-09-24T16:48:21+00:00
2026-09-23T03:54:00Z,31024.25,31025.25,31020.75,31025.0,46,2026-09-24T16:48:21+00:00
2026-09-23T03:55:00Z,31025.5,31025.5,31023.25,31023.75,35,2026-09-24T16:48:21+00:00
2026-09-23T03:56:00Z,31023.75,31024.75,31021.0,31021.5,27,2026-09-24T16:48:21+00:00
2026-09-23T03:57:00Z,31022.25,31022.5,31019.25,31020.0,36,2026-09-24T16:48:21+00:00
2026-09-23T03:58:00Z,31019.5,31019.5,31012.0,31013.25,72,2026-09-24T16:48:21+00:00
2026-09-23T04:09:00Z,31032.75,31033.5,31029.75,31031.5,36,2026-09-24T16:48:21+00:00
2026-09-23T04:10:00Z,31031.5,31032.5,31028.0,31028.5,46,2026-09-24T16:48:21+00:00
2026-09-23T04:11:00Z,31028.5,31033.25,31026.5,31032.75,53,2026-09-24T16:48:21+00:00
2026-09-23T04:12:00Z,31033.5,31034.0,31031.0,31033.0,51,2026-09-24T16:48:21+00:00
2026-09-23T04:13:00Z,31033.0,31033.25,31031.0,31032.75,26,2026-09-24T16:48:21+00:00
2026-09-23T04:14:00Z,31033.0,31033.5,31031.5,31031.75,20,2026-09-24T16:48:21+00:00
2026-09-23T04:15:00Z,31031.0,31035.75,31029.25,31035.5,59,2026-09-24T16:48:21+00:00
2026-09-23T04:16:00Z,31036.25,31036.25,31031.75,31034.5,79,2026-09-24T16:48:21+00:00
2026-09-23T04:17:00Z,31033.75,31035.25,31032.75,31033.75,40,2026-09-24T16:48:21+00:00
2026-09-23T04:18:00Z,31033.5,31035.25,31032.75,31034.5,22,2026-09-24T16:48:21+00:00
2026-09-23T04:19:00Z,31034.5,31037.25,31033.25,31037.25,62,2026-09-24T16:48:21+00:00
2026-09-23T04:20:00Z,31037.5,31040.0,31035.25,31037.75,71,2026-09-24T16:48:21+00:00
2026-09-23T04:21:00Z,31039.25,31044.75,31039.0,31044.75,136,2026-09-24T16:48:21+00:00
2026-09-23T04:22:00Z,31044.0,31044.0,31041.0,31042.0,41,2026-09-24T16:48:21+00:00
2026-09-23T04:23:00Z,31042.25,31042.5,31040.25,31041.25,33,2026-09-24T16:48:21+00:00
2026-09-23T04:24:00Z,31041.5,31042.25,31039.5,31040.25,19,2026-09-24T16:48:21+00:00
2026-09-23T04:25:00Z,31040.75,31043.25,31039.75,31040.5,91,2026-09-24T16:48:21+00:00
2026-09-23T04:26:00Z,31041.5,31042.75,31039.5,31039.5,37,2026-09-24T16:48:21+00:00
2026-09-23T04:27:00Z,31039.5,31043.25,31039.0,31042.5,54,2026-09-24T16:48:21+00:00
2026-09-23T04:28:00Z,31042.0,31042.0,31036.0,31038.5,54,2026-09-24T16:48:21+00:00
2026-09-23T04:29:00Z,31038.0,31040.0,31037.5,31039.0,34,2026-09-24T16:48:21+00:00
2026-09-23T04:30:00Z,31039.0,31043.75,31038.25,31043.75,43,2026-09-24T16:48:21+00:00
2026-09-23T04:31:00Z,31043.75,31048.25,31043.75,31047.75,108,2026-09-24T16:48:21+00:00
2026-09-23T04:32:00Z,31047.25,31047.5,31044.0,31044.25,52,2026-09-24T16:48:21+00:00
2026-09-23T04:33:00Z,31045.5,31046.25,31044.5,31046.0,26,2026-09-24T16:48:21+00:00
2026-09-23T04:34:00Z,31046.25,31047.0,31045.0,31045.75,21,2026-09-24T16:48:21+00:00
2026-09-23T04:35:00Z,31046.0,31052.0,31046.0,31049.75,137,2026-09-24T16:48:21+00:00
2026-09-23T04:36:00Z,31049.0,31052.25,31049.0,31050.5,59,2026-09-24T16:48:21+00:00
2026-09-23T04:37:00Z,31050.75,31051.5,31047.75,31047.75,33,2026-09-24T16:48:21+00:00
2026-09-23T04:38:00Z,31047.75,31048.0,31042.5,31043.25,85,2026-09-24T16:48:21+00:00
2026-09-23T04:39:00Z,31041.25,31044.0,31041.0,31043.5,46,2026-09-24T16:48:21+00:00
2026-09-23T04:40:00Z,31044.0,31044.75,31041.25,31042.0,73,2026-09-24T16:48:21+00:00
2026-09-23T04:41:00Z,31043.25,31047.75,31043.25,31047.0,57,2026-09-24T16:48:21+00:00
2026-09-23T04:42:00Z,31045.5,31048.0,31045.0,31046.0,34,2026-09-24T16:48:21+00:00
2026-09-23T04:43:00Z,31046.5,31050.5,31046.5,31050.0,45,2026-09-24T16:48:21+00:00
2026-09-23T04:44:00Z,31050.25,31050.5,31048.25,31049.25,15,2026-09-24T16:48:21+00:00
2026-09-23T04:45:00Z,31047.75,31049.5,31045.75,31049.0,37,2026-09-24T16:48:21+00:00
2026-09-23T04:46:00Z,31049.5,31049.75,31048.0,31049.25,18,2026-09-24T16:48:21+00:00
2026-09-23T04:47:00Z,31050.0,31051.0,31048.5,31049.0,37,2026-09-24T16:48:21+00:00
2026-09-23T04:48:00Z,31049.0,31051.0,31048.25,31049.75,13,2026-09-24T16:48:21+00:00
2026-09-23T04:49:00Z,31050.25,31051.25,31049.25,31049.25,20,2026-09-24T16:48:21+00:00
2026-09-23T04:50:00Z,31050.25,31050.75,31044.5,31047.25,129,2026-09-24T16:48:21+00:00
2026-09-23T04:51:00Z,31048.0,31048.0,31044.0,31046.5,75,2026-09-24T16:48:21+00:00
2026-09-23T04:52:00Z,31045.75,31046.25,31042.75,31042.75,29,2026-09-24T16:48:21+00:00
2026-09-23T04:53:00Z,31044.0,31045.0,31041.25,31041.25,49,2026-09-24T16:48:21+00:00
2026-09-23T04:54:00Z,31042.25,31042.5,31038.25,31039.5,134,2026-09-24T16:48:21+00:00
2026-09-23T04:55:00Z,31039.0,31040.75,31037.75,31038.5,89,2026-09-24T16:48:21+00:00
2026-09-23T04:56:00Z,31039.0,31041.75,31038.25,31041.0,22,2026-09-24T16:48:21+00:00
2026-09-23T04:57:00Z,31040.75,31041.25,31031.75,31033.5,87,2026-09-24T16:48:21+00:00
2026-09-23T04:58:00Z,31033.75,31035.25,31033.25,31034.25,45,2026-09-24T16:48:21+00:00
2026-09-23T04:59:00Z,31033.75,31035.25,31031.25,31035.25,68,2026-09-24T16:48:21+00:00
2026-09-23T05:00:00Z,31035.0,31036.75,31032.5,31033.75,75,2026-09-24T16:48:21+00:00
2026-09-23T05:01:00Z,31032.25,31034.5,31026.0,31026.0,154,2026-09-24T16:48:21+00:00
2026-09-23T05:02:00Z,31026.25,31029.5,31024.0,31024.0,74,2026-09-24T16:48:21+00:00
2026-09-23T05:03:00Z,31024.0,31027.0,31022.0,31026.5,101,2026-09-24T16:48:21+00:00
2026-09-23T05:04:00Z,31026.0,31029.0,31025.5,31028.5,27,2026-09-24T16:48:21+00:00
2026-09-23T05:05:00Z,31027.75,31031.0,31027.25,31028.0,70,2026-09-24T16:48:21+00:00
2026-09-23T05:06:00Z,31029.0,31029.0,31023.0,31026.25,68,2026-09-24T16:48:21+00:00
2026-09-23T05:07:00Z,31026.0,31031.75,31025.25,31031.75,46,2026-09-24T16:48:21+00:00
2026-09-23T05:08:00Z,31032.25,31033.5,31027.75,31030.75,56,2026-09-24T16:48:21+00:00
2026-09-23T05:09:00Z,31030.5,31033.0,31029.0,31031.75,44,2026-09-24T16:48:21+00:00
2026-09-23T05:10:00Z,31032.0,31039.75,31031.75,31035.5,79,2026-09-24T16:48:21+00:00
2026-09-23T05:11:00Z,31035.5,31036.25,31031.75,31032.75,51,2026-09-24T16:48:21+00:00
2026-09-23T05:12:00Z,31032.5,31032.75,31029.25,31029.75,38,2026-09-24T16:48:21+00:00
2026-09-23T05:13:00Z,31030.5,31034.5,31028.75,31032.5,56,2026-09-24T16:48:21+00:00
2026-09-23T05:14:00Z,31032.75,31034.25,31032.75,31033.0,27,2026-09-24T16:48:21+00:00
2026-09-23T05:15:00Z,31033.25,31037.0,31033.25,31034.0,21,2026-09-24T16:48:21+00:00
2026-09-23T05:16:00Z,31034.5,31039.25,31034.5,31037.25,38,2026-09-24T16:48:21+00:00
2026-09-23T05:17:00Z,31037.75,31042.5,31036.5,31041.5,82,2026-09-24T16:48:21+00:00
2026-09-23T05:18:00Z,31041.0,31042.0,31036.75,31037.25,107,2026-09-24T16:48:21+00:00
2026-09-23T05:19:00Z,31036.5,31036.75,31029.5,31032.25,109,2026-09-24T16:48:21+00:00
2026-09-23T05:20:00Z,31031.0,31031.0,31023.75,31028.25,122,2026-09-24T16:48:21+00:00
2026-09-23T05:21:00Z,31027.5,31030.75,31024.25,31024.25,36,2026-09-24T16:48:21+00:00
2026-09-23T05:22:00Z,31024.5,31025.0,31020.5,31021.5,139,2026-09-24T16:48:21+00:00
2026-09-23T05:23:00Z,31020.5,31025.75,31019.0,31025.75,83,2026-09-24T16:48:21+00:00
2026-09-23T05:24:00Z,31023.25,31023.75,31019.0,31021.5,43,2026-09-24T16:48:21+00:00
2026-09-23T05:25:00Z,31021.5,31035.25,31021.5,31033.25,141,2026-09-24T16:48:21+00:00
2026-09-23T05:26:00Z,31033.5,31036.75,31032.5,31033.0,68,2026-09-24T16:48:21+00:00
2026-09-23T05:27:00Z,31033.25,31035.75,31031.75,31033.5,61,2026-09-24T16:48:21+00:00
2026-09-23T05:28:00Z,31034.25,31035.5,31031.75,31031.75,79,2026-09-24T16:48:21+00:00
2026-09-23T05:29:00Z,31032.0,31034.0,31030.25,31034.0,47,2026-09-24T16:48:21+00:00
2026-09-23T05:30:00Z,31034.0,31035.5,31029.0,31034.25,36,2026-09-24T16:48:21+00:00
2026-09-23T05:31:00Z,31035.0,31038.0,31031.75,31032.25,87,2026-09-24T16:48:21+00:00
2026-09-23T05:32:00Z,31032.0,31035.25,31031.5,31033.75,56,2026-09-24T16:48:21+00:00
2026-09-23T05:33:00Z,31033.0,31037.0,31029.5,31031.25,52,2026-09-24T16:48:21+00:00
2026-09-23T05:34:00Z,31030.5,31031.75,31023.5,31025.25,89,2026-09-24T16:48:21+00:00
2026-09-23T05:35:00Z,31026.75,31029.5,31024.75,31028.25,51,2026-09-24T16:48:21+00:00
2026-09-23T05:36:00Z,31027.5,31032.0,31027.5,31030.0,33,2026-09-24T16:48:21+00:00
2026-09-23T05:37:00Z,31030.5,31035.5,31030.0,31035.5,41,2026-09-24T16:48:21+00:00
2026-09-23T05:38:00Z,31036.25,31037.0,31028.25,31033.25,75,2026-09-24T16:48:21+00:00
2026-09-23T05:39:00Z,31033.25,31034.0,31031.5,31033.75,28,2026-09-24T16:48:21+00:00
2026-09-23T05:40:00Z,31033.75,31035.25,31031.75,31034.5,46,2026-09-24T16:48:21+00:00
2026-09-23T05:41:00Z,31035.0,31039.0,31033.5,31036.0,76,2026-09-24T16:48:21+00:00
2026-09-23T05:42:00Z,31036.75,31039.75,31030.25,31032.75,73,2026-09-24T16:48:21+00:00
2026-09-23T05:43:00Z,31030.5,31030.75,31021.0,31021.5,111,2026-09-24T16:48:21+00:00
2026-09-23T05:44:00Z,31021.5,31029.25,31021.5,31029.25,50,2026-09-24T16:48:21+00:00
2026-09-23T05:45:00Z,31030.25,31033.25,31029.0,31032.0,36,2026-09-24T16:48:21+00:00
2026-09-23T05:46:00Z,31033.5,31038.75,31032.5,31035.5,67,2026-09-24T16:48:21+00:00
2026-09-23T05:47:00Z,31035.25,31039.5,31035.25,31039.0,42,2026-09-24T16:48:21+00:00
2026-09-23T05:48:00Z,31039.0,31042.0,31034.75,31035.5,105,2026-09-24T16:48:21+00:00
2026-09-23T05:49:00Z,31036.25,31036.25,31026.75,31029.0,67,2026-09-24T16:48:21+00:00
2026-09-23T05:50:00Z,31028.5,31032.25,31028.0,31030.0,42,2026-09-24T16:48:21+00:00
2026-09-23T05:51:00Z,31031.0,31035.0,31029.75,31034.5,30,2026-09-24T16:48:21+00:00
2026-09-23T05:52:00Z,31036.5,31041.25,31036.5,31040.0,50,2026-09-24T16:48:21+00:00
2026-09-23T05:53:00Z,31040.75,31044.5,31040.5,31042.0,86,2026-09-24T16:48:21+00:00
2026-09-23T05:54:00Z,31041.75,31042.75,31037.0,31039.25,33,2026-09-24T16:48:21+00:00
2026-09-23T05:55:00Z,31039.25,31040.5,31029.0,31031.5,108,2026-09-24T16:48:21+00:00
2026-09-23T05:56:00Z,31030.25,31036.25,31029.0,31033.25,61,2026-09-24T16:48:21+00:00
2026-09-23T05:57:00Z,31033.5,31034.75,31030.25,31030.75,36,2026-09-24T16:48:21+00:00
2026-09-23T05:58:00Z,31031.5,31033.0,31027.5,31030.5,99,2026-09-24T16:48:21+00:00
2026-09-23T05:59:00Z,31030.25,31030.75,31028.75,31028.75,16,2026-09-24T16:48:21+00:00
2026-09-23T06:00:00Z,31029.25,31038.0,31028.25,31036.5,165,2026-09-24T16:48:21+00:00
2026-09-23T06:01:00Z,31036.25,31041.25,31034.5,31041.0,72,2026-09-24T16:48:21+00:00
2026-09-23T06:02:00Z,31041.25,31055.25,31041.0,31051.5,297,2026-09-24T16:48:21+00:00
2026-09-23T06:03:00Z,31051.5,31051.5,31047.75,31051.25,95,2026-09-24T16:48:21+00:00
2026-09-23T06:04:00Z,31050.5,31051.0,31042.0,31043.75,86,2026-09-24T16:48:21+00:00
2026-09-23T06:05:00Z,31043.5,31048.5,31042.75,31048.5,61,2026-09-24T16:48:21+00:00
2026-09-23T06:06:00Z,31047.5,31054.0,31046.5,31052.25,61,2026-09-24T16:48:21+00:00
2026-09-23T06:07:00Z,31051.0,31053.25,31047.0,31047.0,97,2026-09-24T16:48:21+00:00
2026-09-23T06:08:00Z,31047.5,31048.75,31039.75,31044.5,98,2026-09-24T16:48:21+00:00
2026-09-23T06:09:00Z,31043.25,31045.25,31038.25,31040.75,89,2026-09-24T16:48:21+00:00
2026-09-23T06:10:00Z,31041.25,31045.75,31041.25,31045.75,64,2026-09-24T16:48:21+00:00
2026-09-23T06:11:00Z,31046.0,31050.5,31046.0,31049.25,60,2026-09-24T16:48:21+00:00
2026-09-23T06:12:00Z,31047.75,31050.0,31046.5,31049.75,56,2026-09-24T16:48:21+00:00
2026-09-23T06:13:00Z,31050.25,31058.0,31050.25,31057.0,139,2026-09-24T16:48:21+00:00
2026-09-23T06:14:00Z,31056.5,31058.0,31054.25,31057.5,75,2026-09-24T16:48:21+00:00
2026-09-23T06:15:00Z,31058.0,31058.0,31051.25,31054.5,84,2026-09-24T16:48:21+00:00
2026-09-23T06:16:00Z,31055.25,31058.5,31053.75,31055.75,99,2026-09-24T16:48:21+00:00
2026-09-23T06:17:00Z,31056.75,31056.75,31055.0,31055.0,9,2026-09-24T16:48:21+00:00
2026-09-23T06:18:00Z,31054.25,31057.25,31053.75,31056.25,36,2026-09-24T16:48:21+00:00
2026-09-23T06:19:00Z,31056.0,31058.75,31054.25,31055.5,56,2026-09-24T16:48:21+00:00
2026-09-23T06:20:00Z,31055.5,31058.0,31053.75,31054.25,41,2026-09-24T16:48:21+00:00
2026-09-23T06:21:00Z,31052.25,31056.25,31039.5,31041.75,374,2026-09-24T16:48:21+00:00
2026-09-23T06:22:00Z,31042.25,31048.5,31039.75,31047.75,104,2026-09-24T16:48:21+00:00
2026-09-23T06:23:00Z,31048.75,31051.0,31045.25,31046.5,29,2026-09-24T16:48:21+00:00
2026-09-23T06:24:00Z,31046.5,31050.75,31046.25,31050.25,25,2026-09-24T16:48:21+00:00
2026-09-23T06:25:00Z,31050.75,31054.75,31049.5,31054.75,21,2026-09-24T16:48:21+00:00
2026-09-23T06:26:00Z,31055.0,31059.5,31054.75,31058.25,77,2026-09-24T16:48:21+00:00
2026-09-23T06:27:00Z,31058.25,31061.75,31056.0,31056.0,187,2026-09-24T16:48:21+00:00
2026-09-23T06:28:00Z,31056.75,31061.0,31055.25,31057.5,96,2026-09-24T16:48:21+00:00
2026-09-23T06:29:00Z,31058.25,31058.75,31056.25,31057.5,50,2026-09-24T16:48:21+00:00
2026-09-23T06:30:00Z,31057.25,31062.75,31056.0,31061.0,111,2026-09-24T16:48:21+00:00
2026-09-23T06:31:00Z,31060.5,31073.0,31058.25,31073.0,338,2026-09-24T16:48:21+00:00
2026-09-23T06:32:00Z,31073.25,31077.25,31065.0,31074.5,305,2026-09-24T16:48:21+00:00
2026-09-23T06:33:00Z,31075.0,31077.5,31071.5,31072.75,154,2026-09-24T16:48:21+00:00
2026-09-23T06:34:00Z,31073.25,31081.5,31071.75,31081.25,238,2026-09-24T16:48:21+00:00
2026-09-23T06:35:00Z,31080.75,31088.75,31078.75,31086.75,214,2026-09-24T16:48:21+00:00
2026-09-23T06:36:00Z,31087.0,31090.0,31083.25,31088.75,198,2026-09-24T16:48:21+00:00
2026-09-23T06:37:00Z,31089.0,31089.0,31086.25,31087.25,103,2026-09-24T16:48:21+00:00
2026-09-23T06:38:00Z,31087.25,31090.0,31084.5,31089.5,103,2026-09-24T16:48:21+00:00
2026-09-23T06:39:00Z,31089.0,31094.75,31088.25,31090.5,223,2026-09-24T16:48:21+00:00
2026-09-23T06:40:00Z,31090.25,31091.5,31083.25,31083.75,101,2026-09-24T16:48:21+00:00
2026-09-23T06:41:00Z,31084.0,31084.25,31080.0,31081.25,88,2026-09-24T16:48:21+00:00
2026-09-23T06:42:00Z,31081.75,31085.0,31081.5,31084.75,52,2026-09-24T16:48:21+00:00
2026-09-23T06:43:00Z,31085.25,31085.5,31078.5,31079.0,61,2026-09-24T16:48:21+00:00
2026-09-23T06:44:00Z,31078.25,31083.25,31074.0,31082.0,173,2026-09-24T16:48:21+00:00
2026-09-23T06:45:00Z,31080.75,31080.75,31074.25,31074.25,123,2026-09-24T16:48:21+00:00
2026-09-23T06:46:00Z,31074.25,31075.0,31057.75,31058.0,298,2026-09-24T16:48:21+00:00
2026-09-23T06:47:00Z,31058.5,31074.5,31057.0,31072.5,208,2026-09-24T16:48:21+00:00
2026-09-23T06:48:00Z,31072.25,31080.75,31071.75,31079.75,131,2026-09-24T16:48:21+00:00
2026-09-23T06:49:00Z,31079.0,31080.75,31078.0,31079.25,54,2026-09-24T16:48:21+00:00
2026-09-23T06:50:00Z,31080.0,31082.0,31071.0,31072.0,147,2026-09-24T16:48:21+00:00
2026-09-23T06:51:00Z,31071.75,31077.0,31071.0,31074.5,63,2026-09-24T16:48:21+00:00
2026-09-23T06:52:00Z,31075.5,31075.5,31068.0,31071.5,124,2026-09-24T16:48:21+00:00
2026-09-23T06:53:00Z,31071.5,31071.5,31065.25,31065.75,197,2026-09-24T16:48:21+00:00
2026-09-23T06:54:00Z,31066.5,31068.25,31062.25,31064.25,125,2026-09-24T16:48:21+00:00
2026-09-23T06:55:00Z,31063.75,31064.5,31061.75,31063.5,47,2026-09-24T16:48:21+00:00
2026-09-23T06:56:00Z,31062.25,31064.25,31059.0,31061.0,119,2026-09-24T16:48:21+00:00
2026-09-23T06:57:00Z,31061.0,31061.0,31049.0,31056.75,227,2026-09-24T16:48:21+00:00
2026-09-23T06:58:00Z,31056.5,31057.0,31050.5,31054.0,106,2026-09-24T16:48:21+00:00
2026-09-23T06:59:00Z,31053.0,31053.25,31048.0,31051.0,88,2026-09-24T16:48:21+00:00
2026-09-23T07:00:00Z,31049.75,31053.5,31044.75,31045.5,277,2026-09-24T16:48:21+00:00
2026-09-23T07:01:00Z,31046.75,31055.25,31046.25,31053.5,208,2026-09-24T16:48:21+00:00
2026-09-23T07:02:00Z,31054.0,31055.25,31045.75,31046.0,57,2026-09-24T16:48:21+00:00
2026-09-23T07:03:00Z,31046.0,31054.5,31043.25,31052.0,109,2026-09-24T16:48:21+00:00
2026-09-23T07:04:00Z,31052.25,31052.75,31046.75,31050.5,43,2026-09-24T16:48:21+00:00
2026-09-23T07:05:00Z,31052.5,31052.5,31040.0,31041.0,176,2026-09-24T16:48:21+00:00
2026-09-23T07:06:00Z,31041.75,31048.0,31040.0,31042.75,109,2026-09-24T16:48:21+00:00
2026-09-23T07:07:00Z,31041.0,31041.25,31033.0,31035.75,150,2026-09-24T16:48:21+00:00
2026-09-23T07:08:00Z,31037.5,31039.0,31034.5,31037.25,88,2026-09-24T16:48:21+00:00
2026-09-23T07:09:00Z,31035.5,31036.0,31029.25,31031.5,151,2026-09-24T16:48:21+00:00
2026-09-23T07:10:00Z,31031.0,31034.0,31028.0,31032.25,87,2026-09-24T16:48:21+00:00
2026-09-23T07:11:00Z,31032.25,31042.0,31030.75,31039.0,208,2026-09-24T16:48:21+00:00
2026-09-23T07:12:00Z,31039.5,31045.75,31039.25,31042.0,98,2026-09-24T16:48:21+00:00
2026-09-23T07:13:00Z,31041.5,31047.75,31039.5,31044.5,77,2026-09-24T16:48:21+00:00
2026-09-23T07:14:00Z,31045.5,31046.75,31044.25,31044.25,35,2026-09-24T16:48:21+00:00
2026-09-23T07:15:00Z,31045.75,31048.25,31042.5,31044.5,109,2026-09-24T16:48:21+00:00
2026-09-23T07:16:00Z,31044.75,31045.0,31039.75,31043.25,46,2026-09-24T16:48:21+00:00
2026-09-23T07:17:00Z,31045.25,31047.25,31036.25,31036.5,67,2026-09-24T16:48:21+00:00
2026-09-23T07:18:00Z,31037.0,31037.0,31030.0,31033.75,74,2026-09-24T16:48:21+00:00
2026-09-23T07:19:00Z,31035.0,31036.25,31032.0,31034.5,42,2026-09-24T16:48:21+00:00
2026-09-23T07:20:00Z,31035.5,31037.5,31032.25,31037.0,42,2026-09-24T16:48:21+00:00
2026-09-23T07:21:00Z,31037.25,31040.25,31037.25,31038.75,15,2026-09-24T16:48:21+00:00
2026-09-23T07:22:00Z,31039.5,31039.5,31034.25,31037.25,48,2026-09-24T16:48:21+00:00
2026-09-23T07:23:00Z,31036.0,31036.0,31031.0,31034.25,50,2026-09-24T16:48:21+00:00
2026-09-23T07:24:00Z,31036.0,31038.75,31035.0,31035.0,32,2026-09-24T16:48:21+00:00
2026-09-23T07:25:00Z,31035.75,31040.0,31034.5,31039.75,46,2026-09-24T16:48:21+00:00
2026-09-23T07:26:00Z,31039.0,31040.25,31036.75,31036.75,21,2026-09-24T16:48:21+00:00
2026-09-23T07:27:00Z,31036.25,31048.75,31036.25,31048.75,76,2026-09-24T16:48:21+00:00
2026-09-23T07:28:00Z,31048.5,31051.75,31045.25,31045.75,82,2026-09-24T16:48:21+00:00
2026-09-23T07:29:00Z,31045.5,31052.75,31044.5,31052.25,51,2026-09-24T16:48:21+00:00
2026-09-23T07:30:00Z,31051.5,31054.25,31046.5,31054.25,115,2026-09-24T16:48:21+00:00
2026-09-23T07:31:00Z,31053.75,31061.75,31052.25,31052.25,241,2026-09-24T16:48:21+00:00
2026-09-23T07:32:00Z,31051.5,31051.5,31043.5,31043.5,228,2026-09-24T16:48:21+00:00
2026-09-23T07:33:00Z,31043.0,31043.0,31036.0,31040.75,119,2026-09-24T16:48:21+00:00
2026-09-23T07:34:00Z,31040.5,31041.5,31039.0,31039.5,44,2026-09-24T16:48:21+00:00
2026-09-23T07:35:00Z,31040.75,31047.5,31040.5,31044.75,108,2026-09-24T16:48:21+00:00
2026-09-23T07:36:00Z,31045.5,31045.5,31038.0,31043.25,129,2026-09-24T16:48:21+00:00
2026-09-23T07:37:00Z,31043.0,31049.25,31041.0,31046.0,96,2026-09-24T16:48:21+00:00
2026-09-23T07:38:00Z,31047.0,31054.75,31046.5,31046.5,93,2026-09-24T16:48:21+00:00
2026-09-23T07:39:00Z,31047.75,31047.75,31041.5,31042.0,72,2026-09-24T16:48:21+00:00
2026-09-23T07:40:00Z,31041.75,31050.25,31041.75,31047.75,91,2026-09-24T16:48:21+00:00
2026-09-23T07:41:00Z,31048.75,31048.75,31046.25,31048.25,44,2026-09-24T16:48:21+00:00
2026-09-23T07:42:00Z,31048.0,31049.5,31040.25,31041.75,98,2026-09-24T16:48:21+00:00
2026-09-23T07:43:00Z,31041.5,31044.0,31041.0,31044.0,34,2026-09-24T16:48:21+00:00
2026-09-23T07:44:00Z,31043.25,31043.25,31035.75,31037.25,129,2026-09-24T16:48:21+00:00
2026-09-23T07:45:00Z,31037.25,31040.25,31037.0,31038.5,148,2026-09-24T16:48:21+00:00
2026-09-23T07:46:00Z,31038.5,31039.5,31036.25,31038.25,80,2026-09-24T16:48:21+00:00
2026-09-23T07:47:00Z,31038.0,31039.25,31032.5,31033.25,108,2026-09-24T16:48:21+00:00
2026-09-23T07:48:00Z,31033.0,31042.25,31032.75,31041.25,131,2026-09-24T16:48:21+00:00
2026-09-23T07:49:00Z,31041.25,31045.25,31036.75,31043.75,240,2026-09-24T16:48:21+00:00
2026-09-23T07:50:00Z,31043.25,31047.5,31040.75,31045.5,51,2026-09-24T16:48:21+00:00
2026-09-23T07:51:00Z,31045.0,31049.0,31044.5,31047.0,64,2026-09-24T16:48:21+00:00
2026-09-23T07:52:00Z,31044.75,31045.0,31035.75,31036.0,72,2026-09-24T16:48:21+00:00
2026-09-23T07:53:00Z,31036.25,31037.25,31030.5,31030.75,56,2026-09-24T16:48:21+00:00
2026-09-23T07:54:00Z,31032.0,31032.0,31028.25,31030.25,54,2026-09-24T16:48:21+00:00
2026-09-23T07:55:00Z,31030.0,31035.25,31028.75,31032.5,42,2026-09-24T16:48:21+00:00
2026-09-23T07:56:00Z,31032.25,31038.5,31031.75,31038.5,64,2026-09-24T16:48:21+00:00
2026-09-23T07:57:00Z,31039.25,31040.0,31035.25,31036.75,48,2026-09-24T16:48:21+00:00
2026-09-23T07:58:00Z,31036.25,31036.25,31033.25,31035.25,30,2026-09-24T16:48:21+00:00
2026-09-23T07:59:00Z,31035.75,31035.75,31034.25,31035.25,12,2026-09-24T16:48:21+00:00
2026-09-23T08:00:00Z,31034.25,31042.75,31032.0,31037.0,162,2026-09-24T16:48:21+00:00
2026-09-23T08:01:00Z,31038.25,31041.75,31036.25,31039.75,63,2026-09-24T16:48:21+00:00
2026-09-23T08:02:00Z,31039.0,31046.5,31034.0,31034.25,90,2026-09-24T16:48:21+00:00
2026-09-23T08:03:00Z,31032.0,31037.0,31020.25,31021.0,185,2026-09-24T16:48:21+00:00
2026-09-23T08:04:00Z,31023.25,31028.5,31015.25,31018.75,202,2026-09-24T16:48:21+00:00
2026-09-23T08:05:00Z,31018.75,31021.0,31016.0,31017.75,96,2026-09-24T16:48:21+00:00
2026-09-23T08:06:00Z,31017.25,31030.0,31016.25,31030.0,158,2026-09-24T16:48:21+00:00
2026-09-23T08:07:00Z,31030.75,31037.25,31030.75,31034.5,167,2026-09-24T16:48:21+00:00
2026-09-23T08:08:00Z,31033.25,31040.5,31032.25,31040.5,53,2026-09-24T16:48:21+00:00
2026-09-23T08:09:00Z,31038.75,31040.5,31031.5,31035.75,78,2026-09-24T16:48:21+00:00
2026-09-23T08:10:00Z,31037.0,31038.5,31035.0,31037.0,36,2026-09-24T16:48:21+00:00
2026-09-23T08:11:00Z,31039.25,31041.25,31032.75,31033.75,55,2026-09-24T16:48:21+00:00
2026-09-23T08:12:00Z,31033.0,31043.5,31033.0,31040.25,72,2026-09-24T16:48:21+00:00
2026-09-23T08:13:00Z,31040.5,31043.75,31038.25,31038.5,33,2026-09-24T16:48:21+00:00
2026-09-23T08:14:00Z,31038.25,31041.25,31031.75,31038.5,65,2026-09-24T16:48:21+00:00
2026-09-23T08:15:00Z,31039.0,31044.25,31038.0,31043.5,59,2026-09-24T16:48:21+00:00
2026-09-23T08:16:00Z,31043.25,31043.25,31036.0,31041.5,52,2026-09-24T16:48:21+00:00
2026-09-23T08:17:00Z,31041.5,31041.75,31030.5,31036.0,108,2026-09-24T16:48:21+00:00
2026-09-23T08:18:00Z,31032.25,31032.75,31028.0,31029.0,61,2026-09-24T16:48:21+00:00
2026-09-23T08:19:00Z,31029.0,31043.0,31029.0,31043.0,77,2026-09-24T16:48:21+00:00
2026-09-23T08:20:00Z,31041.75,31046.0,31040.5,31042.5,119,2026-09-24T16:48:21+00:00
2026-09-23T08:21:00Z,31042.5,31050.75,31040.5,31040.5,135,2026-09-24T16:48:21+00:00
2026-09-23T08:22:00Z,31043.75,31045.75,31042.25,31045.5,59,2026-09-24T16:48:21+00:00
2026-09-23T08:23:00Z,31045.75,31049.0,31042.75,31047.75,89,2026-09-24T16:48:21+00:00
2026-09-23T08:24:00Z,31048.25,31051.25,31044.5,31050.25,107,2026-09-24T16:48:21+00:00
2026-09-23T08:25:00Z,31050.25,31051.0,31041.5,31043.0,67,2026-09-24T16:48:21+00:00
2026-09-23T08:26:00Z,31044.5,31044.5,31038.0,31039.25,80,2026-09-24T16:48:21+00:00
2026-09-23T08:27:00Z,31041.5,31043.5,31041.25,31043.5,17,2026-09-24T16:48:21+00:00
2026-09-23T08:28:00Z,31041.75,31044.0,31041.75,31043.5,32,2026-09-24T16:48:21+00:00
2026-09-23T08:29:00Z,31043.25,31043.5,31037.5,31038.0,65,2026-09-24T16:48:21+00:00
2026-09-23T08:30:00Z,31039.25,31045.25,31036.75,31042.25,50,2026-09-24T16:48:21+00:00
2026-09-23T08:31:00Z,31044.25,31044.25,31038.25,31038.5,44,2026-09-24T16:48:21+00:00
2026-09-23T08:32:00Z,31038.0,31042.5,31037.75,31040.0,39,2026-09-24T16:48:21+00:00
2026-09-23T08:33:00Z,31040.75,31043.5,31040.25,31042.25,50,2026-09-24T16:48:21+00:00
2026-09-23T08:34:00Z,31041.75,31041.75,31035.0,31035.5,33,2026-09-24T16:48:21+00:00
2026-09-23T08:35:00Z,31034.5,31034.5,31026.0,31028.0,111,2026-09-24T16:48:21+00:00
2026-09-23T08:36:00Z,31028.75,31032.0,31028.0,31030.75,49,2026-09-24T16:48:21+00:00
2026-09-23T08:37:00Z,31029.25,31029.5,31023.0,31023.75,85,2026-09-24T16:48:21+00:00
2026-09-23T08:38:00Z,31022.75,31022.75,31006.0,31018.5,456,2026-09-24T16:48:21+00:00
2026-09-23T08:39:00Z,31019.0,31023.25,31018.5,31022.5,65,2026-09-24T16:48:21+00:00
2026-09-23T08:40:00Z,31021.25,31024.0,31016.5,31022.25,60,2026-09-24T16:48:21+00:00
2026-09-23T08:41:00Z,31022.0,31024.0,31020.0,31022.5,61,2026-09-24T16:48:21+00:00
2026-09-23T08:42:00Z,31021.25,31021.25,31013.75,31015.5,63,2026-09-24T16:48:21+00:00
2026-09-23T08:43:00Z,31015.25,31016.75,31009.75,31013.75,109,2026-09-24T16:48:21+00:00
2026-09-23T08:44:00Z,31014.0,31015.5,31011.75,31013.75,54,2026-09-24T16:48:21+00:00
2026-09-23T08:45:00Z,31013.0,31013.5,31008.75,31010.5,76,2026-09-24T16:48:21+00:00
2026-09-23T08:46:00Z,31010.25,31013.75,31008.25,31011.0,97,2026-09-24T16:48:21+00:00
2026-09-23T08:47:00Z,31010.0,31012.75,31009.0,31009.25,52,2026-09-24T16:48:21+00:00
2026-09-23T08:48:00Z,31008.75,31015.25,31008.5,31015.25,82,2026-09-24T16:48:21+00:00
2026-09-23T08:49:00Z,31014.75,31018.0,31014.75,31016.75,95,2026-09-24T16:48:21+00:00
2026-09-23T08:50:00Z,31016.25,31016.75,31013.0,31015.75,41,2026-09-24T16:48:21+00:00
2026-09-23T08:51:00Z,31015.0,31015.0,31006.25,31006.75,89,2026-09-24T16:48:21+00:00
2026-09-23T08:52:00Z,31006.75,31013.25,31002.0,31004.0,118,2026-09-24T16:48:21+00:00
2026-09-23T08:53:00Z,31005.25,31010.0,31005.25,31006.75,64,2026-09-24T16:48:21+00:00
2026-09-23T08:54:00Z,31006.25,31011.5,31006.25,31011.0,49,2026-09-24T16:48:21+00:00
2026-09-23T08:55:00Z,31011.0,31014.75,31010.25,31014.25,74,2026-09-24T16:48:21+00:00
2026-09-23T08:56:00Z,31013.5,31015.0,31008.25,31009.75,96,2026-09-24T16:48:21+00:00
2026-09-23T08:57:00Z,31010.75,31021.5,31010.75,31019.25,151,2026-09-24T16:48:21+00:00
2026-09-23T08:58:00Z,31019.25,31020.25,31015.5,31015.75,63,2026-09-24T16:48:21+00:00
2026-09-23T08:59:00Z,31015.0,31016.5,31012.0,31016.5,26,2026-09-24T16:48:21+00:00
2026-09-23T09:00:00Z,31015.75,31026.5,31013.5,31020.5,200,2026-09-24T16:48:21+00:00
2026-09-23T09:01:00Z,31022.25,31022.75,31018.25,31019.75,56,2026-09-24T16:48:21+00:00
2026-09-23T09:02:00Z,31020.0,31020.5,31016.5,31019.5,37,2026-09-24T16:48:21+00:00
2026-09-23T09:03:00Z,31020.0,31020.25,31010.5,31011.0,86,2026-09-24T16:48:21+00:00
2026-09-23T09:04:00Z,31010.25,31014.25,31007.25,31010.5,94,2026-09-24T16:48:21+00:00
2026-09-23T09:05:00Z,31010.0,31012.25,31008.5,31011.5,57,2026-09-24T16:48:21+00:00
2026-09-23T09:06:00Z,31011.25,31014.0,31009.75,31012.5,58,2026-09-24T16:48:21+00:00
2026-09-23T09:07:00Z,31013.0,31020.75,31013.0,31020.75,61,2026-09-24T16:48:21+00:00
2026-09-23T09:08:00Z,31019.5,31027.75,31018.75,31026.75,69,2026-09-24T16:48:21+00:00
2026-09-23T09:09:00Z,31026.25,31026.5,31022.75,31025.5,37,2026-09-24T16:48:21+00:00
2026-09-23T09:10:00Z,31026.0,31026.5,31016.25,31018.0,104,2026-09-24T16:48:21+00:00
2026-09-23T09:11:00Z,31017.25,31019.75,31015.0,31018.25,22,2026-09-24T16:48:21+00:00
2026-09-23T09:12:00Z,31018.5,31024.0,31018.25,31020.5,50,2026-09-24T16:48:21+00:00
2026-09-23T09:13:00Z,31020.75,31020.75,31014.75,31016.0,32,2026-09-24T16:48:21+00:00
2026-09-23T09:14:00Z,31015.75,31017.25,31014.25,31017.25,45,2026-09-24T16:48:21+00:00
2026-09-23T09:15:00Z,31016.0,31016.75,31011.25,31012.25,37,2026-09-24T16:48:21+00:00
2026-09-23T09:16:00Z,31011.25,31015.5,31009.5,31014.25,56,2026-09-24T16:48:21+00:00
2026-09-23T09:17:00Z,31013.0,31015.5,31012.25,31012.25,30,2026-09-24T16:48:21+00:00
2026-09-23T09:18:00Z,31015.0,31018.0,31012.25,31014.0,114,2026-09-24T16:48:21+00:00
2026-09-23T09:19:00Z,31014.25,31021.5,31013.0,31020.75,68,2026-09-24T16:48:21+00:00
2026-09-23T09:20:00Z,31021.0,31022.25,31016.5,31018.75,63,2026-09-24T16:48:21+00:00
2026-09-23T09:21:00Z,31019.75,31026.5,31019.5,31026.5,43,2026-09-24T16:48:21+00:00
2026-09-23T09:22:00Z,31025.0,31027.25,31024.75,31026.25,34,2026-09-24T16:48:21+00:00
2026-09-23T09:23:00Z,31025.75,31031.0,31025.5,31030.0,38,2026-09-24T16:48:21+00:00
2026-09-23T09:24:00Z,31030.0,31031.5,31029.25,31030.5,38,2026-09-24T16:48:21+00:00
2026-09-23T09:25:00Z,31030.75,31031.75,31028.25,31031.0,74,2026-09-24T16:48:21+00:00
2026-09-23T09:26:00Z,31030.5,31033.25,31030.25,31031.75,88,2026-09-24T16:48:21+00:00
2026-09-23T09:27:00Z,31031.0,31034.25,31030.0,31032.0,76,2026-09-24T16:48:21+00:00
2026-09-23T09:28:00Z,31031.5,31032.5,31027.5,31027.5,51,2026-09-24T16:48:21+00:00
2026-09-23T09:29:00Z,31027.0,31028.25,31023.75,31023.75,55,2026-09-24T16:48:21+00:00
2026-09-23T09:30:00Z,31025.5,31032.75,31024.75,31032.75,71,2026-09-24T16:48:21+00:00
2026-09-23T09:31:00Z,31032.25,31032.25,31029.25,31031.75,53,2026-09-24T16:48:21+00:00
2026-09-23T09:32:00Z,31031.5,31032.75,31026.0,31032.75,78,2026-09-24T16:48:21+00:00
2026-09-23T09:33:00Z,31029.75,31029.75,31024.0,31026.0,48,2026-09-24T16:48:21+00:00
2026-09-23T09:34:00Z,31027.25,31027.5,31023.0,31026.0,33,2026-09-24T16:48:21+00:00
2026-09-23T09:35:00Z,31026.0,31033.25,31025.75,31030.5,38,2026-09-24T16:48:21+00:00
2026-09-23T09:36:00Z,31030.0,31032.5,31029.0,31032.25,33,2026-09-24T16:48:21+00:00
2026-09-23T09:37:00Z,31032.25,31033.75,31029.75,31030.0,21,2026-09-24T16:48:21+00:00
2026-09-23T09:38:00Z,31029.5,31029.5,31026.25,31027.25,38,2026-09-24T16:48:21+00:00
2026-09-23T09:39:00Z,31026.0,31028.0,31022.25,31025.0,54,2026-09-24T16:48:21+00:00
2026-09-23T09:40:00Z,31024.5,31025.75,31021.5,31022.5,65,2026-09-24T16:48:21+00:00
2026-09-23T09:41:00Z,31023.0,31027.75,31020.25,31025.0,40,2026-09-24T16:48:21+00:00
2026-09-23T09:42:00Z,31024.25,31026.25,31023.25,31026.25,41,2026-09-24T16:48:21+00:00
2026-09-23T09:43:00Z,31024.25,31024.75,31020.0,31020.75,33,2026-09-24T16:48:21+00:00
2026-09-23T09:44:00Z,31021.0,31021.75,31018.25,31019.0,39,2026-09-24T16:48:21+00:00
2026-09-23T09:45:00Z,31018.5,31018.75,31011.5,31011.5,209,2026-09-24T16:48:21+00:00
2026-09-23T09:46:00Z,31011.75,31013.0,31010.0,31011.5,54,2026-09-24T16:48:21+00:00
2026-09-23T09:47:00Z,31011.5,31012.75,31009.25,31009.75,20,2026-09-24T16:48:21+00:00
2026-09-23T09:48:00Z,31009.25,31009.25,30997.75,30999.75,271,2026-09-24T16:48:21+00:00
2026-09-23T09:49:00Z,30999.75,31006.5,30999.0,31006.5,164,2026-09-24T16:48:21+00:00
2026-09-23T09:50:00Z,31006.75,31007.75,31003.75,31003.75,33,2026-09-24T16:48:21+00:00
2026-09-23T09:51:00Z,31004.0,31007.0,31002.75,31005.5,31,2026-09-24T16:48:21+00:00
2026-09-23T09:52:00Z,31003.75,31012.25,31003.5,31011.5,96,2026-09-24T16:48:21+00:00
2026-09-23T09:53:00Z,31010.75,31012.75,31008.25,31008.5,71,2026-09-24T16:48:21+00:00
2026-09-23T09:54:00Z,31009.0,31019.25,31007.75,31014.75,108,2026-09-24T16:48:21+00:00
2026-09-23T09:55:00Z,31013.75,31015.5,31010.25,31013.5,72,2026-09-24T16:48:21+00:00
2026-09-23T09:56:00Z,31013.5,31013.5,31006.0,31009.0,69,2026-09-24T16:48:21+00:00
2026-09-23T09:57:00Z,31008.5,31014.0,31007.75,31010.0,45,2026-09-24T16:48:21+00:00
2026-09-23T09:58:00Z,31010.25,31011.0,31008.5,31010.5,29,2026-09-24T16:48:21+00:00
2026-09-23T09:59:00Z,31011.25,31013.0,31010.75,31012.5,40,2026-09-24T16:48:21+00:00
2026-09-23T10:00:00Z,31012.25,31015.75,31009.75,31015.25,73,2026-09-24T16:48:21+00:00
2026-09-23T10:01:00Z,31014.25,31018.75,31013.5,31018.75,68,2026-09-24T16:48:21+00:00
2026-09-23T10:02:00Z,31018.25,31020.75,31016.75,31020.75,40,2026-09-24T16:48:21+00:00
2026-09-23T10:03:00Z,31019.25,31020.0,31015.5,31020.0,26,2026-09-24T16:48:21+00:00
2026-09-23T10:04:00Z,31018.75,31023.25,31018.75,31020.75,46,2026-09-24T16:48:21+00:00
2026-09-23T10:05:00Z,31020.75,31023.0,31018.75,31023.0,43,2026-09-24T16:48:21+00:00
2026-09-23T10:06:00Z,31022.0,31025.0,31020.75,31021.5,94,2026-09-24T16:48:21+00:00
2026-09-23T10:07:00Z,31022.5,31026.25,31022.0,31023.0,58,2026-09-24T16:48:21+00:00
2026-09-23T10:08:00Z,31024.0,31025.25,31022.5,31025.25,17,2026-09-24T16:48:21+00:00
2026-09-23T10:09:00Z,31024.5,31027.25,31022.25,31024.0,40,2026-09-24T16:48:21+00:00
2026-09-23T10:10:00Z,31025.0,31026.5,31018.75,31021.0,57,2026-09-24T16:48:21+00:00
2026-09-23T10:11:00Z,31021.75,31029.25,31021.0,31027.25,79,2026-09-24T16:48:21+00:00
2026-09-23T10:12:00Z,31027.75,31031.25,31027.0,31028.75,69,2026-09-24T16:48:21+00:00
2026-09-23T10:13:00Z,31028.75,31031.0,31028.25,31030.5,39,2026-09-24T16:48:21+00:00
2026-09-23T10:14:00Z,31030.5,31031.75,31029.5,31030.0,63,2026-09-24T16:48:21+00:00
2026-09-23T10:15:00Z,31030.0,31033.75,31028.5,31032.75,72,2026-09-24T16:48:21+00:00
2026-09-23T10:16:00Z,31031.25,31035.0,31030.5,31031.75,72,2026-09-24T16:48:21+00:00
2026-09-23T10:17:00Z,31031.0,31033.75,31031.0,31033.25,46,2026-09-24T16:48:21+00:00
2026-09-23T10:18:00Z,31031.75,31032.0,31029.75,31030.0,48,2026-09-24T16:48:21+00:00
2026-09-23T10:19:00Z,31031.25,31043.75,31031.0,31038.0,219,2026-09-24T16:48:21+00:00
2026-09-23T10:20:00Z,31038.0,31038.0,31032.0,31032.75,52,2026-09-24T16:48:21+00:00
2026-09-23T10:21:00Z,31033.0,31034.5,31028.5,31030.5,73,2026-09-24T16:48:21+00:00
2026-09-23T10:22:00Z,31029.75,31030.0,31026.0,31026.0,54,2026-09-24T16:48:21+00:00
2026-09-23T10:23:00Z,31026.75,31026.75,31023.25,31024.0,48,2026-09-24T16:48:21+00:00
2026-09-23T10:24:00Z,31024.5,31026.0,31021.0,31025.5,39,2026-09-24T16:48:21+00:00
2026-09-23T10:25:00Z,31026.5,31030.5,31025.75,31026.25,50,2026-09-24T16:48:21+00:00
2026-09-23T10:26:00Z,31026.0,31026.75,31023.5,31025.75,44,2026-09-24T16:48:21+00:00
2026-09-23T10:27:00Z,31025.75,31028.25,31024.5,31024.75,39,2026-09-24T16:48:21+00:00
2026-09-23T10:28:00Z,31025.25,31026.75,31024.75,31026.25,33,2026-09-24T16:48:21+00:00
2026-09-23T10:29:00Z,31026.5,31033.5,31026.5,31033.5,67,2026-09-24T16:48:21+00:00
2026-09-23T10:30:00Z,31033.75,31035.0,31030.5,31032.25,63,2026-09-24T16:48:21+00:00
2026-09-23T10:31:00Z,31031.75,31034.25,31029.75,31033.25,56,2026-09-24T16:48:21+00:00
2026-09-23T10:32:00Z,31032.0,31034.0,31031.0,31033.25,46,2026-09-24T16:48:21+00:00
2026-09-23T10:33:00Z,31033.5,31035.5,31027.5,31027.5,48,2026-09-24T16:48:21+00:00
2026-09-23T10:34:00Z,31028.0,31028.0,31022.0,31022.5,113,2026-09-24T16:48:21+00:00
2026-09-23T10:35:00Z,31022.5,31022.5,31015.5,31016.0,147,2026-09-24T16:48:21+00:00
2026-09-23T10:36:00Z,31015.5,31022.75,31015.25,31022.0,43,2026-09-24T16:48:21+00:00
2026-09-23T10:37:00Z,31022.0,31028.25,31021.75,31023.75,63,2026-09-24T16:48:21+00:00
2026-09-23T10:38:00Z,31023.75,31025.0,31022.25,31022.75,19,2026-09-24T16:48:21+00:00
2026-09-23T10:39:00Z,31023.0,31031.0,31022.75,31029.0,19,2026-09-24T16:48:21+00:00
2026-09-23T10:40:00Z,31029.0,31029.0,31022.75,31023.75,27,2026-09-24T16:48:21+00:00
2026-09-23T10:41:00Z,31024.0,31024.25,31020.0,31020.25,114,2026-09-24T16:48:21+00:00
2026-09-23T10:42:00Z,31021.0,31021.25,31018.5,31019.75,58,2026-09-24T16:48:21+00:00
2026-09-23T10:43:00Z,31018.75,31020.75,31016.25,31019.75,46,2026-09-24T16:48:21+00:00
2026-09-23T10:44:00Z,31019.75,31022.75,31018.75,31022.75,28,2026-09-24T16:48:21+00:00
2026-09-23T10:45:00Z,31021.25,31021.25,31011.75,31013.75,85,2026-09-24T16:48:21+00:00
2026-09-23T10:46:00Z,31014.75,31020.0,31013.75,31018.25,22,2026-09-24T16:48:21+00:00
2026-09-23T10:47:00Z,31018.75,31021.0,31016.25,31021.0,34,2026-09-24T16:48:21+00:00
2026-09-23T10:48:00Z,31021.25,31022.0,31018.25,31018.25,62,2026-09-24T16:48:21+00:00
2026-09-23T10:49:00Z,31017.5,31020.0,31016.5,31018.75,42,2026-09-24T16:48:21+00:00
2026-09-23T10:50:00Z,31018.5,31019.0,31014.0,31014.0,34,2026-09-24T16:48:21+00:00
2026-09-23T10:51:00Z,31014.75,31020.5,31014.75,31019.0,41,2026-09-24T16:48:21+00:00
2026-09-23T10:52:00Z,31021.25,31022.25,31019.25,31022.0,23,2026-09-24T16:48:21+00:00
2026-09-23T10:53:00Z,31021.75,31023.25,31020.5,31021.0,30,2026-09-24T16:48:21+00:00
2026-09-23T10:54:00Z,31021.25,31027.25,31021.25,31026.0,39,2026-09-24T16:48:21+00:00
2026-09-23T10:55:00Z,31025.75,31030.0,31025.75,31027.0,81,2026-09-24T16:48:21+00:00
2026-09-23T10:56:00Z,31027.5,31033.0,31026.75,31026.75,89,2026-09-24T16:48:21+00:00
2026-09-23T10:57:00Z,31027.0,31029.0,31026.25,31027.25,46,2026-09-24T16:48:21+00:00
2026-09-23T10:58:00Z,31027.75,31032.0,31027.5,31030.5,29,2026-09-24T16:48:21+00:00
2026-09-23T10:59:00Z,31030.75,31031.0,31027.25,31027.75,51,2026-09-24T16:48:21+00:00
2026-09-23T11:00:00Z,31027.5,31029.25,31019.5,31021.0,173,2026-09-24T16:48:21+00:00
2026-09-23T11:01:00Z,31021.0,31027.5,31017.75,31018.75,81,2026-09-24T16:48:21+00:00
2026-09-23T11:02:00Z,31019.25,31019.25,31004.0,31004.25,232,2026-09-24T16:48:21+00:00
2026-09-23T11:03:00Z,31004.75,31013.5,31004.75,31005.0,173,2026-09-24T16:48:21+00:00
2026-09-23T11:04:00Z,31005.0,31008.75,31004.25,31005.75,91,2026-09-24T16:48:21+00:00
2026-09-23T11:05:00Z,31006.25,31006.25,30998.25,30999.75,167,2026-09-24T16:48:21+00:00
2026-09-23T11:06:00Z,30999.5,31002.75,30995.0,30998.25,234,2026-09-24T16:48:21+00:00
2026-09-23T11:07:00Z,30998.5,31000.5,30997.5,31000.0,77,2026-09-24T16:48:21+00:00
2026-09-23T11:08:00Z,31000.0,31004.5,30995.0,30995.25,150,2026-09-24T16:48:21+00:00
2026-09-23T11:09:00Z,30995.5,31002.0,30992.25,31002.0,183,2026-09-24T16:48:21+00:00
2026-09-23T11:10:00Z,31000.75,31002.25,30998.0,30999.0,89,2026-09-24T16:48:21+00:00
2026-09-23T11:11:00Z,30998.75,31005.5,30998.75,31004.5,63,2026-09-24T16:48:21+00:00
2026-09-23T11:12:00Z,31005.0,31006.25,30997.25,30999.0,127,2026-09-24T16:48:21+00:00
2026-09-23T11:13:00Z,31000.0,31001.75,30996.25,31001.25,43,2026-09-24T16:48:21+00:00
2026-09-23T11:14:00Z,31001.0,31004.25,30998.25,31003.5,44,2026-09-24T16:48:21+00:00
2026-09-23T11:15:00Z,31001.5,31007.25,31001.0,31003.5,132,2026-09-24T16:48:21+00:00
2026-09-23T11:16:00Z,31003.25,31011.5,31000.75,31008.25,142,2026-09-24T16:48:21+00:00
2026-09-23T11:17:00Z,31007.25,31009.5,31006.25,31006.75,44,2026-09-24T16:48:21+00:00
2026-09-23T11:18:00Z,31008.0,31008.5,31001.25,31003.0,111,2026-09-24T16:48:21+00:00
2026-09-23T11:19:00Z,31003.5,31004.25,30992.0,30994.5,110,2026-09-24T16:48:21+00:00
2026-09-23T11:20:00Z,30993.75,30994.5,30991.0,30991.0,132,2026-09-24T16:48:21+00:00
2026-09-23T11:21:00Z,30991.0,30992.0,30976.25,30976.75,531,2026-09-24T16:48:21+00:00
2026-09-23T11:22:00Z,30977.5,30977.5,30962.25,30968.75,420,2026-09-24T16:48:21+00:00
2026-09-23T11:23:00Z,30969.0,30969.5,30958.5,30961.5,256,2026-09-24T16:48:21+00:00
2026-09-23T11:24:00Z,30962.25,30962.75,30957.25,30961.75,160,2026-09-24T16:48:21+00:00
2026-09-23T11:25:00Z,30962.25,30969.0,30957.0,30957.75,213,2026-09-24T16:48:21+00:00
2026-09-23T11:26:00Z,30957.75,30961.5,30953.25,30956.0,163,2026-09-24T16:48:21+00:00
2026-09-23T11:27:00Z,30953.75,30956.75,30951.25,30952.75,161,2026-09-24T16:48:21+00:00
2026-09-23T11:28:00Z,30953.0,30963.75,30950.0,30960.5,272,2026-09-24T16:48:21+00:00
2026-09-23T11:29:00Z,30961.5,30961.5,30952.5,30952.75,189,2026-09-24T16:48:21+00:00
2026-09-23T11:30:00Z,30952.5,30954.5,30938.5,30943.25,357,2026-09-24T16:48:21+00:00
2026-09-23T11:31:00Z,30942.25,30953.5,30942.0,30949.5,254,2026-09-24T16:48:21+00:00
2026-09-23T11:32:00Z,30949.0,30952.0,30932.5,30939.25,323,2026-09-24T16:48:21+00:00
2026-09-23T11:33:00Z,30939.5,30945.25,30932.75,30935.5,175,2026-09-24T16:48:21+00:00
2026-09-23T11:34:00Z,30935.5,30940.75,30932.75,30936.0,168,2026-09-24T16:48:21+00:00
2026-09-23T11:35:00Z,30936.0,30937.25,30927.5,30933.0,302,2026-09-24T16:48:21+00:00
2026-09-23T11:36:00Z,30933.5,30936.25,30929.5,30931.0,149,2026-09-24T16:48:21+00:00
2026-09-23T11:37:00Z,30930.75,30930.75,30919.0,30921.0,305,2026-09-24T16:48:21+00:00
2026-09-23T11:38:00Z,30921.25,30925.25,30913.75,30918.0,269,2026-09-24T16:48:21+00:00
2026-09-23T11:39:00Z,30918.5,30930.5,30918.0,30928.75,250,2026-09-24T16:48:21+00:00
2026-09-23T11:40:00Z,30928.75,30932.5,30920.0,30922.25,184,2026-09-24T16:48:21+00:00
2026-09-23T11:41:00Z,30922.25,30928.75,30920.75,30922.0,129,2026-09-24T16:48:21+00:00
2026-09-23T11:42:00Z,30922.5,30922.5,30912.0,30913.5,179,2026-09-24T16:48:21+00:00
2026-09-23T11:43:00Z,30913.75,30917.0,30911.0,30913.25,203,2026-09-24T16:48:21+00:00
2026-09-23T11:44:00Z,30912.5,30928.25,30910.75,30925.75,386,2026-09-24T16:48:21+00:00
2026-09-23T11:45:00Z,30925.5,30944.5,30925.5,30942.0,326,2026-09-24T16:48:21+00:00
2026-09-23T11:46:00Z,30942.25,30956.25,30942.25,30955.5,373,2026-09-24T16:48:21+00:00
2026-09-23T11:47:00Z,30955.5,30959.5,30953.0,30956.0,253,2026-09-24T16:48:21+00:00
2026-09-23T11:48:00Z,30956.0,30960.0,30945.75,30953.75,302,2026-09-24T16:48:21+00:00
2026-09-23T11:49:00Z,30953.75,30959.25,30953.0,30955.0,77,2026-09-24T16:48:21+00:00
2026-09-23T11:50:00Z,30955.25,30956.25,30943.75,30950.25,195,2026-09-24T16:48:21+00:00
2026-09-23T11:51:00Z,30949.0,30954.75,30947.0,30951.5,98,2026-09-24T16:48:21+00:00
2026-09-23T11:52:00Z,30951.0,30956.0,30945.0,30948.5,119,2026-09-24T16:48:21+00:00
2026-09-23T11:53:00Z,30948.0,30952.25,30946.5,30948.25,117,2026-09-24T16:48:21+00:00
2026-09-23T11:54:00Z,30949.25,30952.0,30948.25,30950.5,56,2026-09-24T16:48:21+00:00
2026-09-23T11:55:00Z,30951.25,30955.0,30947.25,30954.25,126,2026-09-24T16:48:21+00:00
2026-09-23T11:56:00Z,30954.5,30954.5,30948.5,30952.75,76,2026-09-24T16:48:21+00:00
2026-09-23T11:57:00Z,30952.0,30954.0,30948.75,30952.5,106,2026-09-24T16:48:21+00:00
2026-09-23T11:58:00Z,30952.75,30957.5,30949.75,30951.5,98,2026-09-24T16:48:21+00:00
2026-09-23T11:59:00Z,30951.25,30965.25,30950.25,30959.5,262,2026-09-24T16:48:21+00:00
2026-09-23T12:00:00Z,30958.5,30966.0,30952.0,30954.25,290,2026-09-24T16:48:21+00:00
2026-09-23T12:01:00Z,30954.25,30954.75,30944.0,30944.75,263,2026-09-24T16:48:21+00:00
2026-09-23T12:02:00Z,30944.0,30947.5,30942.25,30943.0,139,2026-09-24T16:48:21+00:00
2026-09-23T12:03:00Z,30943.0,30950.5,30937.75,30944.5,511,2026-09-24T16:48:21+00:00
2026-09-23T12:04:00Z,30944.75,30946.75,30940.0,30941.25,133,2026-09-24T16:48:21+00:00
2026-09-23T12:05:00Z,30941.0,30947.75,30940.0,30944.0,112,2026-09-24T16:48:21+00:00
2026-09-23T12:06:00Z,30944.75,30952.75,30943.5,30945.5,177,2026-09-24T16:48:21+00:00
2026-09-23T12:07:00Z,30946.25,30946.75,30939.25,30942.25,127,2026-09-24T16:48:21+00:00
2026-09-23T12:08:00Z,30942.0,30943.25,30936.0,30941.5,172,2026-09-24T16:48:21+00:00
2026-09-23T12:09:00Z,30941.5,30945.5,30938.75,30941.75,105,2026-09-24T16:48:21+00:00
2026-09-23T12:10:00Z,30943.0,30947.5,30936.75,30937.0,152,2026-09-24T16:48:21+00:00
2026-09-23T12:11:00Z,30937.5,30940.25,30934.0,30934.25,148,2026-09-24T16:48:21+00:00
2026-09-23T12:12:00Z,30934.75,30938.5,30931.0,30932.5,303,2026-09-24T16:48:21+00:00
2026-09-23T12:13:00Z,30932.75,30932.75,30924.5,30930.5,224,2026-09-24T16:48:21+00:00
2026-09-23T12:14:00Z,30930.5,30932.5,30926.5,30930.75,160,2026-09-24T16:48:21+00:00
2026-09-23T12:15:00Z,30931.0,30936.0,30927.5,30932.5,217,2026-09-24T16:48:21+00:00
2026-09-23T12:16:00Z,30933.5,30936.0,30928.5,30930.25,133,2026-09-24T16:48:21+00:00
2026-09-23T12:17:00Z,30930.0,30930.0,30921.25,30922.5,197,2026-09-24T16:48:21+00:00
2026-09-23T12:18:00Z,30922.75,30928.0,30917.25,30927.25,241,2026-09-24T16:48:21+00:00
2026-09-23T12:19:00Z,30927.0,30933.75,30925.0,30929.25,156,2026-09-24T16:48:21+00:00
2026-09-23T12:20:00Z,30929.75,30931.5,30926.0,30929.5,131,2026-09-24T16:48:21+00:00
2026-09-23T12:21:00Z,30930.0,30935.0,30927.25,30932.75,131,2026-09-24T16:48:21+00:00
2026-09-23T12:22:00Z,30931.5,30938.5,30929.0,30937.25,147,2026-09-24T16:48:21+00:00
2026-09-23T12:23:00Z,30936.75,30937.5,30928.5,30932.25,125,2026-09-24T16:48:21+00:00
2026-09-23T12:24:00Z,30933.25,30950.25,30933.25,30950.25,418,2026-09-24T16:48:21+00:00
2026-09-23T12:25:00Z,30949.25,30951.5,30940.0,30943.0,226,2026-09-24T16:48:21+00:00
2026-09-23T12:26:00Z,30942.25,30942.75,30939.0,30940.5,180,2026-09-24T16:48:21+00:00
2026-09-23T12:27:00Z,30941.0,30943.0,30938.25,30942.25,97,2026-09-24T16:48:21+00:00
2026-09-23T12:28:00Z,30943.0,30947.25,30939.25,30943.75,96,2026-09-24T16:48:21+00:00
2026-09-23T12:29:00Z,30943.0,30948.25,30942.0,30947.0,89,2026-09-24T16:48:21+00:00
2026-09-23T12:30:00Z,30947.25,30953.0,30946.5,30952.25,167,2026-09-24T16:48:21+00:00
2026-09-23T12:31:00Z,30952.0,30952.5,30944.25,30947.25,293,2026-09-24T16:48:21+00:00
2026-09-23T12:32:00Z,30947.25,30956.5,30947.0,30956.0,239,2026-09-24T16:48:21+00:00
2026-09-23T12:33:00Z,30955.5,30958.25,30954.0,30955.0,132,2026-09-24T16:48:21+00:00
2026-09-23T12:34:00Z,30955.5,30955.75,30949.5,30952.0,122,2026-09-24T16:48:21+00:00
2026-09-23T12:35:00Z,30951.5,30956.25,30949.0,30952.0,93,2026-09-24T16:48:21+00:00
2026-09-23T12:36:00Z,30952.75,30957.0,30950.5,30951.0,141,2026-09-24T16:48:21+00:00
2026-09-23T12:37:00Z,30951.25,30951.25,30945.25,30948.25,180,2026-09-24T16:48:21+00:00
2026-09-23T12:38:00Z,30948.75,30957.25,30947.5,30956.5,90,2026-09-24T16:48:21+00:00
2026-09-23T12:39:00Z,30957.0,30958.0,30954.0,30956.0,160,2026-09-24T16:48:21+00:00
2026-09-23T12:40:00Z,30956.0,30958.5,30953.0,30953.0,190,2026-09-24T16:48:21+00:00
2026-09-23T12:41:00Z,30954.0,30956.5,30950.75,30951.75,117,2026-09-24T16:48:21+00:00
2026-09-23T12:42:00Z,30951.25,30961.25,30949.5,30955.75,274,2026-09-24T16:48:21+00:00
2026-09-23T12:43:00Z,30955.75,30955.75,30951.25,30954.25,141,2026-09-24T16:48:21+00:00
2026-09-23T12:44:00Z,30954.25,30954.25,30948.75,30949.75,165,2026-09-24T16:48:21+00:00
2026-09-23T12:45:00Z,30950.75,30955.0,30947.75,30951.0,103,2026-09-24T16:48:21+00:00
2026-09-23T12:46:00Z,30951.75,30958.25,30951.75,30957.0,114,2026-09-24T16:48:21+00:00
2026-09-23T12:47:00Z,30956.5,30974.25,30956.0,30963.0,431,2026-09-24T16:48:21+00:00
2026-09-23T12:48:00Z,30963.75,30964.75,30956.0,30959.25,159,2026-09-24T16:48:21+00:00
2026-09-23T12:49:00Z,30958.5,30960.0,30954.5,30955.25,170,2026-09-24T16:48:21+00:00
2026-09-23T12:50:00Z,30956.5,30958.5,30955.0,30955.25,93,2026-09-24T16:48:21+00:00
2026-09-23T12:51:00Z,30955.0,30956.25,30951.5,30954.25,155,2026-09-24T16:48:21+00:00
2026-09-23T12:52:00Z,30953.5,30955.5,30951.5,30955.25,75,2026-09-24T16:48:21+00:00
2026-09-23T12:53:00Z,30955.75,30958.5,30953.0,30956.75,77,2026-09-24T16:48:21+00:00
2026-09-23T12:54:00Z,30957.25,30960.0,30953.0,30955.25,115,2026-09-24T16:48:21+00:00
2026-09-23T12:55:00Z,30955.0,30955.25,30947.75,30951.0,145,2026-09-24T16:48:21+00:00
2026-09-23T12:56:00Z,30951.5,30960.75,30951.25,30960.75,202,2026-09-24T16:48:21+00:00
2026-09-23T12:57:00Z,30959.5,30961.25,30955.5,30958.0,116,2026-09-24T16:48:21+00:00
2026-09-23T12:58:00Z,30958.0,30962.75,30955.0,30961.75,151,2026-09-24T16:48:21+00:00
2026-09-23T12:59:00Z,30962.0,30970.75,30961.5,30968.0,217,2026-09-24T16:48:21+00:00
2026-09-23T13:00:00Z,30968.0,30970.75,30957.25,30961.25,402,2026-09-24T16:48:21+00:00
2026-09-23T13:01:00Z,30960.75,30961.0,30954.0,30956.0,247,2026-09-24T16:48:21+00:00
2026-09-23T13:02:00Z,30955.75,30958.25,30950.0,30950.25,147,2026-09-24T16:48:21+00:00
2026-09-23T13:03:00Z,30951.5,30956.25,30949.25,30954.0,164,2026-09-24T16:48:21+00:00
2026-09-23T13:04:00Z,30953.0,30956.0,30949.5,30952.5,165,2026-09-24T16:48:21+00:00
2026-09-23T13:05:00Z,30952.75,30955.25,30951.5,30953.75,90,2026-09-24T16:48:21+00:00
2026-09-23T13:06:00Z,30953.25,30955.5,30950.0,30953.0,190,2026-09-24T16:48:21+00:00
2026-09-23T13:07:00Z,30953.5,30953.5,30944.0,30944.5,225,2026-09-24T16:48:21+00:00
2026-09-23T13:08:00Z,30944.0,30950.25,30944.0,30949.75,139,2026-09-24T16:48:21+00:00
2026-09-23T13:09:00Z,30950.0,30951.5,30945.25,30948.5,111,2026-09-24T16:48:21+00:00
2026-09-23T13:10:00Z,30948.75,30953.5,30947.25,30950.0,172,2026-09-24T16:48:21+00:00
2026-09-23T13:11:00Z,30950.0,30956.5,30948.0,30954.25,152,2026-09-24T16:48:21+00:00
2026-09-23T13:12:00Z,30955.75,30960.0,30955.25,30959.0,181,2026-09-24T16:48:21+00:00
2026-09-23T13:13:00Z,30959.25,30965.75,30958.25,30962.5,266,2026-09-24T16:48:21+00:00
2026-09-23T13:14:00Z,30962.25,30964.25,30960.75,30962.75,112,2026-09-24T16:48:21+00:00
2026-09-23T13:15:00Z,30962.5,30968.0,30961.25,30967.25,266,2026-09-24T16:48:21+00:00
2026-09-23T13:16:00Z,30967.5,30970.5,30965.75,30969.5,333,2026-09-24T16:48:21+00:00
2026-09-23T13:17:00Z,30970.0,30973.0,30964.75,30972.5,322,2026-09-24T16:48:21+00:00
2026-09-23T13:18:00Z,30972.75,30973.75,30966.5,30967.0,242,2026-09-24T16:48:21+00:00
2026-09-23T13:19:00Z,30968.0,30968.25,30964.5,30968.0,161,2026-09-24T16:48:21+00:00
2026-09-23T13:20:00Z,30968.5,30973.0,30968.25,30971.25,201,2026-09-24T16:48:21+00:00
2026-09-23T13:21:00Z,30971.25,30974.5,30968.75,30969.0,191,2026-09-24T16:48:21+00:00
2026-09-23T13:22:00Z,30968.75,30971.25,30966.5,30969.0,238,2026-09-24T16:48:21+00:00
2026-09-23T13:23:00Z,30969.25,30974.75,30969.25,30973.25,155,2026-09-24T16:48:21+00:00
2026-09-23T13:24:00Z,30974.25,30979.5,30967.25,30971.25,595,2026-09-24T16:48:21+00:00
2026-09-23T13:25:00Z,30971.0,30989.5,30968.0,30987.5,899,2026-09-24T16:48:21+00:00
2026-09-23T13:26:00Z,30987.75,30990.25,30984.75,30988.75,477,2026-09-24T16:48:21+00:00
2026-09-23T13:27:00Z,30988.75,30997.75,30986.0,30993.25,774,2026-09-24T16:48:21+00:00
2026-09-23T13:28:00Z,30993.5,30999.25,30986.25,30995.25,937,2026-09-24T16:48:21+00:00
2026-09-23T13:29:00Z,30995.5,31007.25,30989.75,31006.0,929,2026-09-24T16:48:21+00:00
2026-09-23T13:30:00Z,31005.5,31013.0,30961.0,30965.25,6068,2026-09-24T16:48:21+00:00
2026-09-23T13:31:00Z,30965.75,30970.75,30940.75,30944.0,3275,2026-09-24T16:48:21+00:00
2026-09-23T13:32:00Z,30942.75,30948.0,30927.25,30939.0,2912,2026-09-24T16:48:21+00:00
2026-09-23T13:33:00Z,30938.25,30952.0,30934.25,30951.75,1780,2026-09-24T16:48:21+00:00
2026-09-23T13:34:00Z,30951.0,30954.0,30926.25,30926.5,1918,2026-09-24T16:48:21+00:00
2026-09-23T13:35:00Z,30926.5,30956.75,30922.25,30934.75,3011,2026-09-24T16:48:21+00:00
2026-09-23T13:36:00Z,30934.25,30940.75,30922.75,30938.75,1889,2026-09-24T16:48:21+00:00
2026-09-23T13:37:00Z,30939.25,30939.75,30914.75,30923.25,2002,2026-09-24T16:48:21+00:00
2026-09-23T13:38:00Z,30923.75,30926.5,30902.0,30902.0,2561,2026-09-24T16:48:21+00:00
2026-09-23T13:39:00Z,30903.5,30923.0,30902.25,30914.25,1718,2026-09-24T16:48:21+00:00
2026-09-23T13:40:00Z,30914.75,30924.75,30906.25,30912.25,1929,2026-09-24T16:48:21+00:00
2026-09-23T13:41:00Z,30913.0,30925.0,30905.75,30912.0,1596,2026-09-24T16:48:21+00:00
2026-09-23T13:42:00Z,30911.5,30921.0,30904.75,30910.75,1222,2026-09-24T16:48:21+00:00
2026-09-23T13:43:00Z,30910.5,30923.75,30909.75,30914.25,1243,2026-09-24T16:48:21+00:00
2026-09-23T13:44:00Z,30914.25,30924.0,30910.0,30910.0,862,2026-09-24T16:48:21+00:00
2026-09-23T13:45:00Z,30910.0,30922.25,30900.0,30903.0,1934,2026-09-24T16:48:21+00:00
2026-09-23T13:46:00Z,30902.0,30902.5,30875.75,30878.0,3169,2026-09-24T16:48:21+00:00
2026-09-23T13:47:00Z,30878.0,30891.5,30860.75,30886.25,3620,2026-09-24T16:48:21+00:00
2026-09-23T13:48:00Z,30885.5,30894.0,30875.75,30880.25,1631,2026-09-24T16:48:21+00:00
2026-09-23T13:49:00Z,30880.5,30881.0,30871.25,30879.75,1756,2026-09-24T16:48:21+00:00
2026-09-23T13:50:00Z,30879.5,30888.25,30867.25,30872.0,1762,2026-09-24T16:48:21+00:00
2026-09-23T13:51:00Z,30872.0,30872.75,30854.5,30859.0,1740,2026-09-24T16:48:21+00:00
2026-09-23T13:52:00Z,30858.0,30860.0,30842.0,30851.5,2633,2026-09-24T16:48:21+00:00
2026-09-23T13:53:00Z,30852.0,30880.0,30847.0,30865.25,2253,2026-09-24T16:48:21+00:00
2026-09-23T13:54:00Z,30865.5,30867.5,30846.0,30849.25,1662,2026-09-24T16:48:21+00:00
2026-09-23T13:55:00Z,30849.0,30854.0,30833.5,30839.75,1863,2026-09-24T16:48:21+00:00
2026-09-23T13:56:00Z,30839.25,30849.75,30832.75,30839.25,1642,2026-09-24T16:48:21+00:00
2026-09-23T13:57:00Z,30839.25,30854.5,30838.75,30850.0,1337,2026-09-24T16:48:21+00:00
2026-09-23T13:58:00Z,30850.0,30862.75,30848.5,30855.0,1479,2026-09-24T16:48:21+00:00
2026-09-23T13:59:00Z,30855.25,30859.25,30835.75,30846.0,1344,2026-09-24T16:48:21+00:00
2026-09-23T14:00:00Z,30846.75,30871.0,30843.0,30867.5,2371,2026-09-24T16:48:21+00:00
2026-09-23T14:01:00Z,30867.5,30871.0,30850.75,30856.0,1497,2026-09-24T16:48:21+00:00
2026-09-23T14:02:00Z,30855.25,30856.75,30825.25,30827.0,2356,2026-09-24T16:48:21+00:00
2026-09-23T14:03:00Z,30827.0,30832.25,30821.25,30825.75,1721,2026-09-24T16:48:21+00:00
2026-09-23T14:04:00Z,30825.5,30835.25,30818.5,30831.25,1780,2026-09-24T16:48:21+00:00
2026-09-23T14:05:00Z,30831.75,30841.75,30817.25,30818.5,1574,2026-09-24T16:48:21+00:00
2026-09-23T14:06:00Z,30818.25,30823.75,30808.25,30810.75,1692,2026-09-24T16:48:21+00:00
2026-09-23T14:07:00Z,30811.0,30811.0,30783.0,30783.0,2540,2026-09-24T16:48:21+00:00
2026-09-23T14:08:00Z,30783.25,30794.0,30777.75,30779.5,2019,2026-09-24T16:48:21+00:00
2026-09-23T14:09:00Z,30779.5,30783.25,30766.25,30769.0,1958,2026-09-24T16:48:21+00:00
2026-09-23T14:10:00Z,30769.0,30773.0,30740.0,30749.25,3355,2026-09-24T16:48:21+00:00
2026-09-23T14:11:00Z,30749.0,30749.0,30717.75,30736.0,3330,2026-09-24T16:48:21+00:00
2026-09-23T14:12:00Z,30736.0,30746.25,30720.25,30721.0,2320,2026-09-24T16:48:21+00:00
2026-09-23T14:13:00Z,30721.0,30727.0,30704.0,30717.25,3568,2026-09-24T16:48:21+00:00
2026-09-23T14:14:00Z,30717.25,30728.5,30708.0,30718.25,2240,2026-09-24T16:48:21+00:00
2026-09-23T14:15:00Z,30719.25,30740.25,30706.75,30740.25,3042,2026-09-24T16:48:21+00:00
2026-09-23T14:16:00Z,30740.25,30742.5,30716.25,30726.5,1990,2026-09-24T16:48:21+00:00
2026-09-23T14:17:00Z,30726.75,30729.5,30687.0,30691.75,3496,2026-09-24T16:48:21+00:00
2026-09-23T14:18:00Z,30692.0,30697.25,30678.25,30685.75,2200,2026-09-24T16:48:21+00:00
2026-09-23T14:19:00Z,30686.0,30691.25,30670.75,30672.25,2089,2026-09-24T16:48:21+00:00
2026-09-23T14:20:00Z,30672.75,30700.5,30661.5,30692.5,3484,2026-09-24T16:48:21+00:00
2026-09-23T14:21:00Z,30692.75,30693.5,30662.75,30666.0,2294,2026-09-24T16:48:21+00:00
2026-09-23T14:22:00Z,30667.25,30668.5,30645.0,30650.0,3051,2026-09-24T16:48:21+00:00
2026-09-23T14:23:00Z,30650.5,30667.5,30645.0,30662.75,2367,2026-09-24T16:48:21+00:00
2026-09-23T14:24:00Z,30663.0,30674.5,30652.5,30673.5,1774,2026-09-24T16:48:21+00:00
2026-09-23T14:25:00Z,30673.5,30695.25,30666.5,30670.75,3344,2026-09-24T16:48:21+00:00
2026-09-23T14:26:00Z,30670.5,30676.0,30642.75,30649.5,2627,2026-09-24T16:48:21+00:00
2026-09-23T14:27:00Z,30649.75,30672.0,30647.75,30667.25,1897,2026-09-24T16:48:21+00:00
2026-09-23T14:28:00Z,30667.5,30686.25,30665.75,30682.0,1520,2026-09-24T16:48:21+00:00
2026-09-23T14:29:00Z,30681.75,30693.0,30674.25,30678.75,1877,2026-09-24T16:48:21+00:00
2026-09-23T14:30:00Z,30678.75,30697.5,30677.75,30682.75,2428,2026-09-24T16:48:21+00:00
2026-09-23T14:31:00Z,30682.5,30687.25,30657.75,30676.25,1887,2026-09-24T16:48:21+00:00
2026-09-23T14:32:00Z,30676.75,30705.75,30673.5,30698.75,2027,2026-09-24T16:48:21+00:00
2026-09-23T14:33:00Z,30699.0,30714.25,30694.75,30707.25,1764,2026-09-24T16:48:21+00:00
2026-09-23T14:34:00Z,30708.0,30724.25,30703.25,30720.25,1607,2026-09-24T16:48:21+00:00
2026-09-23T14:35:00Z,30720.5,30738.75,30718.5,30731.25,2217,2026-09-24T16:48:21+00:00
2026-09-23T14:36:00Z,30731.5,30732.5,30718.25,30724.5,1444,2026-09-24T16:48:21+00:00
2026-09-23T14:37:00Z,30724.5,30737.75,30707.75,30715.25,2176,2026-09-24T16:48:21+00:00
2026-09-23T14:38:00Z,30714.75,30716.0,30692.5,30695.5,1667,2026-09-24T16:48:21+00:00
2026-09-23T14:39:00Z,30695.75,30703.25,30687.0,30697.25,1400,2026-09-24T16:48:21+00:00
2026-09-23T14:40:00Z,30697.5,30710.5,30689.5,30709.0,1543,2026-09-24T16:48:21+00:00
2026-09-23T14:41:00Z,30708.75,30717.5,30700.0,30702.75,1100,2026-09-24T16:48:21+00:00
2026-09-23T14:42:00Z,30703.5,30708.0,30694.75,30701.25,826,2026-09-24T16:48:21+00:00
2026-09-23T14:43:00Z,30701.5,30709.25,30691.75,30706.25,863,2026-09-24T16:48:21+00:00
2026-09-23T14:44:00Z,30706.75,30722.75,30704.25,30718.75,1201,2026-09-24T16:48:21+00:00
2026-09-23T14:45:00Z,30720.0,30739.5,30720.0,30731.25,1418,2026-09-24T16:48:21+00:00
2026-09-23T14:46:00Z,30731.25,30738.75,30719.25,30731.75,1287,2026-09-24T16:48:21+00:00
2026-09-23T14:47:00Z,30732.75,30738.5,30722.25,30722.75,1070,2026-09-24T16:48:21+00:00
2026-09-23T14:48:00Z,30725.25,30737.75,30722.75,30728.5,971,2026-09-24T16:48:21+00:00
2026-09-23T14:49:00Z,30728.75,30738.75,30726.5,30732.75,762,2026-09-24T16:48:21+00:00
2026-09-23T14:50:00Z,30732.5,30739.25,30714.5,30716.25,1139,2026-09-24T16:48:21+00:00
2026-09-23T14:51:00Z,30716.5,30768.0,30713.25,30747.0,3596,2026-09-24T16:48:21+00:00
2026-09-23T14:52:00Z,30747.5,30764.5,30740.5,30763.0,2027,2026-09-24T16:48:21+00:00
2026-09-23T14:53:00Z,30764.25,30819.75,30764.25,30817.0,4467,2026-09-24T16:48:21+00:00
2026-09-23T14:54:00Z,30817.25,30825.25,30799.25,30812.75,3037,2026-09-24T16:48:21+00:00
2026-09-23T14:55:00Z,30812.75,30824.0,30780.5,30813.5,3199,2026-09-24T16:48:21+00:00
2026-09-23T14:56:00Z,30814.25,30817.5,30808.0,30809.75,1122,2026-09-24T16:48:21+00:00
2026-09-23T14:57:00Z,30810.25,30824.5,30800.75,30819.5,1883,2026-09-24T16:48:21+00:00
2026-09-23T14:58:00Z,30820.0,30820.75,30810.75,30812.75,907,2026-09-24T16:48:21+00:00
2026-09-23T14:59:00Z,30812.5,30826.25,30811.5,30822.5,951,2026-09-24T16:48:21+00:00
2026-09-23T15:00:00Z,30823.25,30824.75,30803.75,30814.0,1671,2026-09-24T16:48:21+00:00
2026-09-23T15:01:00Z,30813.5,30827.75,30812.25,30816.0,1500,2026-09-24T16:48:21+00:00
2026-09-23T15:02:00Z,30816.5,30820.5,30804.75,30806.5,1139,2026-09-24T16:48:21+00:00
2026-09-23T15:03:00Z,30806.0,30810.0,30793.75,30804.5,1448,2026-09-24T16:48:21+00:00
2026-09-23T15:04:00Z,30804.25,30806.75,30794.75,30803.5,784,2026-09-24T16:48:21+00:00
2026-09-23T15:05:00Z,30803.5,30805.5,30793.0,30795.5,859,2026-09-24T16:48:21+00:00
2026-09-23T15:06:00Z,30795.5,30802.75,30790.5,30795.25,886,2026-09-24T16:48:21+00:00
2026-09-23T15:07:00Z,30796.25,30811.5,30795.0,30804.75,825,2026-09-24T16:48:21+00:00
2026-09-23T15:08:00Z,30804.75,30814.0,30804.5,30812.25,567,2026-09-24T16:48:21+00:00
2026-09-23T15:09:00Z,30811.75,30812.0,30803.0,30803.0,492,2026-09-24T16:48:21+00:00
2026-09-23T15:10:00Z,30803.75,30805.25,30795.75,30799.5,704,2026-09-24T16:48:21+00:00
2026-09-23T15:11:00Z,30799.25,30802.25,30787.0,30792.25,756,2026-09-24T16:48:21+00:00
2026-09-23T15:12:00Z,30793.0,30801.5,30784.25,30800.5,1097,2026-09-24T16:48:21+00:00
2026-09-23T15:13:00Z,30800.5,30800.75,30782.5,30788.25,1169,2026-09-24T16:48:21+00:00
2026-09-23T15:14:00Z,30788.75,30792.5,30784.25,30787.5,789,2026-09-24T16:48:21+00:00
2026-09-23T15:15:00Z,30788.25,30800.25,30787.75,30794.5,793,2026-09-24T16:48:21+00:00
2026-09-23T15:16:00Z,30794.25,30797.75,30779.5,30785.25,883,2026-09-24T16:48:21+00:00
2026-09-23T15:17:00Z,30785.25,30785.25,30755.0,30768.0,1853,2026-09-24T16:48:21+00:00
2026-09-23T15:18:00Z,30768.0,30776.75,30766.25,30772.0,780,2026-09-24T16:48:21+00:00
2026-09-23T15:19:00Z,30772.0,30792.0,30771.75,30785.25,966,2026-09-24T16:48:21+00:00
2026-09-23T15:20:00Z,30785.75,30791.0,30780.5,30783.25,826,2026-09-24T16:48:21+00:00
2026-09-23T15:21:00Z,30783.5,30802.25,30779.5,30799.75,1223,2026-09-24T16:48:21+00:00
2026-09-23T15:22:00Z,30800.0,30817.75,30799.75,30812.5,1556,2026-09-24T16:48:21+00:00
2026-09-23T15:23:00Z,30813.0,30816.25,30804.0,30809.75,883,2026-09-24T16:48:21+00:00
2026-09-23T15:24:00Z,30809.75,30814.0,30802.75,30808.75,622,2026-09-24T16:48:21+00:00
2026-09-23T15:25:00Z,30807.5,30814.5,30803.75,30812.25,678,2026-09-24T16:48:21+00:00
2026-09-23T15:26:00Z,30812.75,30817.5,30802.25,30809.5,834,2026-09-24T16:48:21+00:00
2026-09-23T15:27:00Z,30809.75,30810.25,30797.5,30803.5,790,2026-09-24T16:48:21+00:00
2026-09-23T15:28:00Z,30803.25,30803.25,30778.0,30779.75,1356,2026-09-24T16:48:21+00:00
2026-09-23T15:29:00Z,30780.75,30781.0,30768.75,30773.25,1224,2026-09-24T16:48:21+00:00
2026-09-23T15:30:00Z,30772.75,30774.0,30764.0,30770.0,1373,2026-09-24T16:48:21+00:00
2026-09-23T15:31:00Z,30770.0,30780.25,30766.75,30773.5,948,2026-09-24T16:48:21+00:00
2026-09-23T15:32:00Z,30774.5,30780.0,30765.5,30767.25,754,2026-09-24T16:48:21+00:00
2026-09-23T15:33:00Z,30767.75,30777.5,30764.25,30773.5,828,2026-09-24T16:48:21+00:00
2026-09-23T15:34:00Z,30773.5,30782.25,30769.75,30769.75,642,2026-09-24T16:48:21+00:00
2026-09-23T15:35:00Z,30769.75,30778.0,30760.0,30773.25,895,2026-09-24T16:48:21+00:00
2026-09-23T15:36:00Z,30773.25,30777.0,30761.5,30763.5,824,2026-09-24T16:48:21+00:00
2026-09-23T15:37:00Z,30762.75,30766.5,30758.0,30765.75,481,2026-09-24T16:48:21+00:00
2026-09-23T15:38:00Z,30765.5,30774.0,30765.0,30768.75,499,2026-09-24T16:48:21+00:00
2026-09-23T15:39:00Z,30769.0,30777.0,30760.75,30766.25,510,2026-09-24T16:48:21+00:00
2026-09-23T15:40:00Z,30766.0,30766.0,30759.75,30763.25,429,2026-09-24T16:48:21+00:00
2026-09-23T15:41:00Z,30763.25,30765.75,30754.0,30756.75,635,2026-09-24T16:48:21+00:00
2026-09-23T15:42:00Z,30756.75,30768.0,30756.5,30767.75,579,2026-09-24T16:48:21+00:00
2026-09-23T15:43:00Z,30768.25,30779.75,30761.5,30779.0,866,2026-09-24T16:48:21+00:00
2026-09-23T15:44:00Z,30778.75,30784.0,30773.75,30780.25,886,2026-09-24T16:48:21+00:00
2026-09-23T15:45:00Z,30781.25,30786.0,30775.0,30779.25,846,2026-09-24T16:48:21+00:00
2026-09-23T15:46:00Z,30779.5,30783.5,30772.5,30777.0,676,2026-09-24T16:48:21+00:00
2026-09-23T15:47:00Z,30777.0,30777.5,30749.75,30756.5,1256,2026-09-24T16:48:21+00:00
2026-09-23T15:48:00Z,30756.5,30762.75,30735.0,30741.0,2304,2026-09-24T16:48:21+00:00
2026-09-23T15:49:00Z,30740.5,30744.5,30732.25,30739.75,1436,2026-09-24T16:48:21+00:00
2026-09-23T15:50:00Z,30740.25,30745.25,30735.75,30741.5,941,2026-09-24T16:48:21+00:00
2026-09-23T15:51:00Z,30741.25,30742.25,30723.25,30729.25,1296,2026-09-24T16:48:21+00:00
2026-09-23T15:52:00Z,30729.0,30749.25,30727.75,30736.0,1000,2026-09-24T16:48:21+00:00
2026-09-23T15:53:00Z,30737.0,30741.0,30727.75,30741.0,580,2026-09-24T16:48:21+00:00
2026-09-23T15:54:00Z,30740.0,30754.0,30739.0,30753.0,687,2026-09-24T16:48:21+00:00
2026-09-23T15:55:00Z,30753.5,30757.25,30748.0,30748.5,713,2026-09-24T16:48:21+00:00
2026-09-23T15:56:00Z,30748.75,30749.75,30737.5,30741.25,877,2026-09-24T16:48:21+00:00
2026-09-23T15:57:00Z,30741.5,30743.25,30737.0,30738.25,454,2026-09-24T16:48:21+00:00
2026-09-23T15:58:00Z,30738.75,30747.5,30738.25,30741.75,552,2026-09-24T16:48:21+00:00
2026-09-23T15:59:00Z,30741.75,30748.25,30738.5,30746.5,449,2026-09-24T16:48:21+00:00
2026-09-23T16:00:00Z,30747.0,30748.0,30736.25,30736.75,673,2026-09-24T16:48:21+00:00
2026-09-23T16:01:00Z,30737.75,30739.75,30729.0,30733.5,647,2026-09-24T16:48:21+00:00
2026-09-23T16:02:00Z,30733.75,30737.25,30731.0,30732.0,326,2026-09-24T16:48:21+00:00
2026-09-23T16:03:00Z,30733.0,30735.0,30726.75,30735.0,524,2026-09-24T16:48:21+00:00
2026-09-23T16:04:00Z,30735.0,30744.5,30732.25,30740.75,485,2026-09-24T16:48:21+00:00
2026-09-23T16:05:00Z,30740.25,30740.5,30733.0,30736.25,377,2026-09-24T16:48:21+00:00
2026-09-23T16:06:00Z,30736.0,30744.75,30730.25,30732.5,497,2026-09-24T16:48:21+00:00
2026-09-23T16:07:00Z,30732.5,30745.25,30731.75,30741.25,442,2026-09-24T16:48:21+00:00
2026-09-23T16:08:00Z,30741.25,30751.0,30741.25,30746.75,921,2026-09-24T16:48:21+00:00
2026-09-23T16:09:00Z,30746.25,30748.75,30740.75,30745.25,378,2026-09-24T16:48:21+00:00
2026-09-23T16:10:00Z,30745.25,30748.5,30740.0,30745.0,308,2026-09-24T16:48:21+00:00
2026-09-23T16:11:00Z,30743.5,30744.5,30738.5,30744.0,319,2026-09-24T16:48:21+00:00
2026-09-23T16:12:00Z,30744.0,30751.0,30740.75,30744.75,446,2026-09-24T16:48:21+00:00
2026-09-23T16:13:00Z,30744.5,30745.0,30739.75,30744.25,228,2026-09-24T16:48:21+00:00
2026-09-23T16:14:00Z,30743.25,30747.25,30737.5,30744.75,357,2026-09-24T16:48:21+00:00
2026-09-23T16:15:00Z,30744.25,30754.75,30740.0,30752.75,669,2026-09-24T16:48:21+00:00
2026-09-23T16:16:00Z,30752.25,30756.25,30742.0,30743.0,698,2026-09-24T16:48:21+00:00
2026-09-23T16:17:00Z,30742.5,30744.5,30733.25,30738.5,747,2026-09-24T16:48:21+00:00
2026-09-23T16:18:00Z,30738.5,30740.25,30729.0,30734.25,637,2026-09-24T16:48:21+00:00
2026-09-23T16:19:00Z,30734.25,30738.5,30726.0,30738.0,615,2026-09-24T16:48:21+00:00
2026-09-23T16:20:00Z,30737.5,30738.0,30719.75,30725.5,899,2026-09-24T16:48:21+00:00
2026-09-23T16:21:00Z,30726.25,30726.25,30718.5,30721.5,508,2026-09-24T16:48:21+00:00
2026-09-23T16:22:00Z,30721.0,30728.25,30715.5,30727.0,528,2026-09-24T16:48:21+00:00
2026-09-23T16:23:00Z,30727.0,30729.25,30720.5,30724.5,653,2026-09-24T16:48:21+00:00
2026-09-23T16:24:00Z,30724.0,30730.75,30718.5,30725.5,473,2026-09-24T16:48:21+00:00
2026-09-23T16:25:00Z,30726.25,30735.5,30724.5,30735.0,450,2026-09-24T16:48:21+00:00
2026-09-23T16:26:00Z,30735.0,30735.0,30718.75,30721.0,486,2026-09-24T16:48:21+00:00
2026-09-23T16:27:00Z,30721.75,30727.75,30720.75,30725.25,360,2026-09-24T16:48:21+00:00
2026-09-23T16:28:00Z,30725.75,30726.75,30719.5,30725.0,313,2026-09-24T16:48:21+00:00
2026-09-23T16:29:00Z,30725.25,30728.25,30721.75,30723.5,301,2026-09-24T16:48:21+00:00
2026-09-23T16:30:00Z,30723.75,30742.0,30723.75,30740.75,705,2026-09-24T16:48:21+00:00
2026-09-23T16:31:00Z,30741.25,30746.5,30736.25,30745.5,643,2026-09-24T16:48:21+00:00
2026-09-23T16:32:00Z,30744.75,30751.5,30742.25,30745.5,755,2026-09-24T16:48:21+00:00
2026-09-23T16:33:00Z,30745.5,30748.25,30740.25,30744.25,550,2026-09-24T16:48:21+00:00
2026-09-23T16:34:00Z,30744.75,30745.0,30738.5,30741.5,365,2026-09-24T16:48:21+00:00
2026-09-23T16:35:00Z,30742.0,30748.75,30736.75,30739.5,640,2026-09-24T16:48:21+00:00
2026-09-23T16:36:00Z,30740.5,30746.25,30740.0,30745.0,376,2026-09-24T16:48:21+00:00
2026-09-23T16:37:00Z,30745.25,30746.0,30733.75,30736.25,546,2026-09-24T16:48:21+00:00
2026-09-23T16:38:00Z,30736.25,30739.5,30730.75,30733.0,364,2026-09-24T16:48:21+00:00
2026-09-23T16:39:00Z,30733.25,30733.25,30725.0,30727.75,550,2026-09-24T16:48:21+00:00
2026-09-23T16:40:00Z,30728.0,30729.25,30717.25,30717.25,656,2026-09-24T16:48:21+00:00
2026-09-23T16:41:00Z,30717.25,30718.0,30708.75,30713.5,1054,2026-09-24T16:48:21+00:00
2026-09-23T16:42:00Z,30713.25,30718.25,30707.5,30707.75,678,2026-09-24T16:48:21+00:00
2026-09-23T16:43:00Z,30708.5,30710.25,30705.0,30707.0,682,2026-09-24T16:48:21+00:00
2026-09-23T16:44:00Z,30706.75,30708.25,30695.25,30695.25,1190,2026-09-24T16:48:21+00:00
2026-09-23T16:45:00Z,30695.0,30707.5,30687.75,30700.5,2020,2026-09-24T16:48:21+00:00
2026-09-23T16:46:00Z,30700.5,30712.0,30698.75,30710.25,1421,2026-09-24T16:48:21+00:00
2026-09-23T16:47:00Z,30710.75,30721.0,30708.0,30709.5,1002,2026-09-24T16:48:21+00:00
2026-09-23T16:48:00Z,30709.0,30709.0,30701.75,30707.5,522,2026-09-24T16:48:21+00:00
2026-09-23T16:49:00Z,30707.75,30708.25,30690.5,30695.5,673,2026-09-24T16:48:21+00:00
2026-09-23T16:50:00Z,30695.5,30695.5,30677.25,30681.75,1486,2026-09-24T16:48:21+00:00
2026-09-23T16:51:00Z,30681.5,30682.5,30667.75,30674.25,1520,2026-09-24T16:48:21+00:00
2026-09-23T16:52:00Z,30675.75,30686.75,30672.25,30680.25,997,2026-09-24T16:48:21+00:00
2026-09-23T16:53:00Z,30680.5,30681.5,30670.75,30676.75,869,2026-09-24T16:48:21+00:00
2026-09-23T16:54:00Z,30676.0,30681.25,30671.25,30671.5,578,2026-09-24T16:48:21+00:00
2026-09-23T16:55:00Z,30671.75,30685.25,30668.25,30679.25,831,2026-09-24T16:48:21+00:00
2026-09-23T16:56:00Z,30679.25,30685.25,30673.75,30683.75,586,2026-09-24T16:48:21+00:00
2026-09-23T16:57:00Z,30684.25,30693.0,30674.75,30676.0,930,2026-09-24T16:48:21+00:00
2026-09-23T16:58:00Z,30676.5,30690.0,30673.25,30688.0,758,2026-09-24T16:48:21+00:00
2026-09-23T16:59:00Z,30687.75,30696.0,30686.75,30686.75,580,2026-09-24T16:48:21+00:00
2026-09-23T17:00:00Z,30687.5,30702.0,30686.25,30700.0,1175,2026-09-24T16:48:21+00:00
2026-09-23T17:01:00Z,30700.5,30709.25,30696.25,30704.5,929,2026-09-24T16:48:21+00:00
2026-09-23T17:02:00Z,30703.75,30704.75,30659.75,30662.0,2594,2026-09-24T16:48:21+00:00
2026-09-23T17:03:00Z,30661.75,30672.0,30648.75,30652.5,1562,2026-09-24T16:48:21+00:00
2026-09-23T17:04:00Z,30652.5,30661.0,30646.5,30658.5,1120,2026-09-24T16:48:21+00:00
2026-09-23T17:05:00Z,30659.0,30674.25,30657.25,30667.5,1122,2026-09-24T16:48:21+00:00
2026-09-23T17:06:00Z,30666.5,30671.25,30653.25,30662.5,858,2026-09-24T16:48:21+00:00
2026-09-23T17:07:00Z,30663.25,30669.0,30658.75,30660.0,534,2026-09-24T16:48:21+00:00
2026-09-23T17:08:00Z,30660.0,30669.75,30658.75,30668.0,598,2026-09-24T16:48:21+00:00
2026-09-23T17:09:00Z,30669.25,30682.0,30664.0,30676.5,821,2026-09-24T16:48:21+00:00
2026-09-23T17:10:00Z,30676.5,30679.25,30663.25,30666.25,830,2026-09-24T16:48:21+00:00
2026-09-23T17:11:00Z,30666.5,30677.75,30656.5,30657.0,804,2026-09-24T16:48:21+00:00
2026-09-23T17:12:00Z,30657.25,30665.5,30656.25,30663.5,819,2026-09-24T16:48:21+00:00
2026-09-23T17:13:00Z,30663.5,30668.25,30657.5,30667.0,663,2026-09-24T16:48:21+00:00
2026-09-23T17:14:00Z,30667.25,30673.75,30662.75,30670.75,559,2026-09-24T16:48:21+00:00
2026-09-23T17:15:00Z,30669.75,30686.5,30665.5,30684.25,868,2026-09-24T16:48:21+00:00
2026-09-23T17:16:00Z,30684.5,30687.0,30677.25,30684.25,678,2026-09-24T16:48:21+00:00
2026-09-23T17:17:00Z,30684.25,30699.25,30680.25,30694.75,832,2026-09-24T16:48:21+00:00
2026-09-23T17:18:00Z,30695.0,30705.75,30694.25,30704.5,927,2026-09-24T16:48:21+00:00
2026-09-23T17:19:00Z,30705.25,30724.75,30703.0,30722.25,1340,2026-09-24T16:48:21+00:00
2026-09-23T17:20:00Z,30723.0,30724.75,30712.5,30715.5,952,2026-09-24T16:48:21+00:00
2026-09-23T17:21:00Z,30716.75,30721.0,30706.25,30708.0,822,2026-09-24T16:48:21+00:00
2026-09-23T17:22:00Z,30708.5,30722.5,30706.0,30717.0,655,2026-09-24T16:48:21+00:00
2026-09-23T17:23:00Z,30716.75,30720.25,30702.0,30704.25,716,2026-09-24T16:48:21+00:00
2026-09-23T17:24:00Z,30703.5,30703.75,30681.5,30681.5,1090,2026-09-24T16:48:21+00:00
2026-09-23T17:25:00Z,30681.5,30691.0,30677.5,30687.0,881,2026-09-24T16:48:21+00:00
2026-09-23T17:26:00Z,30687.5,30691.0,30678.5,30688.5,574,2026-09-24T16:48:21+00:00
2026-09-23T17:27:00Z,30688.5,30688.5,30681.5,30683.25,343,2026-09-24T16:48:21+00:00
2026-09-23T17:28:00Z,30683.75,30688.25,30679.25,30681.75,587,2026-09-24T16:48:21+00:00
2026-09-23T17:29:00Z,30682.0,30685.25,30676.0,30681.75,535,2026-09-24T16:48:21+00:00
2026-09-23T17:30:00Z,30682.0,30682.0,30671.25,30680.0,761,2026-09-24T16:48:21+00:00
2026-09-23T17:31:00Z,30679.5,30689.25,30673.5,30689.0,804,2026-09-24T16:48:21+00:00
2026-09-23T17:32:00Z,30688.5,30690.0,30673.75,30688.75,622,2026-09-24T16:48:21+00:00
2026-09-23T17:33:00Z,30688.75,30704.75,30684.25,30699.25,890,2026-09-24T16:48:21+00:00
2026-09-23T17:34:00Z,30699.25,30702.75,30697.0,30700.5,521,2026-09-24T16:48:21+00:00
2026-09-23T17:35:00Z,30700.0,30701.0,30689.25,30690.5,546,2026-09-24T16:48:21+00:00
2026-09-23T17:36:00Z,30689.75,30696.0,30686.25,30695.0,496,2026-09-24T16:48:21+00:00
2026-09-23T17:37:00Z,30695.5,30705.75,30694.0,30702.0,547,2026-09-24T16:48:21+00:00
2026-09-23T17:38:00Z,30702.0,30705.75,30697.25,30700.5,375,2026-09-24T16:48:21+00:00
2026-09-23T17:39:00Z,30700.75,30703.5,30692.0,30696.0,503,2026-09-24T16:48:21+00:00
2026-09-23T17:40:00Z,30696.25,30714.75,30685.25,30700.0,1934,2026-09-24T16:48:21+00:00
2026-09-23T17:41:00Z,30700.5,30721.25,30694.75,30712.25,1302,2026-09-24T16:48:21+00:00
2026-09-23T17:42:00Z,30712.75,30732.5,30711.0,30730.75,1249,2026-09-24T16:48:21+00:00
2026-09-23T17:43:00Z,30731.0,30756.25,30731.0,30752.75,1708,2026-09-24T16:48:21+00:00
2026-09-23T17:44:00Z,30753.0,30756.25,30744.75,30748.5,925,2026-09-24T16:48:21+00:00
2026-09-23T17:45:00Z,30748.25,30754.5,30741.5,30751.75,1126,2026-09-24T16:48:21+00:00
2026-09-23T17:46:00Z,30751.75,30764.25,30750.25,30751.0,1105,2026-09-24T16:48:21+00:00
2026-09-23T17:47:00Z,30751.0,30755.0,30744.0,30747.25,784,2026-09-24T16:48:21+00:00
2026-09-23T17:48:00Z,30747.25,30748.5,30736.25,30745.75,1022,2026-09-24T16:48:21+00:00
2026-09-23T17:49:00Z,30745.75,30753.25,30744.0,30750.5,538,2026-09-24T16:48:21+00:00
2026-09-23T17:50:00Z,30750.5,30758.25,30746.75,30752.25,524,2026-09-24T16:48:21+00:00
2026-09-23T17:51:00Z,30752.25,30755.5,30747.0,30750.0,418,2026-09-24T16:48:21+00:00
2026-09-23T17:52:00Z,30750.5,30754.25,30746.0,30753.5,336,2026-09-24T16:48:21+00:00
2026-09-23T17:53:00Z,30753.75,30759.5,30746.0,30748.75,501,2026-09-24T16:48:21+00:00
2026-09-23T17:54:00Z,30748.5,30757.25,30740.25,30752.5,673,2026-09-24T16:48:21+00:00
2026-09-23T17:55:00Z,30752.75,30756.0,30748.5,30750.0,366,2026-09-24T16:48:21+00:00
2026-09-23T17:56:00Z,30750.25,30756.75,30748.0,30753.25,383,2026-09-24T16:48:21+00:00
2026-09-23T17:57:00Z,30754.0,30766.5,30750.0,30765.75,721,2026-09-24T16:48:21+00:00
2026-09-23T17:58:00Z,30765.5,30770.0,30765.25,30768.75,585,2026-09-24T16:48:21+00:00
2026-09-23T17:59:00Z,30768.25,30774.5,30766.25,30771.0,748,2026-09-24T16:48:21+00:00
2026-09-23T18:00:00Z,30771.0,30772.0,30762.25,30767.5,850,2026-09-24T16:48:21+00:00
2026-09-23T18:01:00Z,30767.0,30767.75,30757.25,30760.75,759,2026-09-24T16:48:21+00:00
2026-09-23T18:02:00Z,30761.5,30762.25,30750.0,30752.75,857,2026-09-24T16:48:21+00:00
2026-09-23T18:03:00Z,30752.75,30752.75,30740.25,30743.0,774,2026-09-24T16:48:21+00:00
2026-09-23T18:04:00Z,30742.5,30742.5,30727.75,30730.25,725,2026-09-24T16:48:21+00:00
2026-09-23T18:05:00Z,30729.75,30738.0,30725.0,30737.75,796,2026-09-24T16:48:21+00:00
2026-09-23T18:06:00Z,30737.75,30748.5,30736.25,30742.0,957,2026-09-24T16:48:21+00:00
2026-09-23T18:07:00Z,30741.0,30744.75,30738.5,30742.75,390,2026-09-24T16:48:21+00:00
2026-09-23T18:08:00Z,30742.75,30746.5,30740.75,30742.75,377,2026-09-24T16:48:21+00:00
2026-09-23T18:09:00Z,30742.0,30743.5,30734.25,30739.0,368,2026-09-24T16:48:21+00:00
2026-09-23T18:10:00Z,30739.5,30747.25,30736.5,30737.0,407,2026-09-24T16:48:21+00:00
2026-09-23T18:11:00Z,30737.25,30743.75,30737.25,30740.0,385,2026-09-24T16:48:21+00:00
2026-09-23T18:12:00Z,30741.0,30742.0,30736.25,30741.75,288,2026-09-24T16:48:21+00:00
2026-09-23T18:13:00Z,30741.5,30746.25,30739.0,30743.25,512,2026-09-24T16:48:21+00:00
2026-09-23T18:14:00Z,30742.75,30747.25,30740.25,30745.0,314,2026-09-24T16:48:21+00:00
2026-09-23T18:15:00Z,30745.5,30753.5,30740.5,30751.75,619,2026-09-24T16:48:21+00:00
2026-09-23T18:16:00Z,30751.25,30758.75,30748.0,30749.25,744,2026-09-24T16:48:21+00:00
2026-09-23T18:17:00Z,30749.5,30759.25,30748.75,30758.75,655,2026-09-24T16:48:21+00:00
2026-09-23T18:18:00Z,30758.5,30768.5,30757.25,30767.75,708,2026-09-24T16:48:21+00:00
2026-09-23T18:19:00Z,30767.75,30769.0,30758.0,30760.0,462,2026-09-24T16:48:21+00:00
2026-09-23T18:20:00Z,30759.5,30762.5,30755.0,30758.5,501,2026-09-24T16:48:21+00:00
2026-09-23T18:21:00Z,30758.5,30759.0,30746.0,30750.5,692,2026-09-24T16:48:21+00:00
2026-09-23T18:22:00Z,30751.0,30755.25,30750.25,30753.0,347,2026-09-24T16:48:21+00:00
2026-09-23T18:23:00Z,30754.0,30760.0,30746.75,30756.5,469,2026-09-24T16:48:21+00:00
2026-09-23T18:24:00Z,30756.5,30761.75,30755.75,30760.0,320,2026-09-24T16:48:21+00:00
2026-09-23T18:25:00Z,30760.75,30764.0,30754.0,30754.5,397,2026-09-24T16:48:21+00:00
2026-09-23T18:26:00Z,30754.75,30761.0,30754.25,30755.75,332,2026-09-24T16:48:21+00:00
2026-09-23T18:27:00Z,30755.5,30765.0,30755.5,30757.75,395,2026-09-24T16:48:21+00:00
2026-09-23T18:28:00Z,30757.5,30759.0,30752.5,30756.0,672,2026-09-24T16:48:21+00:00
2026-09-23T18:29:00Z,30756.0,30759.5,30750.25,30755.25,304,2026-09-24T16:48:21+00:00
2026-09-23T18:30:00Z,30755.0,30758.0,30744.5,30746.5,553,2026-09-24T16:48:21+00:00
2026-09-23T18:31:00Z,30746.25,30748.5,30740.5,30745.75,591,2026-09-24T16:48:21+00:00
2026-09-23T18:32:00Z,30745.25,30750.0,30742.5,30749.5,301,2026-09-24T16:48:21+00:00
2026-09-23T18:33:00Z,30749.5,30750.0,30744.25,30746.0,238,2026-09-24T16:48:21+00:00
2026-09-23T18:34:00Z,30746.0,30753.5,30739.25,30747.5,442,2026-09-24T16:48:21+00:00
2026-09-23T18:35:00Z,30748.0,30754.5,30747.25,30751.5,294,2026-09-24T16:48:21+00:00
2026-09-23T18:36:00Z,30751.0,30753.75,30745.5,30746.5,274,2026-09-24T16:48:21+00:00
2026-09-23T18:37:00Z,30746.25,30746.5,30735.0,30735.75,463,2026-09-24T16:48:21+00:00
2026-09-23T18:38:00Z,30736.25,30737.25,30727.25,30732.25,778,2026-09-24T16:48:21+00:00
2026-09-23T18:39:00Z,30731.5,30736.0,30728.5,30732.5,462,2026-09-24T16:48:21+00:00
2026-09-23T18:40:00Z,30733.0,30741.75,30732.25,30740.0,429,2026-09-24T16:48:21+00:00
2026-09-23T18:41:00Z,30740.0,30744.25,30733.75,30736.25,406,2026-09-24T16:48:21+00:00
2026-09-23T18:42:00Z,30736.5,30745.75,30736.0,30743.75,373,2026-09-24T16:48:21+00:00
2026-09-23T18:43:00Z,30744.75,30752.25,30744.5,30750.0,489,2026-09-24T16:48:21+00:00
2026-09-23T18:44:00Z,30749.25,30750.75,30745.75,30747.5,371,2026-09-24T16:48:21+00:00
2026-09-23T18:45:00Z,30747.75,30748.75,30743.25,30746.0,282,2026-09-24T16:48:21+00:00
2026-09-23T18:46:00Z,30745.75,30748.5,30741.0,30742.5,389,2026-09-24T16:48:21+00:00
2026-09-23T18:47:00Z,30742.25,30749.25,30742.25,30745.75,283,2026-09-24T16:48:21+00:00
2026-09-23T18:48:00Z,30745.75,30757.25,30743.75,30756.75,562,2026-09-24T16:48:21+00:00
2026-09-23T18:49:00Z,30757.0,30763.25,30756.0,30762.0,498,2026-09-24T16:48:21+00:00
2026-09-23T18:50:00Z,30761.75,30768.5,30756.75,30757.75,792,2026-09-24T16:48:21+00:00
2026-09-23T18:51:00Z,30757.75,30760.5,30755.5,30759.0,405,2026-09-24T16:48:21+00:00
2026-09-23T18:52:00Z,30758.75,30759.5,30745.5,30748.5,677,2026-09-24T16:48:21+00:00
2026-09-23T18:53:00Z,30748.0,30755.0,30746.5,30754.25,354,2026-09-24T16:48:21+00:00
2026-09-23T18:54:00Z,30753.25,30753.5,30746.0,30749.75,474,2026-09-24T16:48:21+00:00
2026-09-23T18:55:00Z,30749.25,30761.75,30748.0,30761.25,467,2026-09-24T16:48:21+00:00
2026-09-23T18:56:00Z,30761.5,30763.5,30759.0,30762.5,434,2026-09-24T16:48:21+00:00
2026-09-23T18:57:00Z,30762.5,30764.0,30757.75,30763.75,377,2026-09-24T16:48:21+00:00
2026-09-23T18:58:00Z,30764.25,30765.75,30760.75,30763.75,456,2026-09-24T16:48:21+00:00
2026-09-23T18:59:00Z,30763.75,30766.75,30760.0,30762.0,383,2026-09-24T16:48:21+00:00
2026-09-23T19:00:00Z,30762.25,30763.5,30752.5,30762.0,582,2026-09-24T16:48:21+00:00
2026-09-23T19:01:00Z,30762.75,30767.25,30759.25,30761.25,445,2026-09-24T16:48:21+00:00
2026-09-23T19:02:00Z,30760.75,30763.5,30755.75,30758.75,333,2026-09-24T16:48:21+00:00
2026-09-23T19:03:00Z,30757.5,30759.25,30742.25,30743.75,633,2026-09-24T16:48:21+00:00
2026-09-23T19:04:00Z,30743.5,30748.25,30742.5,30743.75,438,2026-09-24T16:48:21+00:00
2026-09-23T19:05:00Z,30743.75,30751.0,30741.0,30749.25,519,2026-09-24T16:48:21+00:00
2026-09-23T19:06:00Z,30749.0,30763.75,30746.0,30763.25,843,2026-09-24T16:48:21+00:00
2026-09-23T19:07:00Z,30763.0,30780.5,30761.5,30776.0,1264,2026-09-24T16:48:21+00:00
2026-09-23T19:08:00Z,30775.75,30782.5,30773.5,30779.25,746,2026-09-24T16:48:21+00:00
2026-09-23T19:09:00Z,30779.25,30781.0,30765.5,30769.75,806,2026-09-24T16:48:21+00:00
2026-09-23T19:10:00Z,30770.5,30774.5,30766.75,30768.5,408,2026-09-24T16:48:21+00:00
2026-09-23T19:11:00Z,30768.75,30773.5,30766.25,30769.75,309,2026-09-24T16:48:21+00:00
2026-09-23T19:12:00Z,30770.0,30772.25,30757.75,30760.25,550,2026-09-24T16:48:21+00:00
2026-09-23T19:13:00Z,30760.75,30762.75,30753.5,30762.0,556,2026-09-24T16:48:21+00:00
2026-09-23T19:14:00Z,30762.75,30764.0,30760.0,30762.75,338,2026-09-24T16:48:21+00:00
2026-09-23T19:15:00Z,30762.75,30765.5,30748.5,30748.75,526,2026-09-24T16:48:21+00:00
2026-09-23T19:16:00Z,30749.0,30749.25,30741.25,30745.25,750,2026-09-24T16:48:21+00:00
2026-09-23T19:17:00Z,30745.5,30748.25,30742.5,30747.75,463,2026-09-24T16:48:21+00:00
2026-09-23T19:18:00Z,30748.0,30756.0,30746.0,30755.0,425,2026-09-24T16:48:21+00:00
2026-09-23T19:19:00Z,30754.5,30757.5,30750.0,30751.25,401,2026-09-24T16:48:21+00:00
2026-09-23T19:20:00Z,30750.75,30750.75,30743.5,30746.75,498,2026-09-24T16:48:21+00:00
2026-09-23T19:21:00Z,30746.75,30748.75,30741.75,30747.25,452,2026-09-24T16:48:21+00:00
2026-09-23T19:22:00Z,30747.25,30748.25,30744.25,30745.5,230,2026-09-24T16:48:21+00:00
2026-09-23T19:23:00Z,30746.25,30751.25,30746.25,30747.0,324,2026-09-24T16:48:21+00:00
2026-09-23T19:24:00Z,30747.75,30750.25,30744.25,30749.75,328,2026-09-24T16:48:21+00:00
2026-09-23T19:25:00Z,30749.5,30757.5,30746.0,30747.0,604,2026-09-24T16:48:21+00:00
2026-09-23T19:26:00Z,30747.5,30753.75,30745.0,30746.25,524,2026-09-24T16:48:21+00:00
2026-09-23T19:27:00Z,30746.25,30754.75,30744.75,30751.5,427,2026-09-24T16:48:21+00:00
2026-09-23T19:28:00Z,30750.25,30755.5,30749.0,30751.25,378,2026-09-24T16:48:21+00:00
2026-09-23T19:29:00Z,30751.0,30754.25,30748.0,30753.75,459,2026-09-24T16:48:21+00:00
2026-09-23T19:30:00Z,30753.75,30760.25,30747.5,30753.0,1112,2026-09-24T16:48:21+00:00
2026-09-23T19:31:00Z,30752.75,30757.25,30749.25,30754.0,396,2026-09-24T16:48:21+00:00
2026-09-23T19:32:00Z,30753.75,30766.0,30753.0,30763.25,563,2026-09-24T16:48:21+00:00
2026-09-23T19:33:00Z,30763.25,30771.25,30760.5,30768.5,618,2026-09-24T16:48:21+00:00
2026-09-23T19:34:00Z,30768.5,30775.25,30768.0,30772.5,491,2026-09-24T16:48:21+00:00
2026-09-23T19:35:00Z,30772.25,30772.25,30759.25,30766.75,851,2026-09-24T16:48:21+00:00
2026-09-23T19:36:00Z,30766.5,30769.5,30764.0,30765.75,504,2026-09-24T16:48:21+00:00
2026-09-23T19:37:00Z,30764.75,30766.75,30758.75,30764.25,553,2026-09-24T16:48:21+00:00
2026-09-23T19:38:00Z,30764.75,30765.0,30756.75,30757.75,439,2026-09-24T16:48:21+00:00
2026-09-23T19:39:00Z,30757.25,30766.75,30756.75,30765.5,475,2026-09-24T16:48:21+00:00
2026-09-23T19:40:00Z,30765.5,30771.25,30763.75,30764.25,474,2026-09-24T16:48:21+00:00
2026-09-23T19:41:00Z,30764.5,30765.25,30755.25,30756.75,371,2026-09-24T16:48:21+00:00
2026-09-23T19:42:00Z,30755.75,30757.0,30737.0,30737.5,1114,2026-09-24T16:48:21+00:00
2026-09-23T19:43:00Z,30737.75,30741.25,30729.25,30741.25,1056,2026-09-24T16:48:21+00:00
2026-09-23T19:44:00Z,30741.25,30748.25,30738.25,30747.25,901,2026-09-24T16:48:21+00:00
2026-09-23T19:45:00Z,30746.75,30752.5,30743.75,30751.25,855,2026-09-24T16:48:21+00:00
2026-09-23T19:46:00Z,30750.75,30752.25,30742.75,30750.75,563,2026-09-24T16:48:21+00:00
2026-09-23T19:47:00Z,30751.0,30764.0,30750.5,30762.75,795,2026-09-24T16:48:21+00:00
2026-09-23T19:48:00Z,30763.25,30764.25,30757.5,30762.0,639,2026-09-24T16:48:21+00:00
2026-09-23T19:49:00Z,30762.25,30767.5,30759.75,30767.25,785,2026-09-24T16:48:21+00:00
2026-09-23T19:50:00Z,30767.5,30772.5,30724.5,30737.0,2474,2026-09-24T16:48:21+00:00
2026-09-23T19:51:00Z,30736.5,30742.5,30721.25,30723.5,1399,2026-09-24T16:48:21+00:00
2026-09-23T19:52:00Z,30723.5,30726.25,30710.0,30717.25,1931,2026-09-24T16:48:21+00:00
2026-09-23T19:53:00Z,30717.5,30734.5,30714.5,30733.5,1991,2026-09-24T16:48:21+00:00
2026-09-23T19:54:00Z,30733.5,30739.25,30719.25,30720.75,2638,2026-09-24T16:48:21+00:00
2026-09-23T19:55:00Z,30720.5,30756.5,30720.5,30746.25,2837,2026-09-24T16:48:21+00:00
2026-09-23T19:56:00Z,30746.25,30749.25,30736.5,30746.5,1761,2026-09-24T16:48:21+00:00
2026-09-23T19:57:00Z,30746.75,30763.5,30744.5,30755.75,1716,2026-09-24T16:48:21+00:00
2026-09-23T19:58:00Z,30755.75,30762.5,30752.75,30759.0,1640,2026-09-24T16:48:21+00:00
2026-09-23T19:59:00Z,30758.5,30779.5,30747.25,30770.5,10194,2026-09-24T16:48:21+00:00
2026-09-23T20:00:00Z,30770.0,30777.25,30766.25,30766.25,2254,2026-09-24T16:48:21+00:00
2026-09-23T20:01:00Z,30766.75,30771.75,30764.5,30767.25,775,2026-09-24T16:48:21+00:00
2026-09-23T20:02:00Z,30767.25,30770.0,30763.75,30766.25,563,2026-09-24T16:48:21+00:00
2026-09-23T20:03:00Z,30766.0,30769.25,30761.0,30765.5,377,2026-09-24T16:48:21+00:00
2026-09-23T20:04:00Z,30765.25,30766.0,30758.5,30761.75,321,2026-09-24T16:48:21+00:00
2026-09-23T20:05:00Z,30762.25,30764.0,30756.25,30760.75,351,2026-09-24T16:48:21+00:00
2026-09-23T20:06:00Z,30760.75,30761.5,30755.75,30756.5,314,2026-09-24T16:48:21+00:00
2026-09-23T20:07:00Z,30756.25,30759.0,30754.25,30756.75,322,2026-09-24T16:48:21+00:00
2026-09-23T20:08:00Z,30757.5,30758.75,30754.5,30756.0,222,2026-09-24T16:48:21+00:00
2026-09-23T20:09:00Z,30756.25,30763.5,30755.5,30761.5,245,2026-09-24T16:48:21+00:00
2026-09-23T20:10:00Z,30761.0,30763.25,30757.0,30759.5,173,2026-09-24T16:48:21+00:00
2026-09-23T20:11:00Z,30758.25,30762.5,30758.25,30760.0,130,2026-09-24T16:48:21+00:00
2026-09-23T20:12:00Z,30759.75,30764.25,30759.0,30761.0,202,2026-09-24T16:48:21+00:00
2026-09-23T20:13:00Z,30761.0,30761.5,30756.25,30757.75,152,2026-09-24T16:48:21+00:00
2026-09-23T20:14:00Z,30757.25,30758.25,30751.75,30753.25,234,2026-09-24T16:48:21+00:00
2026-09-23T20:15:00Z,30753.0,30754.0,30750.5,30754.0,120,2026-09-24T16:48:21+00:00
2026-09-23T20:16:00Z,30754.0,30756.5,30752.25,30753.25,123,2026-09-24T16:48:21+00:00
2026-09-23T20:17:00Z,30753.0,30757.75,30753.0,30757.25,68,2026-09-24T16:48:21+00:00
2026-09-23T20:18:00Z,30757.75,30760.0,30754.0,30759.5,100,2026-09-24T16:48:21+00:00
2026-09-23T20:19:00Z,30759.0,30760.0,30758.5,30759.75,37,2026-09-24T16:48:21+00:00
2026-09-23T20:20:00Z,30760.0,30761.5,30758.75,30759.75,54,2026-09-24T16:48:21+00:00
2026-09-23T20:21:00Z,30759.5,30763.5,30758.0,30762.0,102,2026-09-24T16:48:21+00:00
2026-09-23T20:22:00Z,30762.0,30763.0,30760.5,30761.5,60,2026-09-24T16:48:21+00:00
2026-09-23T20:23:00Z,30760.75,30764.75,30760.5,30762.25,58,2026-09-24T16:48:21+00:00
2026-09-23T20:24:00Z,30762.5,30763.75,30761.75,30762.75,54,2026-09-24T16:48:21+00:00
2026-09-23T20:25:00Z,30763.0,30763.75,30761.5,30762.25,45,2026-09-24T16:48:21+00:00
2026-09-23T20:26:00Z,30763.0,30765.0,30760.75,30763.5,61,2026-09-24T16:48:21+00:00
2026-09-23T20:27:00Z,30764.0,30765.0,30763.5,30764.0,30,2026-09-24T16:48:21+00:00
2026-09-23T20:28:00Z,30763.0,30763.5,30758.0,30758.5,90,2026-09-24T16:48:21+00:00
2026-09-23T20:29:00Z,30758.5,30764.0,30758.5,30764.0,46,2026-09-24T16:48:21+00:00
2026-09-23T20:30:00Z,30763.25,30766.0,30762.0,30766.0,62,2026-09-24T16:48:21+00:00
2026-09-23T20:31:00Z,30765.75,30766.75,30763.5,30765.75,104,2026-09-24T16:48:21+00:00
2026-09-23T20:32:00Z,30765.75,30768.75,30764.5,30765.0,109,2026-09-24T16:48:21+00:00
2026-09-23T20:33:00Z,30764.5,30764.5,30761.0,30761.75,62,2026-09-24T16:48:21+00:00
2026-09-23T20:34:00Z,30761.5,30762.5,30758.5,30761.0,94,2026-09-24T16:48:21+00:00
2026-09-23T20:35:00Z,30761.75,30763.0,30760.0,30760.5,55,2026-09-24T16:48:21+00:00
2026-09-23T20:36:00Z,30760.25,30762.5,30760.0,30762.0,41,2026-09-24T16:48:21+00:00
2026-09-23T20:37:00Z,30762.25,30768.75,30762.25,30768.25,123,2026-09-24T16:48:21+00:00
2026-09-23T20:38:00Z,30767.75,30770.5,30767.75,30770.25,62,2026-09-24T16:48:21+00:00
2026-09-23T20:39:00Z,30769.75,30773.0,30769.75,30770.5,132,2026-09-24T16:48:21+00:00
2026-09-23T20:40:00Z,30770.5,30774.0,30770.25,30771.75,72,2026-09-24T16:48:21+00:00
2026-09-23T20:41:00Z,30772.0,30773.75,30769.0,30771.5,163,2026-09-24T16:48:21+00:00
2026-09-23T20:42:00Z,30770.75,30772.0,30770.75,30771.5,77,2026-09-24T16:48:21+00:00
2026-09-23T20:43:00Z,30771.75,30771.75,30768.75,30771.0,89,2026-09-24T16:48:21+00:00
2026-09-23T20:44:00Z,30770.5,30775.0,30769.75,30774.0,124,2026-09-24T16:48:21+00:00
2026-09-23T20:45:00Z,30774.5,30777.0,30773.5,30774.0,124,2026-09-24T16:48:21+00:00
2026-09-23T20:46:00Z,30773.5,30774.25,30771.75,30773.75,29,2026-09-24T16:48:21+00:00
2026-09-23T20:47:00Z,30773.75,30773.75,30771.0,30771.75,76,2026-09-24T16:48:21+00:00
2026-09-23T20:48:00Z,30772.0,30772.0,30768.75,30768.75,30,2026-09-24T16:48:21+00:00
2026-09-23T20:49:00Z,30769.0,30772.0,30767.0,30768.75,101,2026-09-24T16:48:21+00:00
2026-09-23T20:50:00Z,30768.5,30772.5,30768.5,30770.75,75,2026-09-24T16:48:21+00:00
2026-09-23T20:51:00Z,30770.25,30773.0,30770.25,30772.25,24,2026-09-24T16:48:21+00:00
2026-09-23T20:52:00Z,30771.75,30771.75,30769.75,30770.25,60,2026-09-24T16:48:21+00:00
2026-09-23T20:53:00Z,30770.5,30774.25,30769.5,30773.25,68,2026-09-24T16:48:21+00:00
2026-09-23T20:54:00Z,30773.5,30775.0,30772.0,30773.0,85,2026-09-24T16:48:21+00:00
2026-09-23T20:55:00Z,30773.5,30775.75,30771.5,30772.75,116,2026-09-24T16:48:21+00:00
2026-09-23T20:56:00Z,30772.25,30773.5,30770.25,30772.5,83,2026-09-24T16:48:21+00:00
2026-09-23T20:57:00Z,30772.75,30774.0,30771.75,30773.0,36,2026-09-24T16:48:21+00:00
2026-09-23T20:58:00Z,30773.5,30774.5,30770.75,30771.5,63,2026-09-24T16:48:21+00:00
2026-09-23T20:59:00Z,30771.75,30776.75,30767.75,30776.0,190,2026-09-24T16:48:21+00:00
2026-09-23T22:00:00Z,30780.0,30804.75,30779.0,30800.75,0,2026-09-24T16:48:21+00:00
2026-09-23T22:01:00Z,30801.25,30807.0,30787.25,30797.75,249,2026-09-24T16:48:21+00:00
2026-09-23T22:02:00Z,30798.5,30804.5,30791.75,30800.5,180,2026-09-24T16:48:21+00:00
2026-09-23T22:03:00Z,30800.25,30805.0,30795.75,30798.0,132,2026-09-24T16:48:21+00:00
2026-09-23T22:04:00Z,30797.25,30798.0,30790.75,30791.0,112,2026-09-24T16:48:21+00:00
2026-09-23T22:05:00Z,30791.5,30797.75,30778.0,30792.75,309,2026-09-24T16:48:21+00:00
2026-09-23T22:06:00Z,30793.0,30803.75,30787.75,30803.0,163,2026-09-24T16:48:21+00:00
2026-09-23T22:07:00Z,30803.25,30808.75,30798.25,30801.25,189,2026-09-24T16:48:21+00:00
2026-09-23T22:08:00Z,30800.0,30802.25,30798.0,30802.25,44,2026-09-24T16:48:21+00:00
2026-09-23T22:09:00Z,30802.25,30805.0,30797.75,30805.0,80,2026-09-24T16:48:21+00:00
2026-09-23T22:10:00Z,30805.0,30807.0,30801.0,30802.5,79,2026-09-24T16:48:21+00:00
2026-09-23T22:11:00Z,30803.25,30804.25,30800.5,30802.0,61,2026-09-24T16:48:21+00:00
2026-09-23T22:12:00Z,30801.5,30803.0,30799.5,30803.0,42,2026-09-24T16:48:21+00:00
2026-09-23T22:13:00Z,30802.75,30805.0,30801.5,30804.75,43,2026-09-24T16:48:21+00:00
2026-09-23T22:14:00Z,30804.0,30807.0,30804.0,30804.25,39,2026-09-24T16:48:21+00:00
2026-09-23T22:15:00Z,30807.5,30813.0,30807.5,30810.25,177,2026-09-24T16:48:21+00:00
2026-09-23T22:16:00Z,30811.25,30811.5,30802.75,30802.75,88,2026-09-24T16:48:21+00:00
2026-09-23T22:17:00Z,30803.25,30804.75,30799.5,30800.25,88,2026-09-24T16:48:21+00:00
2026-09-23T22:18:00Z,30799.25,30801.5,30797.75,30798.75,46,2026-09-24T16:48:21+00:00
2026-09-23T22:19:00Z,30798.75,30800.0,30790.75,30792.5,217,2026-09-24T16:48:21+00:00
2026-09-23T22:20:00Z,30792.75,30795.75,30790.25,30794.5,81,2026-09-24T16:48:21+00:00
2026-09-23T22:21:00Z,30794.25,30795.75,30786.25,30787.5,108,2026-09-24T16:48:21+00:00
2026-09-23T22:22:00Z,30788.5,30792.25,30786.75,30791.0,68,2026-09-24T16:48:21+00:00
2026-09-23T22:23:00Z,30791.25,30794.75,30790.25,30792.0,92,2026-09-24T16:48:21+00:00
2026-09-23T22:24:00Z,30792.5,30793.5,30791.25,30792.0,23,2026-09-24T16:48:21+00:00
2026-09-23T22:25:00Z,30793.75,30793.75,30788.75,30791.5,60,2026-09-24T16:48:21+00:00
2026-09-23T22:26:00Z,30792.75,30793.5,30789.25,30789.5,42,2026-09-24T16:48:21+00:00
2026-09-23T22:27:00Z,30789.0,30792.0,30786.5,30790.75,49,2026-09-24T16:48:21+00:00
2026-09-23T22:28:00Z,30790.0,30790.0,30782.0,30785.0,89,2026-09-24T16:48:21+00:00
2026-09-23T22:29:00Z,30785.0,30787.25,30784.0,30785.25,50,2026-09-24T16:48:21+00:00
2026-09-23T22:30:00Z,30786.0,30790.25,30780.75,30783.25,164,2026-09-24T16:48:21+00:00
2026-09-23T22:31:00Z,30783.25,30786.0,30783.0,30786.0,21,2026-09-24T16:48:21+00:00
2026-09-23T22:32:00Z,30786.0,30800.25,30784.75,30797.5,191,2026-09-24T16:48:21+00:00
2026-09-23T22:33:00Z,30797.75,30798.25,30792.0,30793.25,59,2026-09-24T16:48:21+00:00
2026-09-23T22:34:00Z,30792.5,30792.5,30788.25,30791.25,42,2026-09-24T16:48:21+00:00
2026-09-23T22:35:00Z,30789.75,30790.0,30781.25,30782.0,66,2026-09-24T16:48:21+00:00
2026-09-23T22:36:00Z,30782.5,30784.0,30780.25,30782.5,45,2026-09-24T16:48:21+00:00
2026-09-23T22:37:00Z,30782.0,30785.5,30781.25,30784.75,63,2026-09-24T16:48:21+00:00
2026-09-23T22:38:00Z,30783.5,30788.25,30781.75,30785.5,40,2026-09-24T16:48:21+00:00
2026-09-23T22:39:00Z,30785.25,30789.25,30785.25,30787.0,29,2026-09-24T16:48:21+00:00
2026-09-23T22:40:00Z,30787.0,30790.75,30784.25,30788.5,50,2026-09-24T16:48:21+00:00
2026-09-23T22:41:00Z,30789.0,30790.75,30788.0,30788.0,29,2026-09-24T16:48:21+00:00
2026-09-23T22:42:00Z,30788.5,30797.0,30788.5,30796.25,149,2026-09-24T16:48:21+00:00
2026-09-23T22:43:00Z,30796.5,30799.5,30795.25,30798.25,76,2026-09-24T16:48:21+00:00
2026-09-23T22:44:00Z,30797.0,30799.25,30795.75,30796.25,42,2026-09-24T16:48:21+00:00
2026-09-23T22:45:00Z,30795.5,30796.25,30793.5,30794.5,52,2026-09-24T16:48:21+00:00
2026-09-23T22:46:00Z,30793.75,30795.25,30786.0,30790.75,60,2026-09-24T16:48:21+00:00
2026-09-23T22:47:00Z,30792.25,30798.25,30792.25,30795.75,95,2026-09-24T16:48:21+00:00
2026-09-23T22:48:00Z,30795.75,30797.5,30795.0,30795.0,19,2026-09-24T16:48:21+00:00
2026-09-23T22:49:00Z,30798.0,30798.0,30795.25,30796.25,15,2026-09-24T16:48:21+00:00
2026-09-23T22:50:00Z,30796.0,30798.5,30795.75,30797.5,20,2026-09-24T16:48:21+00:00
2026-09-23T22:51:00Z,30797.5,30799.0,30796.25,30798.75,28,2026-09-24T16:48:21+00:00
2026-09-23T22:52:00Z,30799.0,30801.75,30795.5,30795.5,75,2026-09-24T16:48:21+00:00
2026-09-23T22:53:00Z,30797.5,30798.75,30794.5,30794.75,63,2026-09-24T16:48:21+00:00
2026-09-23T22:54:00Z,30794.25,30795.0,30791.25,30795.0,55,2026-09-24T16:48:21+00:00
2026-09-23T22:55:00Z,30795.75,30797.25,30792.0,30793.5,29,2026-09-24T16:48:21+00:00
2026-09-23T22:56:00Z,30793.75,30793.75,30790.5,30793.75,33,2026-09-24T16:48:21+00:00
2026-09-23T22:57:00Z,30792.25,30793.0,30792.25,30793.0,6,2026-09-24T16:48:21+00:00
2026-09-23T22:58:00Z,30793.75,30793.75,30792.75,30792.75,9,2026-09-24T16:48:21+00:00
2026-09-23T22:59:00Z,30794.5,30794.5,30793.25,30793.75,10,2026-09-24T16:48:21+00:00
2026-09-23T23:00:00Z,30793.5,30794.75,30791.75,30794.5,46,2026-09-24T16:48:21+00:00
2026-09-23T23:01:00Z,30793.75,30796.75,30792.0,30792.25,32,2026-09-24T16:48:21+00:00
2026-09-23T23:02:00Z,30791.75,30798.0,30790.25,30796.5,55,2026-09-24T16:48:21+00:00
2026-09-23T23:03:00Z,30795.5,30796.5,30795.25,30796.0,16,2026-09-24T16:48:21+00:00
2026-09-23T23:04:00Z,30796.0,30798.5,30795.75,30796.5,27,2026-09-24T16:48:21+00:00
2026-09-23T23:05:00Z,30795.75,30795.75,30791.0,30792.75,34,2026-09-24T16:48:21+00:00
2026-09-23T23:06:00Z,30794.0,30794.0,30793.25,30793.25,8,2026-09-24T16:48:21+00:00
2026-09-23T23:07:00Z,30794.5,30794.5,30792.75,30794.0,13,2026-09-24T16:48:21+00:00
2026-09-23T23:08:00Z,30793.25,30794.0,30792.0,30793.5,22,2026-09-24T16:48:21+00:00
2026-09-23T23:09:00Z,30793.0,30795.25,30793.0,30795.25,11,2026-09-24T16:48:21+00:00
2026-09-23T23:10:00Z,30794.5,30794.75,30791.5,30791.5,30,2026-09-24T16:48:21+00:00
2026-09-23T23:11:00Z,30792.25,30793.25,30790.5,30790.5,15,2026-09-24T16:48:21+00:00
2026-09-23T23:12:00Z,30791.75,30793.5,30789.0,30790.25,47,2026-09-24T16:48:21+00:00
2026-09-23T23:13:00Z,30790.0,30790.0,30783.5,30785.5,95,2026-09-24T16:48:21+00:00
2026-09-23T23:14:00Z,30785.75,30787.5,30784.75,30786.75,31,2026-09-24T16:48:21+00:00
2026-09-23T23:15:00Z,30786.75,30792.0,30785.5,30791.0,95,2026-09-24T16:48:21+00:00
2026-09-23T23:16:00Z,30791.25,30791.75,30786.75,30787.5,65,2026-09-24T16:48:21+00:00
2026-09-23T23:17:00Z,30788.5,30788.5,30783.0,30786.25,56,2026-09-24T16:48:21+00:00
2026-09-23T23:18:00Z,30785.5,30787.0,30783.0,30784.0,60,2026-09-24T16:48:21+00:00
2026-09-23T23:19:00Z,30784.75,30785.75,30775.0,30782.25,197,2026-09-24T16:48:21+00:00
2026-09-23T23:20:00Z,30782.5,30783.5,30777.5,30779.5,117,2026-09-24T16:48:21+00:00
2026-09-23T23:21:00Z,30780.0,30780.25,30770.0,30772.5,189,2026-09-24T16:48:21+00:00
2026-09-23T23:22:00Z,30773.0,30774.0,30769.0,30770.75,112,2026-09-24T16:48:21+00:00
2026-09-23T23:23:00Z,30773.5,30774.25,30769.0,30769.75,65,2026-09-24T16:48:21+00:00
2026-09-23T23:24:00Z,30769.5,30771.75,30769.0,30771.25,98,2026-09-24T16:48:21+00:00
2026-09-23T23:25:00Z,30771.75,30773.75,30769.75,30769.75,60,2026-09-24T16:48:21+00:00
2026-09-23T23:26:00Z,30769.5,30771.75,30769.0,30770.5,69,2026-09-24T16:48:21+00:00
2026-09-23T23:27:00Z,30771.0,30771.75,30762.5,30769.5,364,2026-09-24T16:48:21+00:00
2026-09-23T23:28:00Z,30769.5,30772.25,30768.25,30770.75,71,2026-09-24T16:48:21+00:00
2026-09-23T23:29:00Z,30771.5,30772.0,30769.0,30771.25,29,2026-09-24T16:48:21+00:00
2026-09-23T23:30:00Z,30771.25,30772.5,30769.75,30772.25,23,2026-09-24T16:48:21+00:00
2026-09-23T23:31:00Z,30770.25,30771.25,30766.25,30767.25,69,2026-09-24T16:48:21+00:00
2026-09-23T23:32:00Z,30766.75,30769.0,30766.75,30768.75,30,2026-09-24T16:48:21+00:00
2026-09-23T23:33:00Z,30769.25,30769.25,30767.5,30767.5,9,2026-09-24T16:48:21+00:00
2026-09-23T23:34:00Z,30766.75,30770.75,30760.0,30769.75,138,2026-09-24T16:48:21+00:00
2026-09-23T23:35:00Z,30767.5,30771.0,30767.5,30768.0,42,2026-09-24T16:48:21+00:00
2026-09-23T23:36:00Z,30767.75,30767.75,30763.5,30765.25,27,2026-09-24T16:48:21+00:00
2026-09-23T23:37:00Z,30766.5,30772.25,30766.5,30771.75,46,2026-09-24T16:48:21+00:00
2026-09-23T23:38:00Z,30771.0,30772.75,30769.5,30772.0,23,2026-09-24T16:48:21+00:00
2026-09-23T23:39:00Z,30771.5,30773.5,30771.0,30771.5,30,2026-09-24T16:48:21+00:00
2026-09-23T23:40:00Z,30772.5,30776.5,30771.5,30774.5,98,2026-09-24T16:48:21+00:00
2026-09-23T23:41:00Z,30774.0,30776.25,30771.5,30772.25,26,2026-09-24T16:48:21+00:00
2026-09-23T23:42:00Z,30773.5,30773.75,30763.75,30763.75,133,2026-09-24T16:48:21+00:00
2026-09-23T23:43:00Z,30762.75,30765.75,30761.25,30762.75,121,2026-09-24T16:48:21+00:00
2026-09-23T23:44:00Z,30763.0,30767.5,30762.5,30766.25,46,2026-09-24T16:48:21+00:00
2026-09-23T23:45:00Z,30767.75,30772.0,30755.25,30760.5,258,2026-09-24T16:48:21+00:00
2026-09-23T23:46:00Z,30760.0,30760.75,30756.5,30758.75,59,2026-09-24T16:48:21+00:00
2026-09-23T23:47:00Z,30760.0,30764.5,30760.0,30760.25,51,2026-09-24T16:48:21+00:00
2026-09-23T23:48:00Z,30760.0,30765.0,30760.0,30762.5,53,2026-09-24T16:48:21+00:00
2026-09-23T23:49:00Z,30762.75,30762.75,30753.5,30754.0,164,2026-09-24T16:48:21+00:00
2026-09-23T23:50:00Z,30753.75,30756.5,30746.0,30752.25,327,2026-09-24T16:48:21+00:00
2026-09-23T23:51:00Z,30751.75,30757.0,30750.0,30757.0,79,2026-09-24T16:48:21+00:00
2026-09-23T23:52:00Z,30757.5,30768.25,30757.25,30761.25,189,2026-09-24T16:48:21+00:00
2026-09-23T23:53:00Z,30761.75,30767.75,30759.75,30764.25,60,2026-09-24T16:48:21+00:00
2026-09-23T23:54:00Z,30763.75,30770.75,30763.75,30765.25,94,2026-09-24T16:48:21+00:00
2026-09-23T23:55:00Z,30766.0,30766.0,30759.0,30761.0,62,2026-09-24T16:48:21+00:00
2026-09-23T23:56:00Z,30761.25,30762.25,30759.0,30760.5,46,2026-09-24T16:48:21+00:00
2026-09-23T23:57:00Z,30760.75,30763.75,30753.75,30759.0,111,2026-09-24T16:48:21+00:00
2026-09-23T23:58:00Z,30759.0,30759.0,30754.0,30755.25,50,2026-09-24T16:48:21+00:00
2026-09-23T23:59:00Z,30757.0,30759.5,30753.0,30753.5,58,2026-09-24T16:48:21+00:00
2026-09-24T00:00:00Z,30753.5,30761.0,30751.0,30755.25,112,2026-09-24T16:48:21+00:00
2026-09-24T00:01:00Z,30755.25,30755.5,30747.0,30749.75,165,2026-09-24T16:48:21+00:00
2026-09-24T00:02:00Z,30747.5,30754.75,30747.25,30751.5,123,2026-09-24T16:48:21+00:00
2026-09-24T00:03:00Z,30750.0,30757.5,30748.75,30752.5,142,2026-09-24T16:48:21+00:00
2026-09-24T00:04:00Z,30753.0,30757.0,30742.0,30754.5,208,2026-09-24T16:48:21+00:00
2026-09-24T00:05:00Z,30755.0,30756.25,30746.5,30749.25,114,2026-09-24T16:48:21+00:00
2026-09-24T00:06:00Z,30747.5,30752.0,30746.75,30747.5,87,2026-09-24T16:48:21+00:00
2026-09-24T00:07:00Z,30747.5,30752.5,30745.0,30748.25,115,2026-09-24T16:48:21+00:00
2026-09-24T00:08:00Z,30748.0,30749.25,30744.0,30747.0,64,2026-09-24T16:48:21+00:00
2026-09-24T00:09:00Z,30746.5,30747.5,30742.5,30744.75,174,2026-09-24T16:48:21+00:00
2026-09-24T00:10:00Z,30744.0,30744.25,30733.25,30738.0,275,2026-09-24T16:48:21+00:00
2026-09-24T00:11:00Z,30738.0,30738.0,30723.75,30723.75,257,2026-09-24T16:48:21+00:00
2026-09-24T00:12:00Z,30724.25,30738.75,30720.0,30732.25,350,2026-09-24T16:48:21+00:00
2026-09-24T00:13:00Z,30732.0,30735.0,30728.25,30732.5,160,2026-09-24T16:48:21+00:00
2026-09-24T00:14:00Z,30732.0,30733.0,30724.0,30728.5,114,2026-09-24T16:48:21+00:00
2026-09-24T00:15:00Z,30728.0,30738.25,30725.75,30733.75,216,2026-09-24T16:48:21+00:00
2026-09-24T00:16:00Z,30733.5,30744.0,30730.0,30741.0,209,2026-09-24T16:48:21+00:00
2026-09-24T00:17:00Z,30741.25,30742.0,30738.25,30738.75,49,2026-09-24T16:48:21+00:00
2026-09-24T00:18:00Z,30738.0,30741.5,30735.75,30740.25,71,2026-09-24T16:48:21+00:00
2026-09-24T00:19:00Z,30742.0,30746.5,30739.0,30744.5,142,2026-09-24T16:48:21+00:00
2026-09-24T00:20:00Z,30744.5,30750.5,30740.5,30747.25,219,2026-09-24T16:48:21+00:00
2026-09-24T00:21:00Z,30747.75,30747.75,30739.75,30739.75,101,2026-09-24T16:48:21+00:00
2026-09-24T00:22:00Z,30739.5,30741.75,30726.5,30729.0,224,2026-09-24T16:48:21+00:00
2026-09-24T00:23:00Z,30729.25,30732.0,30727.0,30728.25,111,2026-09-24T16:48:21+00:00
2026-09-24T00:24:00Z,30728.25,30736.0,30726.5,30734.0,62,2026-09-24T16:48:21+00:00
2026-09-24T00:25:00Z,30734.75,30737.0,30729.25,30732.25,91,2026-09-24T16:48:21+00:00
2026-09-24T00:26:00Z,30732.75,30733.75,30730.5,30733.25,44,2026-09-24T16:48:21+00:00
2026-09-24T00:27:00Z,30732.0,30735.25,30731.25,30731.75,44,2026-09-24T16:48:21+00:00
2026-09-24T00:28:00Z,30731.0,30733.25,30728.5,30731.5,46,2026-09-24T16:48:21+00:00
2026-09-24T00:29:00Z,30732.25,30737.5,30730.25,30735.0,61,2026-09-24T16:48:21+00:00
2026-09-24T00:30:00Z,30735.5,30737.5,30729.75,30736.25,73,2026-09-24T16:48:21+00:00
2026-09-24T00:31:00Z,30735.0,30749.5,30733.75,30747.5,270,2026-09-24T16:48:21+00:00
2026-09-24T00:32:00Z,30746.5,30746.75,30739.0,30741.25,132,2026-09-24T16:48:21+00:00
2026-09-24T00:33:00Z,30741.75,30746.5,30739.75,30743.25,71,2026-09-24T16:48:21+00:00
2026-09-24T00:34:00Z,30744.0,30745.25,30740.75,30745.25,42,2026-09-24T16:48:21+00:00
2026-09-24T00:35:00Z,30746.0,30746.0,30739.0,30739.0,47,2026-09-24T16:48:21+00:00
2026-09-24T00:36:00Z,30741.5,30743.75,30738.0,30739.75,49,2026-09-24T16:48:21+00:00
2026-09-24T00:37:00Z,30739.75,30739.75,30733.5,30734.25,56,2026-09-24T16:48:21+00:00
2026-09-24T00:38:00Z,30735.25,30740.25,30733.75,30738.0,77,2026-09-24T16:48:21+00:00
2026-09-24T00:39:00Z,30737.75,30738.75,30735.75,30735.75,23,2026-09-24T16:48:21+00:00
2026-09-24T00:40:00Z,30735.75,30735.75,30726.75,30734.0,137,2026-09-24T16:48:21+00:00
2026-09-24T00:41:00Z,30733.5,30736.0,30726.0,30728.75,107,2026-09-24T16:48:21+00:00
2026-09-24T00:42:00Z,30728.75,30730.0,30725.0,30727.75,106,2026-09-24T16:48:21+00:00
2026-09-24T00:43:00Z,30727.5,30728.0,30719.0,30721.5,163,2026-09-24T16:48:21+00:00
2026-09-24T00:44:00Z,30721.5,30723.0,30718.5,30721.75,187,2026-09-24T16:48:21+00:00
2026-09-24T00:45:00Z,30722.0,30722.25,30712.5,30718.5,248,2026-09-24T16:48:21+00:00
2026-09-24T00:46:00Z,30719.0,30721.5,30714.0,30715.5,105,2026-09-24T16:48:21+00:00
2026-09-24T00:47:00Z,30715.25,30715.75,30706.75,30707.0,174,2026-09-24T16:48:21+00:00
2026-09-24T00:48:00Z,30706.5,30711.75,30705.5,30707.0,211,2026-09-24T16:48:21+00:00
2026-09-24T00:49:00Z,30706.25,30717.5,30706.0,30716.25,185,2026-09-24T16:48:21+00:00
2026-09-24T00:50:00Z,30715.5,30720.75,30713.0,30713.0,158,2026-09-24T16:48:21+00:00
2026-09-24T00:51:00Z,30712.5,30715.75,30710.25,30710.75,98,2026-09-24T16:48:21+00:00
2026-09-24T00:52:00Z,30711.5,30713.25,30705.25,30710.25,133,2026-09-24T16:48:21+00:00
2026-09-24T00:53:00Z,30710.0,30710.0,30704.5,30706.5,102,2026-09-24T16:48:21+00:00
2026-09-24T00:54:00Z,30707.0,30708.5,30704.75,30707.25,68,2026-09-24T16:48:21+00:00
2026-09-24T00:55:00Z,30707.75,30715.75,30706.5,30714.0,120,2026-09-24T16:48:21+00:00
2026-09-24T00:56:00Z,30714.25,30722.25,30710.0,30718.75,173,2026-09-24T16:48:21+00:00
2026-09-24T00:57:00Z,30719.75,30730.5,30719.5,30724.5,217,2026-09-24T16:48:21+00:00
2026-09-24T00:58:00Z,30725.75,30729.25,30724.75,30728.25,47,2026-09-24T16:48:21+00:00
2026-09-24T00:59:00Z,30728.75,30731.75,30723.5,30725.25,127,2026-09-24T16:48:21+00:00
2026-09-24T01:00:00Z,30724.5,30734.0,30723.25,30733.75,177,2026-09-24T16:48:21+00:00
2026-09-24T01:01:00Z,30732.75,30740.0,30731.75,30738.0,311,2026-09-24T16:48:21+00:00
2026-09-24T01:02:00Z,30739.25,30742.0,30735.75,30741.0,166,2026-09-24T16:48:21+00:00
2026-09-24T01:03:00Z,30740.75,30745.0,30736.75,30741.5,250,2026-09-24T16:48:21+00:00
2026-09-24T01:04:00Z,30743.0,30743.75,30736.75,30743.0,92,2026-09-24T16:48:21+00:00
2026-09-24T01:05:00Z,30742.75,30743.5,30730.0,30731.0,176,2026-09-24T16:48:21+00:00
2026-09-24T01:06:00Z,30731.75,30754.25,30731.5,30745.25,305,2026-09-24T16:48:21+00:00
2026-09-24T01:07:00Z,30746.0,30758.5,30744.0,30756.75,268,2026-09-24T16:48:21+00:00
2026-09-24T01:08:00Z,30756.75,30756.75,30751.0,30754.25,125,2026-09-24T16:48:21+00:00
2026-09-24T01:09:00Z,30751.0,30753.0,30749.25,30750.0,54,2026-09-24T16:48:21+00:00
2026-09-24T01:10:00Z,30749.5,30749.5,30742.25,30746.75,96,2026-09-24T16:48:21+00:00
2026-09-24T01:11:00Z,30746.0,30748.5,30738.75,30738.75,133,2026-09-24T16:48:21+00:00
2026-09-24T01:12:00Z,30740.0,30749.25,30737.5,30747.25,87,2026-09-24T16:48:21+00:00
2026-09-24T01:13:00Z,30747.75,30753.0,30746.75,30751.0,74,2026-09-24T16:48:21+00:00
2026-09-24T01:14:00Z,30750.25,30755.0,30750.25,30754.25,77,2026-09-24T16:48:21+00:00
2026-09-24T01:15:00Z,30753.5,30754.25,30744.5,30747.75,90,2026-09-24T16:48:21+00:00
2026-09-24T01:16:00Z,30748.0,30752.75,30743.5,30751.75,91,2026-09-24T16:48:21+00:00
2026-09-24T01:17:00Z,30751.75,30751.75,30745.0,30745.5,36,2026-09-24T16:48:21+00:00
2026-09-24T01:18:00Z,30744.0,30748.0,30742.5,30747.25,54,2026-09-24T16:48:21+00:00
2026-09-24T01:19:00Z,30748.0,30752.75,30745.0,30749.5,64,2026-09-24T16:48:21+00:00
2026-09-24T01:20:00Z,30747.25,30751.25,30746.5,30750.5,36,2026-09-24T16:48:21+00:00
2026-09-24T01:21:00Z,30749.5,30749.5,30744.25,30745.5,48,2026-09-24T16:48:21+00:00
2026-09-24T01:22:00Z,30744.75,30750.25,30742.5,30745.75,130,2026-09-24T16:48:21+00:00
2026-09-24T01:23:00Z,30745.0,30747.0,30743.0,30744.75,54,2026-09-24T16:48:21+00:00
2026-09-24T01:24:00Z,30745.5,30747.75,30741.25,30743.0,72,2026-09-24T16:48:21+00:00
2026-09-24T01:25:00Z,30743.0,30743.25,30734.75,30740.75,228,2026-09-24T16:48:21+00:00
2026-09-24T01:26:00Z,30741.25,30745.75,30739.25,30744.25,92,2026-09-24T16:48:21+00:00
2026-09-24T01:27:00Z,30743.75,30746.0,30737.5,30739.0,64,2026-09-24T16:48:21+00:00
2026-09-24T01:28:00Z,30738.75,30738.75,30734.0,30734.5,69,2026-09-24T16:48:21+00:00
2026-09-24T01:29:00Z,30736.0,30738.0,30732.5,30737.75,82,2026-09-24T16:48:21+00:00
2026-09-24T01:30:00Z,30736.5,30749.0,30733.25,30748.5,151,2026-09-24T16:48:21+00:00
2026-09-24T01:31:00Z,30748.75,30750.75,30741.0,30749.75,180,2026-09-24T16:48:21+00:00
2026-09-24T01:32:00Z,30749.25,30758.75,30746.5,30753.5,182,2026-09-24T16:48:21+00:00
2026-09-24T01:33:00Z,30755.25,30756.5,30748.75,30750.5,106,2026-09-24T16:48:21+00:00
2026-09-24T01:34:00Z,30750.0,30761.0,30749.75,30757.75,151,2026-09-24T16:48:21+00:00
2026-09-24T01:35:00Z,30756.25,30760.0,30748.0,30750.0,168,2026-09-24T16:48:21+00:00
2026-09-24T01:36:00Z,30750.75,30751.0,30744.5,30750.0,133,2026-09-24T16:48:21+00:00
2026-09-24T01:37:00Z,30749.25,30755.0,30749.25,30749.5,81,2026-09-24T16:48:21+00:00
2026-09-24T01:38:00Z,30750.5,30752.0,30747.75,30750.5,44,2026-09-24T16:48:21+00:00
2026-09-24T01:39:00Z,30749.75,30750.75,30745.25,30747.75,70,2026-09-24T16:48:21+00:00
2026-09-24T01:40:00Z,30748.5,30748.5,30742.5,30745.0,68,2026-09-24T16:48:21+00:00
2026-09-24T01:41:00Z,30744.5,30756.5,30744.5,30753.0,112,2026-09-24T16:48:21+00:00
2026-09-24T01:42:00Z,30753.0,30754.75,30748.25,30749.25,31,2026-09-24T16:48:21+00:00
2026-09-24T01:43:00Z,30750.5,30751.25,30738.0,30738.75,111,2026-09-24T16:48:21+00:00
2026-09-24T01:44:00Z,30738.75,30741.25,30735.0,30736.25,91,2026-09-24T16:48:21+00:00
2026-09-24T01:45:00Z,30735.0,30739.0,30732.75,30734.0,129,2026-09-24T16:48:21+00:00
2026-09-24T01:46:00Z,30735.5,30736.75,30726.5,30726.75,158,2026-09-24T16:48:21+00:00
2026-09-24T01:47:00Z,30726.0,30726.5,30720.75,30724.75,167,2026-09-24T16:48:21+00:00
2026-09-24T01:48:00Z,30724.75,30726.5,30719.25,30726.25,130,2026-09-24T16:48:21+00:00
2026-09-24T01:49:00Z,30726.75,30731.5,30724.25,30728.0,94,2026-09-24T16:48:21+00:00
2026-09-24T01:50:00Z,30729.25,30730.0,30713.75,30715.5,205,2026-09-24T16:48:21+00:00
2026-09-24T01:51:00Z,30715.5,30729.75,30715.5,30728.5,81,2026-09-24T16:48:21+00:00
2026-09-24T01:52:00Z,30730.0,30741.0,30730.0,30738.25,190,2026-09-24T16:48:21+00:00
2026-09-24T01:53:00Z,30738.0,30745.25,30737.75,30744.5,63,2026-09-24T16:48:21+00:00
2026-09-24T01:54:00Z,30745.5,30747.25,30734.5,30738.25,121,2026-09-24T16:48:21+00:00
2026-09-24T01:55:00Z,30738.5,30738.5,30731.0,30736.25,61,2026-09-24T16:48:21+00:00
2026-09-24T01:56:00Z,30736.5,30739.25,30736.0,30737.25,15,2026-09-24T16:48:21+00:00
2026-09-24T01:57:00Z,30737.0,30738.5,30734.25,30734.75,26,2026-09-24T16:48:21+00:00
2026-09-24T01:58:00Z,30735.75,30743.5,30734.25,30743.5,52,2026-09-24T16:48:21+00:00
2026-09-24T01:59:00Z,30742.0,30746.0,30740.75,30744.75,59,2026-09-24T16:48:21+00:00
2026-09-24T02:00:00Z,30743.0,30750.0,30741.0,30741.25,189,2026-09-24T16:48:21+00:00
2026-09-24T02:01:00Z,30741.0,30743.75,30738.75,30742.75,59,2026-09-24T16:48:21+00:00
2026-09-24T02:02:00Z,30743.5,30745.5,30741.25,30742.0,55,2026-09-24T16:48:21+00:00
2026-09-24T02:03:00Z,30740.5,30743.5,30734.5,30736.75,114,2026-09-24T16:48:21+00:00
2026-09-24T02:04:00Z,30737.0,30738.0,30730.5,30732.5,114,2026-09-24T16:48:21+00:00
2026-09-24T02:05:00Z,30731.25,30731.25,30725.25,30726.25,78,2026-09-24T16:48:21+00:00
2026-09-24T02:06:00Z,30727.25,30727.25,30715.0,30717.25,201,2026-09-24T16:48:21+00:00
2026-09-24T02:07:00Z,30717.5,30720.25,30714.5,30716.75,102,2026-09-24T16:48:21+00:00
2026-09-24T02:08:00Z,30717.0,30717.5,30708.75,30711.0,131,2026-09-24T16:48:21+00:00
2026-09-24T02:09:00Z,30710.5,30714.5,30708.75,30713.5,75,2026-09-24T16:48:21+00:00
2026-09-24T02:10:00Z,30714.25,30720.25,30714.0,30720.0,91,2026-09-24T16:48:21+00:00
2026-09-24T02:11:00Z,30718.5,30718.5,30713.75,30716.75,36,2026-09-24T16:48:21+00:00
2026-09-24T02:12:00Z,30715.5,30725.25,30715.5,30723.25,86,2026-09-24T16:48:21+00:00
2026-09-24T02:13:00Z,30723.75,30728.75,30722.0,30726.75,78,2026-09-24T16:48:21+00:00
2026-09-24T02:14:00Z,30728.0,30729.0,30725.0,30725.25,38,2026-09-24T16:48:21+00:00
2026-09-24T02:15:00Z,30725.0,30739.5,30723.5,30735.75,310,2026-09-24T16:48:21+00:00
2026-09-24T02:16:00Z,30736.0,30741.5,30736.0,30737.25,86,2026-09-24T16:48:21+00:00
2026-09-24T02:17:00Z,30737.0,30740.0,30736.0,30740.0,36,2026-09-24T16:48:21+00:00
2026-09-24T02:18:00Z,30738.25,30740.0,30735.75,30738.5,59,2026-09-24T16:48:21+00:00
2026-09-24T02:19:00Z,30738.5,30742.0,30737.5,30739.0,76,2026-09-24T16:48:21+00:00
2026-09-24T02:20:00Z,30739.0,30739.0,30735.25,30735.25,44,2026-09-24T16:48:21+00:00
2026-09-24T02:21:00Z,30735.0,30737.75,30734.25,30736.0,44,2026-09-24T16:48:21+00:00
2026-09-24T02:22:00Z,30735.0,30735.75,30729.75,30733.25,70,2026-09-24T16:48:21+00:00
2026-09-24T02:23:00Z,30733.25,30734.25,30730.5,30733.0,30,2026-09-24T16:48:21+00:00
2026-09-24T02:24:00Z,30732.5,30735.0,30731.5,30734.0,35,2026-09-24T16:48:21+00:00
2026-09-24T02:25:00Z,30734.0,30736.0,30731.0,30731.75,26,2026-09-24T16:48:21+00:00
2026-09-24T02:26:00Z,30731.0,30732.25,30729.25,30729.25,50,2026-09-24T16:48:21+00:00
2026-09-24T02:27:00Z,30730.25,30730.5,30726.0,30726.25,56,2026-09-24T16:48:21+00:00
2026-09-24T02:28:00Z,30726.5,30729.5,30724.5,30726.5,47,2026-09-24T16:48:21+00:00
2026-09-24T02:29:00Z,30727.25,30734.0,30727.25,30729.75,63,2026-09-24T16:48:21+00:00
2026-09-24T02:30:00Z,30729.0,30736.25,30726.5,30733.75,99,2026-09-24T16:48:21+00:00
2026-09-24T02:31:00Z,30734.75,30737.0,30731.0,30734.75,70,2026-09-24T16:48:21+00:00
2026-09-24T02:32:00Z,30734.0,30745.5,30733.5,30741.0,176,2026-09-24T16:48:21+00:00
2026-09-24T02:33:00Z,30741.5,30743.75,30739.0,30741.25,61,2026-09-24T16:48:21+00:00
2026-09-24T02:34:00Z,30740.25,30742.25,30739.25,30740.5,31,2026-09-24T16:48:21+00:00
2026-09-24T02:35:00Z,30741.5,30741.5,30737.75,30740.5,31,2026-09-24T16:48:21+00:00
2026-09-24T02:36:00Z,30739.25,30741.5,30737.25,30740.25,45,2026-09-24T16:48:21+00:00
2026-09-24T02:37:00Z,30738.75,30744.0,30735.75,30744.0,50,2026-09-24T16:48:21+00:00
2026-09-24T02:38:00Z,30743.0,30746.5,30742.75,30742.75,52,2026-09-24T16:48:21+00:00
2026-09-24T02:39:00Z,30742.0,30742.75,30737.75,30738.0,50,2026-09-24T16:48:21+00:00
2026-09-24T02:40:00Z,30739.0,30747.0,30739.0,30745.5,31,2026-09-24T16:48:21+00:00
2026-09-24T02:41:00Z,30744.75,30745.25,30743.25,30744.0,22,2026-09-24T16:48:21+00:00
2026-09-24T02:42:00Z,30745.75,30747.0,30744.25,30744.25,34,2026-09-24T16:48:21+00:00
2026-09-24T02:43:00Z,30744.0,30745.25,30741.75,30741.75,33,2026-09-24T16:48:21+00:00
2026-09-24T02:44:00Z,30741.0,30744.75,30740.75,30744.5,23,2026-09-24T16:48:21+00:00
2026-09-24T02:45:00Z,30745.5,30747.0,30744.25,30744.25,281,2026-09-24T16:48:21+00:00
2026-09-24T02:46:00Z,30744.5,30744.5,30741.0,30742.0,40,2026-09-24T16:48:21+00:00
2026-09-24T02:47:00Z,30743.75,30744.5,30742.25,30742.75,31,2026-09-24T16:48:21+00:00
2026-09-24T02:48:00Z,30744.25,30745.25,30742.5,30742.5,33,2026-09-24T16:48:21+00:00
2026-09-24T02:49:00Z,30742.75,30743.75,30739.0,30742.75,53,2026-09-24T16:48:21+00:00
2026-09-24T02:50:00Z,30743.5,30743.5,30741.75,30742.25,8,2026-09-24T16:48:21+00:00
2026-09-24T02:51:00Z,30743.0,30743.5,30738.5,30738.5,29,2026-09-24T16:48:21+00:00
2026-09-24T02:52:00Z,30738.25,30740.5,30737.75,30740.0,31,2026-09-24T16:48:21+00:00
2026-09-24T02:53:00Z,30739.0,30739.25,30737.5,30738.25,21,2026-09-24T16:48:21+00:00
2026-09-24T02:54:00Z,30738.25,30744.5,30737.0,30743.75,63,2026-09-24T16:48:21+00:00
2026-09-24T02:55:00Z,30743.0,30747.0,30742.75,30743.5,108,2026-09-24T16:48:21+00:00
2026-09-24T02:56:00Z,30744.25,30745.25,30743.0,30744.5,31,2026-09-24T16:48:21+00:00
2026-09-24T02:57:00Z,30743.25,30744.75,30739.0,30739.25,47,2026-09-24T16:48:21+00:00
2026-09-24T02:58:00Z,30740.25,30743.75,30738.75,30741.5,45,2026-09-24T16:48:21+00:00
2026-09-24T02:59:00Z,30742.25,30742.5,30741.25,30741.25,4,2026-09-24T16:48:21+00:00
2026-09-24T03:00:00Z,30740.75,30740.75,30735.0,30736.75,82,2026-09-24T16:48:21+00:00
2026-09-24T03:01:00Z,30736.25,30742.0,30735.75,30738.25,43,2026-09-24T16:48:21+00:00
2026-09-24T03:02:00Z,30737.25,30740.0,30736.5,30736.5,22,2026-09-24T16:48:21+00:00
2026-09-24T03:03:00Z,30736.25,30737.75,30735.5,30735.75,28,2026-09-24T16:48:21+00:00
2026-09-24T03:04:00Z,30735.0,30739.5,30730.75,30735.25,146,2026-09-24T16:48:21+00:00
2026-09-24T03:05:00Z,30734.25,30735.0,30730.75,30730.75,25,2026-09-24T16:48:21+00:00
2026-09-24T03:06:00Z,30731.75,30731.75,30722.0,30724.0,132,2026-09-24T16:48:21+00:00
2026-09-24T03:07:00Z,30723.0,30724.75,30715.25,30716.0,215,2026-09-24T16:48:21+00:00
2026-09-24T03:08:00Z,30717.0,30718.0,30709.5,30712.25,127,2026-09-24T16:48:21+00:00
2026-09-24T03:09:00Z,30713.0,30714.5,30706.0,30710.75,114,2026-09-24T16:48:21+00:00
2026-09-24T03:10:00Z,30709.25,30711.25,30705.0,30707.75,135,2026-09-24T16:48:21+00:00
2026-09-24T03:11:00Z,30710.25,30713.0,30706.5,30711.75,96,2026-09-24T16:48:21+00:00
2026-09-24T03:12:00Z,30711.0,30712.0,30705.5,30711.5,53,2026-09-24T16:48:21+00:00
2026-09-24T03:13:00Z,30710.75,30716.25,30710.25,30715.0,81,2026-09-24T16:48:21+00:00
2026-09-24T03:14:00Z,30715.25,30720.0,30713.0,30719.25,70,2026-09-24T16:48:21+00:00
2026-09-24T03:15:00Z,30719.75,30721.75,30715.75,30716.0,94,2026-09-24T16:48:21+00:00
2026-09-24T03:16:00Z,30717.5,30718.25,30710.25,30714.25,76,2026-09-24T16:48:21+00:00
2026-09-24T03:17:00Z,30713.75,30720.0,30713.5,30720.0,55,2026-09-24T16:48:21+00:00
2026-09-24T03:18:00Z,30720.25,30722.5,30718.5,30719.25,63,2026-09-24T16:48:21+00:00
2026-09-24T03:19:00Z,30721.5,30723.0,30716.0,30717.25,52,2026-09-24T16:48:21+00:00
2026-09-24T03:20:00Z,30717.75,30721.25,30717.25,30718.5,53,2026-09-24T16:48:21+00:00
2026-09-24T03:21:00Z,30719.5,30719.5,30713.0,30715.0,79,2026-09-24T16:48:21+00:00
2026-09-24T03:22:00Z,30713.75,30719.5,30713.75,30714.75,70,2026-09-24T16:48:21+00:00
2026-09-24T03:23:00Z,30714.5,30714.75,30710.75,30712.0,45,2026-09-24T16:48:21+00:00
2026-09-24T03:24:00Z,30711.75,30714.25,30711.25,30714.25,48,2026-09-24T16:48:21+00:00
2026-09-24T03:25:00Z,30714.0,30720.0,30705.25,30706.25,161,2026-09-24T16:48:21+00:00
2026-09-24T03:26:00Z,30707.0,30709.5,30700.25,30708.0,219,2026-09-24T16:48:21+00:00
2026-09-24T03:27:00Z,30709.0,30709.0,30703.25,30706.75,75,2026-09-24T16:48:21+00:00
2026-09-24T03:28:00Z,30706.5,30710.0,30705.5,30708.75,45,2026-09-24T16:48:21+00:00
2026-09-24T03:29:00Z,30707.25,30708.25,30704.25,30706.25,49,2026-09-24T16:48:21+00:00
2026-09-24T03:30:00Z,30706.0,30706.5,30698.75,30701.25,120,2026-09-24T16:48:21+00:00
2026-09-24T03:31:00Z,30701.5,30707.0,30698.5,30706.5,145,2026-09-24T16:48:21+00:00
2026-09-24T03:32:00Z,30705.5,30706.5,30702.5,30706.5,40,2026-09-24T16:48:21+00:00
2026-09-24T03:33:00Z,30706.75,30707.75,30704.0,30704.75,34,2026-09-24T16:48:21+00:00
2026-09-24T03:34:00Z,30704.25,30709.25,30701.5,30704.0,61,2026-09-24T16:48:21+00:00
2026-09-24T03:35:00Z,30703.5,30705.0,30702.25,30702.25,24,2026-09-24T16:48:21+00:00
2026-09-24T03:36:00Z,30702.5,30705.0,30701.0,30703.25,82,2026-09-24T16:48:21+00:00
2026-09-24T03:37:00Z,30702.75,30703.75,30700.25,30702.0,65,2026-09-24T16:48:21+00:00
2026-09-24T03:38:00Z,30701.75,30705.25,30698.0,30705.25,100,2026-09-24T16:48:21+00:00
2026-09-24T03:39:00Z,30704.25,30707.0,30703.5,30706.75,49,2026-09-24T16:48:21+00:00
2026-09-24T03:40:00Z,30706.0,30707.0,30701.75,30702.5,52,2026-09-24T16:48:21+00:00
2026-09-24T03:41:00Z,30702.0,30703.5,30702.0,30703.0,23,2026-09-24T16:48:21+00:00
2026-09-24T03:42:00Z,30701.5,30702.75,30696.75,30698.5,135,2026-09-24T16:48:21+00:00
2026-09-24T03:43:00Z,30699.0,30701.0,30695.0,30697.25,104,2026-09-24T16:48:21+00:00
2026-09-24T03:44:00Z,30696.5,30697.25,30688.25,30693.25,292,2026-09-24T16:48:21+00:00
2026-09-24T03:45:00Z,30692.0,30695.75,30691.0,30695.75,60,2026-09-24T16:48:21+00:00
2026-09-24T03:46:00Z,30695.75,30698.5,30693.25,30697.0,87,2026-09-24T16:48:21+00:00
2026-09-24T03:47:00Z,30695.75,30698.0,30693.5,30697.25,32,2026-09-24T16:48:21+00:00
2026-09-24T03:48:00Z,30697.25,30702.0,30697.25,30699.5,74,2026-09-24T16:48:21+00:00
2026-09-24T03:49:00Z,30699.5,30705.0,30698.25,30702.0,108,2026-09-24T16:48:21+00:00
2026-09-24T03:50:00Z,30703.0,30704.25,30701.5,30703.75,40,2026-09-24T16:48:21+00:00
2026-09-24T03:51:00Z,30704.0,30708.0,30697.75,30700.0,118,2026-09-24T16:48:21+00:00
2026-09-24T03:52:00Z,30701.5,30701.75,30696.75,30697.75,36,2026-09-24T16:48:21+00:00
2026-09-24T03:53:00Z,30697.25,30703.0,30697.25,30703.0,28,2026-09-24T16:48:21+00:00
2026-09-24T03:54:00Z,30702.75,30704.75,30702.25,30704.5,56,2026-09-24T16:48:21+00:00
2026-09-24T03:55:00Z,30704.75,30709.25,30702.75,30704.25,100,2026-09-24T16:48:21+00:00
2026-09-24T03:56:00Z,30704.75,30706.0,30701.5,30705.0,52,2026-09-24T16:48:21+00:00
2026-09-24T03:57:00Z,30704.25,30705.0,30699.5,30701.75,24,2026-09-24T16:48:21+00:00
2026-09-24T03:58:00Z,30702.25,30705.25,30699.5,30704.0,38,2026-09-24T16:48:21+00:00
2026-09-24T04:09:00Z,30661.75,30669.25,30661.75,30665.25,113,2026-09-24T16:48:21+00:00
2026-09-24T04:10:00Z,30665.0,30666.25,30663.5,30665.5,57,2026-09-24T16:48:21+00:00
2026-09-24T04:11:00Z,30663.75,30668.75,30663.25,30667.25,44,2026-09-24T16:48:21+00:00
2026-09-24T04:12:00Z,30666.75,30668.5,30662.5,30662.75,77,2026-09-24T16:48:21+00:00
2026-09-24T04:13:00Z,30660.25,30661.5,30653.0,30655.75,185,2026-09-24T16:48:21+00:00
2026-09-24T04:14:00Z,30654.75,30660.5,30654.5,30659.0,74,2026-09-24T16:48:21+00:00
2026-09-24T04:15:00Z,30657.75,30658.75,30651.5,30658.0,151,2026-09-24T16:48:21+00:00
2026-09-24T04:16:00Z,30658.0,30667.0,30658.0,30664.75,158,2026-09-24T16:48:21+00:00
2026-09-24T04:17:00Z,30664.75,30665.75,30656.0,30656.5,124,2026-09-24T16:48:21+00:00
2026-09-24T04:18:00Z,30655.75,30660.5,30651.25,30652.75,272,2026-09-24T16:48:21+00:00
2026-09-24T04:19:00Z,30653.25,30657.25,30652.25,30656.75,112,2026-09-24T16:48:21+00:00
2026-09-24T04:20:00Z,30656.25,30664.25,30654.25,30662.0,106,2026-09-24T16:48:21+00:00
2026-09-24T04:21:00Z,30661.5,30663.0,30659.5,30660.5,40,2026-09-24T16:48:21+00:00
2026-09-24T04:22:00Z,30661.5,30670.0,30661.0,30667.75,96,2026-09-24T16:48:21+00:00
2026-09-24T04:23:00Z,30668.25,30668.75,30658.75,30659.5,86,2026-09-24T16:48:21+00:00
2026-09-24T04:24:00Z,30658.25,30662.5,30656.75,30659.0,79,2026-09-24T16:48:21+00:00
2026-09-24T04:25:00Z,30658.25,30662.0,30658.25,30661.0,25,2026-09-24T16:48:21+00:00
2026-09-24T04:26:00Z,30662.0,30665.5,30654.75,30659.75,99,2026-09-24T16:48:21+00:00
2026-09-24T04:27:00Z,30661.25,30661.5,30660.0,30660.25,14,2026-09-24T16:48:21+00:00
2026-09-24T04:28:00Z,30661.0,30668.75,30660.0,30666.5,64,2026-09-24T16:48:21+00:00
2026-09-24T04:29:00Z,30667.75,30677.0,30666.75,30676.0,146,2026-09-24T16:48:21+00:00
2026-09-24T04:30:00Z,30675.5,30679.25,30673.25,30677.0,95,2026-09-24T16:48:21+00:00
2026-09-24T04:31:00Z,30675.75,30682.75,30675.75,30681.0,80,2026-09-24T16:48:21+00:00
2026-09-24T04:32:00Z,30681.5,30688.0,30680.25,30684.5,120,2026-09-24T16:48:21+00:00
2026-09-24T04:33:00Z,30683.75,30692.75,30683.75,30692.25,120,2026-09-24T16:48:21+00:00
2026-09-24T04:34:00Z,30692.5,30696.5,30689.5,30694.0,103,2026-09-24T16:48:21+00:00
2026-09-24T04:35:00Z,30694.0,30695.0,30691.25,30693.5,54,2026-09-24T16:48:21+00:00
2026-09-24T04:36:00Z,30694.75,30695.75,30690.0,30692.75,60,2026-09-24T16:48:21+00:00
2026-09-24T04:37:00Z,30693.0,30693.5,30691.5,30692.0,35,2026-09-24T16:48:21+00:00
2026-09-24T04:38:00Z,30693.0,30700.0,30691.75,30698.0,165,2026-09-24T16:48:21+00:00
2026-09-24T04:39:00Z,30697.75,30698.0,30692.75,30693.25,57,2026-09-24T16:48:21+00:00
2026-09-24T04:40:00Z,30693.5,30693.75,30687.75,30692.75,104,2026-09-24T16:48:21+00:00
2026-09-24T04:41:00Z,30692.75,30693.0,30690.0,30691.25,20,2026-09-24T16:48:21+00:00
2026-09-24T04:42:00Z,30692.0,30692.0,30682.5,30683.5,168,2026-09-24T16:48:21+00:00
2026-09-24T04:43:00Z,30683.75,30683.75,30677.25,30681.25,133,2026-09-24T16:48:21+00:00
2026-09-24T04:44:00Z,30681.75,30683.0,30678.75,30681.75,146,2026-09-24T16:48:21+00:00
2026-09-24T04:45:00Z,30682.0,30682.0,30674.75,30677.25,122,2026-09-24T16:48:21+00:00
2026-09-24T04:46:00Z,30676.5,30680.75,30675.5,30678.75,58,2026-09-24T16:48:21+00:00
2026-09-24T04:47:00Z,30677.25,30678.0,30674.75,30674.75,32,2026-09-24T16:48:21+00:00
2026-09-24T04:48:00Z,30676.25,30676.5,30673.75,30675.0,53,2026-09-24T16:48:21+00:00
2026-09-24T04:49:00Z,30676.5,30680.0,30675.5,30680.0,81,2026-09-24T16:48:21+00:00
2026-09-24T04:50:00Z,30680.0,30680.5,30675.5,30678.5,36,2026-09-24T16:48:21+00:00
2026-09-24T04:51:00Z,30678.75,30678.75,30674.75,30675.5,25,2026-09-24T16:48:21+00:00
2026-09-24T04:52:00Z,30674.75,30680.0,30674.75,30678.5,31,2026-09-24T16:48:21+00:00
2026-09-24T04:53:00Z,30678.25,30680.0,30676.5,30680.0,30,2026-09-24T16:48:21+00:00
2026-09-24T04:54:00Z,30680.5,30681.0,30675.25,30677.75,45,2026-09-24T16:48:21+00:00
2026-09-24T04:55:00Z,30678.75,30682.75,30678.75,30680.25,73,2026-09-24T16:48:21+00:00
2026-09-24T04:56:00Z,30681.25,30688.0,30680.0,30688.0,120,2026-09-24T16:48:21+00:00
2026-09-24T04:57:00Z,30687.0,30688.0,30683.75,30686.25,112,2026-09-24T16:48:21+00:00
2026-09-24T04:58:00Z,30685.5,30685.5,30680.0,30680.5,39,2026-09-24T16:48:21+00:00
2026-09-24T04:59:00Z,30681.25,30689.25,30680.5,30687.0,111,2026-09-24T16:48:21+00:00
2026-09-24T05:00:00Z,30685.75,30696.25,30685.75,30695.25,149,2026-09-24T16:48:21+00:00
2026-09-24T05:01:00Z,30695.25,30699.75,30694.75,30699.25,84,2026-09-24T16:48:21+00:00
2026-09-24T05:02:00Z,30698.25,30704.25,30697.0,30704.25,245,2026-09-24T16:48:21+00:00
2026-09-24T05:03:00Z,30703.75,30706.0,30698.25,30706.0,85,2026-09-24T16:48:21+00:00
2026-09-24T05:04:00Z,30707.0,30707.25,30702.5,30703.5,62,2026-09-24T16:48:21+00:00
2026-09-24T05:05:00Z,30703.75,30705.0,30702.5,30704.0,35,2026-09-24T16:48:21+00:00
2026-09-24T05:06:00Z,30704.0,30704.0,30699.0,30702.0,111,2026-09-24T16:48:21+00:00
2026-09-24T05:07:00Z,30703.0,30716.0,30702.0,30711.0,190,2026-09-24T16:48:21+00:00
2026-09-24T05:08:00Z,30710.75,30715.75,30704.5,30704.75,144,2026-09-24T16:48:21+00:00
2026-09-24T05:09:00Z,30703.25,30704.75,30701.25,30703.5,61,2026-09-24T16:48:21+00:00
2026-09-24T05:10:00Z,30703.5,30703.5,30698.0,30698.0,90,2026-09-24T16:48:21+00:00
2026-09-24T05:11:00Z,30698.5,30699.0,30693.25,30693.5,43,2026-09-24T16:48:21+00:00
2026-09-24T05:12:00Z,30693.75,30695.25,30691.0,30695.0,40,2026-09-24T16:48:21+00:00
2026-09-24T05:13:00Z,30694.0,30695.25,30688.25,30690.25,95,2026-09-24T16:48:21+00:00
2026-09-24T05:14:00Z,30690.5,30692.75,30690.25,30692.75,34,2026-09-24T16:48:21+00:00
2026-09-24T05:15:00Z,30691.0,30696.75,30691.0,30691.5,96,2026-09-24T16:48:21+00:00
2026-09-24T05:16:00Z,30691.25,30692.25,30687.0,30692.0,91,2026-09-24T16:48:21+00:00
2026-09-24T05:17:00Z,30690.5,30694.5,30690.5,30694.0,35,2026-09-24T16:48:21+00:00
2026-09-24T05:18:00Z,30693.75,30694.75,30691.75,30693.75,37,2026-09-24T16:48:21+00:00
2026-09-24T05:19:00Z,30694.0,30697.25,30693.0,30696.75,41,2026-09-24T16:48:21+00:00
2026-09-24T05:20:00Z,30695.5,30698.25,30693.0,30694.25,60,2026-09-24T16:48:21+00:00
2026-09-24T05:21:00Z,30693.75,30693.75,30679.75,30679.75,192,2026-09-24T16:48:21+00:00
2026-09-24T05:22:00Z,30680.75,30686.5,30679.75,30686.25,55,2026-09-24T16:48:21+00:00
2026-09-24T05:23:00Z,30685.5,30688.0,30683.0,30687.25,40,2026-09-24T16:48:21+00:00
2026-09-24T05:24:00Z,30686.25,30687.0,30683.75,30685.5,37,2026-09-24T16:48:21+00:00
2026-09-24T05:25:00Z,30685.5,30691.75,30683.75,30687.5,107,2026-09-24T16:48:21+00:00
2026-09-24T05:26:00Z,30688.0,30694.0,30687.25,30688.25,81,2026-09-24T16:48:21+00:00
2026-09-24T05:27:00Z,30689.25,30691.25,30687.0,30690.75,74,2026-09-24T16:48:21+00:00
2026-09-24T05:28:00Z,30690.5,30704.25,30690.5,30702.25,200,2026-09-24T16:48:21+00:00
2026-09-24T05:29:00Z,30702.25,30708.0,30698.75,30707.25,167,2026-09-24T16:48:21+00:00
2026-09-24T05:30:00Z,30706.5,30710.5,30700.75,30706.0,98,2026-09-24T16:48:21+00:00
2026-09-24T05:31:00Z,30704.75,30704.75,30701.75,30703.5,28,2026-09-24T16:48:21+00:00
2026-09-24T05:32:00Z,30703.0,30705.75,30702.25,30705.25,29,2026-09-24T16:48:21+00:00
2026-09-24T05:33:00Z,30705.75,30708.75,30700.5,30700.5,48,2026-09-24T16:48:21+00:00
2026-09-24T05:34:00Z,30700.25,30701.75,30695.25,30698.0,103,2026-09-24T16:48:21+00:00
2026-09-24T05:35:00Z,30698.0,30700.0,30691.25,30691.25,75,2026-09-24T16:48:21+00:00
2026-09-24T05:36:00Z,30691.5,30694.5,30689.5,30690.75,128,2026-09-24T16:48:21+00:00
2026-09-24T05:37:00Z,30692.0,30693.5,30689.5,30692.25,39,2026-09-24T16:48:21+00:00
2026-09-24T05:38:00Z,30690.25,30692.0,30687.75,30691.75,52,2026-09-24T16:48:21+00:00
2026-09-24T05:39:00Z,30690.75,30690.75,30685.5,30689.0,99,2026-09-24T16:48:21+00:00
2026-09-24T05:40:00Z,30690.0,30698.5,30689.0,30694.0,137,2026-09-24T16:48:21+00:00
2026-09-24T05:41:00Z,30694.25,30694.75,30686.5,30688.25,56,2026-09-24T16:48:21+00:00
2026-09-24T05:42:00Z,30689.25,30690.0,30682.0,30683.25,102,2026-09-24T16:48:21+00:00
2026-09-24T05:43:00Z,30683.0,30684.25,30679.75,30681.25,59,2026-09-24T16:48:21+00:00
2026-09-24T05:44:00Z,30680.5,30681.75,30669.5,30671.0,255,2026-09-24T16:48:21+00:00
2026-09-24T05:45:00Z,30670.25,30670.25,30657.5,30666.25,267,2026-09-24T16:48:21+00:00
2026-09-24T05:46:00Z,30667.75,30670.5,30667.25,30668.25,65,2026-09-24T16:48:21+00:00
2026-09-24T05:47:00Z,30668.5,30668.5,30663.75,30663.75,52,2026-09-24T16:48:21+00:00
2026-09-24T05:48:00Z,30664.75,30666.25,30659.5,30662.25,106,2026-09-24T16:48:21+00:00
2026-09-24T05:49:00Z,30661.0,30662.0,30658.5,30660.0,40,2026-09-24T16:48:21+00:00
2026-09-24T05:50:00Z,30660.0,30660.5,30655.75,30657.75,62,2026-09-24T16:48:21+00:00
2026-09-24T05:51:00Z,30658.25,30663.0,30658.0,30661.25,73,2026-09-24T16:48:21+00:00
2026-09-24T05:52:00Z,30660.75,30669.5,30660.0,30668.5,117,2026-09-24T16:48:21+00:00
2026-09-24T05:53:00Z,30669.0,30670.0,30656.75,30657.5,132,2026-09-24T16:48:21+00:00
2026-09-24T05:54:00Z,30657.75,30661.0,30655.0,30657.75,83,2026-09-24T16:48:21+00:00
2026-09-24T05:55:00Z,30657.0,30657.0,30646.0,30647.0,283,2026-09-24T16:48:21+00:00
2026-09-24T05:56:00Z,30647.0,30647.25,30629.5,30630.5,920,2026-09-24T16:48:21+00:00
2026-09-24T05:57:00Z,30630.5,30632.25,30619.5,30623.5,665,2026-09-24T16:48:21+00:00
2026-09-24T05:58:00Z,30624.0,30625.25,30613.25,30616.25,395,2026-09-24T16:48:21+00:00
2026-09-24T05:59:00Z,30617.0,30617.75,30607.0,30608.75,500,2026-09-24T16:48:21+00:00
2026-09-24T06:00:00Z,30607.75,30610.75,30596.0,30599.5,541,2026-09-24T16:48:21+00:00
2026-09-24T06:01:00Z,30598.25,30602.5,30580.0,30585.5,479,2026-09-24T16:48:21+00:00
2026-09-24T06:02:00Z,30585.0,30593.0,30573.5,30576.75,513,2026-09-24T16:48:21+00:00
2026-09-24T06:03:00Z,30575.25,30582.0,30572.0,30581.75,344,2026-09-24T16:48:21+00:00
2026-09-24T06:04:00Z,30582.25,30588.0,30572.0,30576.0,360,2026-09-24T16:48:21+00:00
2026-09-24T06:05:00Z,30575.25,30578.0,30568.25,30576.0,686,2026-09-24T16:48:21+00:00
2026-09-24T06:06:00Z,30574.75,30581.25,30564.5,30577.5,851,2026-09-24T16:48:21+00:00
2026-09-24T06:07:00Z,30578.0,30606.5,30577.75,30606.5,391,2026-09-24T16:48:21+00:00
2026-09-24T06:08:00Z,30605.25,30615.0,30604.25,30607.0,416,2026-09-24T16:48:21+00:00
2026-09-24T06:09:00Z,30606.0,30610.5,30597.25,30610.5,206,2026-09-24T16:48:21+00:00
2026-09-24T06:10:00Z,30612.0,30615.0,30600.0,30614.25,225,2026-09-24T16:48:21+00:00
2026-09-24T06:11:00Z,30614.5,30622.5,30603.75,30617.75,230,2026-09-24T16:48:21+00:00
2026-09-24T06:12:00Z,30617.75,30628.0,30615.5,30624.5,246,2026-09-24T16:48:21+00:00
2026-09-24T06:13:00Z,30624.75,30625.0,30613.75,30622.75,183,2026-09-24T16:48:21+00:00
2026-09-24T06:14:00Z,30622.0,30625.5,30616.25,30618.75,115,2026-09-24T16:48:21+00:00
2026-09-24T06:15:00Z,30619.75,30629.25,30612.5,30615.75,267,2026-09-24T16:48:21+00:00
2026-09-24T06:16:00Z,30616.25,30619.5,30611.0,30618.0,149,2026-09-24T16:48:21+00:00
2026-09-24T06:17:00Z,30617.5,30629.75,30610.75,30627.0,228,2026-09-24T16:48:21+00:00
2026-09-24T06:18:00Z,30626.5,30631.25,30621.25,30630.0,158,2026-09-24T16:48:21+00:00
2026-09-24T06:19:00Z,30629.75,30630.0,30613.25,30613.25,164,2026-09-24T16:48:21+00:00
2026-09-24T06:20:00Z,30612.75,30613.75,30590.75,30591.25,318,2026-09-24T16:48:21+00:00
2026-09-24T06:21:00Z,30593.0,30596.75,30589.5,30590.75,170,2026-09-24T16:48:21+00:00
2026-09-24T06:22:00Z,30590.0,30594.5,30588.25,30589.75,123,2026-09-24T16:48:21+00:00
2026-09-24T06:23:00Z,30588.0,30592.25,30583.5,30585.0,150,2026-09-24T16:48:21+00:00
2026-09-24T06:24:00Z,30585.5,30603.5,30583.0,30599.75,266,2026-09-24T16:48:21+00:00
2026-09-24T06:25:00Z,30599.25,30608.0,30598.0,30601.75,140,2026-09-24T16:48:21+00:00
2026-09-24T06:26:00Z,30603.75,30605.25,30599.0,30603.5,75,2026-09-24T16:48:21+00:00
2026-09-24T06:27:00Z,30603.75,30604.25,30598.25,30599.25,54,2026-09-24T16:48:21+00:00
2026-09-24T06:28:00Z,30599.0,30606.5,30594.75,30595.5,164,2026-09-24T16:48:21+00:00
2026-09-24T06:29:00Z,30595.25,30605.0,30589.0,30601.5,229,2026-09-24T16:48:21+00:00
2026-09-24T06:30:00Z,30599.75,30599.75,30587.0,30592.5,145,2026-09-24T16:48:21+00:00
2026-09-24T06:31:00Z,30592.25,30595.5,30589.5,30593.25,89,2026-09-24T16:48:21+00:00
2026-09-24T06:32:00Z,30592.25,30597.75,30588.5,30588.75,76,2026-09-24T16:48:21+00:00
2026-09-24T06:33:00Z,30589.0,30589.75,30580.75,30582.25,127,2026-09-24T16:48:21+00:00
2026-09-24T06:34:00Z,30582.0,30584.25,30577.5,30584.0,120,2026-09-24T16:48:21+00:00
2026-09-24T06:35:00Z,30582.0,30586.0,30579.0,30582.5,105,2026-09-24T16:48:21+00:00
2026-09-24T06:36:00Z,30582.0,30585.75,30577.0,30578.25,136,2026-09-24T16:48:21+00:00
2026-09-24T06:37:00Z,30576.5,30576.5,30567.0,30573.5,246,2026-09-24T16:48:21+00:00
2026-09-24T06:38:00Z,30572.75,30573.0,30567.75,30572.25,167,2026-09-24T16:48:21+00:00
2026-09-24T06:39:00Z,30570.25,30573.75,30569.75,30571.75,95,2026-09-24T16:48:21+00:00
2026-09-24T06:40:00Z,30572.25,30578.5,30563.5,30567.0,275,2026-09-24T16:48:21+00:00
2026-09-24T06:41:00Z,30568.5,30573.0,30562.5,30571.0,176,2026-09-24T16:48:21+00:00
2026-09-24T06:42:00Z,30571.0,30581.75,30567.75,30576.0,202,2026-09-24T16:48:21+00:00
2026-09-24T06:43:00Z,30576.75,30589.75,30576.25,30589.75,229,2026-09-24T16:48:21+00:00
2026-09-24T06:44:00Z,30588.0,30592.5,30577.75,30579.25,149,2026-09-24T16:48:21+00:00
2026-09-24T06:45:00Z,30578.25,30588.0,30577.25,30585.75,82,2026-09-24T16:48:21+00:00
2026-09-24T06:46:00Z,30586.75,30586.75,30577.0,30577.5,93,2026-09-24T16:48:21+00:00
2026-09-24T06:47:00Z,30577.25,30583.0,30575.0,30577.0,71,2026-09-24T16:48:21+00:00
2026-09-24T06:48:00Z,30577.0,30578.5,30572.5,30577.5,89,2026-09-24T16:48:21+00:00
2026-09-24T06:49:00Z,30577.0,30586.25,30577.0,30579.5,73,2026-09-24T16:48:21+00:00
2026-09-24T06:50:00Z,30579.25,30582.75,30573.5,30573.5,95,2026-09-24T16:48:21+00:00
2026-09-24T06:51:00Z,30575.0,30576.0,30568.75,30569.75,103,2026-09-24T16:48:21+00:00
2026-09-24T06:52:00Z,30570.5,30570.75,30554.5,30557.5,655,2026-09-24T16:48:21+00:00
2026-09-24T06:53:00Z,30556.75,30559.25,30555.25,30557.75,127,2026-09-24T16:48:21+00:00
2026-09-24T06:54:00Z,30558.0,30567.75,30553.5,30555.0,142,2026-09-24T16:48:21+00:00
2026-09-24T06:55:00Z,30554.75,30556.5,30545.5,30555.0,570,2026-09-24T16:48:21+00:00
2026-09-24T06:56:00Z,30553.5,30557.0,30551.0,30555.5,87,2026-09-24T16:48:21+00:00
2026-09-24T06:57:00Z,30556.0,30557.5,30547.5,30552.5,152,2026-09-24T16:48:21+00:00
2026-09-24T06:58:00Z,30553.0,30558.0,30544.25,30545.5,191,2026-09-24T16:48:21+00:00
2026-09-24T06:59:00Z,30546.0,30546.0,30535.25,30541.75,374,2026-09-24T16:48:21+00:00
2026-09-24T07:00:00Z,30541.5,30545.75,30523.75,30537.5,822,2026-09-24T16:48:21+00:00
2026-09-24T07:01:00Z,30538.0,30559.25,30538.0,30544.0,383,2026-09-24T16:48:21+00:00
2026-09-24T07:02:00Z,30543.0,30545.5,30521.5,30524.0,346,2026-09-24T16:48:21+00:00
2026-09-24T07:03:00Z,30524.25,30537.5,30512.75,30531.25,697,2026-09-24T16:48:21+00:00
2026-09-24T07:04:00Z,30531.25,30544.0,30521.0,30537.75,714,2026-09-24T16:48:21+00:00
2026-09-24T07:05:00Z,30539.5,30551.75,30526.5,30549.0,282,2026-09-24T16:48:21+00:00
2026-09-24T07:06:00Z,30546.0,30570.5,30542.75,30569.75,360,2026-09-24T16:48:21+00:00
2026-09-24T07:07:00Z,30569.0,30577.75,30561.25,30575.5,299,2026-09-24T16:48:21+00:00
2026-09-24T07:08:00Z,30577.0,30589.75,30576.5,30582.75,318,2026-09-24T16:48:21+00:00
2026-09-24T07:09:00Z,30582.5,30588.0,30581.75,30584.75,118,2026-09-24T16:48:21+00:00
2026-09-24T07:10:00Z,30586.75,30594.25,30583.25,30591.75,166,2026-09-24T16:48:21+00:00
2026-09-24T07:11:00Z,30590.25,30592.25,30582.0,30585.75,208,2026-09-24T16:48:21+00:00
2026-09-24T07:12:00Z,30584.25,30587.25,30575.25,30581.0,199,2026-09-24T16:48:21+00:00
2026-09-24T07:13:00Z,30580.25,30587.0,30576.75,30586.0,210,2026-09-24T16:48:21+00:00
2026-09-24T07:14:00Z,30585.5,30595.5,30585.5,30594.75,135,2026-09-24T16:48:21+00:00
2026-09-24T07:15:00Z,30593.75,30604.0,30582.5,30585.0,318,2026-09-24T16:48:21+00:00
2026-09-24T07:16:00Z,30585.5,30590.75,30584.0,30584.0,87,2026-09-24T16:48:21+00:00
2026-09-24T07:17:00Z,30584.25,30590.75,30580.5,30580.5,120,2026-09-24T16:48:21+00:00
2026-09-24T07:18:00Z,30581.25,30594.0,30577.0,30592.0,175,2026-09-24T16:48:21+00:00
2026-09-24T07:19:00Z,30592.5,30598.5,30590.0,30597.25,89,2026-09-24T16:48:21+00:00
2026-09-24T07:20:00Z,30596.75,30598.0,30588.5,30592.25,138,2026-09-24T16:48:21+00:00
2026-09-24T07:21:00Z,30590.25,30595.0,30582.5,30584.5,92,2026-09-24T16:48:21+00:00
2026-09-24T07:22:00Z,30584.5,30589.25,30583.25,30587.0,76,2026-09-24T16:48:21+00:00
2026-09-24T07:23:00Z,30587.5,30592.5,30583.5,30589.75,63,2026-09-24T16:48:21+00:00
2026-09-24T07:24:00Z,30590.5,30591.0,30582.0,30583.5,63,2026-09-24T16:48:21+00:00
2026-09-24T07:25:00Z,30583.25,30589.5,30581.5,30583.5,99,2026-09-24T16:48:21+00:00
2026-09-24T07:26:00Z,30582.25,30590.5,30574.75,30588.0,178,2026-09-24T16:48:21+00:00
2026-09-24T07:27:00Z,30587.75,30596.5,30587.5,30593.25,185,2026-09-24T16:48:21+00:00
2026-09-24T07:28:00Z,30592.0,30598.25,30588.25,30592.25,158,2026-09-24T16:48:21+00:00
2026-09-24T07:29:00Z,30591.5,30608.0,30591.0,30606.25,207,2026-09-24T16:48:21+00:00
2026-09-24T07:30:00Z,30606.75,30616.0,30601.75,30607.5,482,2026-09-24T16:48:21+00:00
2026-09-24T07:31:00Z,30608.25,30614.25,30601.75,30604.5,298,2026-09-24T16:48:21+00:00
2026-09-24T07:32:00Z,30605.0,30609.25,30601.5,30606.25,94,2026-09-24T16:48:21+00:00
2026-09-24T07:33:00Z,30602.0,30620.25,30601.25,30618.0,171,2026-09-24T16:48:21+00:00
2026-09-24T07:34:00Z,30618.75,30618.75,30606.75,30607.5,110,2026-09-24T16:48:21+00:00
2026-09-24T07:35:00Z,30611.25,30616.75,30606.0,30616.25,89,2026-09-24T16:48:21+00:00
2026-09-24T07:36:00Z,30616.75,30629.25,30614.75,30629.0,237,2026-09-24T16:48:21+00:00
2026-09-24T07:37:00Z,30629.75,30632.5,30626.25,30629.25,232,2026-09-24T16:48:21+00:00
2026-09-24T07:38:00Z,30629.0,30631.0,30622.0,30624.75,152,2026-09-24T16:48:21+00:00
2026-09-24T07:39:00Z,30625.0,30626.25,30618.0,30622.25,99,2026-09-24T16:48:21+00:00
2026-09-24T07:40:00Z,30621.0,30624.25,30618.0,30620.0,84,2026-09-24T16:48:21+00:00
2026-09-24T07:41:00Z,30619.5,30622.5,30615.0,30616.5,75,2026-09-24T16:48:21+00:00
2026-09-24T07:42:00Z,30617.0,30617.25,30611.75,30615.5,65,2026-09-24T16:48:21+00:00
2026-09-24T07:43:00Z,30613.0,30618.25,30612.0,30617.75,58,2026-09-24T16:48:21+00:00
2026-09-24T07:44:00Z,30619.0,30627.25,30618.0,30624.0,68,2026-09-24T16:48:21+00:00
2026-09-24T07:45:00Z,30620.25,30623.5,30617.75,30619.0,64,2026-09-24T16:48:21+00:00
2026-09-24T07:46:00Z,30621.0,30622.75,30616.25,30618.75,75,2026-09-24T16:48:21+00:00
2026-09-24T07:47:00Z,30618.5,30618.5,30608.5,30609.0,111,2026-09-24T16:48:21+00:00
2026-09-24T07:48:00Z,30612.25,30612.75,30606.0,30608.25,53,2026-09-24T16:48:21+00:00
2026-09-24T07:49:00Z,30608.5,30610.5,30604.25,30606.75,35,2026-09-24T16:48:21+00:00
2026-09-24T07:50:00Z,30606.75,30606.75,30597.0,30603.75,141,2026-09-24T16:48:21+00:00
2026-09-24T07:51:00Z,30603.0,30610.25,30601.75,30609.5,102,2026-09-24T16:48:21+00:00
2026-09-24T07:52:00Z,30607.0,30610.0,30602.0,30602.0,47,2026-09-24T16:48:21+00:00
2026-09-24T07:53:00Z,30601.0,30601.5,30594.0,30597.0,108,2026-09-24T16:48:21+00:00
2026-09-24T07:54:00Z,30599.0,30601.0,30596.25,30600.0,75,2026-09-24T16:48:21+00:00
2026-09-24T07:55:00Z,30598.25,30598.25,30576.0,30581.5,254,2026-09-24T16:48:21+00:00
2026-09-24T07:56:00Z,30580.25,30580.25,30565.0,30570.0,219,2026-09-24T16:48:21+00:00
2026-09-24T07:57:00Z,30569.25,30572.0,30563.25,30564.25,104,2026-09-24T16:48:21+00:00
2026-09-24T07:58:00Z,30564.75,30566.5,30562.25,30563.5,98,2026-09-24T16:48:21+00:00
2026-09-24T07:59:00Z,30563.5,30566.75,30559.0,30559.5,142,2026-09-24T16:48:21+00:00
2026-09-24T08:00:00Z,30559.25,30577.75,30551.5,30571.25,431,2026-09-24T16:48:21+00:00
2026-09-24T08:01:00Z,30571.0,30590.0,30559.5,30587.25,398,2026-09-24T16:48:21+00:00
2026-09-24T08:02:00Z,30586.75,30586.75,30557.5,30559.75,347,2026-09-24T16:48:21+00:00
2026-09-24T08:03:00Z,30560.25,30566.0,30547.5,30559.5,280,2026-09-24T16:48:21+00:00
2026-09-24T08:04:00Z,30559.75,30560.0,30533.0,30543.75,315,2026-09-24T16:48:21+00:00
2026-09-24T08:05:00Z,30547.25,30551.25,30535.0,30538.25,187,2026-09-24T16:48:21+00:00
2026-09-24T08:06:00Z,30537.0,30541.75,30532.75,30540.75,237,2026-09-24T16:48:21+00:00
2026-09-24T08:07:00Z,30540.0,30544.5,30535.0,30536.75,178,2026-09-24T16:48:21+00:00
2026-09-24T08:08:00Z,30536.75,30542.0,30528.5,30528.75,186,2026-09-24T16:48:21+00:00
2026-09-24T08:09:00Z,30528.75,30537.0,30525.0,30532.25,225,2026-09-24T16:48:21+00:00
2026-09-24T08:10:00Z,30531.0,30531.25,30514.75,30517.25,292,2026-09-24T16:48:21+00:00
2026-09-24T08:11:00Z,30516.0,30516.25,30496.75,30506.75,549,2026-09-24T16:48:21+00:00
2026-09-24T08:12:00Z,30507.5,30511.25,30493.5,30498.75,377,2026-09-24T16:48:21+00:00
2026-09-24T08:13:00Z,30498.5,30501.25,30482.0,30483.25,461,2026-09-24T16:48:21+00:00
2026-09-24T08:14:00Z,30486.0,30491.0,30479.5,30487.5,358,2026-09-24T16:48:21+00:00
2026-09-24T08:15:00Z,30487.0,30495.25,30479.75,30479.75,352,2026-09-24T16:48:21+00:00
2026-09-24T08:16:00Z,30479.5,30497.5,30479.0,30494.5,303,2026-09-24T16:48:21+00:00
2026-09-24T08:17:00Z,30494.5,30511.25,30489.75,30503.0,485,2026-09-24T16:48:21+00:00
2026-09-24T08:18:00Z,30502.0,30503.75,30486.0,30491.25,249,2026-09-24T16:48:21+00:00
2026-09-24T08:19:00Z,30493.75,30501.25,30486.5,30491.5,176,2026-09-24T16:48:21+00:00
2026-09-24T08:20:00Z,30490.5,30490.5,30477.0,30480.25,347,2026-09-24T16:48:21+00:00
2026-09-24T08:21:00Z,30481.0,30483.25,30472.5,30476.25,320,2026-09-24T16:48:21+00:00
2026-09-24T08:22:00Z,30475.5,30487.5,30474.5,30483.25,320,2026-09-24T16:48:21+00:00
2026-09-24T08:23:00Z,30482.25,30487.75,30477.5,30477.75,191,2026-09-24T16:48:21+00:00
2026-09-24T08:24:00Z,30479.0,30491.0,30472.5,30483.5,310,2026-09-24T16:48:21+00:00
2026-09-24T08:25:00Z,30483.0,30493.25,30477.25,30477.75,262,2026-09-24T16:48:21+00:00
2026-09-24T08:26:00Z,30477.0,30478.25,30457.5,30463.5,505,2026-09-24T16:48:21+00:00
2026-09-24T08:27:00Z,30462.5,30464.0,30454.0,30460.5,410,2026-09-24T16:48:21+00:00
2026-09-24T08:28:00Z,30459.75,30461.5,30453.25,30455.0,253,2026-09-24T16:48:21+00:00
2026-09-24T08:29:00Z,30455.25,30466.25,30453.5,30455.25,258,2026-09-24T16:48:21+00:00
2026-09-24T08:30:00Z,30457.5,30468.0,30453.5,30463.25,290,2026-09-24T16:48:21+00:00
2026-09-24T08:31:00Z,30463.5,30484.0,30463.5,30484.0,490,2026-09-24T16:48:21+00:00
2026-09-24T08:32:00Z,30483.75,30492.0,30477.5,30491.25,461,2026-09-24T16:48:21+00:00
2026-09-24T08:33:00Z,30491.25,30497.5,30481.0,30483.0,384,2026-09-24T16:48:21+00:00
2026-09-24T08:34:00Z,30484.0,30484.25,30447.25,30451.0,918,2026-09-24T16:48:21+00:00
2026-09-24T08:35:00Z,30451.5,30452.5,30441.75,30446.75,476,2026-09-24T16:48:21+00:00
2026-09-24T08:36:00Z,30446.0,30446.5,30435.75,30436.75,409,2026-09-24T16:48:21+00:00
2026-09-24T08:37:00Z,30436.75,30444.75,30431.25,30440.75,354,2026-09-24T16:48:21+00:00
2026-09-24T08:38:00Z,30441.0,30448.0,30436.0,30443.25,386,2026-09-24T16:48:21+00:00
2026-09-24T08:39:00Z,30442.75,30453.25,30439.25,30449.75,310,2026-09-24T16:48:21+00:00
2026-09-24T08:40:00Z,30450.5,30452.0,30436.25,30438.25,221,2026-09-24T16:48:21+00:00
2026-09-24T08:41:00Z,30437.25,30440.0,30431.25,30434.5,216,2026-09-24T16:48:21+00:00
2026-09-24T08:42:00Z,30433.75,30451.25,30430.75,30449.0,271,2026-09-24T16:48:21+00:00
2026-09-24T08:43:00Z,30448.25,30458.0,30446.0,30455.75,318,2026-09-24T16:48:21+00:00
2026-09-24T08:44:00Z,30454.75,30454.75,30438.75,30445.75,187,2026-09-24T16:48:21+00:00
2026-09-24T08:45:00Z,30449.25,30456.5,30436.25,30443.0,330,2026-09-24T16:48:21+00:00
2026-09-24T08:46:00Z,30443.5,30449.25,30439.0,30443.25,142,2026-09-24T16:48:21+00:00
2026-09-24T08:47:00Z,30440.0,30440.75,30430.0,30435.0,228,2026-09-24T16:48:21+00:00
2026-09-24T08:48:00Z,30436.0,30436.0,30422.25,30423.75,498,2026-09-24T16:48:21+00:00
2026-09-24T08:49:00Z,30423.0,30426.5,30412.25,30415.0,448,2026-09-24T16:48:21+00:00
2026-09-24T08:50:00Z,30413.75,30416.0,30407.25,30412.5,468,2026-09-24T16:48:21+00:00
2026-09-24T08:51:00Z,30412.25,30434.75,30411.75,30434.5,438,2026-09-24T16:48:21+00:00
2026-09-24T08:52:00Z,30432.75,30434.5,30425.25,30430.25,195,2026-09-24T16:48:21+00:00
2026-09-24T08:53:00Z,30431.0,30434.25,30419.5,30424.75,206,2026-09-24T16:48:21+00:00
2026-09-24T08:54:00Z,30423.75,30428.25,30417.25,30422.5,163,2026-09-24T16:48:21+00:00
2026-09-24T08:55:00Z,30422.75,30430.0,30417.0,30425.5,184,2026-09-24T16:48:21+00:00
2026-09-24T08:56:00Z,30426.25,30427.75,30420.75,30422.25,115,2026-09-24T16:48:21+00:00
2026-09-24T08:57:00Z,30421.5,30431.5,30420.0,30428.5,203,2026-09-24T16:48:21+00:00
2026-09-24T08:58:00Z,30427.75,30435.5,30425.75,30429.5,237,2026-09-24T16:48:21+00:00
2026-09-24T08:59:00Z,30432.25,30433.25,30425.25,30433.25,165,2026-09-24T16:48:21+00:00
2026-09-24T09:00:00Z,30433.5,30440.5,30426.0,30435.75,306,2026-09-24T16:48:21+00:00
2026-09-24T09:01:00Z,30436.25,30454.25,30435.0,30447.25,399,2026-09-24T16:48:21+00:00
2026-09-24T09:02:00Z,30446.75,30448.75,30440.5,30443.0,173,2026-09-24T16:48:21+00:00
2026-09-24T09:03:00Z,30442.5,30448.0,30439.25,30443.25,198,2026-09-24T16:48:21+00:00
2026-09-24T09:04:00Z,30442.75,30446.25,30433.25,30438.75,224,2026-09-24T16:48:21+00:00
2026-09-24T09:05:00Z,30440.0,30448.75,30433.25,30437.5,293,2026-09-24T16:48:21+00:00
2026-09-24T09:06:00Z,30436.75,30439.0,30426.75,30439.0,207,2026-09-24T16:48:21+00:00
2026-09-24T09:07:00Z,30440.25,30444.0,30438.25,30442.0,310,2026-09-24T16:48:21+00:00
2026-09-24T09:08:00Z,30442.5,30455.5,30439.25,30449.5,462,2026-09-24T16:48:21+00:00
2026-09-24T09:09:00Z,30450.5,30452.5,30437.5,30438.5,301,2026-09-24T16:48:21+00:00
2026-09-24T09:10:00Z,30438.25,30447.75,30437.25,30443.0,107,2026-09-24T16:48:21+00:00
2026-09-24T09:11:00Z,30442.25,30444.75,30429.25,30432.5,199,2026-09-24T16:48:21+00:00
2026-09-24T09:12:00Z,30431.25,30432.0,30419.25,30421.5,237,2026-09-24T16:48:21+00:00
2026-09-24T09:13:00Z,30418.5,30432.0,30417.75,30430.0,156,2026-09-24T16:48:21+00:00
2026-09-24T09:14:00Z,30430.25,30433.0,30426.5,30431.5,114,2026-09-24T16:48:21+00:00
2026-09-24T09:15:00Z,30431.25,30436.25,30427.5,30435.25,123,2026-09-24T16:48:21+00:00
2026-09-24T09:16:00Z,30433.25,30436.0,30426.75,30428.75,89,2026-09-24T16:48:21+00:00
2026-09-24T09:17:00Z,30428.5,30441.0,30426.25,30429.5,134,2026-09-24T16:48:21+00:00
2026-09-24T09:18:00Z,30428.75,30438.5,30422.75,30438.5,91,2026-09-24T16:48:21+00:00
2026-09-24T09:19:00Z,30437.5,30444.5,30433.75,30441.75,148,2026-09-24T16:48:21+00:00
2026-09-24T09:20:00Z,30441.75,30452.0,30440.5,30451.75,163,2026-09-24T16:48:21+00:00
2026-09-24T09:21:00Z,30450.75,30451.75,30441.0,30441.25,168,2026-09-24T16:48:21+00:00
2026-09-24T09:22:00Z,30441.75,30444.75,30434.75,30439.25,151,2026-09-24T16:48:21+00:00
2026-09-24T09:23:00Z,30439.0,30452.75,30438.25,30450.5,118,2026-09-24T16:48:21+00:00
2026-09-24T09:24:00Z,30451.0,30456.0,30447.75,30453.75,269,2026-09-24T16:48:21+00:00
2026-09-24T09:25:00Z,30454.25,30464.5,30452.5,30461.5,279,2026-09-24T16:48:21+00:00
2026-09-24T09:26:00Z,30460.75,30462.25,30447.75,30453.0,179,2026-09-24T16:48:21+00:00
2026-09-24T09:27:00Z,30451.5,30451.5,30438.75,30440.5,172,2026-09-24T16:48:21+00:00
2026-09-24T09:28:00Z,30440.75,30442.5,30437.0,30440.5,99,2026-09-24T16:48:21+00:00
2026-09-24T09:29:00Z,30441.0,30444.5,30440.25,30441.75,67,2026-09-24T16:48:21+00:00
2026-09-24T09:30:00Z,30442.0,30444.25,30432.75,30433.75,156,2026-09-24T16:48:21+00:00
2026-09-24T09:31:00Z,30432.0,30439.25,30424.0,30434.75,174,2026-09-24T16:48:21+00:00
2026-09-24T09:32:00Z,30435.75,30437.25,30428.5,30437.25,83,2026-09-24T16:48:21+00:00
2026-09-24T09:33:00Z,30436.5,30436.75,30430.0,30430.0,102,2026-09-24T16:48:21+00:00
2026-09-24T09:34:00Z,30430.25,30438.25,30427.25,30436.75,92,2026-09-24T16:48:21+00:00
2026-09-24T09:35:00Z,30438.25,30442.0,30430.5,30433.5,92,2026-09-24T16:48:21+00:00
2026-09-24T09:36:00Z,30431.5,30433.25,30422.0,30424.75,110,2026-09-24T16:48:21+00:00
2026-09-24T09:37:00Z,30424.75,30425.0,30415.75,30416.75,210,2026-09-24T16:48:21+00:00
2026-09-24T09:38:00Z,30416.25,30417.0,30405.75,30410.75,337,2026-09-24T16:48:21+00:00
2026-09-24T09:39:00Z,30410.0,30419.25,30409.5,30411.5,163,2026-09-24T16:48:21+00:00
2026-09-24T09:40:00Z,30412.0,30415.5,30405.25,30406.5,243,2026-09-24T16:48:21+00:00
2026-09-24T09:41:00Z,30406.0,30406.0,30389.25,30394.0,605,2026-09-24T16:48:21+00:00
2026-09-24T09:42:00Z,30392.75,30401.5,30388.0,30399.25,254,2026-09-24T16:48:21+00:00
2026-09-24T09:43:00Z,30399.0,30400.25,30371.5,30379.25,915,2026-09-24T16:48:21+00:00
2026-09-24T09:44:00Z,30378.75,30378.75,30370.0,30377.5,379,2026-09-24T16:48:21+00:00
2026-09-24T09:45:00Z,30378.0,30381.75,30371.75,30377.0,319,2026-09-24T16:48:21+00:00
2026-09-24T09:46:00Z,30377.25,30391.0,30375.25,30389.25,197,2026-09-24T16:48:21+00:00
2026-09-24T09:47:00Z,30389.75,30401.25,30380.0,30391.75,256,2026-09-24T16:48:21+00:00
2026-09-24T09:48:00Z,30390.75,30400.75,30388.5,30396.0,174,2026-09-24T16:48:21+00:00
2026-09-24T09:49:00Z,30395.25,30408.75,30395.25,30407.0,181,2026-09-24T16:48:21+00:00
2026-09-24T09:50:00Z,30406.25,30417.0,30405.25,30412.0,182,2026-09-24T16:48:21+00:00
2026-09-24T09:51:00Z,30412.0,30415.0,30407.0,30412.0,239,2026-09-24T16:48:21+00:00
2026-09-24T09:52:00Z,30412.25,30420.5,30408.75,30417.75,129,2026-09-24T16:48:21+00:00
2026-09-24T09:53:00Z,30419.25,30421.0,30412.0,30414.75,93,2026-09-24T16:48:21+00:00
2026-09-24T09:54:00Z,30413.0,30419.5,30402.0,30419.0,226,2026-09-24T16:48:21+00:00
2026-09-24T09:55:00Z,30419.5,30432.75,30419.25,30429.5,252,2026-09-24T16:48:21+00:00
2026-09-24T09:56:00Z,30429.25,30433.75,30426.0,30430.25,148,2026-09-24T16:48:21+00:00
2026-09-24T09:57:00Z,30429.0,30429.0,30420.75,30421.0,69,2026-09-24T16:48:21+00:00
2026-09-24T09:58:00Z,30420.75,30431.75,30420.0,30429.75,73,2026-09-24T16:48:21+00:00
2026-09-24T09:59:00Z,30430.0,30438.5,30429.25,30436.5,168,2026-09-24T16:48:21+00:00
2026-09-24T10:00:00Z,30434.75,30445.75,30431.0,30442.25,218,2026-09-24T16:48:21+00:00
2026-09-24T10:01:00Z,30441.75,30448.75,30441.25,30447.0,213,2026-09-24T16:48:21+00:00
2026-09-24T10:02:00Z,30448.0,30451.0,30438.75,30438.75,110,2026-09-24T16:48:21+00:00
2026-09-24T10:03:00Z,30439.25,30443.0,30435.25,30435.75,103,2026-09-24T16:48:21+00:00
2026-09-24T10:04:00Z,30437.0,30439.0,30425.5,30427.25,154,2026-09-24T16:48:21+00:00
2026-09-24T10:05:00Z,30428.25,30430.5,30421.5,30424.0,155,2026-09-24T16:48:21+00:00
2026-09-24T10:06:00Z,30424.25,30425.5,30416.0,30418.25,152,2026-09-24T16:48:21+00:00
2026-09-24T10:07:00Z,30416.5,30424.5,30415.75,30423.25,98,2026-09-24T16:48:21+00:00
2026-09-24T10:08:00Z,30423.0,30424.75,30420.75,30421.75,38,2026-09-24T16:48:21+00:00
2026-09-24T10:09:00Z,30421.25,30426.75,30420.0,30422.75,75,2026-09-24T16:48:21+00:00
2026-09-24T10:10:00Z,30423.25,30445.25,30421.25,30434.75,515,2026-09-24T16:48:21+00:00
2026-09-24T10:11:00Z,30434.25,30444.0,30433.75,30434.25,189,2026-09-24T16:48:21+00:00
2026-09-24T10:12:00Z,30434.25,30437.5,30429.5,30430.5,107,2026-09-24T16:48:21+00:00
2026-09-24T10:13:00Z,30431.0,30436.5,30425.25,30426.5,123,2026-09-24T16:48:21+00:00
2026-09-24T10:14:00Z,30425.0,30438.5,30423.75,30437.0,106,2026-09-24T16:48:21+00:00
2026-09-24T10:15:00Z,30437.25,30443.0,30435.25,30442.0,108,2026-09-24T16:48:21+00:00
2026-09-24T10:16:00Z,30443.0,30457.0,30440.75,30457.0,471,2026-09-24T16:48:21+00:00
2026-09-24T10:17:00Z,30455.25,30460.0,30451.0,30452.25,191,2026-09-24T16:48:21+00:00
2026-09-24T10:18:00Z,30452.0,30457.5,30438.25,30440.5,331,2026-09-24T16:48:21+00:00
2026-09-24T10:19:00Z,30440.75,30448.0,30440.75,30444.5,77,2026-09-24T16:48:21+00:00
2026-09-24T10:20:00Z,30444.5,30447.0,30441.75,30443.75,85,2026-09-24T16:48:21+00:00
2026-09-24T10:21:00Z,30443.75,30447.75,30441.0,30444.5,116,2026-09-24T16:48:21+00:00
2026-09-24T10:22:00Z,30443.25,30444.75,30436.25,30437.25,161,2026-09-24T16:48:21+00:00
2026-09-24T10:23:00Z,30439.5,30444.5,30435.0,30435.0,71,2026-09-24T16:48:21+00:00
2026-09-24T10:24:00Z,30433.5,30446.75,30418.5,30421.5,584,2026-09-24T16:48:21+00:00
2026-09-24T10:25:00Z,30421.25,30427.5,30415.0,30423.5,285,2026-09-24T16:48:21+00:00
2026-09-24T10:26:00Z,30423.0,30435.25,30420.5,30429.25,331,2026-09-24T16:48:21+00:00
2026-09-24T10:27:00Z,30429.0,30432.0,30426.25,30428.25,128,2026-09-24T16:48:21+00:00
2026-09-24T10:28:00Z,30427.0,30448.5,30421.25,30445.75,524,2026-09-24T16:48:21+00:00
2026-09-24T10:29:00Z,30445.5,30449.25,30431.0,30432.75,353,2026-09-24T16:48:21+00:00
2026-09-24T10:30:00Z,30432.5,30445.25,30420.75,30428.5,373,2026-09-24T16:48:21+00:00
2026-09-24T10:31:00Z,30430.25,30441.5,30428.25,30438.0,190,2026-09-24T16:48:21+00:00
2026-09-24T10:32:00Z,30439.0,30449.0,30439.0,30447.5,175,2026-09-24T16:48:21+00:00
2026-09-24T10:33:00Z,30448.0,30454.75,30443.0,30445.0,87,2026-09-24T16:48:21+00:00
2026-09-24T10:34:00Z,30443.5,30455.25,30443.0,30452.0,115,2026-09-24T16:48:21+00:00
2026-09-24T10:35:00Z,30452.0,30461.25,30452.0,30458.25,139,2026-09-24T16:48:21+00:00
2026-09-24T10:36:00Z,30457.25,30459.5,30450.5,30454.5,63,2026-09-24T16:48:21+00:00
2026-09-24T10:37:00Z,30454.25,30461.0,30453.75,30460.0,121,2026-09-24T16:48:21+00:00
2026-09-24T10:38:00Z,30460.25,30468.75,30457.0,30466.75,193,2026-09-24T16:48:21+00:00
2026-09-24T10:39:00Z,30467.25,30480.0,30467.25,30475.75,447,2026-09-24T16:48:21+00:00
2026-09-24T10:40:00Z,30475.75,30480.5,30472.75,30478.25,244,2026-09-24T16:48:21+00:00
2026-09-24T10:41:00Z,30478.25,30481.25,30472.0,30477.5,227,2026-09-24T16:48:21+00:00
2026-09-24T10:42:00Z,30476.25,30484.75,30476.25,30482.0,214,2026-09-24T16:48:21+00:00
2026-09-24T10:43:00Z,30482.25,30483.25,30476.75,30479.0,154,2026-09-24T16:48:21+00:00
2026-09-24T10:44:00Z,30479.75,30483.25,30477.0,30478.5,130,2026-09-24T16:48:21+00:00
2026-09-24T10:45:00Z,30478.25,30478.75,30471.75,30476.5,199,2026-09-24T16:48:21+00:00
2026-09-24T10:46:00Z,30475.5,30480.0,30474.75,30479.5,81,2026-09-24T16:48:21+00:00
2026-09-24T10:47:00Z,30478.25,30483.25,30476.5,30476.5,100,2026-09-24T16:48:21+00:00
2026-09-24T10:48:00Z,30476.25,30486.5,30473.5,30484.5,162,2026-09-24T16:48:21+00:00
2026-09-24T10:49:00Z,30485.75,30522.25,30485.0,30519.25,1409,2026-09-24T16:48:21+00:00
2026-09-24T10:50:00Z,30520.0,30523.75,30499.5,30505.0,602,2026-09-24T16:48:21+00:00
2026-09-24T10:51:00Z,30505.75,30509.5,30495.0,30495.0,278,2026-09-24T16:48:21+00:00
2026-09-24T10:52:00Z,30495.25,30496.25,30488.0,30494.5,244,2026-09-24T16:48:21+00:00
2026-09-24T10:53:00Z,30494.25,30496.75,30491.25,30491.25,109,2026-09-24T16:48:21+00:00
2026-09-24T10:54:00Z,30490.75,30494.0,30479.5,30480.75,222,2026-09-24T16:48:21+00:00
2026-09-24T10:55:00Z,30479.75,30483.25,30473.0,30476.25,269,2026-09-24T16:48:21+00:00
2026-09-24T10:56:00Z,30476.5,30480.75,30473.5,30479.25,122,2026-09-24T16:48:21+00:00
2026-09-24T10:57:00Z,30479.5,30486.75,30478.25,30486.75,124,2026-09-24T16:48:21+00:00
2026-09-24T10:58:00Z,30485.25,30493.25,30483.75,30488.75,194,2026-09-24T16:48:21+00:00
2026-09-24T10:59:00Z,30488.5,30491.5,30485.0,30488.75,118,2026-09-24T16:48:21+00:00
2026-09-24T11:00:00Z,30487.75,30503.75,30485.25,30490.75,420,2026-09-24T16:48:21+00:00
2026-09-24T11:01:00Z,30492.0,30492.0,30479.0,30486.0,214,2026-09-24T16:48:21+00:00
2026-09-24T11:02:00Z,30486.25,30492.5,30485.75,30488.75,106,2026-09-24T16:48:21+00:00
2026-09-24T11:03:00Z,30487.25,30490.25,30482.25,30487.25,93,2026-09-24T16:48:21+00:00
2026-09-24T11:04:00Z,30486.5,30488.0,30481.25,30482.0,108,2026-09-24T16:48:21+00:00
2026-09-24T11:05:00Z,30481.25,30481.25,30474.75,30480.25,159,2026-09-24T16:48:21+00:00
2026-09-24T11:06:00Z,30480.75,30484.25,30479.5,30484.25,82,2026-09-24T16:48:21+00:00
2026-09-24T11:07:00Z,30482.5,30487.0,30476.5,30477.25,159,2026-09-24T16:48:21+00:00
2026-09-24T11:08:00Z,30479.0,30481.75,30464.0,30466.75,341,2026-09-24T16:48:21+00:00
2026-09-24T11:09:00Z,30466.75,30477.75,30465.0,30471.75,165,2026-09-24T16:48:21+00:00
2026-09-24T11:10:00Z,30472.5,30477.25,30470.25,30474.25,73,2026-09-24T16:48:21+00:00
2026-09-24T11:11:00Z,30474.0,30474.75,30464.5,30466.25,83,2026-09-24T16:48:21+00:00
2026-09-24T11:12:00Z,30465.75,30466.25,30460.25,30461.5,106,2026-09-24T16:48:21+00:00
2026-09-24T11:13:00Z,30461.0,30472.5,30456.5,30468.0,148,2026-09-24T16:48:21+00:00
2026-09-24T11:14:00Z,30472.75,30491.0,30472.75,30488.25,394,2026-09-24T16:48:21+00:00
2026-09-24T11:15:00Z,30488.75,30510.0,30479.0,30508.0,634,2026-09-24T16:48:21+00:00
2026-09-24T11:16:00Z,30506.5,30512.75,30495.5,30502.25,282,2026-09-24T16:48:21+00:00
2026-09-24T11:17:00Z,30503.5,30506.75,30488.5,30489.25,460,2026-09-24T16:48:21+00:00
2026-09-24T11:18:00Z,30490.5,30492.75,30480.25,30483.25,267,2026-09-24T16:48:21+00:00
2026-09-24T11:19:00Z,30482.75,30488.5,30482.5,30484.0,137,2026-09-24T16:48:21+00:00
2026-09-24T11:20:00Z,30483.75,30495.75,30482.75,30489.0,173,2026-09-24T16:48:21+00:00
2026-09-24T11:21:00Z,30489.25,30489.25,30476.5,30478.0,162,2026-09-24T16:48:21+00:00
2026-09-24T11:22:00Z,30477.25,30494.0,30476.25,30490.75,142,2026-09-24T16:48:21+00:00
2026-09-24T11:23:00Z,30491.75,30496.5,30490.5,30494.75,111,2026-09-24T16:48:21+00:00
2026-09-24T11:24:00Z,30494.25,30498.75,30488.75,30494.0,228,2026-09-24T16:48:21+00:00
2026-09-24T11:25:00Z,30495.0,30495.25,30480.75,30482.25,97,2026-09-24T16:48:21+00:00
2026-09-24T11:26:00Z,30481.25,30487.0,30480.0,30486.0,62,2026-09-24T16:48:21+00:00
2026-09-24T11:27:00Z,30485.0,30485.25,30472.75,30474.75,135,2026-09-24T16:48:21+00:00
2026-09-24T11:28:00Z,30475.75,30478.75,30472.0,30473.5,64,2026-09-24T16:48:21+00:00
2026-09-24T11:29:00Z,30473.25,30475.5,30471.0,30471.75,114,2026-09-24T16:48:21+00:00
2026-09-24T11:30:00Z,30471.5,30494.0,30471.5,30487.5,301,2026-09-24T16:48:21+00:00
2026-09-24T11:31:00Z,30486.5,30501.0,30484.5,30492.5,114,2026-09-24T16:48:21+00:00
2026-09-24T11:32:00Z,30491.75,30492.5,30481.25,30481.75,101,2026-09-24T16:48:21+00:00
2026-09-24T11:33:00Z,30483.0,30485.75,30476.0,30479.25,99,2026-09-24T16:48:21+00:00
2026-09-24T11:34:00Z,30479.0,30482.25,30470.5,30470.75,126,2026-09-24T16:48:21+00:00
2026-09-24T11:35:00Z,30470.75,30470.75,30450.25,30465.75,430,2026-09-24T16:48:21+00:00
2026-09-24T11:36:00Z,30466.75,30466.75,30458.5,30462.0,72,2026-09-24T16:48:21+00:00
2026-09-24T11:37:00Z,30462.75,30466.0,30451.25,30452.25,140,2026-09-24T16:48:21+00:00
2026-09-24T11:38:00Z,30453.0,30454.25,30447.0,30448.5,234,2026-09-24T16:48:21+00:00
2026-09-24T11:39:00Z,30447.5,30451.75,30447.0,30450.25,88,2026-09-24T16:48:21+00:00
2026-09-24T11:40:00Z,30451.0,30451.25,30444.75,30446.0,84,2026-09-24T16:48:21+00:00
2026-09-24T11:41:00Z,30444.75,30451.0,30444.75,30451.0,78,2026-09-24T16:48:21+00:00
2026-09-24T11:42:00Z,30451.0,30452.0,30445.75,30447.25,74,2026-09-24T16:48:21+00:00
2026-09-24T11:43:00Z,30446.25,30448.25,30441.25,30447.25,186,2026-09-24T16:48:21+00:00
2026-09-24T11:44:00Z,30447.75,30452.0,30446.0,30451.75,81,2026-09-24T16:48:21+00:00
2026-09-24T11:45:00Z,30452.0,30452.25,30444.0,30446.5,153,2026-09-24T16:48:21+00:00
2026-09-24T11:46:00Z,30446.75,30448.0,30440.0,30441.5,179,2026-09-24T16:48:21+00:00
2026-09-24T11:47:00Z,30441.0,30449.0,30438.5,30444.0,116,2026-09-24T16:48:21+00:00
2026-09-24T11:48:00Z,30444.75,30444.75,30432.75,30435.75,239,2026-09-24T16:48:21+00:00
2026-09-24T11:49:00Z,30434.25,30434.75,30428.0,30429.0,223,2026-09-24T16:48:21+00:00
2026-09-24T11:50:00Z,30429.25,30439.75,30429.25,30436.75,142,2026-09-24T16:48:21+00:00
2026-09-24T11:51:00Z,30435.25,30440.5,30432.0,30440.5,143,2026-09-24T16:48:21+00:00
2026-09-24T11:52:00Z,30438.5,30442.25,30432.75,30437.0,77,2026-09-24T16:48:21+00:00
2026-09-24T11:53:00Z,30436.25,30439.25,30432.5,30437.0,71,2026-09-24T16:48:21+00:00
2026-09-24T11:54:00Z,30437.25,30446.25,30435.5,30444.75,207,2026-09-24T16:48:21+00:00
2026-09-24T11:55:00Z,30445.0,30449.75,30440.25,30445.75,168,2026-09-24T16:48:21+00:00
2026-09-24T11:56:00Z,30445.75,30446.5,30432.25,30436.0,107,2026-09-24T16:48:21+00:00
2026-09-24T11:57:00Z,30436.5,30447.5,30434.5,30447.25,124,2026-09-24T16:48:21+00:00
2026-09-24T11:58:00Z,30447.0,30461.25,30447.0,30460.25,298,2026-09-24T16:48:21+00:00
2026-09-24T11:59:00Z,30460.0,30474.75,30458.25,30462.75,785,2026-09-24T16:48:21+00:00
2026-09-24T12:00:00Z,30462.5,30468.25,30452.5,30453.75,522,2026-09-24T16:48:21+00:00
2026-09-24T12:01:00Z,30454.0,30456.25,30420.25,30432.25,445,2026-09-24T16:48:21+00:00
2026-09-24T12:02:00Z,30432.0,30460.25,30429.0,30452.75,557,2026-09-24T16:48:21+00:00
2026-09-24T12:03:00Z,30454.0,30456.75,30434.5,30436.5,241,2026-09-24T16:48:21+00:00
2026-09-24T12:04:00Z,30436.5,30448.25,30434.25,30438.5,133,2026-09-24T16:48:21+00:00
2026-09-24T12:05:00Z,30438.5,30446.0,30438.0,30445.75,97,2026-09-24T16:48:21+00:00
2026-09-24T12:06:00Z,30447.25,30450.0,30442.5,30448.25,161,2026-09-24T16:48:21+00:00
2026-09-24T12:07:00Z,30449.0,30460.0,30446.75,30453.5,212,2026-09-24T16:48:21+00:00
2026-09-24T12:08:00Z,30454.75,30463.0,30452.5,30461.75,158,2026-09-24T16:48:21+00:00
2026-09-24T12:09:00Z,30461.0,30461.75,30455.5,30457.25,64,2026-09-24T16:48:21+00:00
2026-09-24T12:10:00Z,30456.5,30465.75,30456.5,30465.5,216,2026-09-24T16:48:21+00:00
2026-09-24T12:11:00Z,30465.5,30468.0,30461.25,30462.0,165,2026-09-24T16:48:21+00:00
2026-09-24T12:12:00Z,30462.25,30474.25,30462.25,30468.75,188,2026-09-24T16:48:21+00:00
2026-09-24T12:13:00Z,30469.0,30469.5,30465.5,30466.25,116,2026-09-24T16:48:21+00:00
2026-09-24T12:14:00Z,30465.5,30487.25,30464.75,30482.0,437,2026-09-24T16:48:21+00:00
2026-09-24T12:15:00Z,30482.0,30485.75,30478.25,30484.75,169,2026-09-24T16:48:21+00:00
2026-09-24T12:16:00Z,30485.5,30491.0,30478.75,30486.0,201,2026-09-24T16:48:21+00:00
2026-09-24T12:17:00Z,30486.75,30501.0,30486.75,30495.25,251,2026-09-24T16:48:21+00:00
2026-09-24T12:18:00Z,30497.75,30499.75,30489.75,30492.25,167,2026-09-24T16:48:21+00:00
2026-09-24T12:19:00Z,30492.25,30499.5,30488.75,30495.5,163,2026-09-24T16:48:21+00:00
2026-09-24T12:20:00Z,30496.25,30509.5,30496.25,30499.0,363,2026-09-24T16:48:21+00:00
2026-09-24T12:21:00Z,30499.75,30505.75,30497.5,30498.5,172,2026-09-24T16:48:21+00:00
2026-09-24T12:22:00Z,30497.5,30504.0,30495.75,30499.75,178,2026-09-24T16:48:21+00:00
2026-09-24T12:23:00Z,30500.5,30500.75,30490.0,30494.0,228,2026-09-24T16:48:21+00:00
2026-09-24T12:24:00Z,30494.5,30505.0,30488.5,30502.25,318,2026-09-24T16:48:21+00:00
2026-09-24T12:25:00Z,30500.25,30504.5,30457.25,30486.0,1990,2026-09-24T16:48:21+00:00
2026-09-24T12:26:00Z,30485.25,30486.0,30458.0,30463.5,581,2026-09-24T16:48:21+00:00
2026-09-24T12:27:00Z,30462.75,30477.75,30454.75,30468.0,691,2026-09-24T16:48:21+00:00
2026-09-24T12:28:00Z,30467.25,30475.5,30467.25,30475.25,89,2026-09-24T16:48:21+00:00
2026-09-24T12:29:00Z,30474.5,30476.75,30470.75,30471.75,129,2026-09-24T16:48:21+00:00
2026-09-24T12:30:00Z,30473.0,30482.5,30465.0,30476.25,552,2026-09-24T16:48:21+00:00
2026-09-24T12:31:00Z,30475.5,30476.5,30455.0,30455.5,329,2026-09-24T16:48:21+00:00
2026-09-24T12:32:00Z,30458.0,30461.25,30452.25,30452.75,256,2026-09-24T16:48:21+00:00
2026-09-24T12:33:00Z,30452.0,30457.5,30441.0,30446.0,561,2026-09-24T16:48:21+00:00
2026-09-24T12:34:00Z,30446.0,30451.0,30436.0,30437.25,323,2026-09-24T16:48:21+00:00
2026-09-24T12:35:00Z,30437.5,30441.25,30429.0,30429.0,354,2026-09-24T16:48:21+00:00
2026-09-24T12:36:00Z,30430.0,30436.75,30427.75,30431.25,471,2026-09-24T16:48:21+00:00
2026-09-24T12:37:00Z,30431.25,30440.25,30425.5,30427.0,446,2026-09-24T16:48:21+00:00
2026-09-24T12:38:00Z,30427.25,30428.25,30420.25,30427.25,378,2026-09-24T16:48:21+00:00
2026-09-24T12:39:00Z,30427.25,30437.25,30427.25,30436.75,287,2026-09-24T16:48:21+00:00
2026-09-24T12:40:00Z,30435.75,30451.75,30435.25,30441.25,470,2026-09-24T16:48:21+00:00
2026-09-24T12:41:00Z,30441.25,30464.25,30439.0,30462.75,446,2026-09-24T16:48:21+00:00
2026-09-24T12:42:00Z,30463.5,30478.75,30463.5,30463.5,576,2026-09-24T16:48:21+00:00
2026-09-24T12:43:00Z,30464.0,30473.0,30461.25,30472.5,227,2026-09-24T16:48:21+00:00
2026-09-24T12:44:00Z,30471.75,30478.75,30470.0,30473.0,289,2026-09-24T16:48:21+00:00
2026-09-24T12:45:00Z,30472.5,30480.0,30469.25,30470.25,325,2026-09-24T16:48:21+00:00
2026-09-24T12:46:00Z,30469.75,30470.25,30463.25,30467.5,327,2026-09-24T16:48:21+00:00
2026-09-24T12:47:00Z,30467.25,30471.25,30462.5,30468.0,209,2026-09-24T16:48:21+00:00
2026-09-24T12:48:00Z,30468.25,30481.0,30463.5,30480.25,294,2026-09-24T16:48:21+00:00
2026-09-24T12:49:00Z,30480.25,30481.0,30470.25,30475.75,151,2026-09-24T16:48:21+00:00
2026-09-24T12:50:00Z,30474.0,30474.25,30458.25,30461.75,237,2026-09-24T16:48:21+00:00
2026-09-24T12:51:00Z,30462.25,30471.5,30462.25,30466.25,161,2026-09-24T16:48:21+00:00
2026-09-24T12:52:00Z,30466.0,30474.5,30463.0,30472.25,167,2026-09-24T16:48:21+00:00
2026-09-24T12:53:00Z,30471.25,30474.25,30463.75,30464.75,115,2026-09-24T16:48:21+00:00
2026-09-24T12:54:00Z,30464.75,30483.75,30464.0,30482.0,431,2026-09-24T16:48:21+00:00
2026-09-24T12:55:00Z,30482.0,30488.25,30479.75,30488.0,303,2026-09-24T16:48:21+00:00
2026-09-24T12:56:00Z,30488.0,30497.5,30475.0,30476.25,428,2026-09-24T16:48:21+00:00
2026-09-24T12:57:00Z,30475.5,30491.75,30474.75,30491.0,426,2026-09-24T16:48:21+00:00
2026-09-24T12:58:00Z,30491.0,30491.5,30484.25,30485.75,141,2026-09-24T16:48:21+00:00
2026-09-24T12:59:00Z,30485.0,30488.25,30479.75,30485.25,372,2026-09-24T16:48:21+00:00
2026-09-24T13:00:00Z,30486.5,30495.75,30485.0,30495.75,407,2026-09-24T16:48:21+00:00
2026-09-24T13:01:00Z,30496.0,30501.5,30495.0,30496.0,342,2026-09-24T16:48:21+00:00
2026-09-24T13:02:00Z,30495.75,30511.0,30495.0,30509.25,738,2026-09-24T16:48:21+00:00
2026-09-24T13:03:00Z,30509.25,30509.75,30498.0,30498.25,823,2026-09-24T16:48:21+00:00
2026-09-24T13:04:00Z,30499.0,30504.5,30495.0,30498.75,372,2026-09-24T16:48:21+00:00
2026-09-24T13:05:00Z,30498.5,30499.75,30484.25,30491.5,412,2026-09-24T16:48:21+00:00
2026-09-24T13:06:00Z,30491.75,30498.75,30489.5,30493.0,215,2026-09-24T16:48:21+00:00
2026-09-24T13:07:00Z,30493.0,30498.0,30490.75,30492.25,123,2026-09-24T16:48:21+00:00
2026-09-24T13:08:00Z,30490.75,30499.25,30487.5,30493.5,145,2026-09-24T16:48:21+00:00
2026-09-24T13:09:00Z,30492.5,30502.25,30491.5,30501.25,165,2026-09-24T16:48:21+00:00
2026-09-24T13:10:00Z,30501.75,30508.0,30500.5,30504.75,236,2026-09-24T16:48:21+00:00
2026-09-24T13:11:00Z,30505.25,30518.25,30504.75,30517.0,414,2026-09-24T16:48:21+00:00
2026-09-24T13:12:00Z,30516.75,30519.5,30507.75,30508.75,321,2026-09-24T16:48:21+00:00
2026-09-24T13:13:00Z,30509.25,30514.75,30507.75,30510.75,241,2026-09-24T16:48:21+00:00
2026-09-24T13:14:00Z,30511.5,30513.75,30507.75,30510.0,119,2026-09-24T16:48:21+00:00
2026-09-24T13:15:00Z,30509.5,30512.25,30504.0,30505.75,279,2026-09-24T16:48:21+00:00
2026-09-24T13:16:00Z,30506.75,30512.25,30502.25,30510.5,237,2026-09-24T16:48:21+00:00
2026-09-24T13:17:00Z,30511.5,30520.75,30511.5,30518.0,239,2026-09-24T16:48:21+00:00
2026-09-24T13:18:00Z,30518.25,30522.5,30512.75,30521.0,321,2026-09-24T16:48:21+00:00
2026-09-24T13:19:00Z,30520.5,30521.0,30513.0,30519.0,164,2026-09-24T16:48:21+00:00
2026-09-24T13:20:00Z,30518.0,30520.0,30511.5,30513.75,196,2026-09-24T16:48:21+00:00
2026-09-24T13:21:00Z,30513.5,30513.75,30505.5,30506.25,279,2026-09-24T16:48:21+00:00
2026-09-24T13:22:00Z,30505.75,30512.5,30503.75,30511.25,199,2026-09-24T16:48:21+00:00
2026-09-24T13:23:00Z,30511.25,30511.25,30505.5,30510.0,180,2026-09-24T16:48:21+00:00
2026-09-24T13:24:00Z,30509.0,30512.75,30507.75,30510.5,180,2026-09-24T16:48:21+00:00
2026-09-24T13:25:00Z,30510.0,30515.25,30499.5,30512.75,645,2026-09-24T16:48:21+00:00
2026-09-24T13:26:00Z,30512.5,30519.25,30512.0,30513.0,390,2026-09-24T16:48:21+00:00
2026-09-24T13:27:00Z,30512.75,30526.5,30507.5,30526.0,835,2026-09-24T16:48:21+00:00
2026-09-24T13:28:00Z,30525.25,30525.25,30514.0,30518.5,798,2026-09-24T16:48:21+00:00
2026-09-24T13:29:00Z,30519.5,30522.5,30515.5,30519.25,868,2026-09-24T16:48:21+00:00
2026-09-24T13:30:00Z,30519.0,30532.5,30493.25,30516.0,6695,2026-09-24T16:48:21+00:00
2026-09-24T13:31:00Z,30515.75,30524.25,30497.5,30523.5,4087,2026-09-24T16:48:21+00:00
2026-09-24T13:32:00Z,30524.0,30544.75,30502.75,30505.5,4528,2026-09-24T16:48:21+00:00
2026-09-24T13:33:00Z,30506.0,30533.25,30502.25,30525.75,2980,2026-09-24T16:48:21+00:00
2026-09-24T13:34:00Z,30524.75,30551.25,30519.5,30540.0,2792,2026-09-24T16:48:21+00:00
2026-09-24T13:35:00Z,30540.5,30566.5,30536.0,30561.5,3757,2026-09-24T16:48:21+00:00
2026-09-24T13:36:00Z,30561.5,30593.25,30561.5,30580.5,3369,2026-09-24T16:48:21+00:00
2026-09-24T13:37:00Z,30580.75,30587.5,30564.0,30586.0,2255,2026-09-24T16:48:21+00:00
2026-09-24T13:38:00Z,30586.25,30606.5,30583.25,30604.5,2924,2026-09-24T16:48:21+00:00
2026-09-24T13:39:00Z,30604.75,30605.75,30590.75,30595.5,1926,2026-09-24T16:48:21+00:00
2026-09-24T13:40:00Z,30596.0,30597.75,30577.0,30590.5,2393,2026-09-24T16:48:21+00:00
2026-09-24T13:41:00Z,30590.5,30597.0,30562.5,30564.75,2361,2026-09-24T16:48:21+00:00
2026-09-24T13:42:00Z,30565.75,30582.5,30558.0,30564.5,2209,2026-09-24T16:48:21+00:00
2026-09-24T13:43:00Z,30565.0,30578.25,30562.25,30575.25,1648,2026-09-24T16:48:21+00:00
2026-09-24T13:44:00Z,30574.25,30586.75,30569.25,30583.25,1841,2026-09-24T16:48:21+00:00
2026-09-24T13:45:00Z,30583.5,30597.75,30569.25,30592.25,2837,2026-09-24T16:48:21+00:00
2026-09-24T13:46:00Z,30592.25,30608.25,30585.75,30603.75,2146,2026-09-24T16:48:21+00:00
2026-09-24T13:47:00Z,30604.0,30622.75,30602.0,30615.75,2682,2026-09-24T16:48:21+00:00
2026-09-24T13:48:00Z,30615.75,30616.75,30582.0,30584.75,2755,2026-09-24T16:48:21+00:00
2026-09-24T13:49:00Z,30585.0,30586.75,30566.75,30576.25,2381,2026-09-24T16:48:21+00:00
2026-09-24T13:50:00Z,30576.5,30586.0,30565.5,30574.75,2009,2026-09-24T16:48:21+00:00
2026-09-24T13:51:00Z,30575.75,30589.75,30562.25,30564.75,1667,2026-09-24T16:48:21+00:00
2026-09-24T13:52:00Z,30564.25,30587.25,30561.25,30575.5,1631,2026-09-24T16:48:21+00:00
2026-09-24T13:53:00Z,30574.75,30578.0,30558.25,30559.0,1699,2026-09-24T16:48:21+00:00
2026-09-24T13:54:00Z,30559.0,30562.75,30535.25,30545.25,2364,2026-09-24T16:48:21+00:00
2026-09-24T13:55:00Z,30544.75,30562.75,30543.0,30545.75,1964,2026-09-24T16:48:21+00:00
2026-09-24T13:56:00Z,30545.25,30552.25,30531.75,30549.25,1521,2026-09-24T16:48:21+00:00
2026-09-24T13:57:00Z,30549.0,30559.25,30546.5,30553.0,1161,2026-09-24T16:48:21+00:00
2026-09-24T13:58:00Z,30552.75,30566.75,30545.5,30560.0,1163,2026-09-24T16:48:21+00:00
2026-09-24T13:59:00Z,30560.0,30583.0,30557.5,30578.75,1538,2026-09-24T16:48:21+00:00
2026-09-24T14:00:00Z,30579.0,30608.0,30570.25,30596.25,2513,2026-09-24T16:48:21+00:00
2026-09-24T14:01:00Z,30596.25,30609.75,30581.0,30583.25,1754,2026-09-24T16:48:21+00:00
2026-09-24T14:02:00Z,30584.25,30596.5,30579.5,30589.5,1135,2026-09-24T16:48:21+00:00
2026-09-24T14:03:00Z,30590.5,30600.75,30585.5,30600.5,1050,2026-09-24T16:48:21+00:00
2026-09-24T14:04:00Z,30600.0,30611.5,30595.0,30606.75,1457,2026-09-24T16:48:21+00:00
2026-09-24T14:05:00Z,30607.0,30611.0,30599.0,30604.75,1001,2026-09-24T16:48:21+00:00
2026-09-24T14:06:00Z,30605.0,30606.75,30591.25,30597.5,1102,2026-09-24T16:48:21+00:00
2026-09-24T14:07:00Z,30598.0,30616.75,30595.0,30612.25,1212,2026-09-24T16:48:21+00:00
2026-09-24T14:08:00Z,30613.0,30613.0,30597.5,30599.5,905,2026-09-24T16:48:21+00:00
2026-09-24T14:09:00Z,30599.25,30608.5,30597.75,30599.0,690,2026-09-24T16:48:21+00:00
2026-09-24T14:10:00Z,30599.5,30600.0,30578.5,30594.5,1761,2026-09-24T16:48:21+00:00
2026-09-24T14:11:00Z,30594.0,30594.75,30569.5,30573.75,1223,2026-09-24T16:48:21+00:00
2026-09-24T14:12:00Z,30574.0,30577.5,30565.0,30570.25,1033,2026-09-24T16:48:21+00:00
2026-09-24T14:13:00Z,30570.25,30583.25,30567.5,30580.5,1020,2026-09-24T16:48:21+00:00
2026-09-24T14:14:00Z,30580.25,30588.5,30578.75,30586.25,896,2026-09-24T16:48:21+00:00
2026-09-24T14:15:00Z,30586.0,30595.75,30569.75,30572.0,1604,2026-09-24T16:48:21+00:00
2026-09-24T14:16:00Z,30571.25,30582.0,30566.25,30581.0,952,2026-09-24T16:48:21+00:00
2026-09-24T14:17:00Z,30580.25,30586.5,30562.5,30575.5,1540,2026-09-24T16:48:21+00:00
2026-09-24T14:18:00Z,30575.5,30598.75,30573.25,30595.5,1647,2026-09-24T16:48:21+00:00
2026-09-24T14:19:00Z,30595.5,30602.0,30589.25,30595.75,1180,2026-09-24T16:48:21+00:00
2026-09-24T14:20:00Z,30596.5,30602.0,30590.0,30599.75,876,2026-09-24T16:48:21+00:00
2026-09-24T14:21:00Z,30599.0,30607.0,30591.75,30592.0,991,2026-09-24T16:48:21+00:00
2026-09-24T14:22:00Z,30592.25,30601.5,30590.0,30596.0,739,2026-09-24T16:48:21+00:00
2026-09-24T14:23:00Z,30596.0,30617.75,30595.5,30609.25,1209,2026-09-24T16:48:21+00:00
2026-09-24T14:24:00Z,30609.5,30613.0,30597.25,30601.5,836,2026-09-24T16:48:21+00:00
2026-09-24T14:25:00Z,30601.75,30612.25,30595.0,30608.75,1049,2026-09-24T16:48:21+00:00
2026-09-24T14:26:00Z,30608.75,30616.25,30607.5,30614.5,1065,2026-09-24T16:48:21+00:00
2026-09-24T14:27:00Z,30613.5,30638.5,30609.25,30637.75,2317,2026-09-24T16:48:21+00:00
2026-09-24T14:28:00Z,30637.25,30637.5,30626.5,30631.75,1315,2026-09-24T16:48:21+00:00
2026-09-24T14:29:00Z,30631.75,30635.25,30619.0,30631.0,1411,2026-09-24T16:48:21+00:00
2026-09-24T14:30:00Z,30630.0,30630.5,30602.75,30607.25,1619,2026-09-24T16:48:21+00:00
2026-09-24T14:31:00Z,30607.25,30616.0,30604.0,30610.5,965,2026-09-24T16:48:21+00:00
2026-09-24T14:32:00Z,30611.0,30623.5,30606.0,30612.25,1200,2026-09-24T16:48:21+00:00
2026-09-24T14:33:00Z,30612.5,30627.0,30606.0,30620.75,1097,2026-09-24T16:48:21+00:00
2026-09-24T14:34:00Z,30620.75,30632.25,30618.25,30631.5,872,2026-09-24T16:48:21+00:00
2026-09-24T14:35:00Z,30630.5,30639.75,30619.25,30634.25,1049,2026-09-24T16:48:21+00:00
2026-09-24T14:36:00Z,30634.25,30634.75,30607.25,30613.5,1304,2026-09-24T16:48:21+00:00
2026-09-24T14:37:00Z,30614.0,30620.75,30606.75,30611.0,772,2026-09-24T16:48:21+00:00
2026-09-24T14:38:00Z,30610.5,30617.75,30603.5,30605.0,715,2026-09-24T16:48:21+00:00
2026-09-24T14:39:00Z,30606.25,30613.75,30598.0,30608.25,1166,2026-09-24T16:48:21+00:00
2026-09-24T14:40:00Z,30607.75,30612.75,30602.0,30604.25,759,2026-09-24T16:48:21+00:00
2026-09-24T14:41:00Z,30606.0,30607.5,30597.0,30597.5,672,2026-09-24T16:48:21+00:00
2026-09-24T14:42:00Z,30598.0,30615.75,30596.5,30602.25,989,2026-09-24T16:48:21+00:00
2026-09-24T14:43:00Z,30603.0,30603.0,30586.25,30587.25,1140,2026-09-24T16:48:21+00:00
2026-09-24T14:44:00Z,30587.25,30588.75,30572.0,30578.75,1489,2026-09-24T16:48:21+00:00
2026-09-24T14:45:00Z,30579.75,30582.75,30572.5,30575.0,1252,2026-09-24T16:48:21+00:00
2026-09-24T14:46:00Z,30575.0,30585.5,30568.75,30585.5,1076,2026-09-24T16:48:21+00:00
2026-09-24T14:47:00Z,30584.75,30607.0,30583.5,30603.25,1581,2026-09-24T16:48:21+00:00
2026-09-24T14:48:00Z,30602.75,30605.5,30592.0,30593.0,752,2026-09-24T16:48:21+00:00
2026-09-24T14:49:00Z,30593.25,30598.5,30587.0,30592.5,682,2026-09-24T16:48:21+00:00
2026-09-24T14:50:00Z,30592.5,30614.0,30588.25,30589.5,2020,2026-09-24T16:48:21+00:00
2026-09-24T14:51:00Z,30589.0,30594.5,30580.75,30586.5,1099,2026-09-24T16:48:21+00:00
2026-09-24T14:52:00Z,30586.5,30591.75,30572.25,30573.75,1065,2026-09-24T16:48:21+00:00
2026-09-24T14:53:00Z,30573.25,30574.75,30556.75,30572.0,1690,2026-09-24T16:48:21+00:00
2026-09-24T14:54:00Z,30572.0,30573.75,30560.0,30564.0,855,2026-09-24T16:48:21+00:00
2026-09-24T14:55:00Z,30565.0,30566.25,30544.0,30546.0,1440,2026-09-24T16:48:21+00:00
2026-09-24T14:56:00Z,30546.0,30551.75,30544.5,30551.0,794,2026-09-24T16:48:21+00:00
2026-09-24T14:57:00Z,30550.75,30552.75,30538.5,30545.75,997,2026-09-24T16:48:21+00:00
2026-09-24T14:58:00Z,30545.0,30547.5,30532.75,30543.25,1382,2026-09-24T16:48:21+00:00
2026-09-24T14:59:00Z,30543.0,30545.0,30532.5,30541.25,1023,2026-09-24T16:48:21+00:00
2026-09-24T15:00:00Z,30542.25,30552.25,30539.25,30543.5,1724,2026-09-24T16:48:21+00:00
2026-09-24T15:01:00Z,30544.0,30551.25,30543.0,30547.75,839,2026-09-24T16:48:21+00:00
2026-09-24T15:02:00Z,30547.75,30568.75,30545.5,30550.25,1575,2026-09-24T16:48:21+00:00
2026-09-24T15:03:00Z,30551.5,30563.5,30544.0,30561.75,1100,2026-09-24T16:48:21+00:00
2026-09-24T15:04:00Z,30561.5,30572.75,30549.5,30553.75,1149,2026-09-24T16:48:21+00:00
2026-09-24T15:05:00Z,30553.25,30558.5,30540.5,30543.75,1705,2026-09-24T16:48:21+00:00
2026-09-24T15:06:00Z,30543.5,30552.0,30530.5,30534.5,1396,2026-09-24T16:48:21+00:00
2026-09-24T15:07:00Z,30534.75,30535.0,30524.0,30529.5,1190,2026-09-24T16:48:21+00:00
2026-09-24T15:08:00Z,30530.25,30538.75,30525.25,30534.5,987,2026-09-24T16:48:21+00:00
2026-09-24T15:09:00Z,30534.5,30534.5,30514.75,30516.75,1113,2026-09-24T16:48:21+00:00
2026-09-24T15:10:00Z,30516.5,30528.0,30515.75,30525.5,885,2026-09-24T16:48:21+00:00
2026-09-24T15:11:00Z,30525.0,30530.0,30522.25,30529.25,774,2026-09-24T16:48:21+00:00
2026-09-24T15:12:00Z,30529.0,30538.25,30518.0,30519.5,1302,2026-09-24T16:48:21+00:00
2026-09-24T15:13:00Z,30519.5,30521.5,30505.5,30511.25,1524,2026-09-24T16:48:21+00:00
2026-09-24T15:14:00Z,30511.5,30517.25,30504.0,30511.25,1201,2026-09-24T16:48:21+00:00
2026-09-24T15:15:00Z,30510.75,30523.5,30505.5,30519.5,1478,2026-09-24T16:48:21+00:00
2026-09-24T15:16:00Z,30519.0,30546.75,30517.0,30533.5,2683,2026-09-24T16:48:21+00:00
2026-09-24T15:17:00Z,30534.25,30547.5,30528.0,30538.5,1193,2026-09-24T16:48:21+00:00
2026-09-24T15:18:00Z,30539.5,30539.75,30516.5,30523.25,1001,2026-09-24T16:48:21+00:00
2026-09-24T15:19:00Z,30524.5,30525.0,30512.75,30518.5,759,2026-09-24T16:48:21+00:00
2026-09-24T15:20:00Z,30517.75,30520.5,30509.75,30515.25,935,2026-09-24T16:48:21+00:00
2026-09-24T15:21:00Z,30514.5,30530.25,30514.5,30527.5,1060,2026-09-24T16:48:21+00:00
2026-09-24T15:22:00Z,30528.0,30532.75,30522.5,30532.75,942,2026-09-24T16:48:21+00:00
2026-09-24T15:23:00Z,30533.0,30546.0,30529.75,30543.75,1224,2026-09-24T16:48:21+00:00
2026-09-24T15:24:00Z,30543.75,30557.75,30543.0,30554.5,1180,2026-09-24T16:48:21+00:00
2026-09-24T15:25:00Z,30554.75,30555.5,30528.0,30532.25,1411,2026-09-24T16:48:21+00:00
2026-09-24T15:26:00Z,30532.25,30533.75,30519.5,30521.0,989,2026-09-24T16:48:21+00:00
2026-09-24T15:27:00Z,30521.5,30523.5,30514.0,30520.75,848,2026-09-24T16:48:21+00:00
2026-09-24T15:28:00Z,30520.0,30522.25,30509.25,30510.5,774,2026-09-24T16:48:21+00:00
2026-09-24T15:29:00Z,30510.0,30517.25,30506.75,30513.5,837,2026-09-24T16:48:21+00:00
2026-09-24T15:30:00Z,30514.25,30518.25,30503.75,30506.5,948,2026-09-24T16:48:21+00:00
2026-09-24T15:31:00Z,30506.75,30515.75,30506.0,30510.75,742,2026-09-24T16:48:21+00:00
2026-09-24T15:32:00Z,30509.5,30520.0,30502.5,30517.25,1090,2026-09-24T16:48:21+00:00
2026-09-24T15:33:00Z,30518.0,30522.0,30511.75,30519.5,543,2026-09-24T16:48:21+00:00
2026-09-24T15:34:00Z,30519.75,30526.75,30517.5,30521.0,892,2026-09-24T16:48:21+00:00
2026-09-24T15:35:00Z,30521.75,30537.25,30519.75,30530.75,1125,2026-09-24T16:48:21+00:00
2026-09-24T15:36:00Z,30531.25,30542.75,30530.0,30535.0,1291,2026-09-24T16:48:21+00:00
2026-09-24T15:37:00Z,30535.25,30542.25,30534.25,30540.0,720,2026-09-24T16:48:21+00:00
2026-09-24T15:38:00Z,30540.0,30543.75,30530.5,30531.25,640,2026-09-24T16:48:21+00:00
2026-09-24T15:39:00Z,30531.0,30531.5,30515.5,30526.0,1092,2026-09-24T16:48:21+00:00
2026-09-24T15:40:00Z,30526.0,30530.25,30518.75,30519.5,636,2026-09-24T16:48:21+00:00
2026-09-24T15:41:00Z,30519.25,30528.5,30518.0,30523.5,568,2026-09-24T16:48:21+00:00
2026-09-24T15:42:00Z,30523.0,30525.25,30509.75,30516.0,710,2026-09-24T16:48:21+00:00
2026-09-24T15:43:00Z,30515.75,30528.75,30513.75,30528.5,720,2026-09-24T16:48:21+00:00
2026-09-24T15:44:00Z,30528.0,30540.5,30527.25,30537.25,875,2026-09-24T16:48:21+00:00
2026-09-24T15:45:00Z,30537.75,30550.0,30537.5,30545.0,951,2026-09-24T16:48:21+00:00
2026-09-24T15:46:00Z,30544.75,30544.75,30535.0,30537.75,778,2026-09-24T16:48:21+00:00
2026-09-24T15:47:00Z,30538.25,30546.5,30526.75,30527.75,621,2026-09-24T16:48:21+00:00
2026-09-24T15:48:00Z,30527.5,30532.25,30513.25,30514.0,888,2026-09-24T16:48:21+00:00
2026-09-24T15:49:00Z,30514.0,30520.0,30506.75,30516.75,955,2026-09-24T16:48:21+00:00
2026-09-24T15:50:00Z,30516.75,30546.25,30514.75,30545.25,1301,2026-09-24T16:48:21+00:00
2026-09-24T15:51:00Z,30546.0,30553.25,30542.25,30550.0,1129,2026-09-24T16:48:21+00:00
2026-09-24T15:52:00Z,30549.5,30562.0,30549.5,30559.5,1259,2026-09-24T16:48:21+00:00
2026-09-24T15:53:00Z,30560.0,30568.0,30554.5,30556.75,1011,2026-09-24T16:48:21+00:00
2026-09-24T15:54:00Z,30556.75,30567.75,30553.5,30566.75,1092,2026-09-24T16:48:21+00:00
2026-09-24T15:55:00Z,30567.0,30569.5,30559.0,30559.25,734,2026-09-24T16:48:21+00:00
2026-09-24T15:56:00Z,30558.75,30559.0,30546.0,30555.0,1432,2026-09-24T16:48:21+00:00
2026-09-24T15:57:00Z,30554.75,30556.0,30546.75,30554.0,610,2026-09-24T16:48:21+00:00
2026-09-24T15:58:00Z,30553.75,30561.75,30552.75,30559.75,695,2026-09-24T16:48:21+00:00
2026-09-24T15:59:00Z,30560.0,30562.75,30553.25,30554.75,568,2026-09-24T16:48:21+00:00
2026-09-24T16:00:00Z,30554.0,30556.75,30526.5,30528.75,1349,2026-09-24T16:48:21+00:00
2026-09-24T16:01:00Z,30529.25,30539.25,30523.25,30532.0,846,2026-09-24T16:48:21+00:00
2026-09-24T16:02:00Z,30531.5,30538.25,30527.0,30533.75,465,2026-09-24T16:48:21+00:00
2026-09-24T16:03:00Z,30533.25,30534.25,30525.5,30532.0,405,2026-09-24T16:48:21+00:00
2026-09-24T16:04:00Z,30530.75,30540.0,30527.0,30539.75,457,2026-09-24T16:48:21+00:00
2026-09-24T16:05:00Z,30539.0,30542.0,30530.5,30541.75,603,2026-09-24T16:48:21+00:00
2026-09-24T16:06:00Z,30541.5,30541.75,30524.75,30531.5,667,2026-09-24T16:48:21+00:00
2026-09-24T16:07:00Z,30531.25,30532.5,30517.5,30523.5,717,2026-09-24T16:48:21+00:00
2026-09-24T16:08:00Z,30523.0,30525.25,30518.0,30524.25,393,2026-09-24T16:48:21+00:00
2026-09-24T16:09:00Z,30524.0,30525.75,30516.75,30522.75,368,2026-09-24T16:48:21+00:00
2026-09-24T16:10:00Z,30522.5,30528.0,30520.0,30522.0,487,2026-09-24T16:48:21+00:00
2026-09-24T16:11:00Z,30521.75,30522.0,30506.5,30509.5,764,2026-09-24T16:48:21+00:00
2026-09-24T16:12:00Z,30510.0,30518.25,30509.25,30511.25,545,2026-09-24T16:48:21+00:00
2026-09-24T16:13:00Z,30511.5,30523.75,30507.75,30522.75,605,2026-09-24T16:48:21+00:00
2026-09-24T16:14:00Z,30522.5,30561.25,30521.5,30559.0,1399,2026-09-24T16:48:21+00:00
2026-09-24T16:15:00Z,30559.75,30632.0,30556.0,30625.0,8140,2026-09-24T16:48:21+00:00
2026-09-24T16:16:00Z,30625.0,30714.0,30617.75,30700.0,8547,2026-09-24T16:48:21+00:00
2026-09-24T16:17:00Z,30699.25,30724.75,30680.0,30712.5,5490,2026-09-24T16:48:21+00:00
2026-09-24T16:18:00Z,30711.75,30748.0,30693.0,30695.25,5498,2026-09-24T16:48:21+00:00
2026-09-24T16:19:00Z,30694.5,30710.0,30664.75,30682.75,4060,2026-09-24T16:48:21+00:00
2026-09-24T16:20:00Z,30682.5,30708.75,30677.75,30693.5,3258,2026-09-24T16:48:21+00:00
2026-09-24T16:21:00Z,30693.25,30694.25,30671.5,30676.25,2115,2026-09-24T16:48:21+00:00
2026-09-24T16:22:00Z,30677.0,30703.75,30676.25,30699.75,2031,2026-09-24T16:48:21+00:00
2026-09-24T16:23:00Z,30700.5,30706.75,30682.5,30687.0,2538,2026-09-24T16:48:21+00:00
2026-09-24T16:24:00Z,30687.0,30696.25,30676.75,30689.0,1405,2026-09-24T16:48:21+00:00
2026-09-24T16:25:00Z,30689.5,30698.5,30653.75,30655.5,1879,2026-09-24T16:48:21+00:00
2026-09-24T16:26:00Z,30655.75,30674.5,30653.75,30669.25,1477,2026-09-24T16:48:21+00:00
2026-09-24T16:27:00Z,30669.75,30692.0,30651.0,30690.25,1685,2026-09-24T16:48:21+00:00
2026-09-24T16:28:00Z,30690.0,30710.0,30688.0,30703.5,2096,2026-09-24T18:10:49+00:00
2026-09-24T16:29:00Z,30703.25,30705.25,30693.0,30698.0,1071,2026-09-24T18:10:49+00:00
2026-09-24T16:30:00Z,30696.75,30701.25,30689.25,30694.5,1098,2026-09-24T18:10:49+00:00
2026-09-24T16:31:00Z,30695.0,30701.5,30673.75,30674.0,1196,2026-09-24T18:10:49+00:00
2026-09-24T16:32:00Z,30674.25,30676.25,30661.25,30671.0,1134,2026-09-24T18:10:49+00:00
2026-09-24T16:33:00Z,30671.5,30686.5,30668.75,30684.0,1111,2026-09-24T18:10:49+00:00
2026-09-24T16:34:00Z,30682.25,30687.25,30671.75,30684.75,1038,2026-09-24T18:10:49+00:00
2026-09-24T16:35:00Z,30685.0,30705.75,30681.25,30703.5,1182,2026-09-24T18:10:49+00:00
2026-09-24T16:36:00Z,30703.75,30735.0,30703.0,30734.5,1734,2026-09-24T18:10:49+00:00
2026-09-24T16:37:00Z,30734.25,30749.0,30733.75,30736.25,1743,2026-09-24T18:10:49+00:00
2026-09-24T16:38:00Z,30736.25,30741.75,30731.75,30735.25,900,2026-09-24T18:10:49+00:00
2026-09-24T16:39:00Z,30735.75,30747.5,30733.75,30746.5,928,2026-09-24T18:10:49+00:00
2026-09-24T16:40:00Z,30746.5,30777.75,30737.75,30776.75,1782,2026-09-24T18:10:49+00:00
2026-09-24T16:41:00Z,30777.25,30795.75,30776.75,30795.75,2136,2026-09-24T18:10:49+00:00
2026-09-24T16:42:00Z,30795.25,30815.0,30795.25,30811.0,2049,2026-09-24T18:10:49+00:00
2026-09-24T16:43:00Z,30811.5,30813.5,30784.25,30787.25,1889,2026-09-24T18:10:49+00:00
2026-09-24T16:44:00Z,30787.5,30792.0,30744.75,30746.25,1836,2026-09-24T18:10:49+00:00
2026-09-24T16:45:00Z,30746.75,30751.5,30725.75,30738.0,2403,2026-09-24T18:10:49+00:00
2026-09-24T16:46:00Z,30738.25,30752.5,30733.0,30747.25,2001,2026-09-24T18:10:49+00:00
2026-09-24T16:47:00Z,30747.0,30750.5,30733.0,30743.0,1609,2026-09-24T18:10:49+00:00
2026-09-24T16:48:00Z,30744.0,30780.5,30744.0,30775.75,1815,2026-09-24T18:10:49+00:00
2026-09-24T16:49:00Z,30776.0,30792.5,30769.75,30786.0,1437,2026-09-24T18:10:49+00:00
2026-09-24T16:50:00Z,30786.0,30792.75,30774.5,30781.5,1548,2026-09-24T18:10:49+00:00
2026-09-24T16:51:00Z,30782.0,30805.75,30781.25,30793.75,1588,2026-09-24T18:10:49+00:00
2026-09-24T16:52:00Z,30793.5,30796.25,30762.75,30766.75,1361,2026-09-24T18:10:49+00:00
2026-09-24T16:53:00Z,30767.0,30770.75,30749.75,30756.0,1185,2026-09-24T18:10:49+00:00
2026-09-24T16:54:00Z,30756.5,30771.25,30751.5,30763.0,1075,2026-09-24T18:10:49+00:00
2026-09-24T16:55:00Z,30762.75,30777.5,30759.0,30768.25,1057,2026-09-24T18:10:49+00:00
2026-09-24T16:56:00Z,30768.0,30799.0,30765.25,30798.5,1206,2026-09-24T18:10:49+00:00
2026-09-24T16:57:00Z,30798.25,30815.75,30796.25,30796.25,1509,2026-09-24T18:10:49+00:00
2026-09-24T16:58:00Z,30797.25,30805.25,30794.75,30799.5,1108,2026-09-24T18:10:49+00:00
2026-09-24T16:59:00Z,30800.0,30801.25,30790.5,30792.25,810,2026-09-24T18:10:49+00:00
2026-09-24T17:00:00Z,30792.25,30792.25,30766.0,30772.75,1502,2026-09-24T18:10:49+00:00
2026-09-24T17:01:00Z,30772.5,30795.75,30768.5,30785.75,1109,2026-09-24T18:10:49+00:00
2026-09-24T17:02:00Z,30785.75,30788.25,30758.5,30788.0,1497,2026-09-24T18:10:49+00:00
2026-09-24T17:03:00Z,30788.25,30818.5,30787.0,30805.5,2295,2026-09-24T18:10:49+00:00
2026-09-24T17:04:00Z,30805.25,30808.5,30784.5,30807.0,2110,2026-09-24T18:10:49+00:00
2026-09-24T17:05:00Z,30806.25,30827.5,30801.25,30805.75,2037,2026-09-24T18:10:49+00:00
2026-09-24T17:06:00Z,30806.25,30815.0,30798.25,30803.25,1163,2026-09-24T18:10:49+00:00
2026-09-24T17:07:00Z,30803.5,30813.75,30795.75,30797.25,854,2026-09-24T18:10:49+00:00
2026-09-24T17:08:00Z,30796.75,30805.75,30789.75,30805.0,1072,2026-09-24T18:10:49+00:00
2026-09-24T17:09:00Z,30804.25,30805.25,30791.0,30792.25,693,2026-09-24T18:10:49+00:00
2026-09-24T17:10:00Z,30792.25,30792.75,30763.75,30772.75,2676,2026-09-24T18:10:49+00:00
2026-09-24T17:11:00Z,30773.5,30777.25,30762.0,30772.0,1219,2026-09-24T18:10:49+00:00
2026-09-24T17:12:00Z,30771.25,30775.75,30762.5,30765.25,864,2026-09-24T18:10:49+00:00
2026-09-24T17:13:00Z,30765.25,30783.25,30757.0,30783.25,1099,2026-09-24T18:10:49+00:00
2026-09-24T17:14:00Z,30782.5,30796.0,30780.5,30790.25,946,2026-09-24T18:10:49+00:00
2026-09-24T17:15:00Z,30790.0,30793.25,30768.75,30772.75,988,2026-09-24T18:10:49+00:00
2026-09-24T17:16:00Z,30772.25,30782.5,30769.25,30770.75,591,2026-09-24T18:10:49+00:00
2026-09-24T17:17:00Z,30770.75,30780.25,30764.25,30764.75,619,2026-09-24T18:10:49+00:00
2026-09-24T17:18:00Z,30765.5,30789.0,30765.5,30783.0,755,2026-09-24T18:10:49+00:00
2026-09-24T17:19:00Z,30782.0,30782.5,30745.5,30747.25,1979,2026-09-24T18:10:49+00:00
2026-09-24T17:20:00Z,30746.75,30748.25,30733.25,30746.25,1333,2026-09-24T18:10:49+00:00
2026-09-24T17:21:00Z,30746.25,30753.75,30740.0,30745.5,874,2026-09-24T18:10:49+00:00
2026-09-24T17:22:00Z,30745.75,30761.0,30744.0,30753.5,976,2026-09-24T18:10:49+00:00
2026-09-24T17:23:00Z,30751.5,30759.25,30743.75,30751.0,744,2026-09-24T18:10:49+00:00
2026-09-24T17:24:00Z,30749.75,30761.0,30733.75,30736.5,841,2026-09-24T18:10:49+00:00
2026-09-24T17:25:00Z,30736.75,30740.0,30721.5,30722.75,1060,2026-09-24T18:10:49+00:00
2026-09-24T17:26:00Z,30722.75,30727.0,30700.25,30707.0,1447,2026-09-24T18:10:49+00:00
2026-09-24T17:27:00Z,30706.75,30718.25,30705.0,30714.75,986,2026-09-24T18:10:49+00:00
2026-09-24T17:28:00Z,30715.5,30736.75,30714.5,30733.75,1284,2026-09-24T18:10:49+00:00
2026-09-24T17:29:00Z,30733.25,30739.75,30730.75,30735.75,835,2026-09-24T18:10:49+00:00
2026-09-24T17:30:00Z,30735.0,30754.5,30732.75,30750.75,1514,2026-09-24T18:10:49+00:00
2026-09-24T17:31:00Z,30750.0,30760.75,30745.75,30752.5,867,2026-09-24T18:10:49+00:00
2026-09-24T17:32:00Z,30752.0,30755.5,30740.25,30747.5,823,2026-09-24T18:10:49+00:00
2026-09-24T17:33:00Z,30746.75,30746.75,30732.0,30738.0,844,2026-09-24T18:10:49+00:00
2026-09-24T17:34:00Z,30738.0,30738.25,30717.0,30718.25,1004,2026-09-24T18:10:49+00:00
2026-09-24T17:35:00Z,30717.75,30727.75,30714.25,30716.5,737,2026-09-24T18:10:49+00:00
2026-09-24T17:36:00Z,30716.0,30726.5,30714.0,30720.0,594,2026-09-24T18:10:49+00:00
2026-09-24T17:37:00Z,30719.25,30723.75,30707.75,30709.75,798,2026-09-24T18:10:49+00:00
2026-09-24T17:38:00Z,30709.25,30713.0,30698.0,30706.0,779,2026-09-24T18:10:49+00:00
2026-09-24T17:39:00Z,30706.5,30721.25,30705.75,30712.75,787,2026-09-24T18:10:49+00:00
2026-09-24T17:40:00Z,30712.5,30724.0,30712.25,30715.25,715,2026-09-24T18:10:49+00:00
2026-09-24T17:41:00Z,30714.5,30720.0,30702.75,30707.75,1142,2026-09-24T18:10:49+00:00
2026-09-24T17:42:00Z,30709.0,30723.25,30706.5,30707.75,660,2026-09-24T18:10:49+00:00
2026-09-24T17:43:00Z,30708.0,30708.75,30673.25,30679.75,1730,2026-09-24T18:10:49+00:00
2026-09-24T17:44:00Z,30679.25,30685.5,30672.25,30673.25,984,2026-09-24T18:10:49+00:00
2026-09-24T17:45:00Z,30673.25,30682.25,30665.75,30679.5,1343,2026-09-24T18:10:49+00:00
2026-09-24T17:46:00Z,30680.0,30694.75,30678.0,30689.25,1001,2026-09-24T18:10:49+00:00
2026-09-24T17:47:00Z,30689.0,30705.25,30686.25,30704.75,1095,2026-09-24T18:10:49+00:00
2026-09-24T17:48:00Z,30703.75,30707.0,30690.5,30694.25,976,2026-09-24T18:10:49+00:00
2026-09-24T17:49:00Z,30695.0,30708.25,30693.5,30701.75,751,2026-09-24T18:10:49+00:00
2026-09-24T17:50:00Z,30701.5,30705.5,30694.0,30697.25,669,2026-09-24T18:11:19+00:00
2026-09-24T17:51:00Z,30698.75,30703.75,30690.75,30692.25,521,2026-09-24T18:12:15+00:00
2026-09-24T17:52:00Z,30692.25,30702.0,30683.25,30687.5,834,2026-09-24T22:30:24+00:00
2026-09-24T17:53:00Z,30687.25,30694.0,30680.25,30681.25,813,2026-09-24T22:30:24+00:00
2026-09-24T17:54:00Z,30681.5,30685.75,30670.75,30681.75,1345,2026-09-24T22:30:24+00:00
2026-09-24T17:55:00Z,30682.5,30687.5,30672.75,30672.75,652,2026-09-24T22:30:24+00:00
2026-09-24T17:56:00Z,30673.0,30704.0,30672.75,30696.75,1254,2026-09-24T22:30:24+00:00
2026-09-24T17:57:00Z,30696.75,30697.25,30685.0,30691.25,894,2026-09-24T22:30:24+00:00
2026-09-24T17:58:00Z,30690.75,30693.75,30681.5,30693.25,507,2026-09-24T22:30:24+00:00
2026-09-24T17:59:00Z,30692.75,30705.5,30690.25,30696.75,807,2026-09-24T22:30:24+00:00
2026-09-24T18:00:00Z,30697.5,30698.5,30685.25,30686.0,881,2026-09-24T22:30:24+00:00
2026-09-24T18:01:00Z,30687.0,30688.5,30655.0,30664.75,1754,2026-09-24T22:30:24+00:00
2026-09-24T18:02:00Z,30665.0,30665.0,30647.0,30650.75,1456,2026-09-24T22:30:24+00:00
2026-09-24T18:03:00Z,30651.0,30651.0,30623.25,30633.75,2012,2026-09-24T22:30:24+00:00
2026-09-24T18:04:00Z,30634.25,30643.0,30622.0,30627.0,1259,2026-09-24T22:30:24+00:00
2026-09-24T18:05:00Z,30627.0,30642.75,30626.5,30638.75,1095,2026-09-24T22:30:24+00:00
2026-09-24T18:06:00Z,30637.25,30662.5,30628.0,30657.25,1854,2026-09-24T22:30:24+00:00
2026-09-24T18:07:00Z,30656.5,30668.25,30647.75,30657.5,1174,2026-09-24T22:30:24+00:00
2026-09-24T18:08:00Z,30657.75,30690.75,30657.75,30679.75,1911,2026-09-24T22:30:24+00:00
2026-09-24T18:09:00Z,30679.25,30690.75,30678.5,30683.5,717,2026-09-24T22:30:24+00:00
2026-09-24T18:10:00Z,30683.75,30693.0,30678.0,30682.0,836,2026-09-24T22:30:24+00:00
2026-09-24T18:11:00Z,30682.0,30705.0,30682.0,30693.5,1341,2026-09-24T22:30:24+00:00
2026-09-24T18:12:00Z,30693.25,30694.75,30680.75,30682.25,683,2026-09-24T22:30:24+00:00
2026-09-24T18:13:00Z,30682.0,30687.75,30677.5,30683.75,643,2026-09-24T22:30:24+00:00
2026-09-24T18:14:00Z,30683.5,30697.75,30682.0,30695.75,692,2026-09-24T22:30:24+00:00
2026-09-24T18:15:00Z,30695.5,30702.5,30689.75,30699.25,698,2026-09-24T22:30:24+00:00
2026-09-24T18:16:00Z,30698.5,30719.75,30697.75,30713.0,1366,2026-09-24T22:30:24+00:00
2026-09-24T18:17:00Z,30713.25,30721.25,30710.75,30720.0,944,2026-09-24T22:30:24+00:00
2026-09-24T18:18:00Z,30720.5,30729.5,30709.25,30711.75,1262,2026-09-24T22:30:24+00:00
2026-09-24T18:19:00Z,30711.5,30716.0,30706.5,30714.0,507,2026-09-24T22:30:24+00:00
2026-09-24T18:20:00Z,30714.0,30718.0,30693.75,30697.5,934,2026-09-24T22:30:24+00:00
2026-09-24T18:21:00Z,30696.75,30710.25,30696.0,30707.25,715,2026-09-24T22:30:24+00:00
2026-09-24T18:22:00Z,30707.5,30712.5,30705.25,30705.75,492,2026-09-24T22:30:24+00:00
2026-09-24T18:23:00Z,30706.25,30724.0,30704.0,30720.0,632,2026-09-24T22:30:24+00:00
2026-09-24T18:24:00Z,30719.75,30719.75,30714.5,30717.5,341,2026-09-24T22:30:24+00:00
2026-09-24T18:25:00Z,30716.5,30746.75,30715.25,30732.25,2395,2026-09-24T22:30:24+00:00
2026-09-24T18:26:00Z,30732.25,30753.0,30732.0,30743.25,1533,2026-09-24T22:30:24+00:00
2026-09-24T18:27:00Z,30743.0,30745.25,30736.0,30738.75,913,2026-09-24T22:30:24+00:00
2026-09-24T18:28:00Z,30739.0,30748.5,30735.75,30741.5,774,2026-09-24T22:30:24+00:00
2026-09-24T18:29:00Z,30741.5,30746.75,30736.75,30740.5,481,2026-09-24T22:30:24+00:00
2026-09-24T18:30:00Z,30740.25,30746.5,30736.0,30740.75,601,2026-09-24T22:30:24+00:00
2026-09-24T18:31:00Z,30740.5,30741.75,30722.5,30732.5,1008,2026-09-24T22:30:24+00:00
2026-09-24T18:32:00Z,30733.0,30733.0,30717.25,30724.0,820,2026-09-24T22:30:24+00:00
2026-09-24T18:33:00Z,30724.25,30732.75,30723.5,30726.0,424,2026-09-24T22:30:24+00:00
2026-09-24T18:34:00Z,30727.0,30731.0,30717.75,30717.75,375,2026-09-24T22:30:24+00:00
2026-09-24T18:35:00Z,30717.25,30719.5,30703.5,30707.25,812,2026-09-24T22:30:24+00:00
2026-09-24T18:36:00Z,30706.5,30719.25,30705.0,30713.5,613,2026-09-24T22:30:24+00:00
2026-09-24T18:37:00Z,30713.25,30721.75,30710.75,30715.5,653,2026-09-24T22:30:24+00:00
2026-09-24T18:38:00Z,30715.25,30759.75,30715.0,30757.75,3359,2026-09-24T22:30:24+00:00
2026-09-24T18:39:00Z,30759.5,30783.25,30745.75,30753.0,3193,2026-09-24T22:30:24+00:00
2026-09-24T18:40:00Z,30752.5,30752.5,30730.0,30738.0,939,2026-09-24T22:30:24+00:00
2026-09-24T18:41:00Z,30737.5,30743.0,30731.0,30740.25,575,2026-09-24T22:30:24+00:00
2026-09-24T18:42:00Z,30740.25,30746.25,30727.5,30734.25,653,2026-09-24T22:30:24+00:00
2026-09-24T18:43:00Z,30734.0,30735.0,30724.5,30735.0,467,2026-09-24T22:30:24+00:00
2026-09-24T18:44:00Z,30734.0,30741.0,30730.75,30736.75,546,2026-09-24T22:30:24+00:00
2026-09-24T18:45:00Z,30736.5,30750.75,30736.0,30744.75,569,2026-09-24T22:30:24+00:00
2026-09-24T18:46:00Z,30745.0,30749.0,30741.75,30746.75,436,2026-09-24T22:30:24+00:00
2026-09-24T18:47:00Z,30747.0,30750.25,30742.25,30744.5,283,2026-09-24T22:30:24+00:00
2026-09-24T18:48:00Z,30744.0,30752.25,30741.0,30748.0,323,2026-09-24T22:30:24+00:00
2026-09-24T18:49:00Z,30747.75,30750.25,30741.5,30747.5,332,2026-09-24T22:30:24+00:00
2026-09-24T18:50:00Z,30746.75,30768.25,30744.25,30762.5,1240,2026-09-24T22:30:24+00:00
2026-09-24T18:51:00Z,30762.75,30763.0,30750.25,30758.5,597,2026-09-24T22:30:24+00:00
2026-09-24T18:52:00Z,30758.0,30776.5,30758.0,30771.5,760,2026-09-24T22:30:24+00:00
2026-09-24T18:53:00Z,30771.0,30771.0,30763.25,30766.75,527,2026-09-24T22:30:24+00:00
2026-09-24T18:54:00Z,30766.75,30768.75,30763.25,30765.75,332,2026-09-24T22:30:24+00:00
2026-09-24T18:55:00Z,30766.5,30779.25,30765.5,30775.5,718,2026-09-24T22:30:24+00:00
2026-09-24T18:56:00Z,30775.75,30788.25,30774.5,30785.0,672,2026-09-24T22:30:24+00:00
2026-09-24T18:57:00Z,30785.0,30792.5,30783.75,30788.5,602,2026-09-24T22:30:24+00:00
2026-09-24T18:58:00Z,30789.5,30791.75,30781.5,30788.0,658,2026-09-24T22:30:24+00:00
2026-09-24T18:59:00Z,30788.25,30791.25,30776.5,30779.75,576,2026-09-24T22:30:24+00:00
2026-09-24T19:00:00Z,30779.5,30784.0,30767.75,30774.25,1447,2026-09-24T22:30:24+00:00
2026-09-24T19:01:00Z,30774.75,30775.75,30749.5,30757.75,2029,2026-09-24T22:30:24+00:00
2026-09-24T19:02:00Z,30757.75,30761.25,30739.75,30742.25,1039,2026-09-24T22:30:24+00:00
2026-09-24T19:03:00Z,30742.5,30744.0,30727.75,30728.0,804,2026-09-24T22:30:24+00:00
2026-09-24T19:04:00Z,30728.25,30735.0,30726.5,30734.5,733,2026-09-24T22:30:24+00:00
2026-09-24T19:05:00Z,30734.25,30743.75,30732.25,30743.75,709,2026-09-24T22:30:24+00:00
2026-09-24T19:06:00Z,30743.25,30746.5,30737.25,30739.0,603,2026-09-24T22:30:24+00:00
2026-09-24T19:07:00Z,30738.0,30746.0,30732.75,30742.5,396,2026-09-24T22:30:24+00:00
2026-09-24T19:08:00Z,30743.25,30748.75,30739.0,30739.25,344,2026-09-24T22:30:24+00:00
2026-09-24T19:09:00Z,30739.75,30742.25,30733.25,30738.75,450,2026-09-24T22:30:24+00:00
2026-09-24T19:10:00Z,30738.5,30744.25,30726.75,30728.5,634,2026-09-24T22:30:24+00:00
2026-09-24T19:11:00Z,30728.25,30733.25,30724.0,30729.5,608,2026-09-24T22:30:24+00:00
2026-09-24T19:12:00Z,30729.75,30735.0,30726.25,30733.75,497,2026-09-24T22:30:24+00:00
2026-09-24T19:13:00Z,30733.25,30742.5,30731.25,30738.25,575,2026-09-24T22:30:24+00:00
2026-09-24T19:14:00Z,30737.5,30739.25,30725.5,30726.5,497,2026-09-24T22:30:24+00:00
2026-09-24T19:15:00Z,30726.75,30742.25,30726.75,30739.0,1033,2026-09-24T22:30:24+00:00
2026-09-24T19:16:00Z,30739.25,30754.75,30737.75,30753.0,724,2026-09-24T22:30:24+00:00
2026-09-24T19:17:00Z,30754.0,30759.75,30750.5,30755.75,775,2026-09-24T22:30:24+00:00
2026-09-24T19:18:00Z,30755.0,30768.0,30754.75,30763.25,789,2026-09-24T22:30:24+00:00
2026-09-24T19:19:00Z,30763.75,30764.75,30752.25,30762.0,1470,2026-09-24T22:30:24+00:00
2026-09-24T19:20:00Z,30761.75,30765.5,30755.0,30755.5,398,2026-09-24T22:30:24+00:00
2026-09-24T19:21:00Z,30755.75,30761.0,30749.5,30761.0,454,2026-09-24T22:30:24+00:00
2026-09-24T19:22:00Z,30760.5,30764.0,30757.75,30760.0,412,2026-09-24T22:30:24+00:00
2026-09-24T19:23:00Z,30759.0,30760.5,30753.75,30760.5,242,2026-09-24T22:30:24+00:00
2026-09-24T19:24:00Z,30760.0,30769.0,30759.5,30766.5,497,2026-09-24T22:30:24+00:00
2026-09-24T19:25:00Z,30766.75,30772.5,30765.25,30766.25,482,2026-09-24T22:30:24+00:00
2026-09-24T19:26:00Z,30766.0,30771.0,30762.0,30770.0,432,2026-09-24T22:30:24+00:00
2026-09-24T19:27:00Z,30768.25,30769.25,30761.5,30761.5,325,2026-09-24T22:30:24+00:00
2026-09-24T19:28:00Z,30761.75,30765.25,30757.25,30758.75,493,2026-09-24T22:30:24+00:00
2026-09-24T19:29:00Z,30758.0,30759.5,30745.25,30750.75,666,2026-09-24T22:30:24+00:00
2026-09-24T19:30:00Z,30749.75,30757.25,30747.5,30753.75,694,2026-09-24T22:30:24+00:00
2026-09-24T19:31:00Z,30754.0,30764.0,30752.25,30764.0,524,2026-09-24T22:30:24+00:00
2026-09-24T19:32:00Z,30764.0,30764.25,30747.0,30749.75,592,2026-09-24T22:30:24+00:00
2026-09-24T19:33:00Z,30750.5,30756.75,30750.25,30756.5,335,2026-09-24T22:30:24+00:00
2026-09-24T19:34:00Z,30756.5,30768.25,30754.5,30767.75,492,2026-09-24T22:30:24+00:00
2026-09-24T19:35:00Z,30767.25,30768.75,30752.25,30757.25,501,2026-09-24T22:30:24+00:00
2026-09-24T19:36:00Z,30757.0,30764.5,30757.0,30761.5,348,2026-09-24T22:30:24+00:00
2026-09-24T19:37:00Z,30761.75,30761.75,30748.5,30751.75,359,2026-09-24T22:30:24+00:00
2026-09-24T19:38:00Z,30752.0,30758.0,30749.5,30754.25,270,2026-09-24T22:30:24+00:00
2026-09-24T19:39:00Z,30755.25,30764.0,30753.75,30763.25,459,2026-09-24T22:30:24+00:00
2026-09-24T19:40:00Z,30763.25,30769.75,30756.0,30756.25,568,2026-09-24T22:30:24+00:00
2026-09-24T19:41:00Z,30756.25,30762.75,30754.5,30761.75,382,2026-09-24T22:30:24+00:00
2026-09-24T19:42:00Z,30761.75,30762.25,30753.0,30754.0,270,2026-09-24T22:30:24+00:00
2026-09-24T19:43:00Z,30754.0,30759.5,30750.25,30756.25,354,2026-09-24T22:30:24+00:00
2026-09-24T19:44:00Z,30756.75,30760.5,30750.0,30753.0,372,2026-09-24T22:30:24+00:00
2026-09-24T19:45:00Z,30752.75,30759.25,30747.75,30753.0,587,2026-09-24T22:30:24+00:00
2026-09-24T19:46:00Z,30753.0,30758.5,30751.0,30757.25,529,2026-09-24T22:30:24+00:00
2026-09-24T19:47:00Z,30756.75,30762.25,30756.0,30756.75,329,2026-09-24T22:30:24+00:00
2026-09-24T19:48:00Z,30757.0,30757.5,30749.75,30752.25,417,2026-09-24T22:30:24+00:00
2026-09-24T19:49:00Z,30752.0,30755.75,30746.25,30747.5,710,2026-09-24T22:30:24+00:00
2026-09-24T19:50:00Z,30747.25,30774.5,30747.25,30757.5,1885,2026-09-24T22:30:24+00:00
2026-09-24T19:51:00Z,30757.25,30781.5,30755.25,30777.25,1162,2026-09-24T22:30:24+00:00
2026-09-24T19:52:00Z,30777.5,30783.5,30774.25,30780.75,688,2026-09-24T22:30:24+00:00
2026-09-24T19:53:00Z,30781.0,30791.0,30780.25,30782.75,1065,2026-09-24T22:30:24+00:00
2026-09-24T19:54:00Z,30783.25,30785.25,30774.0,30779.0,1605,2026-09-24T22:30:24+00:00
2026-09-24T19:55:00Z,30779.5,30780.5,30764.75,30776.25,1654,2026-09-24T22:30:24+00:00
2026-09-24T19:56:00Z,30776.75,30783.0,30768.25,30770.75,770,2026-09-24T22:30:24+00:00
2026-09-24T19:57:00Z,30771.0,30771.5,30765.0,30769.0,812,2026-09-24T22:30:24+00:00
2026-09-24T19:58:00Z,30769.25,30776.5,30768.0,30768.5,1690,2026-09-24T22:30:24+00:00
2026-09-24T19:59:00Z,30768.25,30777.5,30756.75,30757.0,7671,2026-09-24T22:30:24+00:00
2026-09-24T20:00:00Z,30757.0,30762.0,30745.5,30746.0,2765,2026-09-24T22:30:24+00:00
2026-09-24T20:01:00Z,30746.0,30746.25,30732.5,30733.25,1058,2026-09-24T22:30:24+00:00
2026-09-24T20:02:00Z,30732.25,30734.5,30723.25,30726.5,659,2026-09-24T22:30:24+00:00
2026-09-24T20:03:00Z,30726.75,30728.25,30722.75,30724.25,273,2026-09-24T22:30:24+00:00
2026-09-24T20:04:00Z,30724.5,30728.0,30724.25,30727.75,245,2026-09-24T22:30:24+00:00
2026-09-24T20:05:00Z,30728.0,30729.75,30725.25,30727.5,216,2026-09-24T22:30:24+00:00
2026-09-24T20:06:00Z,30727.75,30729.25,30723.75,30728.25,212,2026-09-24T22:30:24+00:00
2026-09-24T20:07:00Z,30728.75,30732.75,30726.25,30730.25,293,2026-09-24T22:30:24+00:00
2026-09-24T20:08:00Z,30730.75,30733.75,30730.0,30731.75,149,2026-09-24T22:30:24+00:00
2026-09-24T20:09:00Z,30731.5,30734.25,30727.75,30728.75,244,2026-09-24T22:30:24+00:00
2026-09-24T20:10:00Z,30728.75,30730.0,30717.25,30718.0,414,2026-09-24T22:30:24+00:00
2026-09-24T20:11:00Z,30717.75,30718.25,30710.5,30712.75,319,2026-09-24T22:30:24+00:00
2026-09-24T20:12:00Z,30713.0,30717.25,30713.0,30715.5,190,2026-09-24T22:30:24+00:00
2026-09-24T20:13:00Z,30715.5,30715.5,30705.75,30708.0,294,2026-09-24T22:30:24+00:00
2026-09-24T20:14:00Z,30708.25,30712.0,30696.5,30698.0,540,2026-09-24T22:30:24+00:00
2026-09-24T20:15:00Z,30698.0,30710.0,30692.25,30692.25,681,2026-09-24T22:30:24+00:00
2026-09-24T20:16:00Z,30693.25,30698.5,30677.75,30681.75,498,2026-09-24T22:30:24+00:00
2026-09-24T20:17:00Z,30682.0,30686.75,30674.5,30681.0,383,2026-09-24T22:30:24+00:00
2026-09-24T20:18:00Z,30680.25,30685.5,30672.0,30679.75,502,2026-09-24T22:30:24+00:00
2026-09-24T20:19:00Z,30679.25,30686.0,30676.75,30680.25,276,2026-09-24T22:30:24+00:00
2026-09-24T20:20:00Z,30679.75,30682.5,30675.25,30676.25,186,2026-09-24T22:30:24+00:00
2026-09-24T20:21:00Z,30675.0,30676.5,30670.75,30675.0,318,2026-09-24T22:30:24+00:00
2026-09-24T20:22:00Z,30675.5,30679.5,30671.0,30673.5,167,2026-09-24T22:30:24+00:00
2026-09-24T20:23:00Z,30674.25,30675.75,30671.75,30674.5,196,2026-09-24T22:30:24+00:00
2026-09-24T20:24:00Z,30674.25,30680.0,30671.5,30673.5,200,2026-09-24T22:30:24+00:00
2026-09-24T20:25:00Z,30672.0,30677.5,30665.5,30677.5,257,2026-09-24T22:30:24+00:00
2026-09-24T20:26:00Z,30676.5,30680.5,30670.0,30672.5,195,2026-09-24T22:30:24+00:00
2026-09-24T20:27:00Z,30673.25,30673.5,30668.5,30670.25,134,2026-09-24T22:30:24+00:00
2026-09-24T20:28:00Z,30670.0,30674.75,30667.5,30668.75,147,2026-09-24T22:30:24+00:00
2026-09-24T20:29:00Z,30669.25,30669.25,30662.25,30666.75,213,2026-09-24T22:30:24+00:00
2026-09-24T20:30:00Z,30666.25,30672.5,30664.0,30671.5,198,2026-09-24T22:30:24+00:00
2026-09-24T20:31:00Z,30671.75,30675.5,30668.5,30672.75,164,2026-09-24T22:30:24+00:00
2026-09-24T20:32:00Z,30672.75,30678.5,30672.5,30674.25,125,2026-09-24T22:30:24+00:00
2026-09-24T20:33:00Z,30675.5,30679.25,30674.0,30678.25,85,2026-09-24T22:30:24+00:00
2026-09-24T20:34:00Z,30677.75,30684.75,30676.75,30680.25,147,2026-09-24T22:30:24+00:00
2026-09-24T20:35:00Z,30680.5,30683.75,30678.25,30678.25,139,2026-09-24T22:30:24+00:00
2026-09-24T20:36:00Z,30678.25,30686.5,30677.75,30684.5,167,2026-09-24T22:30:24+00:00
2026-09-24T20:37:00Z,30684.75,30686.5,30679.25,30682.5,219,2026-09-24T22:30:24+00:00
2026-09-24T20:38:00Z,30683.25,30685.25,30681.5,30683.5,60,2026-09-24T22:30:24+00:00
2026-09-24T20:39:00Z,30683.5,30690.75,30682.75,30690.0,141,2026-09-24T22:30:24+00:00
2026-09-24T20:40:00Z,30690.0,30691.5,30687.0,30687.5,103,2026-09-24T22:30:24+00:00
2026-09-24T20:41:00Z,30687.75,30695.0,30686.25,30691.5,139,2026-09-24T22:30:24+00:00
2026-09-24T20:42:00Z,30692.5,30693.5,30688.5,30692.25,114,2026-09-24T22:30:24+00:00
2026-09-24T20:43:00Z,30693.0,30703.5,30693.0,30702.25,144,2026-09-24T22:30:24+00:00
2026-09-24T20:44:00Z,30703.25,30708.0,30702.5,30705.5,194,2026-09-24T22:30:24+00:00
2026-09-24T20:45:00Z,30705.5,30710.25,30705.5,30705.75,137,2026-09-24T22:30:24+00:00
2026-09-24T20:46:00Z,30705.75,30718.25,30705.75,30715.25,238,2026-09-24T22:30:24+00:00
2026-09-24T20:47:00Z,30715.25,30717.25,30711.25,30714.0,160,2026-09-24T22:30:24+00:00
2026-09-24T20:48:00Z,30714.75,30718.25,30714.0,30715.75,100,2026-09-24T22:30:24+00:00
2026-09-24T20:49:00Z,30716.0,30718.75,30714.75,30717.0,109,2026-09-24T22:30:24+00:00
2026-09-24T20:50:00Z,30716.75,30721.25,30716.5,30719.5,66,2026-09-24T22:30:24+00:00
2026-09-24T20:51:00Z,30719.5,30720.5,30717.5,30720.0,91,2026-09-24T22:30:24+00:00
2026-09-24T20:52:00Z,30720.0,30723.25,30718.5,30722.5,154,2026-09-24T22:30:24+00:00
2026-09-24T20:53:00Z,30722.25,30724.0,30720.5,30721.0,117,2026-09-24T22:30:24+00:00
2026-09-24T20:54:00Z,30720.75,30727.5,30720.75,30727.25,109,2026-09-24T22:30:24+00:00
2026-09-24T20:55:00Z,30728.25,30731.25,30727.25,30730.0,176,2026-09-24T22:30:24+00:00
2026-09-24T20:56:00Z,30730.5,30732.75,30728.5,30731.0,103,2026-09-24T22:30:24+00:00
2026-09-24T20:57:00Z,30731.5,30734.5,30723.5,30734.0,195,2026-09-24T22:30:24+00:00
2026-09-24T20:58:00Z,30733.25,30740.0,30732.5,30736.0,355,2026-09-24T22:30:24+00:00
2026-09-24T20:59:00Z,30736.5,30739.0,30732.75,30736.25,235,2026-09-24T22:30:24+00:00
2026-09-24T22:00:00Z,30726.5,30738.0,30715.75,30735.75,0,2026-09-24T22:30:24+00:00
2026-09-24T22:01:00Z,30736.5,30748.5,30733.25,30741.0,344,2026-09-24T22:30:24+00:00
2026-09-24T22:02:00Z,30741.0,30765.25,30740.75,30750.75,273,2026-09-24T22:30:24+00:00
2026-09-24T22:03:00Z,30750.5,30755.75,30748.75,30750.25,60,2026-09-24T22:30:24+00:00
2026-09-24T22:04:00Z,30749.75,30749.75,30741.0,30743.25,148,2026-09-24T22:30:24+00:00
2026-09-24T22:05:00Z,30744.75,30746.75,30722.5,30727.75,257,2026-09-24T22:30:24+00:00
2026-09-24T22:06:00Z,30726.0,30731.75,30708.5,30716.25,243,2026-09-24T22:30:24+00:00
2026-09-24T22:07:00Z,30716.25,30734.75,30711.5,30731.25,199,2026-09-24T22:30:24+00:00
2026-09-24T22:08:00Z,30731.75,30734.0,30727.5,30728.75,62,2026-09-24T22:30:24+00:00
2026-09-24T22:09:00Z,30730.25,30733.75,30729.75,30733.0,30,2026-09-24T22:30:24+00:00
2026-09-24T22:10:00Z,30733.25,30735.25,30731.75,30733.5,14,2026-09-25T22:30:18+00:00
2026-09-24T22:11:00Z,30732.75,30732.75,30729.5,30730.0,37,2026-09-25T22:30:18+00:00
2026-09-24T22:12:00Z,30730.5,30732.5,30729.75,30731.25,19,2026-09-25T22:30:18+00:00
2026-09-24T22:13:00Z,30732.25,30733.25,30726.25,30728.75,58,2026-09-25T22:30:18+00:00
2026-09-24T22:14:00Z,30727.0,30728.5,30725.25,30727.25,34,2026-09-25T22:30:18+00:00
2026-09-24T22:15:00Z,30727.0,30730.25,30724.25,30728.0,59,2026-09-25T22:30:18+00:00
2026-09-24T22:16:00Z,30726.25,30728.5,30721.25,30724.25,98,2026-09-25T22:30:18+00:00
2026-09-24T22:17:00Z,30724.0,30728.0,30723.25,30724.75,43,2026-09-25T22:30:18+00:00
2026-09-24T22:18:00Z,30724.5,30725.5,30722.75,30724.75,28,2026-09-25T22:30:18+00:00
2026-09-24T22:19:00Z,30725.0,30725.75,30721.25,30722.25,57,2026-09-25T22:30:18+00:00
2026-09-24T22:20:00Z,30720.75,30721.5,30716.0,30719.75,94,2026-09-25T22:30:18+00:00
2026-09-24T22:21:00Z,30719.25,30719.5,30712.75,30719.5,103,2026-09-25T22:30:18+00:00
2026-09-24T22:22:00Z,30717.75,30723.0,30716.5,30722.0,88,2026-09-25T22:30:18+00:00
2026-09-24T22:23:00Z,30721.75,30722.75,30718.0,30718.25,58,2026-09-25T22:30:18+00:00
2026-09-24T22:24:00Z,30719.5,30719.5,30714.5,30715.5,44,2026-09-25T22:30:18+00:00
2026-09-24T22:25:00Z,30714.0,30716.25,30713.25,30714.0,42,2026-09-25T22:30:18+00:00
2026-09-24T22:26:00Z,30713.5,30713.75,30705.0,30709.25,95,2026-09-25T22:30:18+00:00
2026-09-24T22:27:00Z,30707.75,30710.5,30707.75,30709.25,44,2026-09-25T22:30:18+00:00
2026-09-24T22:28:00Z,30706.75,30708.5,30704.25,30708.5,67,2026-09-25T22:30:18+00:00
2026-09-24T22:29:00Z,30708.75,30716.75,30707.5,30710.5,85,2026-09-25T22:30:18+00:00
2026-09-24T22:30:00Z,30711.5,30723.75,30709.25,30718.0,249,2026-09-25T22:30:18+00:00
2026-09-24T22:31:00Z,30718.0,30721.75,30717.0,30719.0,79,2026-09-25T22:30:18+00:00
2026-09-24T22:32:00Z,30719.0,30722.0,30714.75,30718.25,106,2026-09-25T22:30:18+00:00
2026-09-24T22:33:00Z,30718.75,30720.25,30715.5,30717.5,35,2026-09-25T22:30:18+00:00
2026-09-24T22:34:00Z,30718.0,30720.25,30717.75,30718.0,23,2026-09-25T22:30:18+00:00
2026-09-24T22:35:00Z,30718.0,30723.75,30718.0,30722.0,54,2026-09-25T22:30:18+00:00
2026-09-24T22:36:00Z,30722.25,30722.5,30718.5,30720.0,40,2026-09-25T22:30:18+00:00
2026-09-24T22:37:00Z,30720.5,30723.25,30717.5,30722.25,37,2026-09-25T22:30:18+00:00
2026-09-24T22:38:00Z,30721.25,30723.0,30718.5,30720.0,52,2026-09-25T22:30:18+00:00
2026-09-24T22:39:00Z,30720.0,30721.75,30714.75,30719.25,58,2026-09-25T22:30:18+00:00
2026-09-24T22:40:00Z,30719.0,30721.75,30716.5,30721.75,20,2026-09-25T22:30:18+00:00
2026-09-24T22:41:00Z,30721.5,30729.0,30720.0,30727.0,100,2026-09-25T22:30:18+00:00
2026-09-24T22:42:00Z,30727.5,30734.75,30726.25,30733.0,116,2026-09-25T22:30:18+00:00
2026-09-24T22:43:00Z,30732.25,30735.5,30731.75,30734.25,61,2026-09-25T22:30:18+00:00
2026-09-24T22:44:00Z,30735.25,30736.0,30729.0,30731.75,87,2026-09-25T22:30:18+00:00
2026-09-24T22:45:00Z,30732.75,30734.0,30727.75,30730.75,69,2026-09-25T22:30:18+00:00
2026-09-24T22:46:00Z,30730.75,30730.75,30723.0,30727.25,108,2026-09-25T22:30:18+00:00
2026-09-24T22:47:00Z,30728.25,30728.25,30726.25,30728.25,12,2026-09-25T22:30:18+00:00
2026-09-24T22:48:00Z,30728.0,30728.0,30725.25,30725.25,14,2026-09-25T22:30:18+00:00
2026-09-24T22:49:00Z,30726.5,30733.0,30726.0,30731.5,176,2026-09-25T22:30:18+00:00
2026-09-24T22:50:00Z,30731.5,30734.0,30730.0,30732.75,53,2026-09-25T22:30:18+00:00
2026-09-24T22:51:00Z,30733.0,30734.25,30729.25,30732.5,31,2026-09-25T22:30:18+00:00
2026-09-24T22:52:00Z,30733.0,30734.75,30730.0,30731.25,22,2026-09-25T22:30:18+00:00
2026-09-24T22:53:00Z,30732.0,30732.25,30730.75,30730.75,7,2026-09-25T22:30:18+00:00
2026-09-24T22:54:00Z,30732.0,30733.5,30730.5,30732.75,20,2026-09-25T22:30:18+00:00
2026-09-24T22:55:00Z,30731.0,30731.0,30726.0,30727.5,27,2026-09-25T22:30:18+00:00
2026-09-24T22:56:00Z,30728.0,30731.5,30728.0,30731.0,27,2026-09-25T22:30:18+00:00
2026-09-24T22:57:00Z,30731.0,30736.0,30730.25,30736.0,55,2026-09-25T22:30:18+00:00
2026-09-24T22:58:00Z,30734.75,30735.0,30730.0,30730.0,91,2026-09-25T22:30:18+00:00
2026-09-24T22:59:00Z,30729.75,30731.5,30727.75,30730.0,37,2026-09-25T22:30:18+00:00
2026-09-24T23:00:00Z,30729.75,30735.0,30728.75,30731.25,95,2026-09-25T22:30:18+00:00
2026-09-24T23:01:00Z,30731.25,30733.0,30731.25,30732.0,22,2026-09-25T22:30:18+00:00
2026-09-24T23:02:00Z,30732.0,30733.0,30729.5,30729.75,41,2026-09-25T22:30:18+00:00
2026-09-24T23:03:00Z,30729.25,30733.25,30728.0,30730.75,60,2026-09-25T22:30:18+00:00
2026-09-24T23:04:00Z,30731.5,30736.0,30730.75,30732.0,65,2026-09-25T22:30:18+00:00
2026-09-24T23:05:00Z,30733.75,30737.75,30732.5,30732.75,46,2026-09-25T22:30:18+00:00
2026-09-24T23:06:00Z,30730.5,30731.5,30724.25,30731.25,89,2026-09-25T22:30:18+00:00
2026-09-24T23:07:00Z,30730.25,30730.5,30726.75,30728.25,31,2026-09-25T22:30:18+00:00
2026-09-24T23:08:00Z,30727.25,30728.25,30714.25,30720.75,138,2026-09-25T22:30:18+00:00
2026-09-24T23:09:00Z,30720.25,30723.0,30720.25,30720.75,31,2026-09-25T22:30:18+00:00
2026-09-24T23:10:00Z,30721.0,30723.5,30717.25,30719.0,39,2026-09-25T22:30:18+00:00
2026-09-24T23:11:00Z,30718.5,30721.0,30716.5,30720.25,28,2026-09-25T22:30:18+00:00
2026-09-24T23:12:00Z,30719.5,30720.5,30715.25,30716.5,74,2026-09-25T22:30:18+00:00
2026-09-24T23:13:00Z,30716.25,30717.5,30709.75,30716.25,126,2026-09-25T22:30:18+00:00
2026-09-24T23:14:00Z,30715.0,30717.5,30715.0,30716.75,20,2026-09-25T22:30:18+00:00
2026-09-24T23:15:00Z,30717.75,30720.0,30711.75,30718.75,73,2026-09-25T22:30:18+00:00
2026-09-24T23:16:00Z,30719.0,30721.25,30716.25,30718.0,57,2026-09-25T22:30:18+00:00
2026-09-24T23:17:00Z,30719.0,30721.0,30717.5,30718.0,40,2026-09-25T22:30:18+00:00
2026-09-24T23:18:00Z,30717.25,30718.5,30717.0,30718.0,15,2026-09-25T22:30:18+00:00
2026-09-24T23:19:00Z,30716.5,30718.75,30714.25,30716.75,38,2026-09-25T22:30:18+00:00
2026-09-24T23:20:00Z,30715.0,30717.25,30712.5,30717.25,33,2026-09-25T22:30:18+00:00
2026-09-24T23:21:00Z,30714.75,30716.5,30714.25,30715.75,41,2026-09-25T22:30:18+00:00
2026-09-24T23:22:00Z,30714.5,30717.0,30714.0,30716.0,28,2026-09-25T22:30:18+00:00
2026-09-24T23:23:00Z,30716.0,30719.5,30715.75,30719.0,27,2026-09-25T22:30:18+00:00
2026-09-24T23:24:00Z,30718.75,30725.75,30718.75,30724.25,106,2026-09-25T22:30:18+00:00
2026-09-24T23:25:00Z,30726.0,30726.5,30722.5,30723.25,35,2026-09-25T22:30:18+00:00
2026-09-24T23:26:00Z,30722.75,30726.5,30722.5,30726.0,41,2026-09-25T22:30:18+00:00
2026-09-24T23:27:00Z,30726.25,30733.5,30726.25,30732.25,83,2026-09-25T22:30:18+00:00
2026-09-24T23:28:00Z,30731.5,30732.5,30729.75,30730.25,32,2026-09-25T22:30:18+00:00
2026-09-24T23:29:00Z,30730.0,30731.5,30724.5,30725.75,65,2026-09-25T22:30:18+00:00
2026-09-24T23:30:00Z,30726.25,30729.25,30726.25,30728.5,25,2026-09-25T22:30:18+00:00
2026-09-24T23:31:00Z,30728.0,30729.25,30727.25,30728.0,19,2026-09-25T22:30:18+00:00
2026-09-24T23:32:00Z,30727.5,30727.75,30726.25,30727.0,9,2026-09-25T22:30:18+00:00
2026-09-24T23:33:00Z,30727.75,30732.25,30726.75,30728.0,47,2026-09-25T22:30:18+00:00
2026-09-24T23:34:00Z,30730.25,30730.25,30727.75,30727.75,15,2026-09-25T22:30:18+00:00
2026-09-24T23:35:00Z,30727.0,30727.75,30723.5,30723.5,25,2026-09-25T22:30:18+00:00
2026-09-24T23:36:00Z,30723.25,30731.25,30723.25,30730.0,57,2026-09-25T22:30:18+00:00
2026-09-24T23:37:00Z,30729.25,30730.5,30724.25,30724.25,19,2026-09-25T22:30:18+00:00
2026-09-24T23:38:00Z,30724.75,30727.25,30724.75,30726.5,19,2026-09-25T22:30:18+00:00
2026-09-24T23:39:00Z,30726.25,30726.75,30724.25,30725.5,17,2026-09-25T22:30:18+00:00
2026-09-24T23:40:00Z,30726.0,30726.75,30723.5,30723.5,31,2026-09-25T22:30:18+00:00
2026-09-24T23:41:00Z,30724.5,30725.75,30724.5,30725.75,4,2026-09-25T22:30:18+00:00
2026-09-24T23:42:00Z,30724.0,30725.5,30722.25,30725.0,16,2026-09-25T22:30:18+00:00
2026-09-24T23:43:00Z,30724.75,30724.75,30713.5,30713.75,200,2026-09-25T22:30:18+00:00
2026-09-24T23:44:00Z,30713.0,30713.75,30707.5,30707.5,114,2026-09-25T22:30:18+00:00
2026-09-24T23:45:00Z,30709.5,30713.25,30707.0,30710.5,106,2026-09-25T22:30:18+00:00
2026-09-24T23:46:00Z,30711.0,30711.0,30701.0,30705.25,153,2026-09-25T22:30:18+00:00
2026-09-24T23:47:00Z,30705.5,30707.5,30702.5,30704.25,47,2026-09-25T22:30:18+00:00
2026-09-24T23:48:00Z,30703.75,30706.25,30696.5,30697.0,138,2026-09-25T22:30:18+00:00
2026-09-24T23:49:00Z,30697.5,30704.75,30696.5,30701.5,93,2026-09-25T22:30:18+00:00
2026-09-24T23:50:00Z,30701.0,30703.75,30697.25,30700.5,77,2026-09-25T22:30:18+00:00
2026-09-24T23:51:00Z,30699.5,30699.5,30686.25,30691.0,211,2026-09-25T22:30:18+00:00
2026-09-24T23:52:00Z,30693.0,30696.75,30691.0,30696.75,91,2026-09-25T22:30:18+00:00
2026-09-24T23:53:00Z,30695.25,30696.0,30692.25,30695.0,46,2026-09-25T22:30:18+00:00
2026-09-24T23:54:00Z,30695.25,30695.25,30692.0,30692.0,22,2026-09-25T22:30:18+00:00
2026-09-24T23:55:00Z,30693.0,30695.5,30692.25,30693.75,36,2026-09-25T22:30:18+00:00
2026-09-24T23:56:00Z,30694.5,30695.5,30692.0,30693.25,48,2026-09-25T22:30:18+00:00
2026-09-24T23:57:00Z,30694.0,30695.75,30683.75,30685.5,114,2026-09-25T22:30:18+00:00
2026-09-24T23:58:00Z,30685.75,30689.5,30685.75,30687.25,71,2026-09-25T22:30:18+00:00
2026-09-24T23:59:00Z,30686.5,30690.75,30686.5,30687.25,63,2026-09-25T22:30:18+00:00
2026-09-25T00:00:00Z,30687.0,30709.0,30686.75,30699.25,326,2026-09-25T22:30:18+00:00
2026-09-25T00:01:00Z,30697.5,30707.75,30697.25,30697.25,140,2026-09-25T22:30:18+00:00
2026-09-25T00:02:00Z,30697.5,30702.5,30695.5,30699.5,104,2026-09-25T22:30:18+00:00
2026-09-25T00:03:00Z,30700.0,30712.0,30698.5,30707.25,152,2026-09-25T22:30:18+00:00
2026-09-25T00:04:00Z,30707.75,30717.0,30703.25,30706.5,196,2026-09-25T22:30:18+00:00
2026-09-25T00:05:00Z,30705.0,30708.25,30697.0,30705.25,86,2026-09-25T22:30:18+00:00
2026-09-25T00:06:00Z,30704.25,30704.75,30684.5,30685.5,173,2026-09-25T22:30:18+00:00
2026-09-25T00:07:00Z,30686.5,30693.5,30684.75,30692.25,98,2026-09-25T22:30:18+00:00
2026-09-25T00:08:00Z,30693.25,30701.75,30693.25,30700.75,98,2026-09-25T22:30:18+00:00
2026-09-25T00:09:00Z,30700.75,30701.75,30695.0,30699.5,48,2026-09-25T22:30:18+00:00
2026-09-25T00:10:00Z,30699.5,30703.75,30696.25,30697.0,62,2026-09-25T22:30:18+00:00
2026-09-25T00:11:00Z,30697.25,30702.5,30692.25,30692.25,59,2026-09-25T22:30:18+00:00
2026-09-25T00:12:00Z,30692.25,30695.5,30690.0,30692.25,70,2026-09-25T22:30:18+00:00
2026-09-25T00:13:00Z,30690.75,30700.5,30687.0,30699.25,115,2026-09-25T22:30:18+00:00
2026-09-25T00:14:00Z,30700.75,30700.75,30695.25,30696.5,46,2026-09-25T22:30:18+00:00
2026-09-25T00:15:00Z,30697.5,30697.75,30679.0,30693.5,322,2026-09-25T22:30:18+00:00
2026-09-25T00:16:00Z,30694.75,30695.5,30687.0,30695.5,125,2026-09-25T22:30:18+00:00
2026-09-25T00:17:00Z,30695.75,30701.5,30690.0,30690.5,163,2026-09-25T22:30:18+00:00
2026-09-25T00:18:00Z,30691.0,30695.75,30686.75,30692.0,129,2026-09-25T22:30:18+00:00
2026-09-25T00:19:00Z,30694.0,30695.75,30689.25,30693.5,67,2026-09-25T22:30:18+00:00
2026-09-25T00:20:00Z,30693.75,30709.5,30691.75,30704.5,215,2026-09-25T22:30:18+00:00
2026-09-25T00:21:00Z,30705.25,30711.25,30705.0,30707.75,67,2026-09-25T22:30:18+00:00
2026-09-25T00:22:00Z,30707.0,30720.0,30706.75,30719.25,188,2026-09-25T22:30:18+00:00
2026-09-25T00:23:00Z,30720.75,30724.25,30718.25,30719.0,104,2026-09-25T22:30:18+00:00
2026-09-25T00:24:00Z,30720.0,30722.25,30716.75,30721.0,55,2026-09-25T22:30:18+00:00
2026-09-25T00:25:00Z,30719.75,30725.25,30710.25,30724.25,197,2026-09-25T22:30:18+00:00
2026-09-25T00:26:00Z,30723.5,30727.25,30717.0,30721.75,183,2026-09-25T22:30:18+00:00
2026-09-25T00:27:00Z,30721.75,30722.25,30715.25,30718.0,38,2026-09-25T22:30:18+00:00
2026-09-25T00:28:00Z,30719.0,30721.5,30715.5,30716.25,61,2026-09-25T22:30:18+00:00
2026-09-25T00:29:00Z,30717.0,30720.75,30712.0,30713.25,101,2026-09-25T22:30:18+00:00
2026-09-25T00:30:00Z,30712.75,30715.25,30709.0,30710.5,81,2026-09-25T22:30:18+00:00
2026-09-25T00:31:00Z,30709.75,30711.75,30704.25,30706.25,82,2026-09-25T22:30:18+00:00
2026-09-25T00:32:00Z,30706.75,30711.0,30701.0,30709.75,126,2026-09-25T22:30:18+00:00
2026-09-25T00:33:00Z,30710.25,30714.75,30707.25,30712.0,85,2026-09-25T22:30:18+00:00
2026-09-25T00:34:00Z,30712.5,30712.5,30703.0,30706.0,32,2026-09-25T22:30:18+00:00
2026-09-25T00:35:00Z,30706.75,30710.0,30705.75,30706.25,44,2026-09-25T22:30:18+00:00
2026-09-25T00:36:00Z,30708.25,30708.25,30698.25,30698.25,66,2026-09-25T22:30:18+00:00
2026-09-25T00:37:00Z,30700.0,30702.0,30689.0,30691.0,285,2026-09-25T22:30:18+00:00
2026-09-25T00:38:00Z,30691.25,30695.75,30682.75,30687.25,202,2026-09-25T22:30:18+00:00
2026-09-25T00:39:00Z,30685.0,30694.75,30684.0,30691.5,112,2026-09-25T22:30:18+00:00
2026-09-25T00:40:00Z,30690.75,30702.25,30689.5,30698.5,152,2026-09-25T22:30:18+00:00
2026-09-25T00:41:00Z,30696.75,30699.0,30692.75,30697.5,71,2026-09-25T22:30:18+00:00
2026-09-25T00:42:00Z,30694.75,30704.25,30693.0,30703.25,82,2026-09-25T22:30:18+00:00
2026-09-25T00:43:00Z,30703.75,30706.0,30700.0,30702.25,107,2026-09-25T22:30:18+00:00
2026-09-25T00:44:00Z,30700.5,30701.75,30699.0,30700.5,39,2026-09-25T22:30:18+00:00
2026-09-25T00:45:00Z,30701.0,30706.0,30698.25,30702.0,66,2026-09-25T22:30:18+00:00
2026-09-25T00:46:00Z,30703.25,30707.75,30699.0,30700.25,66,2026-09-25T22:30:18+00:00
2026-09-25T00:47:00Z,30701.5,30704.0,30694.5,30697.25,53,2026-09-25T22:30:18+00:00
2026-09-25T00:48:00Z,30697.0,30703.75,30696.75,30701.75,53,2026-09-25T22:30:18+00:00
2026-09-25T00:49:00Z,30700.0,30707.5,30700.0,30704.25,73,2026-09-25T22:30:18+00:00
2026-09-25T00:50:00Z,30704.0,30706.5,30694.75,30696.5,55,2026-09-25T22:30:18+00:00
2026-09-25T00:51:00Z,30695.75,30697.75,30689.5,30689.5,59,2026-09-25T22:30:18+00:00
2026-09-25T00:52:00Z,30689.0,30693.25,30685.25,30691.0,121,2026-09-25T22:30:18+00:00
2026-09-25T00:53:00Z,30691.0,30697.75,30691.0,30697.75,44,2026-09-25T22:30:18+00:00
2026-09-25T00:54:00Z,30697.0,30702.5,30696.75,30699.25,74,2026-09-25T22:30:18+00:00
2026-09-25T00:55:00Z,30700.0,30704.25,30697.25,30699.75,50,2026-09-25T22:30:18+00:00
2026-09-25T00:56:00Z,30699.75,30700.75,30693.5,30696.75,46,2026-09-25T22:30:18+00:00
2026-09-25T00:57:00Z,30696.75,30697.0,30690.25,30692.75,42,2026-09-25T22:30:18+00:00
2026-09-25T00:58:00Z,30691.75,30702.5,30691.75,30701.75,64,2026-09-25T22:30:18+00:00
2026-09-25T00:59:00Z,30702.5,30705.0,30696.5,30697.75,66,2026-09-25T22:30:18+00:00
2026-09-25T01:00:00Z,30698.75,30699.0,30680.0,30696.0,233,2026-09-25T22:30:18+00:00
2026-09-25T01:01:00Z,30697.0,30706.0,30696.25,30704.75,154,2026-09-25T22:30:18+00:00
2026-09-25T01:02:00Z,30702.75,30709.0,30702.75,30705.0,145,2026-09-25T22:30:18+00:00
2026-09-25T01:03:00Z,30704.75,30705.0,30701.0,30702.5,96,2026-09-25T22:30:18+00:00
2026-09-25T01:04:00Z,30701.75,30711.25,30701.75,30708.0,138,2026-09-25T22:30:18+00:00
2026-09-25T01:05:00Z,30708.75,30710.0,30700.25,30701.0,93,2026-09-25T22:30:18+00:00
2026-09-25T01:06:00Z,30700.75,30707.25,30697.0,30705.75,66,2026-09-25T22:30:18+00:00
2026-09-25T01:07:00Z,30707.75,30715.0,30707.25,30711.5,117,2026-09-25T22:30:18+00:00
2026-09-25T01:08:00Z,30712.5,30722.5,30710.5,30714.5,246,2026-09-25T22:30:18+00:00
2026-09-25T01:09:00Z,30714.0,30720.0,30714.0,30717.0,55,2026-09-25T22:30:18+00:00
2026-09-25T01:10:00Z,30717.5,30736.25,30716.25,30734.25,342,2026-09-25T22:30:18+00:00
2026-09-25T01:11:00Z,30735.0,30756.25,30734.25,30755.0,506,2026-09-25T22:30:18+00:00
2026-09-25T01:12:00Z,30753.5,30761.25,30740.5,30744.5,290,2026-09-25T22:30:18+00:00
2026-09-25T01:13:00Z,30743.25,30760.5,30742.75,30760.5,183,2026-09-25T22:30:18+00:00
2026-09-25T01:14:00Z,30759.75,30775.0,30757.75,30764.75,383,2026-09-25T22:30:18+00:00
2026-09-25T01:15:00Z,30764.25,30768.75,30761.25,30767.0,163,2026-09-25T22:30:18+00:00
2026-09-25T01:16:00Z,30766.75,30778.0,30762.25,30778.0,257,2026-09-25T22:30:18+00:00
2026-09-25T01:17:00Z,30778.5,30790.0,30775.5,30779.5,383,2026-09-25T22:30:18+00:00
2026-09-25T01:18:00Z,30778.75,30778.75,30772.0,30773.75,160,2026-09-25T22:30:18+00:00
2026-09-25T01:19:00Z,30774.0,30775.25,30767.75,30771.0,135,2026-09-25T22:30:18+00:00
2026-09-25T01:20:00Z,30772.75,30780.75,30769.25,30773.25,123,2026-09-25T22:30:18+00:00
2026-09-25T01:21:00Z,30776.0,30788.25,30775.0,30786.0,147,2026-09-25T22:30:18+00:00
2026-09-25T01:22:00Z,30786.5,30789.0,30782.75,30784.75,137,2026-09-25T22:30:18+00:00
2026-09-25T01:23:00Z,30782.5,30784.75,30779.25,30779.5,68,2026-09-25T22:30:18+00:00
2026-09-25T01:24:00Z,30780.75,30782.5,30773.25,30776.75,80,2026-09-25T22:30:18+00:00
2026-09-25T01:25:00Z,30776.0,30779.0,30772.0,30775.25,96,2026-09-25T22:30:18+00:00
2026-09-25T01:26:00Z,30776.0,30784.5,30776.0,30779.5,64,2026-09-25T22:30:18+00:00
2026-09-25T01:27:00Z,30781.0,30788.25,30781.0,30782.25,90,2026-09-25T22:30:18+00:00
2026-09-25T01:28:00Z,30782.5,30784.0,30776.25,30778.5,64,2026-09-25T22:30:18+00:00
2026-09-25T01:29:00Z,30779.75,30780.5,30773.0,30776.75,52,2026-09-25T22:30:18+00:00
2026-09-25T01:30:00Z,30776.75,30778.5,30761.25,30763.25,180,2026-09-25T22:30:18+00:00
2026-09-25T01:31:00Z,30762.25,30764.5,30753.0,30755.5,157,2026-09-25T22:30:18+00:00
2026-09-25T01:32:00Z,30755.25,30770.0,30755.0,30764.0,178,2026-09-25T22:30:18+00:00
2026-09-25T01:33:00Z,30764.5,30768.25,30763.25,30764.25,87,2026-09-25T22:30:18+00:00
2026-09-25T01:34:00Z,30763.0,30764.0,30756.0,30756.5,66,2026-09-25T22:30:18+00:00
2026-09-25T01:35:00Z,30754.5,30768.25,30750.0,30767.25,129,2026-09-25T22:30:18+00:00
2026-09-25T01:36:00Z,30767.0,30770.75,30762.25,30767.75,148,2026-09-25T22:30:18+00:00
2026-09-25T01:37:00Z,30767.5,30782.0,30767.5,30778.0,161,2026-09-25T22:30:18+00:00
2026-09-25T01:38:00Z,30778.25,30783.25,30776.75,30782.0,95,2026-09-25T22:30:18+00:00
2026-09-25T01:39:00Z,30782.25,30792.5,30781.75,30791.75,166,2026-09-25T22:30:18+00:00
2026-09-25T01:40:00Z,30791.0,30792.5,30786.75,30790.75,96,2026-09-25T22:30:18+00:00
2026-09-25T01:41:00Z,30789.5,30800.75,30789.5,30799.75,217,2026-09-25T22:30:18+00:00
2026-09-25T01:42:00Z,30798.5,30803.75,30798.25,30802.75,137,2026-09-25T22:30:18+00:00
2026-09-25T01:43:00Z,30802.75,30810.0,30801.5,30806.0,100,2026-09-25T22:30:18+00:00
2026-09-25T01:44:00Z,30805.75,30807.0,30798.25,30798.25,92,2026-09-25T22:30:18+00:00
2026-09-25T01:45:00Z,30798.5,30801.25,30795.25,30795.25,102,2026-09-25T22:30:18+00:00
2026-09-25T01:46:00Z,30796.25,30799.0,30792.25,30796.25,63,2026-09-25T22:30:18+00:00
2026-09-25T01:47:00Z,30795.25,30797.75,30784.0,30787.25,93,2026-09-25T22:30:18+00:00
2026-09-25T01:48:00Z,30787.5,30794.5,30786.25,30787.25,58,2026-09-25T22:30:18+00:00
2026-09-25T01:49:00Z,30788.25,30798.5,30788.25,30798.0,47,2026-09-25T22:30:18+00:00
2026-09-25T01:50:00Z,30797.5,30799.0,30790.25,30796.25,94,2026-09-25T22:30:18+00:00
2026-09-25T01:51:00Z,30795.25,30795.75,30782.0,30786.25,102,2026-09-25T22:30:18+00:00
2026-09-25T01:52:00Z,30786.5,30790.0,30785.75,30787.5,39,2026-09-25T22:30:18+00:00
2026-09-25T01:53:00Z,30787.0,30787.75,30781.5,30782.25,47,2026-09-25T22:30:18+00:00
2026-09-25T01:54:00Z,30783.5,30784.75,30778.0,30780.25,162,2026-09-25T22:30:18+00:00
2026-09-25T01:55:00Z,30781.25,30781.5,30776.5,30779.0,57,2026-09-25T22:30:18+00:00
2026-09-25T01:56:00Z,30777.75,30777.75,30771.0,30774.75,75,2026-09-25T22:30:18+00:00
2026-09-25T01:57:00Z,30773.5,30778.25,30773.5,30775.5,46,2026-09-25T22:30:18+00:00
2026-09-25T01:58:00Z,30776.0,30784.0,30775.0,30781.75,65,2026-09-25T22:30:18+00:00
2026-09-25T01:59:00Z,30783.25,30791.25,30782.0,30790.5,98,2026-09-25T22:30:18+00:00
2026-09-25T02:00:00Z,30791.0,30796.25,30786.0,30787.75,112,2026-09-25T22:30:18+00:00
2026-09-25T02:01:00Z,30788.5,30789.75,30783.0,30783.75,64,2026-09-25T22:30:18+00:00
2026-09-25T02:02:00Z,30785.0,30792.75,30784.25,30792.75,45,2026-09-25T22:30:18+00:00
2026-09-25T02:03:00Z,30788.5,30791.0,30787.5,30790.25,23,2026-09-25T22:30:18+00:00
2026-09-25T02:04:00Z,30790.5,30796.75,30787.0,30793.75,81,2026-09-25T22:30:18+00:00
2026-09-25T02:05:00Z,30795.25,30799.0,30795.25,30795.75,58,2026-09-25T22:30:18+00:00
2026-09-25T02:06:00Z,30794.75,30805.25,30793.25,30804.25,77,2026-09-25T22:30:18+00:00
2026-09-25T02:07:00Z,30803.5,30809.75,30801.0,30804.0,190,2026-09-25T22:30:18+00:00
2026-09-25T02:08:00Z,30804.5,30809.0,30800.25,30803.0,64,2026-09-25T22:30:18+00:00
2026-09-25T02:09:00Z,30802.25,30810.5,30802.25,30806.5,141,2026-09-25T22:30:18+00:00
2026-09-25T02:10:00Z,30806.25,30809.75,30806.0,30807.75,78,2026-09-25T22:30:18+00:00
2026-09-25T02:11:00Z,30807.5,30807.5,30803.0,30805.0,88,2026-09-25T22:30:18+00:00
2026-09-25T02:12:00Z,30806.0,30806.5,30801.25,30801.5,50,2026-09-25T22:30:18+00:00
2026-09-25T02:13:00Z,30801.0,30801.75,30795.25,30799.25,103,2026-09-25T22:30:18+00:00
2026-09-25T02:14:00Z,30800.0,30800.75,30793.75,30797.25,60,2026-09-25T22:30:18+00:00
2026-09-25T02:15:00Z,30797.25,30800.5,30795.25,30798.0,28,2026-09-25T22:30:18+00:00
2026-09-25T02:16:00Z,30798.5,30800.0,30796.75,30799.0,35,2026-09-25T22:30:18+00:00
2026-09-25T02:17:00Z,30799.0,30802.0,30797.75,30799.25,37,2026-09-25T22:30:18+00:00
2026-09-25T02:18:00Z,30800.0,30806.0,30800.0,30806.0,47,2026-09-25T22:30:18+00:00
2026-09-25T02:19:00Z,30805.75,30808.5,30804.25,30805.5,58,2026-09-25T22:30:18+00:00
2026-09-25T02:20:00Z,30807.0,30810.75,30806.5,30809.25,87,2026-09-25T22:30:18+00:00
2026-09-25T02:21:00Z,30808.5,30814.0,30808.25,30813.0,128,2026-09-25T22:30:18+00:00
2026-09-25T02:22:00Z,30812.75,30814.5,30805.0,30807.25,102,2026-09-25T22:30:18+00:00
2026-09-25T02:23:00Z,30806.5,30809.25,30805.75,30807.5,55,2026-09-25T22:30:18+00:00
2026-09-25T02:24:00Z,30807.0,30810.5,30804.0,30804.0,59,2026-09-25T22:30:18+00:00
2026-09-25T02:25:00Z,30803.75,30803.75,30796.75,30800.75,122,2026-09-25T22:30:18+00:00
2026-09-25T02:26:00Z,30800.75,30803.25,30799.25,30802.5,41,2026-09-25T22:30:18+00:00
2026-09-25T02:27:00Z,30802.5,30803.75,30797.25,30797.25,36,2026-09-25T22:30:18+00:00
2026-09-25T02:28:00Z,30797.25,30801.5,30791.0,30791.5,101,2026-09-25T22:30:18+00:00
2026-09-25T02:29:00Z,30792.0,30792.0,30784.0,30786.25,83,2026-09-25T22:30:18+00:00
2026-09-25T02:30:00Z,30786.5,30787.0,30781.25,30784.0,79,2026-09-25T22:30:18+00:00
2026-09-25T02:31:00Z,30783.25,30786.5,30782.5,30784.75,41,2026-09-25T22:30:18+00:00
2026-09-25T02:32:00Z,30786.0,30789.0,30784.0,30786.25,64,2026-09-25T22:30:18+00:00
2026-09-25T02:33:00Z,30787.75,30787.75,30780.0,30780.75,63,2026-09-25T22:30:18+00:00
2026-09-25T02:34:00Z,30780.0,30780.75,30765.25,30766.5,225,2026-09-25T22:30:18+00:00
2026-09-25T02:35:00Z,30766.75,30768.25,30763.25,30764.75,94,2026-09-25T22:30:18+00:00
2026-09-25T02:36:00Z,30764.5,30769.75,30763.75,30766.25,74,2026-09-25T22:30:18+00:00
2026-09-25T02:37:00Z,30766.75,30768.5,30762.5,30767.25,64,2026-09-25T22:30:18+00:00
2026-09-25T02:38:00Z,30767.0,30772.5,30761.0,30769.5,98,2026-09-25T22:30:18+00:00
2026-09-25T02:39:00Z,30769.5,30774.5,30768.75,30773.0,81,2026-09-25T22:30:18+00:00
2026-09-25T02:40:00Z,30773.5,30781.25,30773.25,30774.25,122,2026-09-25T22:30:18+00:00
2026-09-25T02:41:00Z,30774.75,30777.0,30772.0,30775.5,32,2026-09-25T22:30:18+00:00
2026-09-25T02:42:00Z,30774.25,30779.75,30774.25,30778.75,42,2026-09-25T22:30:18+00:00
2026-09-25T02:43:00Z,30778.75,30788.25,30778.75,30786.75,103,2026-09-25T22:30:18+00:00
2026-09-25T02:44:00Z,30786.25,30794.75,30784.75,30787.25,145,2026-09-25T22:30:18+00:00
2026-09-25T02:45:00Z,30786.75,30788.75,30782.75,30782.75,42,2026-09-25T22:30:18+00:00
2026-09-25T02:46:00Z,30781.5,30783.0,30771.0,30773.5,133,2026-09-25T22:30:18+00:00
2026-09-25T02:47:00Z,30772.5,30776.25,30771.0,30773.25,29,2026-09-25T22:30:18+00:00
2026-09-25T02:48:00Z,30771.5,30776.0,30769.25,30772.5,53,2026-09-25T22:30:18+00:00
2026-09-25T02:49:00Z,30772.5,30773.5,30770.75,30772.25,30,2026-09-25T22:30:18+00:00
2026-09-25T02:50:00Z,30770.5,30771.75,30764.5,30769.25,89,2026-09-25T22:30:18+00:00
2026-09-25T02:51:00Z,30770.0,30773.0,30768.75,30769.25,53,2026-09-25T22:30:18+00:00
2026-09-25T02:52:00Z,30771.25,30772.75,30768.25,30769.75,23,2026-09-25T22:30:18+00:00
2026-09-25T02:53:00Z,30770.0,30775.5,30770.0,30774.25,40,2026-09-25T22:30:18+00:00
2026-09-25T02:54:00Z,30775.25,30785.5,30774.25,30784.75,57,2026-09-25T22:30:18+00:00
2026-09-25T02:55:00Z,30783.75,30786.25,30783.25,30785.75,35,2026-09-25T22:30:18+00:00
2026-09-25T02:56:00Z,30786.0,30787.5,30781.75,30782.0,63,2026-09-25T22:30:18+00:00
2026-09-25T02:57:00Z,30781.0,30784.25,30779.5,30783.5,44,2026-09-25T22:30:18+00:00
2026-09-25T02:58:00Z,30784.25,30787.5,30783.75,30786.25,28,2026-09-25T22:30:18+00:00
2026-09-25T02:59:00Z,30787.75,30790.75,30787.25,30790.75,66,2026-09-25T22:30:18+00:00
2026-09-25T03:00:00Z,30790.75,30792.0,30787.25,30789.5,82,2026-09-25T22:30:18+00:00
2026-09-25T03:01:00Z,30792.25,30792.75,30781.25,30781.75,96,2026-09-25T22:30:18+00:00
2026-09-25T03:02:00Z,30782.75,30788.25,30779.75,30788.25,57,2026-09-25T22:30:18+00:00
2026-09-25T03:03:00Z,30783.0,30783.75,30781.5,30783.75,12,2026-09-25T22:30:18+00:00
2026-09-25T03:04:00Z,30783.75,30787.25,30783.75,30785.75,25,2026-09-25T22:30:18+00:00
2026-09-25T03:05:00Z,30786.0,30793.5,30786.0,30790.5,45,2026-09-25T22:30:18+00:00
2026-09-25T03:06:00Z,30791.25,30802.25,30791.25,30798.75,173,2026-09-25T22:30:18+00:00
2026-09-25T03:07:00Z,30799.5,30808.0,30797.0,30808.0,131,2026-09-25T22:30:18+00:00
2026-09-25T03:08:00Z,30807.0,30811.0,30806.25,30809.25,130,2026-09-25T22:30:18+00:00
2026-09-25T03:09:00Z,30810.0,30811.75,30804.0,30807.0,109,2026-09-25T22:30:18+00:00
2026-09-25T03:10:00Z,30806.25,30806.25,30800.0,30801.0,54,2026-09-25T22:30:18+00:00
2026-09-25T03:11:00Z,30800.75,30803.5,30800.75,30802.25,29,2026-09-25T22:30:18+00:00
2026-09-25T03:12:00Z,30802.5,30804.0,30800.5,30800.5,34,2026-09-25T22:30:18+00:00
2026-09-25T03:13:00Z,30800.75,30802.5,30797.0,30797.0,44,2026-09-25T22:30:18+00:00
2026-09-25T03:14:00Z,30796.75,30804.0,30795.75,30804.0,55,2026-09-25T22:30:18+00:00
2026-09-25T03:15:00Z,30803.25,30809.75,30800.0,30805.25,114,2026-09-25T22:30:18+00:00
2026-09-25T03:16:00Z,30804.25,30807.25,30800.0,30802.5,137,2026-09-25T22:30:18+00:00
2026-09-25T03:17:00Z,30800.75,30801.0,30790.0,30793.75,159,2026-09-25T22:30:18+00:00
2026-09-25T03:18:00Z,30794.75,30801.0,30788.0,30796.75,136,2026-09-25T22:30:18+00:00
2026-09-25T03:19:00Z,30796.75,30800.5,30796.75,30800.25,20,2026-09-25T22:30:18+00:00
2026-09-25T03:20:00Z,30799.0,30805.75,30799.0,30805.5,64,2026-09-25T22:30:18+00:00
2026-09-25T03:21:00Z,30804.5,30807.25,30802.25,30804.0,35,2026-09-25T22:30:18+00:00
2026-09-25T03:22:00Z,30804.0,30808.0,30804.0,30807.25,33,2026-09-25T22:30:18+00:00
2026-09-25T03:23:00Z,30806.5,30806.5,30799.25,30800.5,17,2026-09-25T22:30:18+00:00
2026-09-25T03:24:00Z,30800.0,30801.75,30798.25,30800.0,44,2026-09-25T22:30:18+00:00
2026-09-25T03:25:00Z,30801.25,30802.75,30796.25,30796.25,33,2026-09-25T22:30:18+00:00
2026-09-25T03:26:00Z,30795.25,30798.25,30794.0,30796.5,55,2026-09-25T22:30:18+00:00
2026-09-25T03:27:00Z,30797.75,30798.0,30795.5,30796.0,19,2026-09-25T22:30:18+00:00
2026-09-25T03:28:00Z,30796.0,30798.0,30793.75,30795.0,29,2026-09-25T22:30:18+00:00
2026-09-25T03:29:00Z,30793.5,30795.5,30792.5,30793.25,17,2026-09-25T22:30:18+00:00
2026-09-25T03:30:00Z,30794.25,30795.5,30790.75,30794.25,40,2026-09-25T22:30:18+00:00
2026-09-25T03:31:00Z,30794.5,30796.25,30793.0,30794.0,25,2026-09-25T22:30:18+00:00
2026-09-25T03:32:00Z,30793.75,30798.0,30791.5,30796.25,69,2026-09-25T22:30:18+00:00
2026-09-25T03:33:00Z,30794.5,30801.25,30794.5,30799.75,64,2026-09-25T22:30:18+00:00
2026-09-25T03:34:00Z,30799.0,30802.25,30797.0,30797.0,59,2026-09-25T22:30:18+00:00
2026-09-25T03:35:00Z,30798.0,30802.75,30795.75,30798.25,43,2026-09-25T22:30:18+00:00
2026-09-25T03:36:00Z,30798.25,30800.25,30792.75,30795.0,83,2026-09-25T22:30:18+00:00
2026-09-25T03:37:00Z,30794.25,30805.75,30792.75,30805.75,89,2026-09-25T22:30:18+00:00
2026-09-25T03:38:00Z,30803.0,30808.0,30802.75,30803.25,50,2026-09-25T22:30:18+00:00
2026-09-25T03:39:00Z,30803.0,30807.75,30802.25,30807.75,46,2026-09-25T22:30:18+00:00
2026-09-25T03:40:00Z,30807.75,30808.75,30805.75,30807.75,59,2026-09-25T22:30:18+00:00
2026-09-25T03:41:00Z,30809.0,30813.75,30804.25,30808.0,112,2026-09-25T22:30:18+00:00
2026-09-25T03:42:00Z,30807.25,30810.25,30803.25,30805.0,66,2026-09-25T22:30:18+00:00
2026-09-25T03:43:00Z,30805.25,30806.5,30799.0,30801.5,128,2026-09-25T22:30:18+00:00
2026-09-25T03:44:00Z,30803.25,30804.5,30783.5,30784.75,195,2026-09-25T22:30:18+00:00
2026-09-25T03:45:00Z,30786.25,30788.0,30782.5,30784.75,79,2026-09-25T22:30:18+00:00
2026-09-25T03:46:00Z,30784.25,30784.5,30774.25,30780.0,111,2026-09-25T22:30:18+00:00
2026-09-25T03:47:00Z,30780.75,30783.75,30778.0,30780.0,80,2026-09-25T22:30:18+00:00
2026-09-25T03:48:00Z,30778.75,30782.5,30777.75,30780.0,77,2026-09-25T22:30:18+00:00
2026-09-25T03:49:00Z,30780.0,30790.0,30780.0,30787.5,50,2026-09-25T22:30:18+00:00
2026-09-25T03:50:00Z,30785.75,30791.25,30782.0,30784.25,66,2026-09-25T22:30:18+00:00
2026-09-25T03:51:00Z,30784.0,30789.25,30784.0,30787.25,37,2026-09-25T22:30:18+00:00
2026-09-25T03:52:00Z,30786.75,30793.5,30786.5,30792.25,89,2026-09-25T22:30:18+00:00
2026-09-25T03:53:00Z,30792.25,30792.25,30788.25,30790.0,64,2026-09-25T22:30:18+00:00
2026-09-25T03:54:00Z,30790.0,30790.0,30780.25,30786.25,51,2026-09-25T22:30:18+00:00
2026-09-25T03:55:00Z,30785.75,30788.25,30783.75,30788.25,14,2026-09-25T22:30:18+00:00
2026-09-25T03:56:00Z,30786.75,30792.25,30786.75,30787.25,24,2026-09-25T22:30:18+00:00
2026-09-25T03:57:00Z,30786.0,30794.5,30786.0,30792.25,38,2026-09-25T22:30:18+00:00
2026-09-25T03:58:00Z,30794.75,30795.0,30789.25,30790.25,35,2026-09-25T22:30:18+00:00
2026-09-25T04:09:00Z,30776.25,30779.25,30775.5,30777.0,19,2026-09-25T22:30:18+00:00
2026-09-25T04:10:00Z,30775.5,30779.5,30773.25,30773.5,41,2026-09-25T22:30:18+00:00
2026-09-25T04:11:00Z,30774.0,30774.25,30771.75,30774.25,32,2026-09-25T22:30:18+00:00
2026-09-25T04:12:00Z,30774.25,30776.5,30773.5,30774.5,16,2026-09-25T22:30:18+00:00
2026-09-25T04:13:00Z,30776.0,30781.75,30774.0,30778.5,106,2026-09-25T22:30:18+00:00
2026-09-25T04:14:00Z,30776.5,30778.5,30775.0,30775.0,36,2026-09-25T22:30:18+00:00
2026-09-25T04:15:00Z,30774.0,30781.5,30771.75,30776.25,65,2026-09-25T22:30:18+00:00
2026-09-25T04:16:00Z,30775.75,30777.5,30774.0,30775.75,31,2026-09-25T22:30:18+00:00
2026-09-25T04:17:00Z,30775.5,30780.5,30775.5,30778.5,42,2026-09-25T22:30:18+00:00
2026-09-25T04:18:00Z,30779.75,30779.75,30767.75,30770.75,62,2026-09-25T22:30:18+00:00
2026-09-25T04:19:00Z,30770.25,30772.5,30767.75,30771.75,55,2026-09-25T22:30:18+00:00
2026-09-25T04:20:00Z,30772.0,30773.25,30767.5,30769.5,50,2026-09-25T22:30:18+00:00
2026-09-25T04:21:00Z,30770.0,30770.75,30768.25,30769.0,19,2026-09-25T22:30:18+00:00
2026-09-25T04:22:00Z,30769.0,30771.5,30763.25,30768.0,98,2026-09-25T22:30:18+00:00
2026-09-25T04:23:00Z,30769.5,30774.25,30769.5,30770.25,38,2026-09-25T22:30:18+00:00
2026-09-25T04:24:00Z,30771.0,30778.0,30771.0,30777.0,54,2026-09-25T22:30:18+00:00
2026-09-25T04:25:00Z,30778.75,30781.25,30775.75,30779.5,60,2026-09-25T22:30:18+00:00
2026-09-25T04:26:00Z,30779.0,30779.0,30771.75,30771.75,16,2026-09-25T22:30:18+00:00
2026-09-25T04:27:00Z,30771.0,30774.75,30769.25,30772.25,36,2026-09-25T22:30:18+00:00
2026-09-25T04:28:00Z,30771.5,30776.5,30770.0,30776.0,22,2026-09-25T22:30:18+00:00
2026-09-25T04:29:00Z,30777.25,30780.0,30774.5,30775.0,50,2026-09-25T22:30:18+00:00
2026-09-25T04:30:00Z,30776.0,30780.75,30775.25,30778.0,60,2026-09-25T22:30:18+00:00
2026-09-25T04:31:00Z,30776.5,30778.25,30770.0,30774.75,59,2026-09-25T22:30:18+00:00
2026-09-25T04:32:00Z,30774.75,30775.0,30770.25,30771.25,21,2026-09-25T22:30:18+00:00
2026-09-25T04:33:00Z,30772.5,30774.25,30770.75,30774.0,22,2026-09-25T22:30:18+00:00
2026-09-25T04:34:00Z,30774.0,30784.0,30773.5,30782.5,90,2026-09-25T22:30:18+00:00
2026-09-25T04:35:00Z,30782.5,30785.25,30780.0,30783.0,64,2026-09-25T22:30:18+00:00
2026-09-25T04:36:00Z,30783.0,30786.5,30778.5,30781.25,91,2026-09-25T22:30:18+00:00
2026-09-25T04:37:00Z,30781.0,30783.75,30780.25,30783.25,20,2026-09-25T22:30:18+00:00
2026-09-25T04:38:00Z,30782.0,30790.5,30782.0,30788.75,77,2026-09-25T22:30:18+00:00
2026-09-25T04:39:00Z,30788.0,30789.0,30786.75,30789.0,36,2026-09-25T22:30:18+00:00
2026-09-25T04:40:00Z,30789.25,30792.5,30787.5,30790.5,49,2026-09-25T22:30:18+00:00
2026-09-25T04:41:00Z,30790.5,30790.5,30784.5,30784.5,38,2026-09-25T22:30:18+00:00
2026-09-25T04:42:00Z,30785.0,30791.0,30784.75,30790.5,41,2026-09-25T22:30:18+00:00
2026-09-25T04:43:00Z,30791.25,30791.25,30784.0,30785.25,26,2026-09-25T22:30:18+00:00
2026-09-25T04:44:00Z,30785.0,30786.75,30781.75,30783.25,67,2026-09-25T22:30:18+00:00
2026-09-25T04:45:00Z,30783.5,30788.5,30783.25,30787.75,10,2026-09-25T22:30:18+00:00
2026-09-25T04:46:00Z,30789.0,30791.25,30786.5,30786.5,53,2026-09-25T22:30:18+00:00
2026-09-25T04:47:00Z,30787.75,30790.25,30787.25,30788.5,21,2026-09-25T22:30:18+00:00
2026-09-25T04:48:00Z,30786.25,30789.75,30783.5,30784.0,18,2026-09-25T22:30:18+00:00
2026-09-25T04:49:00Z,30784.5,30786.5,30783.0,30784.75,35,2026-09-25T22:30:18+00:00
2026-09-25T04:50:00Z,30784.5,30784.5,30780.0,30784.25,34,2026-09-25T22:30:18+00:00
2026-09-25T04:51:00Z,30784.25,30791.25,30784.25,30788.5,71,2026-09-25T22:30:18+00:00
2026-09-25T04:52:00Z,30788.25,30788.25,30782.25,30783.0,27,2026-09-25T22:30:18+00:00
2026-09-25T04:53:00Z,30781.0,30782.5,30777.0,30782.5,51,2026-09-25T22:30:18+00:00
2026-09-25T04:54:00Z,30779.75,30783.75,30779.5,30783.75,21,2026-09-25T22:30:18+00:00
2026-09-25T04:55:00Z,30783.25,30783.5,30780.25,30780.25,11,2026-09-25T22:30:18+00:00
2026-09-25T04:56:00Z,30782.75,30784.0,30778.0,30779.0,18,2026-09-25T22:30:18+00:00
2026-09-25T04:57:00Z,30778.0,30778.0,30767.5,30769.0,74,2026-09-25T22:30:18+00:00
2026-09-25T04:58:00Z,30769.0,30774.0,30769.0,30774.0,51,2026-09-25T22:30:18+00:00
2026-09-25T04:59:00Z,30774.5,30779.5,30774.5,30779.25,28,2026-09-25T22:30:18+00:00
2026-09-25T05:00:00Z,30777.0,30781.0,30776.0,30779.75,59,2026-09-25T22:30:18+00:00
2026-09-25T05:01:00Z,30778.25,30784.25,30777.25,30777.25,41,2026-09-25T22:30:18+00:00
2026-09-25T05:02:00Z,30778.0,30782.0,30776.75,30782.0,27,2026-09-25T22:30:18+00:00
2026-09-25T05:03:00Z,30780.75,30785.0,30780.5,30784.5,37,2026-09-25T22:30:18+00:00
2026-09-25T05:04:00Z,30786.5,30793.75,30785.25,30789.0,113,2026-09-25T22:30:18+00:00
2026-09-25T05:05:00Z,30791.0,30798.25,30791.0,30795.75,124,2026-09-25T22:30:18+00:00
2026-09-25T05:06:00Z,30795.0,30801.25,30794.75,30799.5,122,2026-09-25T22:30:18+00:00
2026-09-25T05:07:00Z,30797.5,30797.5,30791.75,30794.0,99,2026-09-25T22:30:18+00:00
2026-09-25T05:08:00Z,30791.5,30802.25,30789.0,30800.5,85,2026-09-25T22:30:18+00:00
2026-09-25T05:09:00Z,30800.75,30809.5,30800.75,30807.5,136,2026-09-25T22:30:18+00:00
2026-09-25T05:10:00Z,30807.5,30811.25,30805.0,30810.5,96,2026-09-25T22:30:18+00:00
2026-09-25T05:11:00Z,30811.0,30812.5,30808.25,30810.5,67,2026-09-25T22:30:18+00:00
2026-09-25T05:12:00Z,30810.75,30813.75,30809.0,30810.25,94,2026-09-25T22:30:18+00:00
2026-09-25T05:13:00Z,30811.5,30812.25,30804.75,30806.75,85,2026-09-25T22:30:18+00:00
2026-09-25T05:14:00Z,30805.0,30806.75,30800.25,30800.5,73,2026-09-25T22:30:18+00:00
2026-09-25T05:15:00Z,30803.75,30811.0,30803.75,30808.75,119,2026-09-25T22:30:18+00:00
2026-09-25T05:16:00Z,30808.0,30810.25,30803.5,30809.5,59,2026-09-25T22:30:18+00:00
2026-09-25T05:17:00Z,30810.0,30813.25,30803.5,30803.5,31,2026-09-25T22:30:18+00:00
2026-09-25T05:18:00Z,30804.0,30806.25,30804.0,30806.25,25,2026-09-25T22:30:18+00:00
2026-09-25T05:19:00Z,30804.0,30807.0,30800.0,30805.25,52,2026-09-25T22:30:18+00:00
2026-09-25T05:20:00Z,30806.0,30807.0,30800.75,30801.5,88,2026-09-25T22:30:18+00:00
2026-09-25T05:21:00Z,30804.0,30807.0,30803.75,30807.0,28,2026-09-25T22:30:18+00:00
2026-09-25T05:22:00Z,30805.0,30805.0,30801.0,30801.25,26,2026-09-25T22:30:18+00:00
2026-09-25T05:23:00Z,30802.25,30805.75,30800.0,30800.75,53,2026-09-25T22:30:18+00:00
2026-09-25T05:24:00Z,30800.5,30801.75,30790.0,30791.25,133,2026-09-25T22:30:18+00:00
2026-09-25T05:25:00Z,30789.75,30796.75,30788.0,30795.5,77,2026-09-25T22:30:18+00:00
2026-09-25T05:26:00Z,30796.25,30806.0,30794.0,30804.25,132,2026-09-25T22:30:18+00:00
2026-09-25T05:27:00Z,30804.5,30806.5,30802.5,30806.5,64,2026-09-25T22:30:18+00:00
2026-09-25T05:28:00Z,30807.0,30809.0,30805.0,30808.25,62,2026-09-25T22:30:18+00:00
2026-09-25T05:29:00Z,30808.0,30808.0,30802.5,30805.0,42,2026-09-25T22:30:18+00:00
2026-09-25T05:30:00Z,30805.75,30821.5,30803.25,30820.25,316,2026-09-25T22:30:18+00:00
2026-09-25T05:31:00Z,30821.25,30832.5,30820.75,30828.75,368,2026-09-25T22:30:18+00:00
2026-09-25T05:32:00Z,30827.5,30836.0,30827.0,30827.5,317,2026-09-25T22:30:18+00:00
2026-09-25T05:33:00Z,30827.75,30847.0,30825.75,30846.25,396,2026-09-25T22:30:18+00:00
2026-09-25T05:34:00Z,30845.75,30849.0,30836.75,30837.75,151,2026-09-25T22:30:18+00:00
2026-09-25T05:35:00Z,30837.75,30848.25,30837.75,30844.75,113,2026-09-25T22:30:18+00:00
2026-09-25T05:36:00Z,30843.75,30853.0,30841.25,30845.75,228,2026-09-25T22:30:18+00:00
2026-09-25T05:37:00Z,30846.25,30848.5,30845.75,30846.5,51,2026-09-25T22:30:18+00:00
2026-09-25T05:38:00Z,30846.5,30850.25,30844.5,30844.5,77,2026-09-25T22:30:18+00:00
2026-09-25T05:39:00Z,30845.5,30852.25,30845.25,30848.75,79,2026-09-25T22:30:18+00:00
2026-09-25T05:40:00Z,30848.25,30853.5,30848.25,30852.5,85,2026-09-25T22:30:18+00:00
2026-09-25T05:41:00Z,30852.25,30854.25,30850.75,30850.75,51,2026-09-25T22:30:18+00:00
2026-09-25T05:42:00Z,30851.25,30851.25,30845.25,30845.75,73,2026-09-25T22:30:18+00:00
2026-09-25T05:43:00Z,30846.75,30855.5,30846.0,30853.25,68,2026-09-25T22:30:18+00:00
2026-09-25T05:44:00Z,30853.75,30868.0,30853.75,30865.5,236,2026-09-25T22:30:18+00:00
2026-09-25T05:45:00Z,30866.0,30868.75,30859.0,30862.75,188,2026-09-25T22:30:18+00:00
2026-09-25T05:46:00Z,30863.0,30865.0,30858.0,30863.25,100,2026-09-25T22:30:18+00:00
2026-09-25T05:47:00Z,30863.5,30865.75,30863.0,30863.5,99,2026-09-25T22:30:18+00:00
2026-09-25T05:48:00Z,30863.0,30864.0,30857.0,30857.25,74,2026-09-25T22:30:18+00:00
2026-09-25T05:49:00Z,30857.75,30857.75,30851.5,30852.5,110,2026-09-25T22:30:18+00:00
2026-09-25T05:50:00Z,30853.0,30859.0,30852.5,30855.75,84,2026-09-25T22:30:18+00:00
2026-09-25T05:51:00Z,30856.75,30863.75,30854.75,30862.75,75,2026-09-25T22:30:18+00:00
2026-09-25T05:52:00Z,30863.5,30864.25,30861.75,30864.25,67,2026-09-25T22:30:18+00:00
2026-09-25T05:53:00Z,30862.75,30865.0,30861.75,30864.25,77,2026-09-25T22:30:18+00:00
2026-09-25T05:54:00Z,30863.25,30864.75,30862.0,30864.0,39,2026-09-25T22:30:18+00:00
2026-09-25T05:55:00Z,30863.5,30863.5,30858.75,30860.0,56,2026-09-25T22:30:18+00:00
2026-09-25T05:56:00Z,30860.25,30860.25,30847.5,30847.5,99,2026-09-25T22:30:18+00:00
2026-09-25T05:57:00Z,30848.5,30851.25,30846.0,30850.5,83,2026-09-25T22:30:18+00:00
2026-09-25T05:58:00Z,30850.0,30855.25,30850.0,30854.0,67,2026-09-25T22:30:18+00:00
2026-09-25T05:59:00Z,30853.0,30854.75,30848.5,30850.75,126,2026-09-25T22:30:18+00:00
2026-09-25T06:00:00Z,30850.5,30861.5,30849.5,30854.0,173,2026-09-25T22:30:18+00:00
2026-09-25T06:01:00Z,30854.25,30866.25,30853.5,30864.5,142,2026-09-25T22:30:18+00:00
2026-09-25T06:02:00Z,30864.25,30865.25,30861.75,30863.75,62,2026-09-25T22:30:18+00:00
2026-09-25T06:03:00Z,30863.5,30865.25,30859.0,30861.75,110,2026-09-25T22:30:18+00:00
2026-09-25T06:04:00Z,30861.0,30865.25,30858.5,30864.75,75,2026-09-25T22:30:18+00:00
2026-09-25T06:05:00Z,30865.0,30868.25,30861.25,30863.5,114,2026-09-25T22:30:18+00:00
2026-09-25T06:06:00Z,30863.0,30870.75,30863.0,30864.0,119,2026-09-25T22:30:18+00:00
2026-09-25T06:07:00Z,30864.5,30873.25,30864.5,30869.0,217,2026-09-25T22:30:18+00:00
2026-09-25T06:08:00Z,30869.25,30870.25,30864.75,30867.25,72,2026-09-25T22:30:18+00:00
2026-09-25T06:09:00Z,30867.75,30876.25,30866.5,30875.0,212,2026-09-25T22:30:18+00:00
2026-09-25T06:10:00Z,30875.0,30884.25,30873.5,30884.25,351,2026-09-25T22:30:18+00:00
2026-09-25T06:11:00Z,30881.75,30885.0,30877.5,30883.75,154,2026-09-25T22:30:18+00:00
2026-09-25T06:12:00Z,30883.75,30890.25,30883.5,30886.75,216,2026-09-25T22:30:18+00:00
2026-09-25T06:13:00Z,30885.0,30888.0,30883.5,30886.25,94,2026-09-25T22:30:18+00:00
2026-09-25T06:14:00Z,30885.25,30891.25,30884.5,30887.0,54,2026-09-25T22:30:18+00:00
2026-09-25T06:15:00Z,30887.0,30890.75,30884.5,30884.75,118,2026-09-25T22:30:18+00:00
2026-09-25T06:16:00Z,30884.25,30896.75,30881.0,30892.0,263,2026-09-25T22:30:18+00:00
2026-09-25T06:17:00Z,30893.25,30900.75,30891.25,30898.25,178,2026-09-25T22:30:18+00:00
2026-09-25T06:18:00Z,30897.5,30898.0,30886.75,30891.75,114,2026-09-25T22:30:18+00:00
2026-09-25T06:19:00Z,30890.75,30896.0,30890.0,30896.0,57,2026-09-25T22:30:18+00:00
2026-09-25T06:20:00Z,30895.75,30904.25,30895.75,30901.0,163,2026-09-25T22:30:18+00:00
2026-09-25T06:21:00Z,30900.5,30906.0,30900.0,30904.5,103,2026-09-25T22:30:18+00:00
2026-09-25T06:22:00Z,30904.0,30904.5,30894.0,30894.75,155,2026-09-25T22:30:18+00:00
2026-09-25T06:23:00Z,30894.5,30897.5,30892.25,30893.25,94,2026-09-25T22:30:18+00:00
2026-09-25T06:24:00Z,30893.5,30899.5,30891.25,30897.5,92,2026-09-25T22:30:18+00:00
2026-09-25T06:25:00Z,30899.5,30901.0,30893.75,30895.75,154,2026-09-25T22:30:18+00:00
2026-09-25T06:26:00Z,30895.0,30896.0,30888.25,30889.0,311,2026-09-25T22:30:18+00:00
2026-09-25T06:27:00Z,30889.5,30893.25,30883.0,30888.0,409,2026-09-25T22:30:18+00:00
2026-09-25T06:28:00Z,30889.75,30889.75,30883.0,30884.0,120,2026-09-25T22:30:18+00:00
2026-09-25T06:29:00Z,30883.75,30883.75,30873.5,30879.5,192,2026-09-25T22:30:18+00:00
2026-09-25T06:30:00Z,30880.25,30887.5,30879.75,30885.75,118,2026-09-25T22:30:18+00:00
2026-09-25T06:31:00Z,30884.25,30885.5,30880.0,30881.0,58,2026-09-25T22:30:18+00:00
2026-09-25T06:32:00Z,30880.75,30885.0,30880.25,30884.5,40,2026-09-25T22:30:18+00:00
2026-09-25T06:33:00Z,30881.0,30883.0,30874.75,30881.0,92,2026-09-25T22:30:18+00:00
2026-09-25T06:34:00Z,30881.5,30892.0,30881.25,30891.0,91,2026-09-25T22:30:18+00:00
2026-09-25T06:35:00Z,30890.5,30892.0,30886.0,30889.5,73,2026-09-25T22:30:18+00:00
2026-09-25T06:36:00Z,30890.0,30890.0,30879.0,30879.0,36,2026-09-25T22:30:18+00:00
2026-09-25T06:37:00Z,30879.0,30882.5,30877.5,30880.5,53,2026-09-25T22:30:18+00:00
2026-09-25T06:38:00Z,30880.75,30885.0,30880.5,30883.75,48,2026-09-25T22:30:18+00:00
2026-09-25T06:39:00Z,30882.25,30882.5,30879.75,30881.5,22,2026-09-25T22:30:18+00:00
2026-09-25T06:40:00Z,30881.5,30886.5,30880.75,30884.5,25,2026-09-25T22:30:18+00:00
2026-09-25T06:41:00Z,30884.75,30887.25,30884.0,30885.5,44,2026-09-25T22:30:18+00:00
2026-09-25T06:42:00Z,30884.5,30887.75,30884.25,30887.25,29,2026-09-25T22:30:18+00:00
2026-09-25T06:43:00Z,30887.75,30887.75,30879.25,30883.25,128,2026-09-25T22:30:18+00:00
2026-09-25T06:44:00Z,30882.75,30883.0,30875.25,30881.25,144,2026-09-25T22:30:18+00:00
2026-09-25T06:45:00Z,30881.5,30886.0,30878.25,30882.0,85,2026-09-25T22:30:18+00:00
2026-09-25T06:46:00Z,30882.0,30884.0,30879.25,30882.25,51,2026-09-25T22:30:18+00:00
2026-09-25T06:47:00Z,30882.75,30883.25,30866.5,30867.25,163,2026-09-25T22:30:18+00:00
2026-09-25T06:48:00Z,30867.5,30875.25,30864.25,30873.75,123,2026-09-25T22:30:18+00:00
2026-09-25T06:49:00Z,30874.5,30879.25,30873.0,30875.5,79,2026-09-25T22:30:18+00:00
2026-09-25T06:50:00Z,30875.5,30878.75,30870.0,30872.0,86,2026-09-25T22:30:18+00:00
2026-09-25T06:51:00Z,30870.25,30873.5,30867.75,30868.75,87,2026-09-25T22:30:18+00:00
2026-09-25T06:52:00Z,30867.5,30872.0,30864.5,30865.75,55,2026-09-25T22:30:18+00:00
2026-09-25T06:53:00Z,30865.25,30868.5,30864.75,30868.5,24,2026-09-25T22:30:18+00:00
2026-09-25T06:54:00Z,30867.25,30875.5,30866.25,30875.0,61,2026-09-25T22:30:18+00:00
2026-09-25T06:55:00Z,30873.75,30880.75,30873.75,30879.5,91,2026-09-25T22:30:18+00:00
2026-09-25T06:56:00Z,30879.25,30883.5,30875.5,30879.25,75,2026-09-25T22:30:18+00:00
2026-09-25T06:57:00Z,30879.0,30879.0,30873.25,30874.0,55,2026-09-25T22:30:18+00:00
2026-09-25T06:58:00Z,30872.75,30873.0,30869.25,30869.25,66,2026-09-25T22:30:18+00:00
2026-09-25T06:59:00Z,30870.25,30870.25,30864.0,30867.25,71,2026-09-25T22:30:18+00:00
2026-09-25T07:00:00Z,30866.75,30880.5,30865.75,30876.75,205,2026-09-25T22:30:18+00:00
2026-09-25T07:01:00Z,30875.75,30879.25,30871.75,30878.5,126,2026-09-25T22:30:18+00:00
2026-09-25T07:02:00Z,30877.75,30885.0,30877.75,30881.75,63,2026-09-25T22:30:18+00:00
2026-09-25T07:03:00Z,30882.0,30884.5,30874.25,30883.75,165,2026-09-25T22:30:18+00:00
2026-09-25T07:04:00Z,30883.5,30888.0,30870.5,30872.25,134,2026-09-25T22:30:18+00:00
2026-09-25T07:05:00Z,30871.75,30883.5,30866.75,30880.0,179,2026-09-25T22:30:18+00:00
2026-09-25T07:06:00Z,30881.0,30881.0,30876.5,30880.0,48,2026-09-25T22:30:18+00:00
2026-09-25T07:07:00Z,30882.75,30887.75,30873.5,30875.0,88,2026-09-25T22:30:18+00:00
2026-09-25T07:08:00Z,30874.75,30883.0,30874.0,30877.5,58,2026-09-25T22:30:18+00:00
2026-09-25T07:09:00Z,30877.75,30880.0,30872.25,30878.75,46,2026-09-25T22:30:18+00:00
2026-09-25T07:10:00Z,30879.75,30883.5,30871.75,30876.0,197,2026-09-25T22:30:18+00:00
2026-09-25T07:11:00Z,30875.25,30883.0,30873.75,30883.0,94,2026-09-25T22:30:18+00:00
2026-09-25T07:12:00Z,30880.75,30885.5,30877.0,30885.5,89,2026-09-25T22:30:18+00:00
2026-09-25T07:13:00Z,30885.25,30897.0,30885.25,30892.0,206,2026-09-25T22:30:18+00:00
2026-09-25T07:14:00Z,30891.0,30897.75,30890.75,30894.5,74,2026-09-25T22:30:18+00:00
2026-09-25T07:15:00Z,30894.5,30903.75,30893.25,30894.25,242,2026-09-25T22:30:18+00:00
2026-09-25T07:16:00Z,30893.5,30899.25,30889.75,30891.75,188,2026-09-25T22:30:18+00:00
2026-09-25T07:17:00Z,30892.75,30894.5,30890.0,30894.25,86,2026-09-25T22:30:18+00:00
2026-09-25T07:18:00Z,30893.75,30894.25,30888.25,30889.25,55,2026-09-25T22:30:18+00:00
2026-09-25T07:19:00Z,30889.5,30892.0,30880.5,30885.5,144,2026-09-25T22:30:18+00:00
2026-09-25T07:20:00Z,30885.25,30892.0,30876.5,30882.75,522,2026-09-25T22:30:18+00:00
2026-09-25T07:21:00Z,30882.0,30890.25,30879.5,30884.0,241,2026-09-25T22:30:18+00:00
2026-09-25T07:22:00Z,30885.25,30889.0,30883.5,30884.0,48,2026-09-25T22:30:18+00:00
2026-09-25T07:23:00Z,30884.0,30891.0,30880.0,30881.25,143,2026-09-25T22:30:18+00:00
2026-09-25T07:24:00Z,30881.5,30886.0,30880.75,30883.0,47,2026-09-25T22:30:18+00:00
2026-09-25T07:25:00Z,30883.0,30885.0,30878.25,30882.5,111,2026-09-25T22:30:18+00:00
2026-09-25T07:26:00Z,30881.75,30882.5,30876.75,30876.75,56,2026-09-25T22:30:18+00:00
2026-09-25T07:27:00Z,30877.5,30888.0,30871.75,30886.5,197,2026-09-25T22:30:18+00:00
2026-09-25T07:28:00Z,30886.5,30894.75,30885.25,30893.5,488,2026-09-25T22:30:18+00:00
2026-09-25T07:29:00Z,30892.75,30903.0,30891.0,30902.0,165,2026-09-25T22:30:18+00:00
2026-09-25T07:30:00Z,30902.25,30903.5,30891.25,30898.25,128,2026-09-25T22:30:18+00:00
2026-09-25T07:31:00Z,30896.75,30905.0,30896.5,30897.5,106,2026-09-25T22:30:18+00:00
2026-09-25T07:32:00Z,30898.25,30898.25,30875.0,30876.75,134,2026-09-25T22:30:18+00:00
2026-09-25T07:33:00Z,30876.5,30879.75,30864.25,30864.5,183,2026-09-25T22:30:18+00:00
2026-09-25T07:34:00Z,30865.25,30866.75,30861.25,30864.5,135,2026-09-25T22:30:18+00:00
2026-09-25T07:35:00Z,30863.75,30870.0,30863.0,30866.0,136,2026-09-25T22:30:18+00:00
2026-09-25T07:36:00Z,30866.75,30871.25,30865.5,30868.75,69,2026-09-25T22:30:18+00:00
2026-09-25T07:37:00Z,30867.5,30873.0,30867.0,30872.5,156,2026-09-25T22:30:18+00:00
2026-09-25T07:38:00Z,30872.5,30873.25,30863.0,30863.25,239,2026-09-25T22:30:18+00:00
2026-09-25T07:39:00Z,30864.5,30865.75,30860.0,30860.5,79,2026-09-25T22:30:18+00:00
2026-09-25T07:40:00Z,30859.75,30864.75,30857.0,30859.75,94,2026-09-25T22:30:18+00:00
2026-09-25T07:41:00Z,30857.75,30863.25,30856.25,30862.75,70,2026-09-25T22:30:18+00:00
2026-09-25T07:42:00Z,30863.75,30869.25,30863.75,30867.5,46,2026-09-25T22:30:18+00:00
2026-09-25T07:43:00Z,30866.25,30868.75,30865.0,30867.5,85,2026-09-25T22:30:18+00:00
2026-09-25T07:44:00Z,30864.5,30864.5,30859.5,30861.25,87,2026-09-25T22:30:18+00:00
2026-09-25T07:45:00Z,30861.25,30866.0,30861.0,30861.0,65,2026-09-25T22:30:18+00:00
2026-09-25T07:46:00Z,30862.0,30876.5,30861.5,30875.5,390,2026-09-25T22:30:18+00:00
2026-09-25T07:47:00Z,30875.5,30880.75,30872.5,30874.5,110,2026-09-25T22:30:18+00:00
2026-09-25T07:48:00Z,30874.75,30874.75,30862.0,30862.25,73,2026-09-25T22:30:18+00:00
2026-09-25T07:49:00Z,30864.5,30867.75,30862.75,30862.75,45,2026-09-25T22:30:18+00:00
2026-09-25T07:50:00Z,30863.75,30866.5,30859.0,30865.0,57,2026-09-25T22:30:18+00:00
2026-09-25T07:51:00Z,30865.25,30867.0,30862.0,30866.5,39,2026-09-25T22:30:18+00:00
2026-09-25T07:52:00Z,30864.75,30866.75,30862.5,30862.75,31,2026-09-25T22:30:18+00:00
2026-09-25T07:53:00Z,30864.0,30872.25,30863.0,30871.0,91,2026-09-25T22:30:18+00:00
2026-09-25T07:54:00Z,30871.25,30871.5,30862.25,30866.75,58,2026-09-25T22:30:18+00:00
2026-09-25T07:55:00Z,30866.75,30874.5,30863.75,30869.25,106,2026-09-25T22:30:18+00:00
2026-09-25T07:56:00Z,30868.5,30875.75,30867.25,30875.0,46,2026-09-25T22:30:18+00:00
2026-09-25T07:57:00Z,30873.0,30878.5,30868.25,30870.25,59,2026-09-25T22:30:18+00:00
2026-09-25T07:58:00Z,30870.75,30870.75,30867.25,30868.5,52,2026-09-25T22:30:18+00:00
2026-09-25T07:59:00Z,30869.75,30875.0,30868.0,30868.0,48,2026-09-25T22:30:18+00:00
2026-09-25T08:00:00Z,30867.25,30876.0,30863.0,30871.0,242,2026-09-25T22:30:18+00:00
2026-09-25T08:01:00Z,30874.0,30877.0,30869.0,30872.5,91,2026-09-25T22:30:18+00:00
2026-09-25T08:02:00Z,30873.0,30877.0,30867.0,30867.25,102,2026-09-25T22:30:18+00:00
2026-09-25T08:03:00Z,30870.75,30870.75,30842.5,30852.25,324,2026-09-25T22:30:18+00:00
2026-09-25T08:04:00Z,30852.25,30854.5,30846.25,30847.25,121,2026-09-25T22:30:18+00:00
2026-09-25T08:05:00Z,30847.5,30858.5,30846.75,30853.0,124,2026-09-25T22:30:18+00:00
2026-09-25T08:06:00Z,30853.0,30860.0,30846.75,30846.75,114,2026-09-25T22:30:18+00:00
2026-09-25T08:07:00Z,30846.75,30848.75,30838.0,30848.75,176,2026-09-25T22:30:18+00:00
2026-09-25T08:08:00Z,30847.75,30861.25,30844.75,30859.5,98,2026-09-25T22:30:18+00:00
2026-09-25T08:09:00Z,30858.25,30863.25,30855.75,30857.25,105,2026-09-25T22:30:18+00:00
2026-09-25T08:10:00Z,30860.0,30866.5,30858.5,30863.75,57,2026-09-25T22:30:18+00:00
2026-09-25T08:11:00Z,30862.25,30870.0,30858.5,30869.25,104,2026-09-25T22:30:18+00:00
2026-09-25T08:12:00Z,30868.75,30884.75,30868.25,30884.75,188,2026-09-25T22:30:18+00:00
2026-09-25T08:13:00Z,30883.5,30889.0,30877.0,30880.5,191,2026-09-25T22:30:18+00:00
2026-09-25T08:14:00Z,30881.75,30890.75,30876.0,30878.5,116,2026-09-25T22:30:18+00:00
2026-09-25T08:15:00Z,30880.25,30886.5,30880.25,30886.5,51,2026-09-25T22:30:18+00:00
2026-09-25T08:16:00Z,30886.5,30896.0,30882.75,30895.5,211,2026-09-25T22:30:18+00:00
2026-09-25T08:17:00Z,30896.0,30897.5,30883.0,30883.5,149,2026-09-25T22:30:18+00:00
2026-09-25T08:18:00Z,30885.0,30886.25,30879.0,30886.25,69,2026-09-25T22:30:18+00:00
2026-09-25T08:19:00Z,30886.25,30890.0,30883.5,30887.5,67,2026-09-25T22:30:18+00:00
2026-09-25T08:20:00Z,30887.5,30890.0,30885.25,30887.25,71,2026-09-25T22:30:18+00:00
2026-09-25T08:21:00Z,30886.0,30893.75,30885.5,30893.75,57,2026-09-25T22:30:18+00:00
2026-09-25T08:22:00Z,30893.0,30904.75,30891.5,30901.75,245,2026-09-25T22:30:18+00:00
2026-09-25T08:23:00Z,30901.75,30902.25,30886.75,30893.0,95,2026-09-25T22:30:18+00:00
2026-09-25T08:24:00Z,30893.5,30911.25,30892.5,30909.0,136,2026-09-25T22:30:18+00:00
2026-09-25T08:25:00Z,30909.0,30909.0,30903.0,30904.75,125,2026-09-25T22:30:18+00:00
2026-09-25T08:26:00Z,30905.75,30905.75,30896.5,30903.0,97,2026-09-25T22:30:18+00:00
2026-09-25T08:27:00Z,30901.75,30915.25,30901.75,30910.5,251,2026-09-25T22:30:18+00:00
2026-09-25T08:28:00Z,30911.5,30926.75,30911.25,30923.5,437,2026-09-25T22:30:18+00:00
2026-09-25T08:29:00Z,30923.5,30927.5,30921.75,30923.0,131,2026-09-25T22:30:18+00:00
2026-09-25T08:30:00Z,30922.0,30927.0,30921.5,30923.5,100,2026-09-25T22:30:18+00:00
2026-09-25T08:31:00Z,30924.0,30926.0,30922.0,30924.5,119,2026-09-25T22:30:18+00:00
2026-09-25T08:32:00Z,30924.5,30926.0,30915.25,30917.75,96,2026-09-25T22:30:18+00:00
2026-09-25T08:33:00Z,30917.5,30933.0,30917.25,30933.0,135,2026-09-25T22:30:18+00:00
2026-09-25T08:34:00Z,30932.5,30934.0,30926.5,30927.0,110,2026-09-25T22:30:18+00:00
2026-09-25T08:35:00Z,30927.5,30932.0,30927.5,30929.75,156,2026-09-25T22:30:18+00:00
2026-09-25T08:36:00Z,30931.5,30931.5,30923.75,30924.75,80,2026-09-25T22:30:18+00:00
2026-09-25T08:37:00Z,30924.0,30924.75,30920.25,30920.25,58,2026-09-25T22:30:18+00:00
2026-09-25T08:38:00Z,30921.25,30928.0,30920.5,30925.0,98,2026-09-25T22:30:18+00:00
2026-09-25T08:39:00Z,30925.5,30925.5,30911.5,30917.0,170,2026-09-25T22:30:18+00:00
2026-09-25T08:40:00Z,30917.0,30926.5,30917.0,30926.0,89,2026-09-25T22:30:18+00:00
2026-09-25T08:41:00Z,30924.25,30928.0,30922.25,30925.5,107,2026-09-25T22:30:18+00:00
2026-09-25T08:42:00Z,30925.0,30931.25,30922.5,30928.5,93,2026-09-25T22:30:18+00:00
2026-09-25T08:43:00Z,30927.0,30933.0,30927.0,30931.0,54,2026-09-25T22:30:18+00:00
2026-09-25T08:44:00Z,30931.25,30935.0,30930.5,30934.25,79,2026-09-25T22:30:18+00:00
2026-09-25T08:45:00Z,30934.0,30941.25,30934.0,30939.0,130,2026-09-25T22:30:18+00:00
2026-09-25T08:46:00Z,30939.5,30944.75,30937.75,30938.5,204,2026-09-25T22:30:18+00:00
2026-09-25T08:47:00Z,30939.75,30940.25,30936.75,30936.75,78,2026-09-25T22:30:18+00:00
2026-09-25T08:48:00Z,30937.0,30940.0,30935.5,30938.0,55,2026-09-25T22:30:18+00:00
2026-09-25T08:49:00Z,30939.75,30943.0,30933.25,30934.0,76,2026-09-25T22:30:18+00:00
2026-09-25T08:50:00Z,30934.0,30935.5,30931.5,30933.0,59,2026-09-25T22:30:18+00:00
2026-09-25T08:51:00Z,30932.0,30936.5,30930.5,30931.25,90,2026-09-25T22:30:18+00:00
2026-09-25T08:52:00Z,30930.75,30939.75,30930.75,30939.75,76,2026-09-25T22:30:18+00:00
2026-09-25T08:53:00Z,30940.25,30940.75,30935.75,30936.75,61,2026-09-25T22:30:18+00:00
2026-09-25T08:54:00Z,30935.0,30943.25,30934.75,30941.0,123,2026-09-25T22:30:18+00:00
2026-09-25T08:55:00Z,30941.25,30949.5,30941.25,30947.25,198,2026-09-25T22:30:18+00:00
2026-09-25T08:56:00Z,30947.75,30952.0,30944.75,30951.25,252,2026-09-25T22:30:18+00:00
2026-09-25T08:57:00Z,30951.5,30953.0,30950.0,30953.0,113,2026-09-25T22:30:18+00:00
2026-09-25T08:58:00Z,30952.25,30954.25,30951.0,30951.0,37,2026-09-25T22:30:18+00:00
2026-09-25T08:59:00Z,30951.25,30951.25,30946.0,30947.0,90,2026-09-25T22:30:18+00:00
2026-09-25T09:00:00Z,30945.75,30950.5,30941.75,30950.25,88,2026-09-25T22:30:18+00:00
2026-09-25T09:01:00Z,30949.25,30952.5,30944.5,30949.5,83,2026-09-25T22:30:18+00:00
2026-09-25T09:02:00Z,30948.75,30951.0,30947.25,30948.75,52,2026-09-25T22:30:18+00:00
2026-09-25T09:03:00Z,30948.75,30956.0,30948.75,30952.5,109,2026-09-25T22:30:18+00:00
2026-09-25T09:04:00Z,30951.25,30951.25,30946.25,30947.25,41,2026-09-25T22:30:18+00:00
2026-09-25T09:05:00Z,30949.0,30953.75,30946.5,30953.0,57,2026-09-25T22:30:18+00:00
2026-09-25T09:06:00Z,30953.0,30955.0,30950.75,30954.0,81,2026-09-25T22:30:18+00:00
2026-09-25T09:07:00Z,30955.0,30959.5,30955.0,30957.75,104,2026-09-25T22:30:18+00:00
2026-09-25T09:08:00Z,30956.0,30960.0,30954.75,30959.0,119,2026-09-25T22:30:18+00:00
2026-09-25T09:09:00Z,30960.0,30960.0,30957.0,30959.5,72,2026-09-25T22:30:18+00:00
2026-09-25T09:10:00Z,30959.5,30959.75,30953.25,30955.25,134,2026-09-25T22:30:18+00:00
2026-09-25T09:11:00Z,30955.75,30956.25,30951.75,30953.25,88,2026-09-25T22:30:18+00:00
2026-09-25T09:12:00Z,30952.75,30956.75,30950.25,30956.5,76,2026-09-25T22:30:18+00:00
2026-09-25T09:13:00Z,30958.5,30958.75,30953.0,30957.5,56,2026-09-25T22:30:18+00:00
2026-09-25T09:14:00Z,30957.5,30958.75,30952.75,30953.5,43,2026-09-25T22:30:18+00:00
2026-09-25T09:15:00Z,30953.75,30963.25,30950.0,30959.0,310,2026-09-25T22:30:18+00:00
2026-09-25T09:16:00Z,30959.25,30960.0,30955.75,30955.75,33,2026-09-25T22:30:18+00:00
2026-09-25T09:17:00Z,30957.25,30958.75,30953.0,30954.5,35,2026-09-25T22:30:18+00:00
2026-09-25T09:18:00Z,30955.25,30955.75,30948.5,30951.75,90,2026-09-25T22:30:18+00:00
2026-09-25T09:19:00Z,30952.5,30955.5,30949.5,30949.75,53,2026-09-25T22:30:18+00:00
2026-09-25T09:20:00Z,30949.5,30951.75,30942.5,30944.75,127,2026-09-25T22:30:18+00:00
2026-09-25T09:21:00Z,30944.25,30944.5,30940.5,30942.5,95,2026-09-25T22:30:18+00:00
2026-09-25T09:22:00Z,30942.75,30949.0,30941.25,30949.0,92,2026-09-25T22:30:18+00:00
2026-09-25T09:23:00Z,30948.5,30951.0,30939.75,30944.0,109,2026-09-25T22:30:18+00:00
2026-09-25T09:24:00Z,30943.0,30949.5,30942.25,30948.5,60,2026-09-25T22:30:18+00:00
2026-09-25T09:25:00Z,30949.5,30950.0,30939.75,30942.5,73,2026-09-25T22:30:18+00:00
2026-09-25T09:26:00Z,30942.75,30946.5,30941.5,30944.75,57,2026-09-25T22:30:18+00:00
2026-09-25T09:27:00Z,30944.5,30944.5,30940.75,30942.5,46,2026-09-25T22:30:18+00:00
2026-09-25T09:28:00Z,30943.25,30944.5,30941.25,30942.25,43,2026-09-25T22:30:18+00:00
2026-09-25T09:29:00Z,30941.5,30943.5,30936.25,30939.25,103,2026-09-25T22:30:18+00:00
2026-09-25T09:30:00Z,30938.75,30945.5,30930.0,30943.5,214,2026-09-25T22:30:18+00:00
2026-09-25T09:31:00Z,30943.75,30946.25,30940.75,30945.5,71,2026-09-25T22:30:18+00:00
2026-09-25T09:32:00Z,30946.0,30952.25,30944.5,30946.5,135,2026-09-25T22:30:18+00:00
2026-09-25T09:33:00Z,30944.5,30946.75,30944.25,30944.5,23,2026-09-25T22:30:18+00:00
2026-09-25T09:34:00Z,30944.25,30948.75,30942.0,30944.25,61,2026-09-25T22:30:18+00:00
2026-09-25T09:35:00Z,30943.5,30943.5,30939.5,30942.75,55,2026-09-25T22:30:18+00:00
2026-09-25T09:36:00Z,30944.0,30946.25,30937.0,30941.0,78,2026-09-25T22:30:18+00:00
2026-09-25T09:37:00Z,30939.0,30943.25,30938.5,30941.0,34,2026-09-25T22:30:18+00:00
2026-09-25T09:38:00Z,30942.5,30942.5,30935.25,30938.0,88,2026-09-25T22:30:18+00:00
2026-09-25T09:39:00Z,30937.5,30941.75,30934.5,30941.75,44,2026-09-25T22:30:18+00:00
2026-09-25T09:40:00Z,30941.25,30943.0,30935.5,30941.25,71,2026-09-25T22:30:18+00:00
2026-09-25T09:41:00Z,30939.75,30942.5,30939.0,30940.5,27,2026-09-25T22:30:18+00:00
2026-09-25T09:42:00Z,30941.5,30944.5,30940.0,30940.25,26,2026-09-25T22:30:18+00:00
2026-09-25T09:43:00Z,30940.5,30942.0,30932.75,30940.75,89,2026-09-25T22:30:18+00:00
2026-09-25T09:44:00Z,30940.0,30940.0,30936.75,30936.75,32,2026-09-25T22:30:18+00:00
2026-09-25T09:45:00Z,30937.0,30937.0,30925.0,30927.75,157,2026-09-25T22:30:18+00:00
2026-09-25T09:46:00Z,30926.0,30926.5,30916.25,30918.75,163,2026-09-25T22:30:18+00:00
2026-09-25T09:47:00Z,30917.0,30919.75,30916.0,30918.75,84,2026-09-25T22:30:18+00:00
2026-09-25T09:48:00Z,30919.0,30920.25,30916.25,30918.75,65,2026-09-25T22:30:18+00:00
2026-09-25T09:49:00Z,30920.75,30923.0,30918.5,30921.25,71,2026-09-25T22:30:18+00:00
2026-09-25T09:50:00Z,30921.75,30921.75,30912.0,30914.75,108,2026-09-25T22:30:18+00:00
2026-09-25T09:51:00Z,30914.25,30919.0,30913.75,30918.25,37,2026-09-25T22:30:18+00:00
2026-09-25T09:52:00Z,30918.75,30920.25,30914.5,30914.75,67,2026-09-25T22:30:18+00:00
2026-09-25T09:53:00Z,30914.5,30923.5,30913.25,30921.5,112,2026-09-25T22:30:18+00:00
2026-09-25T09:54:00Z,30922.0,30923.25,30920.5,30921.5,51,2026-09-25T22:30:18+00:00
2026-09-25T09:55:00Z,30921.75,30924.5,30917.0,30922.5,50,2026-09-25T22:30:18+00:00
2026-09-25T09:56:00Z,30922.25,30930.0,30922.25,30927.5,65,2026-09-25T22:30:18+00:00
2026-09-25T09:57:00Z,30926.25,30927.5,30923.75,30925.25,29,2026-09-25T22:30:18+00:00
2026-09-25T09:58:00Z,30924.5,30928.25,30924.5,30926.5,48,2026-09-25T22:30:18+00:00
2026-09-25T09:59:00Z,30927.5,30927.5,30916.25,30916.75,81,2026-09-25T22:30:18+00:00
2026-09-25T10:00:00Z,30916.25,30924.5,30914.5,30924.0,96,2026-09-25T22:30:18+00:00
2026-09-25T10:01:00Z,30923.75,30923.75,30916.25,30921.5,75,2026-09-25T22:30:18+00:00
2026-09-25T10:02:00Z,30920.0,30920.0,30908.75,30910.5,143,2026-09-25T22:30:18+00:00
2026-09-25T10:03:00Z,30909.25,30910.75,30905.25,30905.75,95,2026-09-25T22:30:18+00:00
2026-09-25T10:04:00Z,30906.0,30909.75,30906.0,30906.25,41,2026-09-25T22:30:18+00:00
2026-09-25T10:05:00Z,30906.75,30908.5,30902.5,30908.5,103,2026-09-25T22:30:18+00:00
2026-09-25T10:06:00Z,30908.75,30910.25,30905.0,30906.25,48,2026-09-25T22:30:18+00:00
2026-09-25T10:07:00Z,30905.25,30905.25,30900.0,30904.0,207,2026-09-25T22:30:18+00:00
2026-09-25T10:08:00Z,30904.25,30911.5,30904.25,30910.25,70,2026-09-25T22:30:18+00:00
2026-09-25T10:09:00Z,30910.0,30913.75,30909.75,30910.5,37,2026-09-25T22:30:18+00:00
2026-09-25T10:10:00Z,30911.0,30915.25,30910.25,30914.0,85,2026-09-25T22:30:18+00:00
2026-09-25T10:11:00Z,30914.75,30923.25,30914.5,30919.5,126,2026-09-25T22:30:18+00:00
2026-09-25T10:12:00Z,30920.0,30923.5,30918.75,30922.75,40,2026-09-25T22:30:18+00:00
2026-09-25T10:13:00Z,30924.0,30929.75,30922.25,30929.0,84,2026-09-25T22:30:18+00:00
2026-09-25T10:14:00Z,30930.0,30932.5,30927.75,30927.75,112,2026-09-25T22:30:18+00:00
2026-09-25T10:15:00Z,30927.25,30936.75,30927.0,30934.75,165,2026-09-25T22:30:18+00:00
2026-09-25T10:16:00Z,30934.75,30939.0,30932.5,30934.5,123,2026-09-25T22:30:18+00:00
2026-09-25T10:17:00Z,30934.75,30939.75,30931.5,30932.5,62,2026-09-25T22:30:18+00:00
2026-09-25T10:18:00Z,30932.75,30934.25,30931.0,30931.75,34,2026-09-25T22:30:18+00:00
2026-09-25T10:19:00Z,30931.5,30935.0,30931.0,30935.0,68,2026-09-25T22:30:18+00:00
2026-09-25T10:20:00Z,30934.0,30940.0,30933.0,30939.75,73,2026-09-25T22:30:18+00:00
2026-09-25T10:21:00Z,30940.5,30942.0,30935.0,30938.25,89,2026-09-25T22:30:18+00:00
2026-09-25T10:22:00Z,30938.75,30939.5,30931.25,30934.0,114,2026-09-25T22:30:18+00:00
2026-09-25T10:23:00Z,30933.25,30934.0,30926.0,30930.75,165,2026-09-25T22:30:18+00:00
2026-09-25T10:24:00Z,30931.75,30932.5,30929.0,30931.25,31,2026-09-25T22:30:18+00:00
2026-09-25T10:25:00Z,30930.5,30932.25,30927.75,30931.0,60,2026-09-25T22:30:18+00:00
2026-09-25T10:26:00Z,30930.25,30934.75,30929.75,30933.5,33,2026-09-25T22:30:18+00:00
2026-09-25T10:27:00Z,30933.25,30934.5,30932.25,30933.0,20,2026-09-25T22:30:18+00:00
2026-09-25T10:28:00Z,30933.0,30933.25,30927.5,30930.75,40,2026-09-25T22:30:18+00:00
2026-09-25T10:29:00Z,30930.75,30933.25,30928.25,30929.0,22,2026-09-25T22:30:18+00:00
2026-09-25T10:30:00Z,30929.0,30938.5,30929.0,30935.75,60,2026-09-25T22:30:18+00:00
2026-09-25T10:31:00Z,30933.75,30933.75,30926.5,30929.5,58,2026-09-25T22:30:18+00:00
2026-09-25T10:32:00Z,30928.25,30928.5,30921.0,30921.75,89,2026-09-25T22:30:18+00:00
2026-09-25T10:33:00Z,30922.5,30924.75,30918.25,30922.5,83,2026-09-25T22:30:18+00:00
2026-09-25T10:34:00Z,30918.5,30929.25,30918.25,30928.0,64,2026-09-25T22:30:18+00:00
2026-09-25T10:35:00Z,30926.25,30932.5,30926.25,30926.75,62,2026-09-25T22:30:18+00:00
2026-09-25T10:36:00Z,30927.75,30930.75,30927.25,30929.75,24,2026-09-25T22:30:18+00:00
2026-09-25T10:37:00Z,30929.25,30932.25,30925.75,30925.75,38,2026-09-25T22:30:18+00:00
2026-09-25T10:38:00Z,30926.5,30926.75,30914.25,30916.25,106,2026-09-25T22:30:18+00:00
2026-09-25T10:39:00Z,30915.75,30919.25,30912.0,30914.0,95,2026-09-25T22:30:18+00:00
2026-09-25T10:40:00Z,30913.5,30917.0,30911.5,30916.0,93,2026-09-25T22:30:18+00:00
2026-09-25T10:41:00Z,30915.0,30923.75,30915.0,30922.25,100,2026-09-25T22:30:18+00:00
2026-09-25T10:42:00Z,30920.75,30923.5,30919.0,30919.0,50,2026-09-25T22:30:18+00:00
2026-09-25T10:43:00Z,30918.75,30924.25,30918.25,30922.0,30,2026-09-25T22:30:18+00:00
2026-09-25T10:44:00Z,30922.5,30923.75,30919.5,30921.25,40,2026-09-25T22:30:18+00:00
2026-09-25T10:45:00Z,30920.5,30923.5,30917.25,30921.5,77,2026-09-25T22:30:18+00:00
2026-09-25T10:46:00Z,30920.75,30922.75,30916.75,30918.0,57,2026-09-25T22:30:18+00:00
2026-09-25T10:47:00Z,30919.75,30925.25,30919.25,30925.25,34,2026-09-25T22:30:18+00:00
2026-09-25T10:48:00Z,30924.0,30927.25,30922.75,30925.75,76,2026-09-25T22:30:18+00:00
2026-09-25T10:49:00Z,30924.25,30926.0,30912.0,30925.0,156,2026-09-25T22:30:18+00:00
2026-09-25T10:50:00Z,30923.25,30926.25,30920.25,30924.0,52,2026-09-25T22:30:18+00:00
2026-09-25T10:51:00Z,30922.0,30927.25,30921.5,30924.75,60,2026-09-25T22:30:18+00:00
2026-09-25T10:52:00Z,30923.5,30924.5,30922.5,30923.0,15,2026-09-25T22:30:18+00:00
2026-09-25T10:53:00Z,30924.25,30924.5,30915.25,30924.0,81,2026-09-25T22:30:18+00:00
2026-09-25T10:54:00Z,30924.5,30933.0,30923.75,30926.75,192,2026-09-25T22:30:18+00:00
2026-09-25T10:55:00Z,30926.5,30926.5,30915.5,30916.5,67,2026-09-25T22:30:18+00:00
2026-09-25T10:56:00Z,30917.5,30920.75,30915.5,30920.0,64,2026-09-25T22:30:18+00:00
2026-09-25T10:57:00Z,30919.5,30924.5,30919.0,30920.5,50,2026-09-25T22:30:18+00:00
2026-09-25T10:58:00Z,30920.25,30921.25,30919.0,30920.25,34,2026-09-25T22:30:18+00:00
2026-09-25T10:59:00Z,30919.75,30922.0,30914.75,30922.0,128,2026-09-25T22:30:18+00:00
2026-09-25T11:00:00Z,30922.75,30933.5,30913.5,30917.25,291,2026-09-25T22:30:18+00:00
2026-09-25T11:01:00Z,30916.75,30938.25,30912.75,30929.75,310,2026-09-25T22:30:18+00:00
2026-09-25T11:02:00Z,30930.0,30933.0,30923.25,30928.0,126,2026-09-25T22:30:18+00:00
2026-09-25T11:03:00Z,30929.75,30930.0,30924.0,30924.25,64,2026-09-25T22:30:18+00:00
2026-09-25T11:04:00Z,30924.0,30925.75,30920.0,30921.75,71,2026-09-25T22:30:18+00:00
2026-09-25T11:05:00Z,30921.25,30932.0,30921.25,30928.25,92,2026-09-25T22:30:18+00:00
2026-09-25T11:06:00Z,30927.75,30944.75,30926.5,30943.5,149,2026-09-25T22:30:18+00:00
2026-09-25T11:07:00Z,30942.5,30950.75,30939.5,30949.0,150,2026-09-25T22:30:18+00:00
2026-09-25T11:08:00Z,30949.25,30956.0,30948.0,30954.5,145,2026-09-25T22:30:18+00:00
2026-09-25T11:09:00Z,30955.0,30960.5,30951.0,30959.0,165,2026-09-25T22:30:18+00:00
2026-09-25T11:10:00Z,30959.0,30965.0,30957.5,30959.25,196,2026-09-25T22:30:18+00:00
2026-09-25T11:11:00Z,30959.5,30963.25,30958.5,30960.75,132,2026-09-25T22:30:18+00:00
2026-09-25T11:12:00Z,30960.5,30961.0,30956.0,30960.75,83,2026-09-25T22:30:18+00:00
2026-09-25T11:13:00Z,30958.0,30963.25,30956.75,30962.5,75,2026-09-25T22:30:18+00:00
2026-09-25T11:14:00Z,30962.25,30975.0,30960.25,30975.0,317,2026-09-25T22:30:18+00:00
2026-09-25T11:15:00Z,30974.25,30981.0,30972.75,30975.25,330,2026-09-25T22:30:18+00:00
2026-09-25T11:16:00Z,30975.75,30994.75,30975.75,30990.25,424,2026-09-25T22:30:18+00:00
2026-09-25T11:17:00Z,30989.5,30990.25,30978.0,30981.75,170,2026-09-25T22:30:18+00:00
2026-09-25T11:18:00Z,30981.5,30982.25,30974.5,30980.0,154,2026-09-25T22:30:18+00:00
2026-09-25T11:19:00Z,30978.25,30983.75,30976.0,30982.25,121,2026-09-25T22:30:18+00:00
2026-09-25T11:20:00Z,30981.0,30984.75,30977.25,30980.0,141,2026-09-25T22:30:18+00:00
2026-09-25T11:21:00Z,30980.5,30983.25,30976.75,30977.0,110,2026-09-25T22:30:18+00:00
2026-09-25T11:22:00Z,30975.25,30983.25,30975.0,30978.5,69,2026-09-25T22:30:18+00:00
2026-09-25T11:23:00Z,30979.0,30981.5,30978.0,30978.5,102,2026-09-25T22:30:18+00:00
2026-09-25T11:24:00Z,30977.75,30983.5,30976.25,30978.75,154,2026-09-25T22:30:18+00:00
2026-09-25T11:25:00Z,30978.0,30981.5,30978.0,30980.0,78,2026-09-25T22:30:18+00:00
2026-09-25T11:26:00Z,30980.75,30986.5,30979.5,30985.25,89,2026-09-25T22:30:18+00:00
2026-09-25T11:27:00Z,30984.75,30991.0,30981.5,30987.75,154,2026-09-25T22:30:18+00:00
2026-09-25T11:28:00Z,30986.75,30986.75,30982.0,30982.0,100,2026-09-25T22:30:18+00:00
2026-09-25T11:29:00Z,30982.5,30983.25,30974.0,30976.75,127,2026-09-25T22:30:18+00:00
2026-09-25T11:30:00Z,30977.5,30980.5,30972.25,30973.75,135,2026-09-25T22:30:18+00:00
2026-09-25T11:31:00Z,30976.75,30977.25,30970.0,30975.0,118,2026-09-25T22:30:18+00:00
2026-09-25T11:32:00Z,30976.0,30979.75,30972.75,30977.25,105,2026-09-25T22:30:18+00:00
2026-09-25T11:33:00Z,30978.75,30980.0,30973.25,30976.75,34,2026-09-25T22:30:18+00:00
2026-09-25T11:34:00Z,30977.0,30981.25,30977.0,30978.75,44,2026-09-25T22:30:18+00:00
2026-09-25T11:35:00Z,30976.0,30999.5,30976.0,30989.5,498,2026-09-25T22:30:18+00:00
2026-09-25T11:36:00Z,30988.75,30989.5,30970.5,30973.5,202,2026-09-25T22:30:18+00:00
2026-09-25T11:37:00Z,30971.75,30976.25,30971.75,30973.0,102,2026-09-25T22:30:18+00:00
2026-09-25T11:38:00Z,30974.5,30974.75,30963.75,30964.0,114,2026-09-25T22:30:18+00:00
2026-09-25T11:39:00Z,30965.25,30966.25,30959.25,30961.5,117,2026-09-25T22:30:18+00:00
2026-09-25T11:40:00Z,30961.25,30966.5,30961.0,30962.5,66,2026-09-25T22:30:18+00:00
2026-09-25T11:41:00Z,30963.5,30966.0,30963.0,30965.5,47,2026-09-25T22:30:18+00:00
2026-09-25T11:42:00Z,30966.5,30973.25,30964.5,30965.75,118,2026-09-25T22:30:18+00:00
2026-09-25T11:43:00Z,30966.75,30974.0,30966.25,30970.5,131,2026-09-25T22:30:18+00:00
2026-09-25T11:44:00Z,30971.75,30978.25,30968.0,30970.0,178,2026-09-25T22:30:18+00:00
2026-09-25T11:45:00Z,30971.25,30972.25,30967.75,30970.75,57,2026-09-25T22:30:18+00:00
2026-09-25T11:46:00Z,30971.0,30973.0,30968.5,30972.25,71,2026-09-25T22:30:18+00:00
2026-09-25T11:47:00Z,30972.25,30974.25,30970.25,30970.75,74,2026-09-25T22:30:18+00:00
2026-09-25T11:48:00Z,30970.25,30973.0,30968.0,30969.0,44,2026-09-25T22:30:18+00:00
2026-09-25T11:49:00Z,30969.75,30974.25,30968.5,30969.0,64,2026-09-25T22:30:18+00:00
2026-09-25T11:50:00Z,30967.75,30970.0,30962.5,30970.0,99,2026-09-25T22:30:18+00:00
2026-09-25T11:51:00Z,30969.75,30976.0,30967.75,30973.25,143,2026-09-25T22:30:18+00:00
2026-09-25T11:52:00Z,30973.75,30981.25,30973.5,30977.5,84,2026-09-25T22:30:18+00:00
2026-09-25T11:53:00Z,30977.75,30980.5,30975.25,30978.0,93,2026-09-25T22:30:18+00:00
2026-09-25T11:54:00Z,30979.25,30981.0,30974.75,30978.75,57,2026-09-25T22:30:18+00:00
2026-09-25T11:55:00Z,30979.25,30981.0,30977.25,30978.75,74,2026-09-25T22:30:18+00:00
2026-09-25T11:56:00Z,30978.5,30978.5,30967.75,30968.25,105,2026-09-25T22:30:18+00:00
2026-09-25T11:57:00Z,30968.25,30971.75,30966.75,30970.5,83,2026-09-25T22:30:18+00:00
2026-09-25T11:58:00Z,30970.0,30971.25,30966.5,30971.25,55,2026-09-25T22:30:18+00:00
2026-09-25T11:59:00Z,30971.25,30972.0,30960.25,30961.5,192,2026-09-25T22:30:18+00:00
2026-09-25T12:00:00Z,30960.5,30967.5,30956.75,30961.0,369,2026-09-25T22:30:18+00:00
2026-09-25T12:01:00Z,30960.25,30977.0,30959.25,30977.0,192,2026-09-25T22:30:18+00:00
2026-09-25T12:02:00Z,30975.5,30978.0,30968.0,30969.5,129,2026-09-25T22:30:18+00:00
2026-09-25T12:03:00Z,30970.0,30977.0,30969.5,30973.25,70,2026-09-25T22:30:18+00:00
2026-09-25T12:04:00Z,30974.25,30974.25,30969.25,30972.0,78,2026-09-25T22:30:18+00:00
2026-09-25T12:05:00Z,30971.5,30971.75,30967.0,30969.75,94,2026-09-25T22:30:18+00:00
2026-09-25T12:06:00Z,30970.25,30977.0,30970.0,30976.0,50,2026-09-25T22:30:18+00:00
2026-09-25T12:07:00Z,30975.5,30975.75,30968.75,30969.25,68,2026-09-25T22:30:18+00:00
2026-09-25T12:08:00Z,30970.25,30971.5,30962.25,30967.75,163,2026-09-25T22:30:18+00:00
2026-09-25T12:09:00Z,30967.5,30967.75,30960.5,30961.75,129,2026-09-25T22:30:18+00:00
2026-09-25T12:10:00Z,30961.25,30969.75,30947.25,30947.75,251,2026-09-25T22:30:18+00:00
2026-09-25T12:11:00Z,30947.25,30967.25,30944.0,30966.0,256,2026-09-25T22:30:18+00:00
2026-09-25T12:12:00Z,30965.5,30968.5,30962.75,30964.0,115,2026-09-25T22:30:18+00:00
2026-09-25T12:13:00Z,30962.75,30962.75,30947.5,30950.25,275,2026-09-25T22:30:18+00:00
2026-09-25T12:14:00Z,30950.0,30953.25,30943.0,30952.25,266,2026-09-25T22:30:18+00:00
2026-09-25T12:15:00Z,30953.0,30953.0,30946.25,30950.0,117,2026-09-25T22:30:18+00:00
2026-09-25T12:16:00Z,30950.0,30952.75,30934.75,30934.75,223,2026-09-25T22:30:18+00:00
2026-09-25T12:17:00Z,30934.75,30936.25,30929.0,30930.5,245,2026-09-25T22:30:18+00:00
2026-09-25T12:18:00Z,30931.25,30935.75,30928.25,30930.5,112,2026-09-25T22:30:18+00:00
2026-09-25T12:19:00Z,30930.75,30930.75,30916.75,30924.0,244,2026-09-25T22:30:18+00:00
2026-09-25T12:20:00Z,30923.75,30929.0,30919.75,30923.75,173,2026-09-25T22:30:18+00:00
2026-09-25T12:21:00Z,30925.75,30937.75,30925.5,30937.75,237,2026-09-25T22:30:18+00:00
2026-09-25T12:22:00Z,30938.0,30945.0,30935.0,30936.0,168,2026-09-25T22:30:18+00:00
2026-09-25T12:23:00Z,30936.0,30939.0,30932.75,30938.25,175,2026-09-25T22:30:18+00:00
2026-09-25T12:24:00Z,30939.5,30944.25,30934.0,30935.0,154,2026-09-25T22:30:18+00:00
2026-09-25T12:25:00Z,30934.0,30934.5,30928.75,30932.75,128,2026-09-25T22:30:18+00:00
2026-09-25T12:26:00Z,30931.75,30936.25,30930.75,30932.25,76,2026-09-25T22:30:18+00:00
2026-09-25T12:27:00Z,30933.0,30938.5,30931.5,30937.0,90,2026-09-25T22:30:18+00:00
2026-09-25T12:28:00Z,30936.75,30941.25,30936.25,30940.25,93,2026-09-25T22:30:18+00:00
2026-09-25T12:29:00Z,30939.75,30941.0,30930.75,30932.5,123,2026-09-25T22:30:18+00:00
2026-09-25T12:30:00Z,30933.0,30938.5,30926.0,30929.25,230,2026-09-25T22:30:18+00:00
2026-09-25T12:31:00Z,30929.5,30931.0,30915.5,30916.5,350,2026-09-25T22:30:18+00:00
2026-09-25T12:32:00Z,30916.75,30916.75,30903.5,30911.0,490,2026-09-25T22:30:18+00:00
2026-09-25T12:33:00Z,30910.0,30919.0,30908.75,30917.25,146,2026-09-25T22:30:18+00:00
2026-09-25T12:34:00Z,30915.5,30922.75,30915.0,30920.0,246,2026-09-25T22:30:18+00:00
2026-09-25T12:35:00Z,30919.5,30920.0,30908.5,30915.75,279,2026-09-25T22:30:18+00:00
2026-09-25T12:36:00Z,30916.0,30918.0,30907.0,30910.75,235,2026-09-25T22:30:18+00:00
2026-09-25T12:37:00Z,30910.75,30911.25,30903.25,30908.0,127,2026-09-25T22:30:18+00:00
2026-09-25T12:38:00Z,30907.5,30909.75,30904.5,30908.75,115,2026-09-25T22:30:18+00:00
2026-09-25T12:39:00Z,30909.5,30911.5,30904.75,30909.25,196,2026-09-25T22:30:18+00:00
2026-09-25T12:40:00Z,30910.5,30914.25,30901.75,30909.0,272,2026-09-25T22:30:18+00:00
2026-09-25T12:41:00Z,30909.5,30911.25,30903.0,30904.0,121,2026-09-25T22:30:18+00:00
2026-09-25T12:42:00Z,30902.25,30903.75,30897.75,30899.75,362,2026-09-25T22:30:18+00:00
2026-09-25T12:43:00Z,30899.25,30905.25,30885.75,30887.75,516,2026-09-25T22:30:18+00:00
2026-09-25T12:44:00Z,30887.25,30906.0,30877.75,30898.0,864,2026-09-25T22:30:18+00:00
2026-09-25T12:45:00Z,30896.25,30896.25,30877.25,30895.0,537,2026-09-25T22:30:18+00:00
2026-09-25T12:46:00Z,30897.75,30919.75,30887.75,30906.25,958,2026-09-25T22:30:18+00:00
2026-09-25T12:47:00Z,30906.75,30920.75,30880.0,30912.5,1073,2026-09-25T22:30:18+00:00
2026-09-25T12:48:00Z,30913.5,30918.5,30896.0,30896.25,599,2026-09-25T22:30:18+00:00
2026-09-25T12:49:00Z,30895.0,30896.25,30884.5,30886.25,297,2026-09-25T22:30:18+00:00
2026-09-25T12:50:00Z,30885.75,30889.5,30883.0,30885.5,207,2026-09-25T22:30:18+00:00
2026-09-25T12:51:00Z,30885.75,30887.5,30876.0,30881.0,238,2026-09-25T22:30:18+00:00
2026-09-25T12:52:00Z,30879.75,30881.25,30871.75,30877.25,351,2026-09-25T22:30:18+00:00
2026-09-25T12:53:00Z,30877.25,30882.5,30876.25,30879.75,206,2026-09-25T22:30:18+00:00
2026-09-25T12:54:00Z,30879.5,30882.0,30875.5,30876.0,199,2026-09-25T22:30:18+00:00
2026-09-25T12:55:00Z,30876.5,30877.75,30871.75,30876.75,127,2026-09-25T22:30:18+00:00
2026-09-25T12:56:00Z,30877.75,30884.0,30876.5,30884.0,162,2026-09-25T22:30:18+00:00
2026-09-25T12:57:00Z,30883.5,30887.25,30876.5,30877.25,216,2026-09-25T22:30:18+00:00
2026-09-25T12:58:00Z,30877.0,30882.75,30871.5,30881.25,259,2026-09-25T22:30:18+00:00
2026-09-25T12:59:00Z,30881.25,30882.25,30872.0,30877.5,232,2026-09-25T22:30:18+00:00
2026-09-25T13:00:00Z,30878.0,30881.75,30856.0,30860.0,820,2026-09-25T22:30:18+00:00
2026-09-25T13:01:00Z,30859.75,30871.75,30853.75,30871.0,437,2026-09-25T22:30:18+00:00
2026-09-25T13:02:00Z,30870.5,30875.0,30866.75,30870.5,314,2026-09-25T22:30:18+00:00
2026-09-25T13:03:00Z,30871.0,30883.25,30871.0,30875.0,543,2026-09-25T22:30:18+00:00
2026-09-25T13:04:00Z,30875.0,30880.25,30871.5,30878.5,343,2026-09-25T22:30:18+00:00
2026-09-25T13:05:00Z,30879.0,30893.25,30877.75,30889.0,692,2026-09-25T22:30:18+00:00
2026-09-25T13:06:00Z,30889.5,30898.0,30889.5,30894.0,346,2026-09-25T22:30:18+00:00
2026-09-25T13:07:00Z,30893.75,30897.0,30889.0,30893.0,218,2026-09-25T22:30:18+00:00
2026-09-25T13:08:00Z,30893.0,30897.25,30887.5,30887.5,177,2026-09-25T22:30:18+00:00
2026-09-25T13:09:00Z,30888.25,30900.0,30887.75,30899.75,309,2026-09-25T22:30:18+00:00
2026-09-25T13:10:00Z,30898.5,30905.5,30895.5,30897.75,321,2026-09-25T22:30:18+00:00
2026-09-25T13:11:00Z,30898.5,30905.0,30895.25,30902.25,307,2026-09-25T22:30:18+00:00
2026-09-25T13:12:00Z,30900.75,30903.0,30896.75,30901.0,141,2026-09-25T22:30:18+00:00
2026-09-25T13:13:00Z,30902.0,30908.75,30902.0,30906.75,241,2026-09-25T22:30:18+00:00
2026-09-25T13:14:00Z,30906.75,30907.5,30898.0,30899.0,202,2026-09-25T22:30:18+00:00
2026-09-25T13:15:00Z,30897.5,30899.75,30894.25,30898.75,312,2026-09-25T22:30:18+00:00
2026-09-25T13:16:00Z,30898.75,30898.75,30878.5,30879.25,604,2026-09-25T22:30:18+00:00
2026-09-25T13:17:00Z,30878.5,30878.5,30872.25,30872.25,282,2026-09-25T22:30:18+00:00
2026-09-25T13:18:00Z,30872.5,30873.75,30865.25,30869.25,299,2026-09-25T22:30:18+00:00
2026-09-25T13:19:00Z,30869.25,30869.75,30858.5,30860.0,405,2026-09-25T22:30:18+00:00
2026-09-25T13:20:00Z,30861.25,30865.0,30858.75,30864.0,311,2026-09-25T22:30:18+00:00
2026-09-25T13:21:00Z,30863.5,30869.0,30858.75,30861.75,330,2026-09-25T22:30:18+00:00
2026-09-25T13:22:00Z,30862.5,30869.5,30862.5,30868.25,210,2026-09-25T22:30:18+00:00
2026-09-25T13:23:00Z,30867.75,30868.25,30859.25,30860.75,259,2026-09-25T22:30:18+00:00
2026-09-25T13:24:00Z,30860.75,30864.25,30855.75,30857.0,429,2026-09-25T22:30:18+00:00
2026-09-25T13:25:00Z,30856.75,30862.5,30852.25,30857.0,749,2026-09-25T22:30:18+00:00
2026-09-25T13:26:00Z,30856.75,30856.75,30839.75,30843.75,712,2026-09-25T22:30:18+00:00
2026-09-25T13:27:00Z,30843.5,30843.75,30828.0,30835.75,995,2026-09-25T22:30:18+00:00
2026-09-25T13:28:00Z,30835.75,30835.75,30820.75,30833.0,914,2026-09-25T22:30:18+00:00
2026-09-25T13:29:00Z,30834.0,30834.25,30819.5,30820.0,922,2026-09-25T22:30:18+00:00
2026-09-25T13:30:00Z,30819.0,30822.0,30770.0,30804.25,7082,2026-09-25T22:30:18+00:00
2026-09-25T13:31:00Z,30805.0,30817.25,30779.0,30784.75,4904,2026-09-25T22:30:18+00:00
2026-09-25T13:32:00Z,30784.25,30806.25,30767.5,30803.5,3626,2026-09-25T22:30:18+00:00
2026-09-25T13:33:00Z,30803.5,30818.75,30791.25,30818.5,2466,2026-09-25T22:30:18+00:00
2026-09-25T13:34:00Z,30818.75,30852.0,30815.75,30848.75,3187,2026-09-25T22:30:18+00:00
2026-09-25T13:35:00Z,30848.0,30868.0,30847.0,30857.75,2971,2026-09-25T22:30:18+00:00
2026-09-25T13:36:00Z,30858.5,30863.5,30846.0,30852.0,1659,2026-09-25T22:30:18+00:00
2026-09-25T13:37:00Z,30852.5,30864.25,30845.75,30856.25,1748,2026-09-25T22:30:18+00:00
2026-09-25T13:38:00Z,30856.0,30877.0,30851.75,30867.5,1576,2026-09-25T22:30:18+00:00
2026-09-25T13:39:00Z,30868.75,30871.5,30843.0,30868.25,2073,2026-09-25T22:30:18+00:00
2026-09-25T13:40:00Z,30868.25,30877.75,30860.0,30877.0,1631,2026-09-25T22:30:18+00:00
2026-09-25T13:41:00Z,30876.75,30890.0,30873.75,30883.5,1851,2026-09-25T22:30:18+00:00
2026-09-25T13:42:00Z,30883.5,30884.0,30857.5,30881.25,1755,2026-09-25T22:30:18+00:00
2026-09-25T13:43:00Z,30880.5,30880.5,30855.75,30864.25,1539,2026-09-25T22:30:18+00:00
2026-09-25T13:44:00Z,30863.75,30877.5,30851.25,30876.75,1596,2026-09-25T22:30:18+00:00
2026-09-25T13:45:00Z,30877.0,30888.75,30858.25,30860.0,2678,2026-09-25T22:30:18+00:00
2026-09-25T13:46:00Z,30860.0,30876.5,30850.0,30872.0,1652,2026-09-25T22:30:18+00:00
2026-09-25T13:47:00Z,30871.75,30888.0,30861.5,30881.5,1507,2026-09-25T22:30:18+00:00
2026-09-25T13:48:00Z,30882.25,30887.25,30847.5,30855.5,1775,2026-09-25T22:30:18+00:00
2026-09-25T13:49:00Z,30855.75,30879.25,30855.75,30874.25,1353,2026-09-25T22:30:18+00:00
2026-09-25T13:50:00Z,30875.0,30882.75,30866.0,30878.75,1261,2026-09-25T22:30:18+00:00
2026-09-25T13:51:00Z,30878.5,30885.25,30870.5,30872.0,947,2026-09-25T22:30:18+00:00
2026-09-25T13:52:00Z,30872.25,30898.0,30872.0,30895.25,1411,2026-09-25T22:30:18+00:00
2026-09-25T13:53:00Z,30895.0,30905.5,30885.75,30902.75,1614,2026-09-25T22:30:18+00:00
2026-09-25T13:54:00Z,30903.25,30922.5,30900.0,30910.5,1797,2026-09-25T22:30:18+00:00
2026-09-25T13:55:00Z,30911.0,30926.5,30910.75,30921.25,2152,2026-09-25T22:30:18+00:00
2026-09-25T13:56:00Z,30921.0,30923.25,30902.25,30909.75,1520,2026-09-25T22:30:18+00:00
2026-09-25T13:57:00Z,30909.0,30909.25,30883.5,30888.25,1473,2026-09-25T22:30:18+00:00
2026-09-25T13:58:00Z,30888.25,30901.5,30884.5,30889.75,1358,2026-09-25T22:30:18+00:00
2026-09-25T13:59:00Z,30891.0,30901.25,30878.5,30900.0,1106,2026-09-25T22:30:18+00:00
2026-09-25T14:00:00Z,30900.25,30905.0,30866.5,30870.0,1998,2026-09-25T22:30:18+00:00
2026-09-25T14:01:00Z,30870.75,30871.25,30842.5,30844.0,2345,2026-09-25T22:30:18+00:00
2026-09-25T14:02:00Z,30843.0,30852.25,30821.25,30839.25,2995,2026-09-25T22:30:18+00:00
2026-09-25T14:03:00Z,30840.5,30841.25,30816.25,30839.25,2333,2026-09-25T22:30:18+00:00
2026-09-25T14:04:00Z,30839.5,30839.75,30798.25,30803.75,2509,2026-09-25T22:30:18+00:00
2026-09-25T14:05:00Z,30803.5,30803.5,30755.0,30757.75,4239,2026-09-25T22:30:18+00:00
2026-09-25T14:06:00Z,30757.5,30783.0,30752.0,30781.25,3136,2026-09-25T22:30:18+00:00
2026-09-25T14:07:00Z,30781.75,30807.0,30779.75,30790.75,2917,2026-09-25T22:30:18+00:00
2026-09-25T14:08:00Z,30791.5,30809.0,30780.25,30808.5,1661,2026-09-25T22:30:18+00:00
2026-09-25T14:09:00Z,30808.0,30817.0,30792.5,30806.75,1651,2026-09-25T22:30:18+00:00
2026-09-25T14:10:00Z,30807.0,30823.5,30796.5,30796.75,1914,2026-09-25T22:30:18+00:00
2026-09-25T14:11:00Z,30796.75,30818.75,30783.5,30811.5,2074,2026-09-25T22:30:18+00:00
2026-09-25T14:12:00Z,30811.25,30812.25,30791.0,30793.75,1251,2026-09-25T22:30:18+00:00
2026-09-25T14:13:00Z,30793.0,30796.75,30765.25,30772.0,1848,2026-09-25T22:30:18+00:00
2026-09-25T14:14:00Z,30771.25,30775.0,30734.75,30740.25,2619,2026-09-25T22:30:18+00:00
2026-09-25T14:15:00Z,30741.5,30747.0,30691.25,30736.0,4674,2026-09-25T22:30:18+00:00
2026-09-25T14:16:00Z,30736.0,30752.5,30707.5,30712.25,2672,2026-09-25T22:30:18+00:00
2026-09-25T14:17:00Z,30712.25,30718.25,30686.25,30700.25,3160,2026-09-25T22:30:18+00:00
2026-09-25T14:18:00Z,30700.75,30728.25,30699.0,30706.25,2513,2026-09-25T22:30:18+00:00
2026-09-25T14:19:00Z,30707.0,30727.75,30684.0,30720.25,2746,2026-09-25T22:30:18+00:00
2026-09-25T14:20:00Z,30721.0,30742.25,30709.0,30739.25,2443,2026-09-25T22:30:18+00:00
2026-09-25T14:21:00Z,30738.75,30750.5,30717.75,30728.25,2288,2026-09-25T22:30:18+00:00
2026-09-25T14:22:00Z,30727.75,30746.25,30722.75,30737.5,1644,2026-09-25T22:30:18+00:00
2026-09-25T14:23:00Z,30737.5,30755.5,30735.25,30739.75,1817,2026-09-25T22:30:18+00:00
2026-09-25T14:24:00Z,30740.75,30760.5,30738.5,30752.25,1470,2026-09-25T22:30:18+00:00
2026-09-25T14:25:00Z,30752.25,30766.5,30739.75,30766.0,1509,2026-09-25T22:30:18+00:00
2026-09-25T14:26:00Z,30766.0,30779.25,30757.5,30762.75,1890,2026-09-25T22:30:18+00:00
2026-09-25T14:27:00Z,30763.25,30766.0,30749.75,30752.5,1216,2026-09-25T22:30:18+00:00
2026-09-25T14:28:00Z,30752.25,30754.25,30726.0,30746.5,2147,2026-09-25T22:30:18+00:00
2026-09-25T14:29:00Z,30746.25,30760.25,30726.0,30731.5,1499,2026-09-25T22:30:18+00:00
2026-09-25T14:30:00Z,30731.0,30745.0,30718.75,30735.5,1664,2026-09-25T22:30:18+00:00
2026-09-25T14:31:00Z,30734.75,30750.0,30728.5,30750.0,1178,2026-09-25T22:30:18+00:00
2026-09-25T14:32:00Z,30750.25,30763.0,30746.5,30757.5,1713,2026-09-25T22:30:18+00:00
2026-09-25T14:33:00Z,30757.5,30774.0,30754.25,30761.5,1487,2026-09-25T22:30:18+00:00
2026-09-25T14:34:00Z,30762.0,30783.75,30759.0,30770.25,1349,2026-09-25T22:30:18+00:00
2026-09-25T14:35:00Z,30770.25,30786.0,30761.5,30778.5,1447,2026-09-25T22:30:18+00:00
2026-09-25T14:36:00Z,30776.75,30782.0,30765.75,30769.5,1049,2026-09-25T22:30:18+00:00
2026-09-25T14:37:00Z,30769.0,30782.5,30766.25,30780.0,901,2026-09-25T22:30:18+00:00
2026-09-25T14:38:00Z,30780.25,30803.5,30779.0,30784.5,1820,2026-09-25T22:30:18+00:00
2026-09-25T14:39:00Z,30784.5,30793.5,30783.5,30791.25,707,2026-09-25T22:30:18+00:00
2026-09-25T14:40:00Z,30791.25,30796.25,30768.75,30771.0,1273,2026-09-25T22:30:18+00:00
2026-09-25T14:41:00Z,30770.25,30781.5,30749.25,30751.0,1622,2026-09-25T22:30:18+00:00
2026-09-25T14:42:00Z,30751.5,30764.25,30742.75,30758.75,1251,2026-09-25T22:30:18+00:00
2026-09-25T14:43:00Z,30758.25,30762.25,30741.5,30746.0,1023,2026-09-25T22:30:18+00:00
2026-09-25T14:44:00Z,30745.0,30766.75,30738.75,30765.25,1271,2026-09-25T22:30:18+00:00
2026-09-25T14:45:00Z,30766.0,30767.5,30742.75,30764.5,1051,2026-09-25T22:30:18+00:00
2026-09-25T14:46:00Z,30764.25,30786.5,30749.75,30769.25,3034,2026-09-25T22:30:18+00:00
2026-09-25T14:47:00Z,30768.5,30780.25,30759.75,30772.25,967,2026-09-25T22:30:18+00:00
2026-09-25T14:48:00Z,30772.25,30777.0,30758.25,30761.5,924,2026-09-25T22:30:18+00:00
2026-09-25T14:49:00Z,30762.0,30798.0,30759.0,30789.75,1426,2026-09-25T22:30:18+00:00
2026-09-25T14:50:00Z,30789.5,30792.5,30773.75,30787.0,969,2026-09-25T22:30:18+00:00
2026-09-25T14:51:00Z,30787.0,30793.25,30759.25,30760.0,1079,2026-09-25T22:30:18+00:00
2026-09-25T14:52:00Z,30761.0,30764.75,30751.25,30758.25,1015,2026-09-25T22:30:18+00:00
2026-09-25T14:53:00Z,30757.25,30778.25,30756.5,30770.25,952,2026-09-25T22:30:18+00:00
2026-09-25T14:54:00Z,30770.75,30789.0,30770.0,30785.0,761,2026-09-25T22:30:18+00:00
2026-09-25T14:55:00Z,30786.25,30809.25,30782.5,30805.75,1144,2026-09-25T22:30:18+00:00
2026-09-25T14:56:00Z,30806.0,30818.25,30802.5,30802.75,1333,2026-09-25T22:30:18+00:00
2026-09-25T14:57:00Z,30803.25,30819.5,30803.25,30813.75,703,2026-09-25T22:30:18+00:00
2026-09-25T14:58:00Z,30813.0,30824.25,30802.75,30823.5,956,2026-09-25T22:30:18+00:00
2026-09-25T14:59:00Z,30823.25,30829.75,30818.0,30823.75,929,2026-09-25T22:30:18+00:00
2026-09-25T15:00:00Z,30823.0,30824.25,30814.0,30819.75,1154,2026-09-25T22:30:18+00:00
2026-09-25T15:01:00Z,30819.25,30843.0,30817.0,30835.25,2380,2026-09-25T22:30:18+00:00
2026-09-25T15:02:00Z,30835.5,30854.0,30835.25,30844.5,1269,2026-09-25T22:30:18+00:00
2026-09-25T15:03:00Z,30845.0,30858.75,30845.0,30850.0,1836,2026-09-25T22:30:18+00:00
2026-09-25T15:04:00Z,30850.0,30867.5,30848.0,30855.75,1182,2026-09-25T22:30:18+00:00
2026-09-25T15:05:00Z,30856.25,30870.0,30855.0,30862.0,1157,2026-09-25T22:30:18+00:00
2026-09-25T15:06:00Z,30861.25,30871.5,30860.5,30863.0,731,2026-09-25T22:30:18+00:00
2026-09-25T15:07:00Z,30863.5,30868.5,30857.0,30860.75,916,2026-09-25T22:30:18+00:00
2026-09-25T15:08:00Z,30861.5,30864.0,30853.0,30859.25,1052,2026-09-25T22:30:18+00:00
2026-09-25T15:09:00Z,30858.75,30861.75,30844.5,30846.5,961,2026-09-25T22:30:18+00:00
2026-09-25T15:10:00Z,30846.0,30849.5,30825.75,30833.25,1452,2026-09-25T22:30:18+00:00
2026-09-25T15:11:00Z,30833.0,30835.5,30806.0,30813.25,1549,2026-09-25T22:30:18+00:00
2026-09-25T15:12:00Z,30813.25,30822.25,30807.25,30815.0,1038,2026-09-25T22:30:18+00:00
2026-09-25T15:13:00Z,30814.75,30824.0,30811.25,30818.5,1110,2026-09-25T22:30:18+00:00
2026-09-25T15:14:00Z,30818.25,30828.0,30814.5,30820.5,724,2026-09-25T22:30:18+00:00
2026-09-25T15:15:00Z,30821.0,30826.0,30816.5,30822.75,754,2026-09-25T22:30:18+00:00
2026-09-25T15:16:00Z,30822.25,30837.75,30820.75,30835.5,1040,2026-09-25T22:30:18+00:00
2026-09-25T15:17:00Z,30835.75,30838.0,30826.5,30828.0,628,2026-09-25T22:30:18+00:00
2026-09-25T15:18:00Z,30827.25,30834.5,30823.25,30826.5,560,2026-09-25T22:30:18+00:00
2026-09-25T15:19:00Z,30826.75,30827.25,30803.0,30812.0,1209,2026-09-25T22:30:18+00:00
2026-09-25T15:20:00Z,30811.25,30825.25,30800.5,30823.5,1189,2026-09-25T22:30:18+00:00
2026-09-25T15:21:00Z,30823.75,30844.5,30813.5,30822.75,2074,2026-09-25T22:30:18+00:00
2026-09-25T15:22:00Z,30824.0,30829.5,30820.0,30824.5,483,2026-09-25T22:30:18+00:00
2026-09-25T15:23:00Z,30826.0,30835.5,30822.0,30824.0,908,2026-09-25T22:30:18+00:00
2026-09-25T15:24:00Z,30824.25,30826.25,30808.0,30812.0,870,2026-09-25T22:30:18+00:00
2026-09-25T15:25:00Z,30812.0,30819.25,30806.25,30812.0,631,2026-09-25T22:30:18+00:00
2026-09-25T15:26:00Z,30811.0,30824.0,30803.75,30823.75,884,2026-09-25T22:30:18+00:00
2026-09-25T15:27:00Z,30823.0,30826.0,30809.25,30813.75,656,2026-09-25T22:30:18+00:00
2026-09-25T15:28:00Z,30813.0,30817.75,30808.0,30813.25,384,2026-09-25T22:30:18+00:00
2026-09-25T15:29:00Z,30814.75,30828.0,30812.25,30813.25,478,2026-09-25T22:30:18+00:00
2026-09-25T15:30:00Z,30813.5,30850.0,30811.75,30835.75,3473,2026-09-25T22:30:18+00:00
2026-09-25T15:31:00Z,30836.0,30853.75,30830.5,30853.5,1369,2026-09-25T22:30:18+00:00
2026-09-25T15:32:00Z,30853.5,30860.5,30847.5,30854.5,1391,2026-09-25T22:30:18+00:00
2026-09-25T15:33:00Z,30854.5,30857.5,30844.25,30848.5,783,2026-09-25T22:30:18+00:00
2026-09-25T15:34:00Z,30849.25,30852.75,30815.0,30818.0,2068,2026-09-25T22:30:18+00:00
2026-09-25T15:35:00Z,30818.0,30822.5,30798.5,30809.0,1584,2026-09-25T22:30:18+00:00
2026-09-25T15:36:00Z,30808.75,30808.75,30781.75,30787.0,1163,2026-09-25T22:30:18+00:00
2026-09-25T15:37:00Z,30787.75,30794.75,30773.25,30791.25,1170,2026-09-25T22:30:18+00:00
2026-09-25T15:38:00Z,30790.5,30790.75,30766.5,30770.5,1051,2026-09-25T22:30:18+00:00
2026-09-25T15:39:00Z,30770.75,30778.5,30764.0,30772.0,964,2026-09-25T22:30:18+00:00
2026-09-25T15:40:00Z,30772.25,30784.75,30763.0,30783.75,1002,2026-09-25T22:30:18+00:00
2026-09-25T15:41:00Z,30784.25,30789.0,30777.5,30783.75,856,2026-09-25T22:30:18+00:00
2026-09-25T15:42:00Z,30783.0,30791.0,30767.25,30774.0,724,2026-09-25T22:30:18+00:00
2026-09-25T15:43:00Z,30774.5,30777.25,30761.25,30765.75,523,2026-09-25T22:30:18+00:00
2026-09-25T15:44:00Z,30765.25,30767.75,30749.5,30751.75,1240,2026-09-25T22:30:18+00:00
2026-09-25T15:45:00Z,30751.5,30758.5,30746.25,30748.0,937,2026-09-25T22:30:18+00:00
2026-09-25T15:46:00Z,30748.5,30766.0,30735.0,30765.75,1485,2026-09-25T22:30:18+00:00
2026-09-25T15:47:00Z,30765.0,30772.0,30763.5,30766.5,670,2026-09-25T22:30:18+00:00
2026-09-25T15:48:00Z,30766.0,30779.5,30757.75,30771.0,768,2026-09-25T22:30:18+00:00
2026-09-25T15:49:00Z,30771.25,30782.75,30768.5,30782.5,663,2026-09-25T22:30:18+00:00
2026-09-25T15:50:00Z,30781.25,30786.5,30772.25,30774.0,499,2026-09-25T22:30:18+00:00
2026-09-25T15:51:00Z,30774.0,30775.0,30737.0,30737.75,1172,2026-09-25T22:30:18+00:00
2026-09-25T15:52:00Z,30737.75,30750.0,30731.25,30742.0,989,2026-09-25T22:30:18+00:00
2026-09-25T15:53:00Z,30742.75,30749.0,30740.0,30744.75,628,2026-09-25T22:30:18+00:00
2026-09-25T15:54:00Z,30745.25,30783.75,30740.75,30773.75,3441,2026-09-25T22:30:18+00:00
2026-09-25T15:55:00Z,30773.25,30788.75,30772.75,30784.5,1338,2026-09-25T22:30:18+00:00
2026-09-25T15:56:00Z,30785.0,30802.25,30781.0,30802.25,1298,2026-09-25T22:30:18+00:00
2026-09-25T15:57:00Z,30802.0,30811.25,30800.0,30811.25,955,2026-09-25T22:30:18+00:00
2026-09-25T15:58:00Z,30810.75,30843.0,30809.25,30834.5,2034,2026-09-25T22:30:18+00:00
2026-09-25T15:59:00Z,30834.5,30860.0,30831.25,30857.5,1715,2026-09-25T22:30:18+00:00
2026-09-25T16:00:00Z,30856.75,30886.0,30846.5,30883.5,2856,2026-09-25T22:30:18+00:00
2026-09-25T16:01:00Z,30883.5,30892.0,30874.25,30875.75,2058,2026-09-25T22:30:18+00:00
2026-09-25T16:02:00Z,30876.5,30904.0,30876.5,30901.0,2345,2026-09-25T22:30:18+00:00
2026-09-25T16:03:00Z,30901.75,30919.75,30892.25,30917.25,2169,2026-09-25T22:30:18+00:00
2026-09-25T16:04:00Z,30918.25,30918.75,30897.0,30913.75,2052,2026-09-25T22:30:18+00:00
2026-09-25T16:05:00Z,30914.25,30941.0,30905.75,30935.5,2257,2026-09-25T22:30:18+00:00
2026-09-25T16:06:00Z,30935.25,30937.75,30918.75,30931.25,2227,2026-09-25T22:30:18+00:00
2026-09-25T16:07:00Z,30931.5,30937.0,30919.5,30923.0,1641,2026-09-25T22:30:18+00:00
2026-09-25T16:08:00Z,30923.75,30933.25,30914.0,30922.0,1760,2026-09-25T22:30:18+00:00
2026-09-25T16:09:00Z,30922.5,30935.0,30910.5,30930.25,1529,2026-09-25T22:30:18+00:00
2026-09-25T16:10:00Z,30930.75,30950.25,30929.75,30935.5,2018,2026-09-25T22:30:18+00:00
2026-09-25T16:11:00Z,30936.25,30937.25,30921.25,30936.0,1395,2026-09-25T22:30:18+00:00
2026-09-25T16:12:00Z,30935.75,30946.0,30924.0,30930.25,1090,2026-09-25T22:30:18+00:00
2026-09-25T16:13:00Z,30930.25,30934.0,30925.5,30931.75,708,2026-09-25T22:30:18+00:00
2026-09-25T16:14:00Z,30931.25,30931.5,30907.5,30927.25,1387,2026-09-25T22:30:18+00:00
2026-09-25T16:15:00Z,30927.25,30940.5,30920.75,30936.25,1365,2026-09-25T22:30:18+00:00
2026-09-25T16:16:00Z,30936.25,30947.75,30927.0,30946.5,1081,2026-09-25T22:30:18+00:00
2026-09-25T16:17:00Z,30946.25,30951.5,30918.0,30920.25,1165,2026-09-25T22:30:18+00:00
2026-09-25T16:18:00Z,30920.5,30920.75,30897.25,30902.75,1504,2026-09-25T22:30:18+00:00
2026-09-25T16:19:00Z,30902.0,30906.0,30894.5,30901.75,1032,2026-09-25T22:30:18+00:00
2026-09-25T16:20:00Z,30901.25,30907.0,30875.0,30877.75,1882,2026-09-25T22:30:18+00:00
2026-09-25T16:21:00Z,30877.25,30883.75,30864.0,30880.5,1925,2026-09-25T22:30:18+00:00
2026-09-25T16:22:00Z,30879.5,30884.0,30861.25,30871.0,1331,2026-09-25T22:30:18+00:00
2026-09-25T16:23:00Z,30871.0,30873.0,30838.0,30859.75,2230,2026-09-25T22:30:18+00:00
2026-09-25T16:24:00Z,30859.75,30869.25,30855.75,30866.25,1283,2026-09-25T22:30:18+00:00
2026-09-25T16:25:00Z,30865.75,30885.5,30861.25,30876.75,1412,2026-09-25T22:30:18+00:00
2026-09-25T16:26:00Z,30876.0,30916.0,30872.0,30914.25,1600,2026-09-25T22:30:18+00:00
2026-09-25T16:27:00Z,30915.0,30922.0,30910.75,30914.5,1067,2026-09-25T22:30:18+00:00
2026-09-25T16:28:00Z,30914.5,30916.5,30905.0,30914.25,1115,2026-09-25T22:30:18+00:00
2026-09-25T16:29:00Z,30914.75,30927.5,30914.25,30924.75,935,2026-09-25T22:30:18+00:00
2026-09-25T16:30:00Z,30925.0,30927.0,30906.75,30917.75,984,2026-09-25T22:30:18+00:00
2026-09-25T16:31:00Z,30917.75,30923.5,30913.5,30922.0,567,2026-09-25T22:30:18+00:00
2026-09-25T16:32:00Z,30922.5,30931.5,30915.5,30920.25,684,2026-09-25T22:30:18+00:00
2026-09-25T16:33:00Z,30919.75,30931.75,30918.0,30931.25,570,2026-09-25T22:30:18+00:00
2026-09-25T16:34:00Z,30931.25,30932.5,30863.5,30878.75,5286,2026-09-25T22:30:18+00:00
2026-09-25T16:35:00Z,30880.25,30897.75,30879.5,30893.75,1270,2026-09-25T22:30:18+00:00
2026-09-25T16:36:00Z,30893.0,30894.75,30877.5,30889.25,999,2026-09-25T22:30:18+00:00
2026-09-25T16:37:00Z,30888.5,30916.75,30888.5,30905.5,1191,2026-09-25T22:30:18+00:00
2026-09-25T16:38:00Z,30905.75,30905.75,30887.0,30901.5,858,2026-09-25T22:30:18+00:00
2026-09-25T16:39:00Z,30901.25,30908.25,30896.75,30898.5,476,2026-09-25T22:30:18+00:00
2026-09-25T16:40:00Z,30898.0,30903.5,30888.5,30890.25,590,2026-09-25T22:30:18+00:00
2026-09-25T16:41:00Z,30890.5,30898.75,30886.5,30894.0,477,2026-09-25T22:30:18+00:00
2026-09-25T16:42:00Z,30894.25,30913.25,30890.0,30893.25,1346,2026-09-25T22:30:18+00:00
2026-09-25T16:43:00Z,30894.25,30919.0,30893.5,30914.0,723,2026-09-25T22:30:18+00:00
2026-09-25T16:44:00Z,30913.0,30921.25,30902.75,30906.0,697,2026-09-25T22:30:18+00:00
2026-09-25T16:45:00Z,30904.75,30906.25,30891.75,30901.75,516,2026-09-25T22:30:18+00:00
2026-09-25T16:46:00Z,30901.0,30907.5,30896.0,30898.25,659,2026-09-25T22:30:18+00:00
2026-09-25T16:47:00Z,30896.75,30899.5,30891.25,30892.75,492,2026-09-25T22:30:18+00:00
2026-09-25T16:48:00Z,30893.0,30895.25,30870.0,30873.75,1124,2026-09-25T22:30:18+00:00
2026-09-25T16:49:00Z,30874.25,30883.75,30864.5,30881.75,809,2026-09-25T22:30:18+00:00
2026-09-25T16:50:00Z,30881.75,30889.25,30876.75,30883.0,612,2026-09-25T22:30:18+00:00
2026-09-25T16:51:00Z,30883.75,30887.25,30877.75,30887.25,412,2026-09-25T22:30:18+00:00
2026-09-25T16:52:00Z,30887.25,30896.0,30882.75,30893.5,599,2026-09-25T22:30:18+00:00
2026-09-25T16:53:00Z,30893.75,30898.5,30885.25,30887.25,409,2026-09-25T22:30:18+00:00
2026-09-25T16:54:00Z,30887.75,30894.0,30882.25,30892.5,373,2026-09-25T22:30:18+00:00
2026-09-25T16:55:00Z,30892.75,30900.75,30890.0,30893.5,383,2026-09-25T22:30:18+00:00
2026-09-25T16:56:00Z,30893.5,30902.75,30888.0,30893.0,578,2026-09-25T22:30:18+00:00
2026-09-25T16:57:00Z,30893.25,30893.25,30879.0,30881.0,461,2026-09-25T22:30:18+00:00
2026-09-25T16:58:00Z,30881.75,30884.5,30875.0,30876.75,368,2026-09-25T22:30:18+00:00
2026-09-25T16:59:00Z,30877.5,30888.25,30860.5,30877.5,2261,2026-09-25T22:30:18+00:00
2026-09-25T17:00:00Z,30878.0,30884.75,30872.75,30877.25,658,2026-09-25T22:30:18+00:00
2026-09-25T17:01:00Z,30877.5,30906.75,30877.5,30903.5,1659,2026-09-25T22:30:18+00:00
2026-09-25T17:02:00Z,30903.75,30917.0,30898.5,30911.75,763,2026-09-25T22:30:18+00:00
2026-09-25T17:03:00Z,30912.0,30920.5,30907.75,30911.5,691,2026-09-25T22:30:18+00:00
2026-09-25T17:04:00Z,30911.75,30915.0,30904.5,30909.75,593,2026-09-25T22:30:18+00:00
2026-09-25T17:05:00Z,30909.75,30917.5,30907.5,30910.0,433,2026-09-25T22:30:18+00:00
2026-09-25T17:06:00Z,30909.5,30914.5,30905.75,30908.75,450,2026-09-25T22:30:18+00:00
2026-09-25T17:07:00Z,30909.25,30910.5,30898.25,30905.75,518,2026-09-25T22:30:18+00:00
2026-09-25T17:08:00Z,30906.25,30906.75,30889.5,30902.0,695,2026-09-25T22:30:18+00:00
2026-09-25T17:09:00Z,30903.0,30916.5,30900.75,30912.0,604,2026-09-25T22:30:18+00:00
2026-09-25T17:10:00Z,30911.5,30912.5,30905.75,30908.25,331,2026-09-25T22:30:18+00:00
2026-09-25T17:11:00Z,30908.25,30910.25,30896.25,30898.5,445,2026-09-25T22:30:18+00:00
2026-09-25T17:12:00Z,30898.5,30906.5,30891.75,30905.75,382,2026-09-25T22:30:18+00:00
2026-09-25T17:13:00Z,30906.0,30919.25,30904.75,30911.75,539,2026-09-25T22:30:18+00:00
2026-09-25T17:14:00Z,30912.0,30922.5,30909.25,30922.5,420,2026-09-25T22:30:18+00:00
2026-09-25T17:15:00Z,30922.0,30925.5,30916.25,30922.5,645,2026-09-25T22:30:18+00:00
2026-09-25T17:16:00Z,30922.5,30923.25,30915.25,30915.75,373,2026-09-25T22:30:18+00:00
2026-09-25T17:17:00Z,30916.25,30927.0,30914.25,30915.25,573,2026-09-25T22:30:18+00:00
2026-09-25T17:18:00Z,30914.75,30917.5,30906.5,30912.0,506,2026-09-25T22:30:18+00:00
2026-09-25T17:19:00Z,30912.0,30915.5,30908.25,30911.5,356,2026-09-25T22:30:18+00:00
2026-09-25T17:20:00Z,30911.5,30919.25,30909.75,30917.25,453,2026-09-25T22:30:18+00:00
2026-09-25T17:21:00Z,30917.0,30917.5,30910.25,30913.25,355,2026-09-25T22:30:18+00:00
2026-09-25T17:22:00Z,30913.75,30922.5,30912.5,30916.25,338,2026-09-25T22:30:18+00:00
2026-09-25T17:23:00Z,30916.0,30923.5,30915.0,30921.75,347,2026-09-25T22:30:18+00:00
2026-09-25T17:24:00Z,30922.0,30925.0,30917.75,30923.0,286,2026-09-25T22:30:18+00:00
2026-09-25T17:25:00Z,30923.25,30925.25,30918.25,30919.0,248,2026-09-25T22:30:18+00:00
2026-09-25T17:26:00Z,30919.25,30920.75,30914.0,30915.75,311,2026-09-25T22:30:18+00:00
2026-09-25T17:27:00Z,30914.25,30916.75,30911.0,30913.75,296,2026-09-25T22:30:18+00:00
2026-09-25T17:28:00Z,30914.0,30920.0,30914.0,30916.75,265,2026-09-25T22:30:18+00:00
2026-09-25T17:29:00Z,30915.75,30919.25,30914.0,30918.25,253,2026-09-25T22:30:18+00:00
2026-09-25T17:30:00Z,30917.75,30923.25,30914.0,30918.5,654,2026-09-25T22:30:18+00:00
2026-09-25T17:31:00Z,30918.25,30918.25,30900.75,30902.75,706,2026-09-25T22:30:18+00:00
2026-09-25T17:32:00Z,30903.25,30909.25,30903.0,30909.25,349,2026-09-25T22:30:18+00:00
2026-09-25T17:33:00Z,30908.0,30914.75,30901.5,30902.0,627,2026-09-25T22:30:18+00:00
2026-09-25T17:34:00Z,30902.0,30902.75,30889.5,30899.0,882,2026-09-25T22:30:18+00:00
2026-09-25T17:35:00Z,30899.25,30902.75,30894.75,30899.5,473,2026-09-25T22:30:18+00:00
2026-09-25T17:36:00Z,30899.5,30904.0,30892.0,30893.0,561,2026-09-25T22:30:18+00:00
2026-09-25T17:37:00Z,30893.25,30894.25,30886.25,30891.25,636,2026-09-25T22:30:18+00:00
2026-09-25T17:38:00Z,30891.0,30899.25,30889.25,30894.25,481,2026-09-25T22:30:18+00:00
2026-09-25T17:39:00Z,30895.25,30916.75,30894.0,30903.5,1271,2026-09-25T22:30:18+00:00
2026-09-25T17:40:00Z,30903.0,30915.25,30902.0,30906.5,825,2026-09-25T22:30:18+00:00
2026-09-25T17:41:00Z,30906.25,30920.0,30905.75,30915.5,567,2026-09-25T22:30:18+00:00
2026-09-25T17:42:00Z,30915.75,30922.75,30915.25,30921.0,425,2026-09-25T22:30:18+00:00
2026-09-25T17:43:00Z,30921.0,30921.5,30909.5,30912.5,429,2026-09-25T22:30:18+00:00
2026-09-25T17:44:00Z,30912.75,30917.5,30902.5,30905.25,395,2026-09-25T22:30:18+00:00
2026-09-25T17:45:00Z,30905.25,30908.75,30901.0,30904.5,397,2026-09-25T22:30:18+00:00
2026-09-25T17:46:00Z,30904.25,30907.25,30901.75,30903.0,241,2026-09-25T22:30:18+00:00
2026-09-25T17:47:00Z,30903.25,30906.0,30898.75,30902.5,308,2026-09-25T22:30:18+00:00
2026-09-25T17:48:00Z,30902.5,30907.0,30899.5,30905.25,253,2026-09-25T22:30:18+00:00
2026-09-25T17:49:00Z,30906.0,30919.0,30906.0,30918.0,401,2026-09-25T22:30:18+00:00
2026-09-25T17:50:00Z,30918.25,30918.75,30912.5,30917.25,350,2026-09-25T22:30:18+00:00
2026-09-25T17:51:00Z,30917.0,30917.5,30910.75,30912.5,248,2026-09-25T22:30:18+00:00
2026-09-25T17:52:00Z,30912.5,30912.75,30899.0,30899.0,390,2026-09-25T22:30:18+00:00
2026-09-25T17:53:00Z,30899.25,30905.75,30897.0,30903.25,492,2026-09-25T22:30:18+00:00
2026-09-25T17:54:00Z,30903.0,30903.5,30890.75,30900.25,710,2026-09-25T22:30:18+00:00
2026-09-25T17:55:00Z,30899.75,30903.75,30898.0,30903.25,225,2026-09-25T22:30:18+00:00
2026-09-25T17:56:00Z,30902.75,30908.75,30901.0,30906.75,393,2026-09-25T22:30:18+00:00
2026-09-25T17:57:00Z,30906.75,30907.5,30903.25,30904.25,265,2026-09-25T22:30:18+00:00
2026-09-25T17:58:00Z,30904.5,30911.0,30904.5,30906.5,389,2026-09-25T22:30:18+00:00
2026-09-25T17:59:00Z,30906.75,30911.75,30906.75,30911.75,282,2026-09-25T22:30:18+00:00
2026-09-25T18:00:00Z,30912.0,30916.75,30909.0,30909.0,509,2026-09-25T22:30:18+00:00
2026-09-25T18:01:00Z,30909.25,30916.0,30907.0,30915.0,374,2026-09-25T22:30:18+00:00
2026-09-25T18:02:00Z,30915.5,30916.0,30906.75,30908.75,218,2026-09-25T22:30:18+00:00
2026-09-25T18:03:00Z,30909.75,30913.5,30909.25,30910.75,165,2026-09-25T22:30:18+00:00
2026-09-25T18:04:00Z,30911.25,30912.0,30902.75,30905.25,223,2026-09-25T22:30:18+00:00
2026-09-25T18:05:00Z,30904.75,30909.5,30901.75,30903.5,245,2026-09-25T22:30:18+00:00
2026-09-25T18:06:00Z,30903.5,30906.75,30900.75,30903.5,201,2026-09-25T22:30:18+00:00
2026-09-25T18:07:00Z,30903.0,30904.25,30896.5,30900.25,319,2026-09-25T22:30:18+00:00
2026-09-25T18:08:00Z,30900.25,30911.5,30899.25,30911.25,440,2026-09-25T22:30:18+00:00
2026-09-25T18:09:00Z,30911.25,30914.5,30910.0,30912.75,297,2026-09-25T22:30:18+00:00
2026-09-25T18:10:00Z,30912.5,30914.0,30910.0,30910.75,223,2026-09-25T22:30:18+00:00
2026-09-25T18:11:00Z,30911.75,30911.75,30906.75,30909.25,200,2026-09-25T22:30:18+00:00
2026-09-25T18:12:00Z,30909.0,30916.75,30905.25,30915.75,381,2026-09-25T22:30:18+00:00
2026-09-25T18:13:00Z,30915.5,30923.25,30915.5,30922.25,477,2026-09-25T22:30:18+00:00
2026-09-25T18:14:00Z,30922.0,30929.0,30918.25,30928.0,561,2026-09-25T22:30:18+00:00
2026-09-25T18:15:00Z,30928.5,30931.0,30924.25,30924.25,572,2026-09-25T22:30:18+00:00
2026-09-25T18:16:00Z,30925.0,30928.75,30922.75,30925.0,374,2026-09-25T22:30:18+00:00
2026-09-25T18:17:00Z,30925.0,30926.5,30923.5,30925.25,182,2026-09-25T22:30:18+00:00
2026-09-25T18:18:00Z,30925.75,30929.75,30919.75,30920.0,404,2026-09-25T22:30:18+00:00
2026-09-25T18:19:00Z,30920.0,30920.0,30913.5,30919.75,334,2026-09-25T22:30:18+00:00
2026-09-25T18:20:00Z,30919.25,30922.5,30918.25,30920.5,265,2026-09-25T22:30:18+00:00
2026-09-25T18:21:00Z,30920.5,30921.5,30913.0,30914.25,230,2026-09-25T22:30:18+00:00
2026-09-25T18:22:00Z,30914.25,30919.0,30909.75,30911.5,309,2026-09-25T22:30:18+00:00
2026-09-25T18:23:00Z,30911.5,30917.0,30910.5,30916.75,241,2026-09-25T22:30:18+00:00
2026-09-25T18:24:00Z,30916.75,30920.5,30916.5,30917.75,220,2026-09-25T22:30:18+00:00
2026-09-25T18:25:00Z,30917.5,30922.25,30916.25,30917.5,288,2026-09-25T22:30:18+00:00
2026-09-25T18:26:00Z,30917.5,30917.75,30888.75,30896.0,2428,2026-09-25T22:30:18+00:00
2026-09-25T18:27:00Z,30895.0,30899.25,30873.0,30879.0,1272,2026-09-25T22:30:18+00:00
2026-09-25T18:28:00Z,30878.75,30887.0,30871.25,30883.0,1365,2026-09-25T22:30:18+00:00
2026-09-25T18:29:00Z,30882.75,30891.5,30876.75,30891.5,931,2026-09-25T22:30:18+00:00
2026-09-25T18:30:00Z,30891.0,30907.75,30890.75,30903.75,845,2026-09-25T22:30:18+00:00
2026-09-25T18:31:00Z,30904.25,30916.5,30903.5,30911.5,694,2026-09-25T22:30:18+00:00
2026-09-25T18:32:00Z,30910.75,30916.25,30907.5,30909.25,386,2026-09-25T22:30:18+00:00
2026-09-25T18:33:00Z,30909.75,30915.0,30906.75,30911.75,334,2026-09-25T22:30:18+00:00
2026-09-25T18:34:00Z,30911.5,30913.0,30905.0,30906.25,312,2026-09-25T22:30:18+00:00
2026-09-25T18:35:00Z,30905.75,30908.25,30898.0,30905.0,451,2026-09-25T22:30:18+00:00
2026-09-25T18:36:00Z,30904.75,30908.0,30903.0,30904.75,242,2026-09-25T22:30:18+00:00
2026-09-25T18:37:00Z,30904.0,30906.25,30882.75,30886.25,812,2026-09-25T22:30:18+00:00
2026-09-25T18:38:00Z,30886.5,30886.75,30878.5,30884.0,519,2026-09-25T22:30:18+00:00
2026-09-25T18:39:00Z,30883.5,30885.5,30876.25,30876.75,468,2026-09-25T22:30:18+00:00
2026-09-25T18:40:00Z,30876.75,30878.25,30868.5,30876.5,626,2026-09-25T22:30:18+00:00
2026-09-25T18:41:00Z,30876.25,30882.0,30873.75,30880.25,541,2026-09-25T22:30:18+00:00
2026-09-25T18:42:00Z,30880.5,30891.5,30880.25,30891.0,662,2026-09-25T22:30:18+00:00
2026-09-25T18:43:00Z,30891.0,30894.0,30888.75,30892.0,419,2026-09-25T22:30:18+00:00
2026-09-25T18:44:00Z,30891.75,30901.0,30889.75,30900.25,422,2026-09-25T22:30:18+00:00
2026-09-25T18:45:00Z,30900.0,30902.5,30896.25,30897.0,397,2026-09-25T22:30:18+00:00
2026-09-25T18:46:00Z,30897.5,30899.5,30889.75,30889.75,385,2026-09-25T22:30:18+00:00
2026-09-25T18:47:00Z,30890.0,30890.75,30879.75,30882.5,513,2026-09-25T22:30:18+00:00
2026-09-25T18:48:00Z,30882.25,30888.25,30880.5,30885.5,488,2026-09-25T22:30:18+00:00
2026-09-25T18:49:00Z,30887.0,30888.75,30883.25,30885.5,258,2026-09-25T22:30:18+00:00
2026-09-25T18:50:00Z,30885.25,30886.75,30879.25,30882.75,458,2026-09-25T22:30:18+00:00
2026-09-25T18:51:00Z,30882.75,30887.0,30878.0,30883.5,330,2026-09-25T22:30:18+00:00
2026-09-25T18:52:00Z,30884.25,30887.5,30881.0,30887.25,324,2026-09-25T22:30:18+00:00
2026-09-25T18:53:00Z,30887.25,30887.75,30881.25,30882.5,236,2026-09-25T22:30:18+00:00
2026-09-25T18:54:00Z,30882.25,30882.75,30873.25,30875.0,482,2026-09-25T22:30:18+00:00
2026-09-25T18:55:00Z,30876.0,30881.0,30875.25,30876.75,361,2026-09-25T22:30:18+00:00
2026-09-25T18:56:00Z,30877.25,30879.5,30871.5,30872.0,335,2026-09-25T22:30:18+00:00
2026-09-25T18:57:00Z,30871.75,30874.5,30868.75,30872.5,474,2026-09-25T22:30:18+00:00
2026-09-25T18:58:00Z,30872.75,30876.25,30868.5,30874.75,350,2026-09-25T22:30:18+00:00
2026-09-25T18:59:00Z,30875.5,30877.5,30867.25,30868.5,346,2026-09-25T22:30:18+00:00
2026-09-25T19:00:00Z,30869.0,30880.5,30869.0,30874.25,581,2026-09-25T22:30:18+00:00
2026-09-25T19:01:00Z,30873.75,30888.0,30868.25,30870.0,1104,2026-09-25T22:30:18+00:00
2026-09-25T19:02:00Z,30870.5,30871.75,30864.0,30868.25,434,2026-09-25T22:30:18+00:00
2026-09-25T19:03:00Z,30868.25,30874.25,30863.0,30874.0,557,2026-09-25T22:30:18+00:00
2026-09-25T19:04:00Z,30874.25,30883.0,30873.5,30880.5,478,2026-09-25T22:30:18+00:00
2026-09-25T19:05:00Z,30880.5,30887.25,30876.5,30883.0,443,2026-09-25T22:30:18+00:00
2026-09-25T19:06:00Z,30883.0,30888.0,30876.75,30879.0,415,2026-09-25T22:30:18+00:00
2026-09-25T19:07:00Z,30879.25,30891.0,30878.25,30888.75,464,2026-09-25T22:30:18+00:00
2026-09-25T19:08:00Z,30889.0,30892.0,30887.5,30891.5,310,2026-09-25T22:30:18+00:00
2026-09-25T19:09:00Z,30891.25,30891.5,30884.75,30887.5,297,2026-09-25T22:30:18+00:00
2026-09-25T19:10:00Z,30887.5,30891.0,30885.75,30889.25,333,2026-09-25T22:30:18+00:00
2026-09-25T19:11:00Z,30890.0,30890.0,30882.75,30886.5,321,2026-09-25T22:30:18+00:00
2026-09-25T19:12:00Z,30887.25,30894.0,30885.25,30892.0,390,2026-09-25T22:30:18+00:00
2026-09-25T19:13:00Z,30892.75,30897.0,30888.0,30895.0,375,2026-09-25T22:30:18+00:00
2026-09-25T19:14:00Z,30894.5,30900.5,30893.5,30898.75,368,2026-09-25T22:30:18+00:00
2026-09-25T19:15:00Z,30898.5,30904.0,30893.75,30896.5,619,2026-09-25T22:30:18+00:00
2026-09-25T19:16:00Z,30896.25,30898.25,30892.5,30894.0,270,2026-09-25T22:30:18+00:00
2026-09-25T19:17:00Z,30893.75,30897.25,30890.25,30893.5,284,2026-09-25T22:30:18+00:00
2026-09-25T19:18:00Z,30894.25,30897.0,30891.75,30896.25,206,2026-09-25T22:30:18+00:00
2026-09-25T19:19:00Z,30896.25,30896.5,30886.0,30886.0,310,2026-09-25T22:30:18+00:00
2026-09-25T19:20:00Z,30886.25,30890.0,30880.75,30880.75,399,2026-09-25T22:30:18+00:00
2026-09-25T19:21:00Z,30880.75,30886.75,30878.75,30883.5,397,2026-09-25T22:30:18+00:00
2026-09-25T19:22:00Z,30884.5,30885.25,30873.75,30875.0,380,2026-09-25T22:30:18+00:00
2026-09-25T19:23:00Z,30875.25,30877.5,30870.75,30877.25,406,2026-09-25T22:30:18+00:00
2026-09-25T19:24:00Z,30877.5,30885.75,30876.75,30879.75,421,2026-09-25T22:30:18+00:00
2026-09-25T19:25:00Z,30879.0,30880.0,30872.75,30874.5,416,2026-09-25T22:30:18+00:00
2026-09-25T19:26:00Z,30874.75,30875.0,30860.0,30866.5,730,2026-09-25T22:30:18+00:00
2026-09-25T19:27:00Z,30866.0,30871.25,30863.75,30867.5,395,2026-09-25T22:30:18+00:00
2026-09-25T19:28:00Z,30868.25,30874.0,30863.75,30865.25,398,2026-09-25T22:30:18+00:00
2026-09-25T19:29:00Z,30866.0,30866.75,30859.25,30865.5,389,2026-09-25T22:30:18+00:00
2026-09-25T19:30:00Z,30865.5,30867.25,30858.0,30862.0,712,2026-09-25T22:30:18+00:00
2026-09-25T19:31:00Z,30861.0,30869.5,30858.25,30869.25,804,2026-09-25T22:30:18+00:00
2026-09-25T19:32:00Z,30869.0,30870.5,30864.5,30867.5,371,2026-09-25T22:30:18+00:00
2026-09-25T19:33:00Z,30867.75,30870.0,30863.0,30865.0,316,2026-09-25T22:30:18+00:00
2026-09-25T19:34:00Z,30864.75,30866.5,30850.0,30852.25,591,2026-09-25T22:30:18+00:00
2026-09-25T19:35:00Z,30852.75,30854.75,30849.25,30852.5,549,2026-09-25T22:30:18+00:00
2026-09-25T19:36:00Z,30852.0,30855.25,30845.0,30854.5,576,2026-09-25T22:30:18+00:00
2026-09-25T19:37:00Z,30853.5,30875.0,30852.0,30873.0,1695,2026-09-25T22:30:18+00:00
2026-09-25T19:38:00Z,30872.75,30882.25,30870.75,30877.25,900,2026-09-25T22:30:18+00:00
2026-09-25T19:39:00Z,30877.25,30882.75,30875.25,30880.0,345,2026-09-25T22:30:18+00:00
2026-09-25T19:40:00Z,30880.5,30881.25,30872.0,30876.75,444,2026-09-25T22:30:18+00:00
2026-09-25T19:41:00Z,30876.0,30884.5,30875.5,30879.5,336,2026-09-25T22:30:18+00:00
2026-09-25T19:42:00Z,30879.25,30890.75,30879.0,30886.0,511,2026-09-25T22:30:18+00:00
2026-09-25T19:43:00Z,30886.5,30899.5,30886.0,30897.25,636,2026-09-25T22:30:18+00:00
2026-09-25T19:44:00Z,30898.5,30900.0,30887.5,30891.5,501,2026-09-25T22:30:18+00:00
2026-09-25T19:45:00Z,30891.75,30915.0,30891.75,30907.25,1953,2026-09-25T22:30:18+00:00
2026-09-25T19:46:00Z,30907.5,30918.75,30905.25,30916.0,849,2026-09-25T22:30:18+00:00
2026-09-25T19:47:00Z,30916.25,30917.75,30909.25,30913.25,814,2026-09-25T22:30:18+00:00
2026-09-25T19:48:00Z,30913.25,30914.75,30906.75,30909.0,759,2026-09-25T22:30:18+00:00
2026-09-25T19:49:00Z,30908.75,30912.0,30906.0,30907.0,720,2026-09-25T22:30:18+00:00
2026-09-25T19:50:00Z,30909.0,30930.5,30909.0,30930.5,1632,2026-09-25T22:30:18+00:00
2026-09-25T19:51:00Z,30930.5,30935.0,30919.25,30924.75,912,2026-09-25T22:30:18+00:00
2026-09-25T19:52:00Z,30925.75,30930.25,30919.75,30920.75,818,2026-09-25T22:30:18+00:00
2026-09-25T19:53:00Z,30921.0,30928.25,30918.5,30923.0,764,2026-09-25T22:30:18+00:00
2026-09-25T19:54:00Z,30923.0,30926.0,30907.75,30911.25,1482,2026-09-25T22:30:18+00:00
2026-09-25T19:55:00Z,30911.75,30918.5,30900.25,30900.5,1603,2026-09-25T22:30:18+00:00
2026-09-25T19:56:00Z,30900.75,30902.25,30889.75,30893.75,1204,2026-09-25T22:30:18+00:00
2026-09-25T19:57:00Z,30893.75,30904.25,30893.25,30902.5,1179,2026-09-25T22:30:18+00:00
2026-09-25T19:58:00Z,30902.0,30906.0,30896.5,30899.5,1234,2026-09-25T22:30:18+00:00
2026-09-25T19:59:00Z,30899.5,30901.75,30883.75,30891.5,7275,2026-09-25T22:30:18+00:00
2026-09-25T20:00:00Z,30891.25,30898.0,30880.5,30895.5,1937,2026-09-25T22:30:18+00:00
2026-09-25T20:01:00Z,30895.75,30896.0,30883.75,30887.75,478,2026-09-25T22:30:18+00:00
2026-09-25T20:02:00Z,30888.0,30895.5,30886.5,30895.5,511,2026-09-25T22:30:18+00:00
2026-09-25T20:03:00Z,30896.0,30898.5,30893.0,30893.25,368,2026-09-25T22:30:18+00:00
2026-09-25T20:04:00Z,30893.5,30898.75,30893.25,30895.75,385,2026-09-25T22:30:18+00:00
2026-09-25T20:05:00Z,30895.0,30896.75,30888.75,30896.25,352,2026-09-25T22:30:18+00:00
2026-09-25T20:06:00Z,30896.0,30898.25,30891.75,30895.75,247,2026-09-25T22:30:18+00:00
2026-09-25T20:07:00Z,30895.5,30903.0,30895.5,30900.75,193,2026-09-25T22:30:18+00:00
2026-09-25T20:08:00Z,30900.5,30904.5,30897.5,30899.5,257,2026-09-25T22:30:18+00:00
2026-09-25T20:09:00Z,30899.5,30901.0,30895.5,30897.0,135,2026-09-25T22:30:18+00:00
2026-09-25T20:10:00Z,30896.25,30897.75,30892.25,30894.25,265,2026-09-25T22:30:18+00:00
2026-09-25T20:11:00Z,30893.5,30896.0,30890.75,30891.25,261,2026-09-25T22:30:18+00:00
2026-09-25T20:12:00Z,30891.75,30894.75,30891.0,30893.0,141,2026-09-25T22:30:18+00:00
2026-09-25T20:13:00Z,30893.0,30899.75,30893.0,30898.25,189,2026-09-25T22:30:18+00:00
2026-09-25T20:14:00Z,30898.75,30899.5,30891.25,30892.0,386,2026-09-25T22:30:18+00:00
2026-09-25T20:15:00Z,30891.25,30893.0,30889.0,30891.25,173,2026-09-25T22:30:18+00:00
2026-09-25T20:16:00Z,30890.75,30892.25,30886.0,30887.0,127,2026-09-25T22:30:18+00:00
2026-09-25T20:17:00Z,30886.5,30890.25,30884.25,30890.25,146,2026-09-25T22:30:18+00:00
2026-09-25T20:18:00Z,30890.5,30891.0,30887.0,30888.0,76,2026-09-25T22:30:18+00:00
2026-09-25T20:19:00Z,30889.0,30890.5,30888.75,30889.75,33,2026-09-25T22:30:18+00:00
2026-09-25T20:20:00Z,30889.0,30890.75,30887.5,30889.5,63,2026-09-25T22:30:18+00:00
2026-09-25T20:21:00Z,30889.5,30889.75,30886.5,30888.75,44,2026-09-25T22:30:18+00:00
2026-09-25T20:22:00Z,30887.25,30888.5,30885.0,30885.5,138,2026-09-25T22:30:18+00:00
2026-09-25T20:23:00Z,30885.5,30887.25,30884.0,30887.25,48,2026-09-25T22:30:18+00:00
2026-09-25T20:24:00Z,30887.75,30890.75,30887.75,30888.5,66,2026-09-25T22:30:18+00:00
2026-09-25T20:25:00Z,30888.5,30890.5,30887.25,30890.0,99,2026-09-25T22:30:18+00:00
2026-09-25T20:26:00Z,30890.0,30896.75,30890.0,30891.0,164,2026-09-25T22:30:18+00:00
2026-09-25T20:27:00Z,30891.75,30893.5,30890.25,30892.5,80,2026-09-25T22:30:18+00:00
2026-09-25T20:28:00Z,30892.5,30897.25,30891.75,30897.0,69,2026-09-25T22:30:18+00:00
2026-09-25T20:29:00Z,30896.75,30900.0,30895.5,30898.5,178,2026-09-25T22:30:18+00:00
2026-09-25T20:30:00Z,30898.25,30904.5,30897.5,30901.75,177,2026-09-25T22:30:18+00:00
2026-09-25T20:31:00Z,30902.5,30908.75,30902.5,30907.75,109,2026-09-25T22:30:18+00:00
2026-09-25T20:32:00Z,30908.0,30909.75,30907.0,30909.5,83,2026-09-25T22:30:18+00:00
2026-09-25T20:33:00Z,30910.0,30911.0,30908.75,30910.25,94,2026-09-25T22:30:18+00:00
2026-09-25T20:34:00Z,30910.25,30914.5,30910.25,30913.75,140,2026-09-25T22:30:18+00:00
2026-09-25T20:35:00Z,30913.5,30917.75,30913.25,30914.25,154,2026-09-25T22:30:18+00:00
2026-09-25T20:36:00Z,30914.25,30921.75,30913.5,30914.5,218,2026-09-25T22:30:18+00:00
2026-09-25T20:37:00Z,30913.25,30915.5,30912.25,30912.75,77,2026-09-25T22:30:18+00:00
2026-09-25T20:38:00Z,30912.75,30913.75,30910.25,30912.5,47,2026-09-25T22:30:18+00:00
2026-09-25T20:39:00Z,30913.0,30914.5,30911.5,30911.75,72,2026-09-25T22:30:18+00:00
2026-09-25T20:40:00Z,30911.5,30914.5,30910.5,30911.75,45,2026-09-25T22:30:18+00:00
2026-09-25T20:41:00Z,30912.25,30913.0,30910.0,30910.25,36,2026-09-25T22:30:18+00:00
2026-09-25T20:42:00Z,30911.0,30912.25,30910.0,30910.25,48,2026-09-25T22:30:18+00:00
2026-09-25T20:43:00Z,30910.5,30914.25,30910.5,30913.75,58,2026-09-25T22:30:18+00:00
2026-09-25T20:44:00Z,30914.0,30917.0,30912.5,30916.0,104,2026-09-25T22:30:18+00:00
2026-09-25T20:45:00Z,30915.5,30918.5,30914.25,30916.25,114,2026-09-25T22:30:18+00:00
2026-09-25T20:46:00Z,30916.5,30917.75,30915.25,30917.5,106,2026-09-25T22:30:18+00:00
2026-09-25T20:47:00Z,30917.5,30918.25,30913.25,30914.75,102,2026-09-25T22:30:18+00:00
2026-09-25T20:48:00Z,30915.25,30916.75,30914.0,30916.5,96,2026-09-25T22:30:18+00:00
2026-09-25T20:49:00Z,30916.25,30916.75,30915.25,30916.0,125,2026-09-25T22:30:18+00:00
2026-09-25T20:50:00Z,30915.75,30918.0,30914.75,30916.25,84,2026-09-25T22:30:18+00:00
2026-09-25T20:51:00Z,30916.0,30922.0,30915.25,30918.25,127,2026-09-25T22:30:18+00:00
2026-09-25T20:52:00Z,30918.5,30921.0,30918.5,30919.5,40,2026-09-25T22:30:18+00:00
2026-09-25T20:53:00Z,30919.75,30919.75,30915.75,30917.5,75,2026-09-25T22:30:18+00:00
2026-09-25T20:54:00Z,30917.0,30918.75,30916.25,30917.25,88,2026-09-25T22:30:18+00:00
2026-09-25T20:55:00Z,30916.5,30917.0,30914.25,30915.75,87,2026-09-25T22:30:18+00:00
2026-09-25T20:56:00Z,30915.0,30915.0,30913.25,30913.5,47,2026-09-25T22:30:18+00:00
2026-09-25T20:57:00Z,30913.25,30918.75,30913.0,30917.75,86,2026-09-25T22:30:18+00:00
2026-09-25T20:58:00Z,30917.75,30920.0,30916.5,30919.0,48,2026-09-25T22:30:18+00:00
2026-09-25T20:59:00Z,30919.25,30922.25,30918.0,30921.75,243,2026-09-25T22:30:18+00:00
