ts_utc,Open,High,Low,Close,Volume,captured_at
2026-10-01T00:00:00Z,30819.25,30825.0,30811.25,30816.25,295,2026-10-01T22:30:27+00:00
2026-10-01T00:01:00Z,30816.0,30817.25,30805.25,30809.25,289,2026-10-01T22:30:27+00:00
2026-10-01T00:02:00Z,30810.25,30811.0,30802.0,30802.25,165,2026-10-01T22:30:27+00:00
2026-10-01T00:03:00Z,30802.25,30803.0,30795.75,30802.5,189,2026-10-01T22:30:27+00:00
2026-10-01T00:04:00Z,30802.25,30807.75,30797.75,30798.0,90,2026-10-01T22:30:27+00:00
2026-10-01T00:05:00Z,30797.0,30801.5,30790.0,30792.0,236,2026-10-01T22:30:27+00:00
2026-10-01T00:06:00Z,30791.75,30802.25,30787.25,30800.0,196,2026-10-01T22:30:27+00:00
2026-10-01T00:07:00Z,30799.0,30805.0,30799.0,30804.25,146,2026-10-01T22:30:27+00:00
2026-10-01T00:08:00Z,30804.75,30804.75,30797.25,30801.0,95,2026-10-01T22:30:27+00:00
2026-10-01T00:09:00Z,30800.25,30800.25,30782.0,30793.0,377,2026-10-01T22:30:27+00:00
2026-10-01T00:10:00Z,30795.5,30801.5,30792.5,30799.25,156,2026-10-01T22:30:27+00:00
2026-10-01T00:11:00Z,30799.25,30803.25,30793.25,30800.5,133,2026-10-01T22:30:27+00:00
2026-10-01T00:12:00Z,30801.0,30807.25,30800.75,30804.5,118,2026-10-01T22:30:27+00:00
2026-10-01T00:13:00Z,30802.75,30804.5,30797.25,30800.25,69,2026-10-01T22:30:27+00:00
2026-10-01T00:14:00Z,30800.0,30802.0,30798.25,30800.25,28,2026-10-01T22:30:27+00:00
2026-10-01T00:15:00Z,30799.75,30802.75,30779.5,30781.5,306,2026-10-01T22:30:27+00:00
2026-10-01T00:16:00Z,30783.5,30787.75,30772.5,30778.25,358,2026-10-01T22:30:27+00:00
2026-10-01T00:17:00Z,30778.75,30785.0,30773.75,30783.25,177,2026-10-01T22:30:27+00:00
2026-10-01T00:18:00Z,30782.5,30783.25,30769.0,30770.25,133,2026-10-01T22:30:27+00:00
2026-10-01T00:19:00Z,30770.0,30777.25,30767.0,30774.25,191,2026-10-01T22:30:27+00:00
2026-10-01T00:20:00Z,30774.5,30779.25,30772.75,30777.75,142,2026-10-01T22:30:27+00:00
2026-10-01T00:21:00Z,30778.0,30781.5,30771.0,30773.0,116,2026-10-01T22:30:27+00:00
2026-10-01T00:22:00Z,30773.25,30775.75,30763.0,30763.0,203,2026-10-01T22:30:27+00:00
2026-10-01T00:23:00Z,30762.5,30765.25,30752.25,30754.25,478,2026-10-01T22:30:27+00:00
2026-10-01T00:24:00Z,30755.0,30765.0,30754.0,30759.0,101,2026-10-01T22:30:27+00:00
2026-10-01T00:25:00Z,30757.75,30768.0,30756.75,30768.0,136,2026-10-01T22:30:27+00:00
2026-10-01T00:26:00Z,30768.25,30771.5,30764.5,30771.5,118,2026-10-01T22:30:27+00:00
2026-10-01T00:27:00Z,30769.5,30779.25,30768.5,30771.75,180,2026-10-01T22:30:27+00:00
2026-10-01T00:28:00Z,30770.5,30771.0,30765.0,30767.5,55,2026-10-01T22:30:27+00:00
2026-10-01T00:29:00Z,30767.25,30769.0,30754.75,30757.75,108,2026-10-01T22:30:27+00:00
2026-10-01T00:30:00Z,30757.75,30757.75,30726.75,30734.75,558,2026-10-01T22:30:27+00:00
2026-10-01T00:31:00Z,30734.0,30736.0,30725.75,30732.25,187,2026-10-01T22:30:27+00:00
2026-10-01T00:32:00Z,30732.75,30736.0,30728.0,30735.0,146,2026-10-01T22:30:27+00:00
2026-10-01T00:33:00Z,30734.0,30738.75,30732.75,30735.5,114,2026-10-01T22:30:27+00:00
2026-10-01T00:34:00Z,30735.25,30739.0,30724.75,30725.5,146,2026-10-01T22:30:27+00:00
2026-10-01T00:35:00Z,30726.5,30734.5,30725.25,30734.0,159,2026-10-01T22:30:27+00:00
2026-10-01T00:36:00Z,30733.5,30751.5,30731.0,30751.5,277,2026-10-01T22:30:27+00:00
2026-10-01T00:37:00Z,30751.25,30751.5,30738.5,30743.75,176,2026-10-01T22:30:27+00:00
2026-10-01T00:38:00Z,30745.5,30745.5,30738.0,30742.5,97,2026-10-01T22:30:27+00:00
2026-10-01T00:39:00Z,30743.0,30748.5,30739.25,30744.0,117,2026-10-01T22:30:27+00:00
2026-10-01T00:40:00Z,30744.25,30756.75,30744.25,30754.0,172,2026-10-01T22:30:27+00:00
2026-10-01T00:41:00Z,30755.0,30768.0,30752.25,30753.75,317,2026-10-01T22:30:27+00:00
2026-10-01T00:42:00Z,30755.5,30761.5,30754.75,30760.75,58,2026-10-01T22:30:27+00:00
2026-10-01T00:43:00Z,30759.5,30770.25,30757.25,30767.5,110,2026-10-01T22:30:27+00:00
2026-10-01T00:44:00Z,30767.25,30787.75,30767.25,30783.0,395,2026-10-01T22:30:27+00:00
2026-10-01T00:45:00Z,30783.0,30783.25,30773.5,30773.75,131,2026-10-01T22:30:27+00:00
2026-10-01T00:46:00Z,30775.25,30777.25,30772.0,30773.5,114,2026-10-01T22:30:27+00:00
2026-10-01T00:47:00Z,30771.75,30772.5,30764.25,30765.5,155,2026-10-01T22:30:27+00:00
2026-10-01T00:48:00Z,30767.75,30776.75,30767.75,30773.25,99,2026-10-01T22:30:27+00:00
2026-10-01T00:49:00Z,30773.5,30776.25,30771.25,30772.0,69,2026-10-01T22:30:27+00:00
2026-10-01T00:50:00Z,30771.25,30774.25,30766.75,30773.0,84,2026-10-01T22:30:27+00:00
2026-10-01T00:51:00Z,30775.0,30775.0,30764.5,30770.5,88,2026-10-01T22:30:27+00:00
2026-10-01T00:52:00Z,30770.75,30771.0,30762.0,30769.5,54,2026-10-01T22:30:27+00:00
2026-10-01T00:53:00Z,30769.0,30769.0,30755.25,30760.0,131,2026-10-01T22:30:27+00:00
2026-10-01T00:54:00Z,30759.5,30763.0,30755.0,30756.0,127,2026-10-01T22:30:27+00:00
2026-10-01T00:55:00Z,30757.5,30770.75,30755.75,30766.75,165,2026-10-01T22:30:27+00:00
2026-10-01T00:56:00Z,30766.0,30778.0,30766.0,30771.0,169,2026-10-01T22:30:27+00:00
2026-10-01T00:57:00Z,30771.5,30776.0,30769.75,30775.0,50,2026-10-01T22:30:27+00:00
2026-10-01T00:58:00Z,30775.5,30789.5,30774.75,30785.75,311,2026-10-01T22:30:27+00:00
2026-10-01T00:59:00Z,30787.0,30793.75,30785.0,30787.75,182,2026-10-01T22:30:27+00:00
2026-10-01T01:00:00Z,30788.25,30797.75,30786.0,30790.5,189,2026-10-01T22:30:27+00:00
2026-10-01T01:01:00Z,30790.0,30795.25,30783.5,30794.25,110,2026-10-01T22:30:27+00:00
2026-10-01T01:02:00Z,30793.75,30798.0,30787.0,30788.25,114,2026-10-01T22:30:27+00:00
2026-10-01T01:03:00Z,30786.25,30789.25,30783.0,30789.0,98,2026-10-01T22:30:27+00:00
2026-10-01T01:04:00Z,30789.0,30800.0,30789.0,30791.25,155,2026-10-01T22:30:27+00:00
2026-10-01T01:05:00Z,30790.75,30795.0,30787.75,30791.25,70,2026-10-01T22:30:27+00:00
2026-10-01T01:06:00Z,30790.75,30801.5,30790.75,30797.75,141,2026-10-01T22:30:27+00:00
2026-10-01T01:07:00Z,30797.75,30806.0,30795.0,30798.0,204,2026-10-01T22:30:27+00:00
2026-10-01T01:08:00Z,30798.0,30809.0,30796.5,30807.25,179,2026-10-01T22:30:27+00:00
2026-10-01T01:09:00Z,30807.0,30812.0,30804.25,30811.25,147,2026-10-01T22:30:27+00:00
2026-10-01T01:10:00Z,30812.5,30816.0,30806.75,30815.25,234,2026-10-01T22:30:27+00:00
2026-10-01T01:11:00Z,30815.75,30819.5,30809.5,30817.75,250,2026-10-01T22:30:27+00:00
2026-10-01T01:12:00Z,30818.0,30831.0,30816.25,30831.0,365,2026-10-01T22:30:27+00:00
2026-10-01T01:13:00Z,30830.5,30838.5,30827.5,30836.0,427,2026-10-01T22:30:27+00:00
2026-10-01T01:14:00Z,30836.75,30837.75,30817.25,30817.75,332,2026-10-01T22:30:27+00:00
2026-10-01T01:15:00Z,30818.0,30819.5,30804.25,30818.75,253,2026-10-01T22:30:27+00:00
2026-10-01T01:16:00Z,30817.25,30818.0,30812.0,30813.5,81,2026-10-01T22:30:27+00:00
2026-10-01T01:17:00Z,30812.25,30812.25,30806.75,30811.75,97,2026-10-01T22:30:27+00:00
2026-10-01T01:18:00Z,30812.5,30814.0,30807.25,30810.5,118,2026-10-01T22:30:27+00:00
2026-10-01T01:19:00Z,30811.25,30821.75,30810.75,30820.5,122,2026-10-01T22:30:27+00:00
2026-10-01T01:20:00Z,30819.25,30831.75,30818.75,30831.25,184,2026-10-01T22:30:27+00:00
2026-10-01T01:21:00Z,30832.5,30833.5,30820.0,30825.75,111,2026-10-01T22:30:27+00:00
2026-10-01T01:22:00Z,30824.5,30828.25,30821.25,30824.75,70,2026-10-01T22:30:27+00:00
2026-10-01T01:23:00Z,30826.0,30830.5,30824.0,30829.0,97,2026-10-01T22:30:27+00:00
2026-10-01T01:24:00Z,30829.0,30835.75,30828.75,30831.25,127,2026-10-01T22:30:27+00:00
2026-10-01T01:25:00Z,30831.5,30841.0,30830.5,30835.0,146,2026-10-01T22:30:27+00:00
2026-10-01T01:26:00Z,30834.5,30835.75,30828.75,30831.25,103,2026-10-01T22:30:27+00:00
2026-10-01T01:27:00Z,30832.25,30834.5,30828.5,30830.5,81,2026-10-01T22:30:27+00:00
2026-10-01T01:28:00Z,30829.75,30834.25,30827.25,30834.0,73,2026-10-01T22:30:27+00:00
2026-10-01T01:29:00Z,30833.5,30833.75,30824.0,30824.0,107,2026-10-01T22:30:27+00:00
2026-10-01T01:30:00Z,30825.75,30828.25,30821.75,30822.5,123,2026-10-01T22:30:27+00:00
2026-10-01T01:31:00Z,30821.25,30828.0,30817.75,30823.25,117,2026-10-01T22:30:27+00:00
2026-10-01T01:32:00Z,30822.0,30832.75,30821.0,30830.75,116,2026-10-01T22:30:27+00:00
2026-10-01T01:33:00Z,30830.25,30842.5,30829.75,30840.5,177,2026-10-01T22:30:27+00:00
2026-10-01T01:34:00Z,30842.0,30845.25,30838.25,30839.25,184,2026-10-01T22:30:27+00:00
2026-10-01T01:35:00Z,30840.75,30843.75,30837.0,30841.5,119,2026-10-01T22:30:27+00:00
2026-10-01T01:36:00Z,30841.5,30845.5,30834.25,30837.5,104,2026-10-01T22:30:27+00:00
2026-10-01T01:37:00Z,30837.75,30839.5,30827.25,30827.25,105,2026-10-01T22:30:27+00:00
2026-10-01T01:38:00Z,30827.25,30833.0,30827.0,30831.75,105,2026-10-01T22:30:27+00:00
2026-10-01T01:39:00Z,30829.5,30833.75,30826.75,30832.25,89,2026-10-01T22:30:27+00:00
2026-10-01T01:40:00Z,30833.0,30833.0,30829.25,30830.5,25,2026-10-01T22:30:27+00:00
2026-10-01T01:41:00Z,30830.0,30830.0,30817.0,30825.0,179,2026-10-01T22:30:27+00:00
2026-10-01T01:42:00Z,30825.0,30830.0,30821.5,30828.75,74,2026-10-01T22:30:27+00:00
2026-10-01T01:43:00Z,30827.75,30831.25,30824.75,30829.75,51,2026-10-01T22:30:27+00:00
2026-10-01T01:44:00Z,30827.25,30829.0,30825.0,30826.25,19,2026-10-01T22:30:27+00:00
2026-10-01T01:45:00Z,30828.0,30830.5,30822.0,30823.75,91,2026-10-01T22:30:27+00:00
2026-10-01T01:46:00Z,30823.75,30827.75,30818.75,30820.75,129,2026-10-01T22:30:27+00:00
2026-10-01T01:47:00Z,30820.75,30823.0,30816.5,30817.25,109,2026-10-01T22:30:27+00:00
2026-10-01T01:48:00Z,30816.25,30820.75,30812.5,30816.75,97,2026-10-01T22:30:27+00:00
2026-10-01T01:49:00Z,30815.5,30816.0,30807.0,30810.75,193,2026-10-01T22:30:27+00:00
2026-10-01T01:50:00Z,30809.75,30823.5,30809.5,30818.5,124,2026-10-01T22:30:27+00:00
2026-10-01T01:51:00Z,30818.0,30823.75,30817.75,30819.75,50,2026-10-01T22:30:27+00:00
2026-10-01T01:52:00Z,30821.0,30825.0,30817.75,30822.75,75,2026-10-01T22:30:27+00:00
2026-10-01T01:53:00Z,30822.25,30822.5,30814.5,30821.5,55,2026-10-01T22:30:27+00:00
2026-10-01T01:54:00Z,30821.5,30821.5,30818.0,30819.0,48,2026-10-01T22:30:27+00:00
2026-10-01T01:55:00Z,30818.25,30824.25,30816.25,30823.0,43,2026-10-01T22:30:27+00:00
2026-10-01T01:56:00Z,30823.5,30827.25,30820.25,30821.0,54,2026-10-01T22:30:27+00:00
2026-10-01T01:57:00Z,30821.0,30821.0,30814.0,30816.75,85,2026-10-01T22:30:27+00:00
2026-10-01T01:58:00Z,30816.0,30822.5,30812.5,30822.5,78,2026-10-01T22:30:27+00:00
2026-10-01T01:59:00Z,30822.5,30825.5,30818.75,30821.0,64,2026-10-01T22:30:27+00:00
2026-10-01T02:00:00Z,30821.75,30833.75,30820.75,30831.0,185,2026-10-01T22:30:27+00:00
2026-10-01T02:01:00Z,30830.25,30831.5,30822.5,30825.25,116,2026-10-01T22:30:27+00:00
2026-10-01T02:02:00Z,30825.75,30825.75,30815.0,30823.25,80,2026-10-01T22:30:27+00:00
2026-10-01T02:03:00Z,30823.5,30825.75,30820.0,30824.0,45,2026-10-01T22:30:27+00:00
2026-10-01T02:04:00Z,30825.0,30829.25,30823.5,30826.25,71,2026-10-01T22:30:27+00:00
2026-10-01T02:05:00Z,30827.5,30831.5,30822.5,30823.5,66,2026-10-01T22:30:27+00:00
2026-10-01T02:06:00Z,30824.5,30840.5,30824.5,30826.75,199,2026-10-01T22:30:27+00:00
2026-10-01T02:07:00Z,30825.75,30828.0,30818.0,30826.0,81,2026-10-01T22:30:27+00:00
2026-10-01T02:08:00Z,30827.25,30831.0,30827.0,30828.5,28,2026-10-01T22:30:27+00:00
2026-10-01T02:09:00Z,30825.0,30829.25,30823.75,30825.25,37,2026-10-01T22:30:27+00:00
2026-10-01T02:10:00Z,30828.0,30838.0,30826.0,30832.75,96,2026-10-01T22:30:27+00:00
2026-10-01T02:11:00Z,30832.75,30842.25,30831.25,30840.0,123,2026-10-01T22:30:27+00:00
2026-10-01T02:12:00Z,30840.75,30845.75,30836.75,30840.0,252,2026-10-01T22:30:27+00:00
2026-10-01T02:13:00Z,30838.25,30843.5,30832.0,30832.75,165,2026-10-01T22:30:27+00:00
2026-10-01T02:14:00Z,30835.25,30838.75,30825.0,30830.75,95,2026-10-01T22:30:27+00:00
2026-10-01T02:15:00Z,30829.75,30835.0,30829.75,30834.5,47,2026-10-01T22:30:27+00:00
2026-10-01T02:16:00Z,30832.75,30844.75,30832.0,30841.75,134,2026-10-01T22:30:27+00:00
2026-10-01T02:17:00Z,30841.0,30842.75,30839.5,30840.0,26,2026-10-01T22:30:27+00:00
2026-10-01T02:18:00Z,30838.25,30838.25,30829.75,30831.75,73,2026-10-01T22:30:27+00:00
2026-10-01T02:19:00Z,30834.75,30838.0,30826.75,30827.75,365,2026-10-01T22:30:27+00:00
2026-10-01T02:20:00Z,30827.25,30828.5,30822.0,30827.5,125,2026-10-01T22:30:27+00:00
2026-10-01T02:21:00Z,30827.25,30830.0,30820.5,30829.0,64,2026-10-01T22:30:27+00:00
2026-10-01T02:22:00Z,30828.25,30838.0,30828.0,30838.0,75,2026-10-01T22:30:27+00:00
2026-10-01T02:23:00Z,30836.25,30844.0,30834.5,30841.25,136,2026-10-01T22:30:27+00:00
2026-10-01T02:24:00Z,30842.5,30855.25,30842.5,30845.25,411,2026-10-01T22:30:27+00:00
2026-10-01T02:25:00Z,30845.0,30846.0,30837.5,30841.0,133,2026-10-01T22:30:27+00:00
2026-10-01T02:26:00Z,30839.75,30842.25,30838.5,30840.75,41,2026-10-01T22:30:27+00:00
2026-10-01T02:27:00Z,30840.5,30841.5,30833.25,30835.0,63,2026-10-01T22:30:27+00:00
2026-10-01T02:28:00Z,30834.5,30850.0,30834.5,30849.75,102,2026-10-01T22:30:27+00:00
2026-10-01T02:29:00Z,30850.25,30857.75,30848.75,30856.75,191,2026-10-01T22:30:27+00:00
2026-10-01T02:30:00Z,30856.5,30859.25,30851.0,30855.0,122,2026-10-01T22:30:27+00:00
2026-10-01T02:31:00Z,30853.75,30856.25,30850.25,30854.25,54,2026-10-01T22:30:27+00:00
2026-10-01T02:32:00Z,30853.5,30861.5,30852.0,30857.5,163,2026-10-01T22:30:27+00:00
2026-10-01T02:33:00Z,30857.75,30860.25,30856.75,30857.75,56,2026-10-01T22:30:27+00:00
2026-10-01T02:34:00Z,30857.0,30859.25,30856.0,30858.5,37,2026-10-01T22:30:27+00:00
2026-10-01T02:35:00Z,30859.25,30863.75,30858.75,30862.0,143,2026-10-01T22:30:27+00:00
2026-10-01T02:36:00Z,30862.25,30862.25,30857.5,30861.0,106,2026-10-01T22:30:27+00:00
2026-10-01T02:37:00Z,30860.5,30863.75,30857.0,30858.0,98,2026-10-01T22:30:27+00:00
2026-10-01T02:38:00Z,30858.25,30859.0,30855.25,30856.75,76,2026-10-01T22:30:27+00:00
2026-10-01T02:39:00Z,30858.0,30860.25,30856.5,30860.0,43,2026-10-01T22:30:27+00:00
2026-10-01T02:40:00Z,30859.25,30864.25,30857.75,30862.0,67,2026-10-01T22:30:27+00:00
2026-10-01T02:41:00Z,30861.75,30863.0,30860.75,30862.0,40,2026-10-01T22:30:27+00:00
2026-10-01T02:42:00Z,30863.0,30864.0,30857.25,30862.0,108,2026-10-01T22:30:27+00:00
2026-10-01T02:43:00Z,30863.25,30867.5,30863.0,30867.25,84,2026-10-01T22:30:27+00:00
2026-10-01T02:44:00Z,30866.5,30869.5,30863.5,30863.5,111,2026-10-01T22:30:27+00:00
2026-10-01T02:45:00Z,30862.0,30864.5,30858.5,30860.5,75,2026-10-01T22:30:27+00:00
2026-10-01T02:46:00Z,30861.25,30865.5,30860.0,30860.25,59,2026-10-01T22:30:27+00:00
2026-10-01T02:47:00Z,30860.0,30861.0,30857.75,30858.75,78,2026-10-01T22:30:27+00:00
2026-10-01T02:48:00Z,30858.25,30860.0,30852.75,30854.0,121,2026-10-01T22:30:27+00:00
2026-10-01T02:49:00Z,30853.75,30856.0,30851.75,30855.25,47,2026-10-01T22:30:27+00:00
2026-10-01T02:50:00Z,30853.75,30854.75,30850.75,30854.75,75,2026-10-01T22:30:27+00:00
2026-10-01T02:51:00Z,30854.75,30863.5,30849.5,30857.75,361,2026-10-01T22:30:27+00:00
2026-10-01T02:52:00Z,30857.5,30864.5,30857.5,30861.75,58,2026-10-01T22:30:27+00:00
2026-10-01T02:53:00Z,30862.0,30867.5,30859.5,30861.0,111,2026-10-01T22:30:27+00:00
2026-10-01T02:54:00Z,30860.75,30863.25,30859.0,30863.0,44,2026-10-01T22:30:27+00:00
2026-10-01T02:55:00Z,30863.25,30863.25,30860.0,30860.5,30,2026-10-01T22:30:27+00:00
2026-10-01T02:56:00Z,30859.75,30862.0,30857.5,30860.0,45,2026-10-01T22:30:27+00:00
2026-10-01T02:57:00Z,30858.75,30862.0,30856.75,30860.0,47,2026-10-01T22:30:27+00:00
2026-10-01T02:58:00Z,30859.5,30864.0,30857.0,30863.5,38,2026-10-01T22:30:27+00:00
2026-10-01T02:59:00Z,30862.75,30867.25,30862.5,30866.0,126,2026-10-01T22:30:27+00:00
2026-10-01T03:00:00Z,30865.25,30879.0,30863.75,30877.25,350,2026-10-01T22:30:27+00:00
2026-10-01T03:01:00Z,30877.25,30879.75,30875.0,30876.25,134,2026-10-01T22:30:27+00:00
2026-10-01T03:02:00Z,30875.75,30882.5,30874.75,30882.25,166,2026-10-01T22:30:27+00:00
2026-10-01T03:03:00Z,30882.75,30887.5,30878.5,30878.75,148,2026-10-01T22:30:27+00:00
2026-10-01T03:04:00Z,30878.75,30879.25,30868.5,30872.5,134,2026-10-01T22:30:27+00:00
2026-10-01T03:05:00Z,30873.25,30880.0,30872.75,30878.5,107,2026-10-01T22:30:27+00:00
2026-10-01T03:06:00Z,30878.0,30879.75,30873.25,30874.5,131,2026-10-01T22:30:27+00:00
2026-10-01T03:07:00Z,30876.0,30876.0,30871.5,30874.0,36,2026-10-01T22:30:27+00:00
2026-10-01T03:08:00Z,30874.5,30875.5,30870.5,30872.0,37,2026-10-01T22:30:27+00:00
2026-10-01T03:09:00Z,30871.25,30874.25,30871.25,30872.75,22,2026-10-01T22:30:27+00:00
2026-10-01T03:10:00Z,30873.25,30877.0,30872.0,30877.0,66,2026-10-01T22:30:27+00:00
2026-10-01T03:11:00Z,30877.0,30880.5,30875.5,30879.75,64,2026-10-01T22:30:27+00:00
2026-10-01T03:12:00Z,30879.25,30880.5,30877.75,30879.25,39,2026-10-01T22:30:27+00:00
2026-10-01T03:13:00Z,30879.0,30879.25,30874.75,30879.25,32,2026-10-01T22:30:27+00:00
2026-10-01T03:14:00Z,30878.0,30879.25,30875.75,30878.5,28,2026-10-01T22:30:27+00:00
2026-10-01T03:15:00Z,30878.75,30884.75,30878.75,30881.5,134,2026-10-01T22:30:27+00:00
2026-10-01T03:16:00Z,30881.5,30884.25,30879.25,30883.25,65,2026-10-01T22:30:27+00:00
2026-10-01T03:17:00Z,30883.25,30885.75,30882.25,30884.75,47,2026-10-01T22:30:27+00:00
2026-10-01T03:18:00Z,30884.75,30886.0,30873.75,30873.75,112,2026-10-01T22:30:27+00:00
2026-10-01T03:19:00Z,30874.25,30876.75,30870.75,30873.25,68,2026-10-01T22:30:27+00:00
2026-10-01T03:20:00Z,30871.5,30876.0,30870.75,30875.5,49,2026-10-01T22:30:27+00:00
2026-10-01T03:21:00Z,30874.75,30877.75,30869.75,30869.75,48,2026-10-01T22:30:27+00:00
2026-10-01T03:22:00Z,30870.5,30871.75,30867.75,30869.5,54,2026-10-01T22:30:27+00:00
2026-10-01T03:23:00Z,30868.75,30872.0,30868.75,30870.0,29,2026-10-01T22:30:27+00:00
2026-10-01T03:24:00Z,30870.0,30874.25,30869.75,30871.5,39,2026-10-01T22:30:27+00:00
2026-10-01T03:25:00Z,30871.75,30874.75,30871.25,30874.25,38,2026-10-01T22:30:27+00:00
2026-10-01T03:26:00Z,30874.25,30878.5,30874.25,30878.25,51,2026-10-01T22:30:27+00:00
2026-10-01T03:27:00Z,30877.75,30877.75,30873.75,30874.5,34,2026-10-01T22:30:27+00:00
2026-10-01T03:28:00Z,30873.5,30878.0,30872.25,30876.75,36,2026-10-01T22:30:27+00:00
2026-10-01T03:29:00Z,30877.5,30879.5,30875.25,30875.75,61,2026-10-01T22:30:27+00:00
2026-10-01T03:30:00Z,30877.25,30879.0,30871.5,30871.5,51,2026-10-01T22:30:27+00:00
2026-10-01T03:31:00Z,30871.25,30873.5,30866.25,30867.75,77,2026-10-01T22:30:27+00:00
2026-10-01T03:32:00Z,30868.0,30868.25,30861.75,30864.0,208,2026-10-01T22:30:27+00:00
2026-10-01T03:33:00Z,30864.75,30867.25,30863.75,30866.25,60,2026-10-01T22:30:27+00:00
2026-10-01T03:34:00Z,30868.0,30869.0,30863.25,30866.0,56,2026-10-01T22:30:27+00:00
2026-10-01T03:35:00Z,30865.5,30868.5,30864.25,30864.25,35,2026-10-01T22:30:27+00:00
2026-10-01T03:36:00Z,30864.5,30866.75,30860.0,30866.5,71,2026-10-01T22:30:27+00:00
2026-10-01T03:37:00Z,30866.25,30869.5,30865.75,30868.75,32,2026-10-01T22:30:27+00:00
2026-10-01T03:38:00Z,30868.25,30870.25,30867.25,30867.75,32,2026-10-01T22:30:27+00:00
2026-10-01T03:39:00Z,30867.75,30871.75,30867.25,30871.25,51,2026-10-01T22:30:27+00:00
2026-10-01T03:40:00Z,30871.75,30875.25,30868.25,30871.0,60,2026-10-01T22:30:27+00:00
2026-10-01T03:41:00Z,30871.0,30875.75,30867.75,30875.75,49,2026-10-01T22:30:27+00:00
2026-10-01T03:42:00Z,30875.0,30877.25,30873.0,30875.0,74,2026-10-01T22:30:27+00:00
2026-10-01T03:43:00Z,30876.25,30881.75,30876.25,30880.75,99,2026-10-01T22:30:27+00:00
2026-10-01T03:44:00Z,30880.25,30883.0,30876.25,30882.5,63,2026-10-01T22:30:27+00:00
2026-10-01T03:45:00Z,30882.25,30885.5,30878.0,30878.75,124,2026-10-01T22:30:27+00:00
2026-10-01T03:46:00Z,30880.0,30884.0,30879.5,30880.75,80,2026-10-01T22:30:27+00:00
2026-10-01T03:47:00Z,30880.0,30884.25,30879.75,30881.75,60,2026-10-01T22:30:27+00:00
2026-10-01T03:48:00Z,30883.0,30890.0,30882.75,30886.25,144,2026-10-01T22:30:27+00:00
2026-10-01T03:49:00Z,30885.75,30890.25,30884.75,30890.25,67,2026-10-01T22:30:27+00:00
2026-10-01T03:50:00Z,30890.25,30896.5,30888.75,30896.25,221,2026-10-01T22:30:27+00:00
2026-10-01T03:51:00Z,30896.5,30897.75,30894.0,30897.25,130,2026-10-01T22:30:27+00:00
2026-10-01T03:52:00Z,30897.75,30901.0,30896.5,30896.75,244,2026-10-01T22:30:27+00:00
2026-10-01T03:53:00Z,30896.75,30896.75,30891.75,30896.0,177,2026-10-01T22:30:27+00:00
2026-10-01T03:54:00Z,30896.0,30913.25,30896.0,30910.25,443,2026-10-01T22:30:27+00:00
2026-10-01T03:55:00Z,30910.0,30916.0,30910.0,30912.25,261,2026-10-01T22:30:27+00:00
2026-10-01T03:56:00Z,30912.5,30918.5,30909.75,30912.25,154,2026-10-01T22:30:27+00:00
2026-10-01T03:57:00Z,30912.0,30919.5,30911.0,30918.25,149,2026-10-01T22:30:27+00:00
2026-10-01T03:58:00Z,30917.5,30929.25,30917.5,30928.5,343,2026-10-01T22:30:27+00:00
2026-10-01T04:09:00Z,30941.0,30941.0,30937.25,30940.0,122,2026-10-01T22:30:27+00:00
2026-10-01T04:10:00Z,30941.0,30943.5,30940.0,30942.75,56,2026-10-01T22:30:27+00:00
2026-10-01T04:11:00Z,30942.25,30945.0,30940.0,30940.5,54,2026-10-01T22:30:27+00:00
2026-10-01T04:12:00Z,30940.5,30942.0,30939.25,30942.0,58,2026-10-01T22:30:27+00:00
2026-10-01T04:13:00Z,30942.0,30952.5,30939.75,30949.5,145,2026-10-01T22:30:27+00:00
2026-10-01T04:14:00Z,30950.0,30953.75,30945.5,30948.0,151,2026-10-01T22:30:27+00:00
2026-10-01T04:15:00Z,30947.75,30947.75,30929.75,30933.25,350,2026-10-01T22:30:27+00:00
2026-10-01T04:16:00Z,30932.0,30932.25,30923.0,30926.0,155,2026-10-01T22:30:27+00:00
2026-10-01T04:17:00Z,30926.5,30929.25,30922.5,30923.0,77,2026-10-01T22:30:27+00:00
2026-10-01T04:18:00Z,30923.25,30927.25,30921.0,30926.5,76,2026-10-01T22:30:27+00:00
2026-10-01T04:19:00Z,30927.25,30928.75,30925.5,30927.75,34,2026-10-01T22:30:27+00:00
2026-10-01T04:20:00Z,30927.75,30930.0,30923.75,30930.0,53,2026-10-01T22:30:27+00:00
2026-10-01T04:21:00Z,30930.5,30935.25,30929.0,30931.25,110,2026-10-01T22:30:27+00:00
2026-10-01T04:22:00Z,30932.0,30932.75,30929.75,30930.5,37,2026-10-01T22:30:27+00:00
2026-10-01T04:23:00Z,30930.25,30932.5,30926.5,30927.75,46,2026-10-01T22:30:27+00:00
2026-10-01T04:24:00Z,30927.5,30932.25,30926.5,30928.5,37,2026-10-01T22:30:27+00:00
2026-10-01T04:25:00Z,30929.75,30933.0,30925.5,30929.5,137,2026-10-01T22:30:27+00:00
2026-10-01T04:26:00Z,30929.75,30933.75,30929.75,30933.75,36,2026-10-01T22:30:27+00:00
2026-10-01T04:27:00Z,30933.5,30936.75,30933.25,30936.0,71,2026-10-01T22:30:27+00:00
2026-10-01T04:28:00Z,30935.0,30942.0,30934.5,30937.0,140,2026-10-01T22:30:27+00:00
2026-10-01T04:29:00Z,30935.75,30938.25,30933.5,30935.25,52,2026-10-01T22:30:27+00:00
2026-10-01T04:30:00Z,30934.75,30939.0,30934.5,30936.0,48,2026-10-01T22:30:27+00:00
2026-10-01T04:31:00Z,30935.75,30939.5,30935.25,30938.5,58,2026-10-01T22:30:27+00:00
2026-10-01T04:32:00Z,30938.5,30938.5,30930.5,30931.0,63,2026-10-01T22:30:27+00:00
2026-10-01T04:33:00Z,30931.5,30935.25,30931.5,30933.5,78,2026-10-01T22:30:27+00:00
2026-10-01T04:34:00Z,30934.5,30950.5,30934.5,30947.5,509,2026-10-01T22:30:27+00:00
2026-10-01T04:35:00Z,30948.0,30955.5,30943.0,30947.25,234,2026-10-01T22:30:27+00:00
2026-10-01T04:36:00Z,30947.75,30952.0,30947.75,30948.75,64,2026-10-01T22:30:27+00:00
2026-10-01T04:37:00Z,30949.25,30961.0,30947.0,30957.5,221,2026-10-01T22:30:27+00:00
2026-10-01T04:38:00Z,30957.75,30959.0,30953.0,30953.75,103,2026-10-01T22:30:27+00:00
2026-10-01T04:39:00Z,30953.25,30954.75,30948.75,30949.25,135,2026-10-01T22:30:27+00:00
2026-10-01T04:40:00Z,30950.0,30952.0,30946.0,30950.0,99,2026-10-01T22:30:27+00:00
2026-10-01T04:41:00Z,30950.0,30951.0,30945.0,30945.75,55,2026-10-01T22:30:27+00:00
2026-10-01T04:42:00Z,30944.75,30945.75,30941.5,30945.75,95,2026-10-01T22:30:27+00:00
2026-10-01T04:43:00Z,30946.5,30954.5,30946.5,30951.25,118,2026-10-01T22:30:27+00:00
2026-10-01T04:44:00Z,30950.25,30952.5,30949.75,30951.0,45,2026-10-01T22:30:27+00:00
2026-10-01T04:45:00Z,30950.25,30957.75,30948.5,30954.75,386,2026-10-01T22:30:27+00:00
2026-10-01T04:46:00Z,30954.25,30963.0,30954.0,30960.25,172,2026-10-01T22:30:27+00:00
2026-10-01T04:47:00Z,30960.0,30962.75,30958.75,30962.75,61,2026-10-01T22:30:27+00:00
2026-10-01T04:48:00Z,30963.25,30965.0,30961.25,30962.75,77,2026-10-01T22:30:27+00:00
2026-10-01T04:49:00Z,30962.75,30980.0,30960.75,30968.25,332,2026-10-01T22:30:27+00:00
2026-10-01T04:50:00Z,30968.5,30972.75,30966.75,30968.0,286,2026-10-01T22:30:27+00:00
2026-10-01T04:51:00Z,30969.25,30971.25,30964.25,30971.25,125,2026-10-01T22:30:27+00:00
2026-10-01T04:52:00Z,30971.75,30982.0,30968.5,30979.5,308,2026-10-01T22:30:27+00:00
2026-10-01T04:53:00Z,30979.75,30984.0,30976.5,30983.25,239,2026-10-01T22:30:27+00:00
2026-10-01T04:54:00Z,30983.5,30984.25,30978.75,30982.0,144,2026-10-01T22:30:27+00:00
2026-10-01T04:55:00Z,30982.0,30987.5,30974.75,30976.5,304,2026-10-01T22:30:27+00:00
2026-10-01T04:56:00Z,30976.5,30976.5,30967.25,30967.25,141,2026-10-01T22:30:27+00:00
2026-10-01T04:57:00Z,30967.25,30973.75,30967.25,30973.5,63,2026-10-01T22:30:27+00:00
2026-10-01T04:58:00Z,30973.0,30973.5,30968.25,30972.0,78,2026-10-01T22:30:27+00:00
2026-10-01T04:59:00Z,30971.75,30985.0,30971.75,30984.5,183,2026-10-01T22:30:27+00:00
2026-10-01T05:00:00Z,30984.5,30995.0,30984.5,30989.5,345,2026-10-01T22:30:27+00:00
2026-10-01T05:01:00Z,30990.0,30991.0,30983.5,30985.25,113,2026-10-01T22:30:27+00:00
2026-10-01T05:02:00Z,30986.25,30990.75,30985.5,30988.0,70,2026-10-01T22:30:27+00:00
2026-10-01T05:03:00Z,30987.25,30996.25,30986.75,30994.5,152,2026-10-01T22:30:27+00:00
2026-10-01T05:04:00Z,30994.25,31002.25,30993.0,31001.25,402,2026-10-01T22:30:27+00:00
2026-10-01T05:05:00Z,31000.0,31024.25,30998.0,31014.0,631,2026-10-01T22:30:27+00:00
2026-10-01T05:06:00Z,31014.25,31017.5,31011.0,31011.0,232,2026-10-01T22:30:27+00:00
2026-10-01T05:07:00Z,31010.5,31013.5,31007.0,31012.25,90,2026-10-01T22:30:27+00:00
2026-10-01T05:08:00Z,31012.75,31014.75,31009.0,31010.75,95,2026-10-01T22:30:27+00:00
2026-10-01T05:09:00Z,31012.0,31020.0,31012.0,31018.0,173,2026-10-01T22:30:27+00:00
2026-10-01T05:10:00Z,31017.75,31019.5,31014.25,31017.75,138,2026-10-01T22:30:27+00:00
2026-10-01T05:11:00Z,31016.75,31016.75,31008.5,31009.5,80,2026-10-01T22:30:27+00:00
2026-10-01T05:12:00Z,31010.0,31010.75,31007.25,31009.75,61,2026-10-01T22:30:27+00:00
2026-10-01T05:13:00Z,31011.5,31020.0,31011.5,31018.0,132,2026-10-01T22:30:27+00:00
2026-10-01T05:14:00Z,31019.0,31024.75,31016.25,31019.25,174,2026-10-01T22:30:27+00:00
2026-10-01T05:15:00Z,31020.25,31021.0,31016.25,31020.0,97,2026-10-01T22:30:27+00:00
2026-10-01T05:16:00Z,31019.5,31024.5,31019.5,31021.25,61,2026-10-01T22:30:27+00:00
2026-10-01T05:17:00Z,31022.0,31024.0,31019.5,31022.75,75,2026-10-01T22:30:27+00:00
2026-10-01T05:18:00Z,31022.5,31028.0,31020.5,31024.5,148,2026-10-01T22:30:27+00:00
2026-10-01T05:19:00Z,31024.0,31033.5,31022.75,31031.5,208,2026-10-01T22:30:27+00:00
2026-10-01T05:20:00Z,31030.75,31032.5,31026.5,31030.25,136,2026-10-01T22:30:27+00:00
2026-10-01T05:21:00Z,31029.5,31045.25,31029.5,31045.25,448,2026-10-01T22:30:27+00:00
2026-10-01T05:22:00Z,31045.25,31049.0,31041.25,31045.0,388,2026-10-01T22:30:27+00:00
2026-10-01T05:23:00Z,31045.0,31045.5,31041.5,31043.25,97,2026-10-01T22:30:27+00:00
2026-10-01T05:24:00Z,31042.0,31043.25,31038.0,31040.5,111,2026-10-01T22:30:27+00:00
2026-10-01T05:25:00Z,31041.0,31048.25,31039.25,31043.75,143,2026-10-01T22:30:27+00:00
2026-10-01T05:26:00Z,31043.25,31046.25,31040.5,31045.25,79,2026-10-01T22:30:27+00:00
2026-10-01T05:27:00Z,31044.75,31054.5,31041.5,31047.0,480,2026-10-01T22:30:27+00:00
2026-10-01T05:28:00Z,31046.5,31059.5,31046.5,31058.0,315,2026-10-01T22:30:27+00:00
2026-10-01T05:29:00Z,31058.5,31067.5,31056.75,31063.75,468,2026-10-01T22:30:27+00:00
2026-10-01T05:30:00Z,31063.25,31067.0,31052.5,31062.25,343,2026-10-01T22:30:27+00:00
2026-10-01T05:31:00Z,31062.0,31067.25,31057.75,31064.25,197,2026-10-01T22:30:27+00:00
2026-10-01T05:32:00Z,31064.0,31070.25,31064.0,31068.75,308,2026-10-01T22:30:27+00:00
2026-10-01T05:33:00Z,31069.0,31069.75,31057.75,31063.75,203,2026-10-01T22:30:27+00:00
2026-10-01T05:34:00Z,31063.75,31070.0,31060.5,31069.0,178,2026-10-01T22:30:27+00:00
2026-10-01T05:35:00Z,31068.75,31076.75,31063.75,31074.0,280,2026-10-01T22:30:27+00:00
2026-10-01T05:36:00Z,31074.0,31076.0,31065.0,31067.0,151,2026-10-01T22:30:27+00:00
2026-10-01T05:37:00Z,31066.0,31066.0,31060.75,31061.0,161,2026-10-01T22:30:27+00:00
2026-10-01T05:38:00Z,31060.75,31064.5,31058.25,31063.5,87,2026-10-01T22:30:27+00:00
2026-10-01T05:39:00Z,31063.0,31064.0,31059.75,31059.75,85,2026-10-01T22:30:27+00:00
2026-10-01T05:40:00Z,31061.5,31064.75,31057.25,31064.75,217,2026-10-01T22:30:27+00:00
2026-10-01T05:41:00Z,31064.25,31073.5,31060.0,31070.5,315,2026-10-01T22:30:27+00:00
2026-10-01T05:42:00Z,31068.75,31071.75,31064.75,31066.5,129,2026-10-01T22:30:27+00:00
2026-10-01T05:43:00Z,31067.25,31070.25,31061.5,31062.5,165,2026-10-01T22:30:27+00:00
2026-10-01T05:44:00Z,31062.25,31063.5,31058.0,31060.0,104,2026-10-01T22:30:27+00:00
2026-10-01T05:45:00Z,31061.0,31061.0,31044.5,31051.5,360,2026-10-01T22:30:27+00:00
2026-10-01T05:46:00Z,31052.25,31052.25,31041.25,31046.25,203,2026-10-01T22:30:27+00:00
2026-10-01T05:47:00Z,31045.75,31055.5,31041.5,31053.5,211,2026-10-01T22:30:27+00:00
2026-10-01T05:48:00Z,31054.0,31061.0,31051.75,31053.75,213,2026-10-01T22:30:27+00:00
2026-10-01T05:49:00Z,31051.5,31061.75,31048.5,31058.5,207,2026-10-01T22:30:27+00:00
2026-10-01T05:50:00Z,31059.0,31075.0,31057.75,31070.5,353,2026-10-01T22:30:27+00:00
2026-10-01T05:51:00Z,31071.25,31084.75,31070.5,31081.0,349,2026-10-01T22:30:27+00:00
2026-10-01T05:52:00Z,31082.0,31083.0,31076.25,31079.5,139,2026-10-01T22:30:27+00:00
2026-10-01T05:53:00Z,31080.5,31089.0,31079.0,31089.0,239,2026-10-01T22:30:27+00:00
2026-10-01T05:54:00Z,31089.0,31094.5,31085.5,31086.25,306,2026-10-01T22:30:27+00:00
2026-10-01T05:55:00Z,31086.5,31087.0,31080.75,31081.75,207,2026-10-01T22:30:27+00:00
2026-10-01T05:56:00Z,31081.0,31083.25,31078.25,31080.0,127,2026-10-01T22:30:27+00:00
2026-10-01T05:57:00Z,31081.0,31084.0,31078.75,31080.0,74,2026-10-01T22:30:27+00:00
2026-10-01T05:58:00Z,31079.5,31087.75,31078.5,31086.25,129,2026-10-01T22:30:27+00:00
2026-10-01T05:59:00Z,31086.75,31095.25,31082.0,31094.75,281,2026-10-01T22:30:27+00:00
2026-10-01T06:00:00Z,31095.0,31120.75,31092.75,31120.5,878,2026-10-01T22:30:27+00:00
2026-10-01T06:01:00Z,31121.0,31126.5,31115.25,31120.0,428,2026-10-01T22:30:27+00:00
2026-10-01T06:02:00Z,31120.25,31123.0,31116.0,31122.0,260,2026-10-01T22:30:27+00:00
2026-10-01T06:03:00Z,31123.0,31131.25,31121.5,31125.75,385,2026-10-01T22:30:27+00:00
2026-10-01T06:04:00Z,31126.5,31134.75,31119.75,31130.5,322,2026-10-01T22:30:27+00:00
2026-10-01T06:05:00Z,31131.0,31135.75,31120.75,31126.25,379,2026-10-01T22:30:27+00:00
2026-10-01T06:06:00Z,31127.0,31127.5,31117.75,31118.75,115,2026-10-01T22:30:27+00:00
2026-10-01T06:07:00Z,31119.0,31130.5,31118.0,31126.5,189,2026-10-01T22:30:27+00:00
2026-10-01T06:08:00Z,31126.0,31129.25,31116.25,31121.75,228,2026-10-01T22:30:27+00:00
2026-10-01T06:09:00Z,31121.5,31132.0,31116.25,31125.75,312,2026-10-01T22:30:27+00:00
2026-10-01T06:10:00Z,31127.75,31151.5,31125.75,31148.25,727,2026-10-01T22:30:27+00:00
2026-10-01T06:11:00Z,31149.5,31150.5,31137.0,31139.25,334,2026-10-01T22:30:27+00:00
2026-10-01T06:12:00Z,31139.5,31140.5,31129.5,31131.5,220,2026-10-01T22:30:27+00:00
2026-10-01T06:13:00Z,31131.25,31135.0,31127.25,31127.5,199,2026-10-01T22:30:27+00:00
2026-10-01T06:14:00Z,31127.75,31145.0,31127.0,31140.0,307,2026-10-01T22:30:27+00:00
2026-10-01T06:15:00Z,31138.75,31138.75,31129.0,31129.0,191,2026-10-01T22:30:27+00:00
2026-10-01T06:16:00Z,31129.75,31133.75,31125.5,31130.0,196,2026-10-01T22:30:27+00:00
2026-10-01T06:17:00Z,31131.25,31133.0,31121.75,31126.0,194,2026-10-01T22:30:27+00:00
2026-10-01T06:18:00Z,31127.75,31128.5,31115.75,31119.5,329,2026-10-01T22:30:27+00:00
2026-10-01T06:19:00Z,31119.25,31121.0,31111.0,31119.5,213,2026-10-01T22:30:27+00:00
2026-10-01T06:20:00Z,31119.75,31126.0,31118.25,31123.75,203,2026-10-01T22:30:27+00:00
2026-10-01T06:21:00Z,31122.5,31130.5,31122.0,31125.75,144,2026-10-01T22:30:27+00:00
2026-10-01T06:22:00Z,31126.75,31138.75,31125.75,31135.5,182,2026-10-01T22:30:27+00:00
2026-10-01T06:23:00Z,31135.0,31139.0,31128.75,31128.75,119,2026-10-01T22:30:27+00:00
2026-10-01T06:24:00Z,31129.25,31133.75,31121.75,31121.75,189,2026-10-01T22:30:27+00:00
2026-10-01T06:25:00Z,31122.5,31125.75,31114.75,31118.25,291,2026-10-01T22:30:27+00:00
2026-10-01T06:26:00Z,31119.0,31123.5,31111.25,31111.75,186,2026-10-01T22:30:27+00:00
2026-10-01T06:27:00Z,31113.25,31119.0,31109.25,31115.75,169,2026-10-01T22:30:27+00:00
2026-10-01T06:28:00Z,31116.25,31128.25,31114.5,31127.5,184,2026-10-01T22:30:27+00:00
2026-10-01T06:29:00Z,31127.75,31136.75,31127.75,31133.5,265,2026-10-01T22:30:27+00:00
2026-10-01T06:30:00Z,31132.0,31141.0,31127.25,31127.25,267,2026-10-01T22:30:27+00:00
2026-10-01T06:31:00Z,31128.25,31130.0,31114.5,31117.25,261,2026-10-01T22:30:27+00:00
2026-10-01T06:32:00Z,31118.0,31123.5,31106.5,31107.25,297,2026-10-01T22:30:27+00:00
2026-10-01T06:33:00Z,31108.0,31109.25,31101.25,31104.75,249,2026-10-01T22:30:27+00:00
2026-10-01T06:34:00Z,31105.25,31108.5,31102.0,31107.0,313,2026-10-01T22:30:27+00:00
2026-10-01T06:35:00Z,31107.5,31117.75,31102.5,31111.25,231,2026-10-01T22:30:27+00:00
2026-10-01T06:36:00Z,31110.0,31110.75,31091.75,31092.25,277,2026-10-01T22:30:27+00:00
2026-10-01T06:37:00Z,31092.75,31094.5,31083.25,31087.5,280,2026-10-01T22:30:27+00:00
2026-10-01T06:38:00Z,31087.0,31088.0,31079.25,31083.75,197,2026-10-01T22:30:27+00:00
2026-10-01T06:39:00Z,31081.75,31081.75,31055.75,31056.75,513,2026-10-01T22:30:27+00:00
2026-10-01T06:40:00Z,31057.5,31057.5,31037.5,31037.75,527,2026-10-01T22:30:27+00:00
2026-10-01T06:41:00Z,31037.75,31049.25,31037.0,31047.25,531,2026-10-01T22:30:27+00:00
2026-10-01T06:42:00Z,31046.25,31054.25,31043.75,31051.25,166,2026-10-01T22:30:27+00:00
2026-10-01T06:43:00Z,31049.75,31051.75,31037.75,31038.25,224,2026-10-01T22:30:27+00:00
2026-10-01T06:44:00Z,31037.5,31052.5,31037.0,31047.5,227,2026-10-01T22:30:27+00:00
2026-10-01T06:45:00Z,31047.0,31049.0,31034.5,31044.5,242,2026-10-01T22:30:27+00:00
2026-10-01T06:46:00Z,31043.75,31054.0,31038.25,31039.0,258,2026-10-01T22:30:27+00:00
2026-10-01T06:47:00Z,31039.75,31043.25,31035.5,31043.25,200,2026-10-01T22:30:27+00:00
2026-10-01T06:48:00Z,31042.75,31049.25,31042.25,31047.25,148,2026-10-01T22:30:27+00:00
2026-10-01T06:49:00Z,31045.25,31050.0,31031.5,31035.75,213,2026-10-01T22:30:27+00:00
2026-10-01T06:50:00Z,31036.5,31045.75,31035.5,31043.75,104,2026-10-01T22:30:27+00:00
2026-10-01T06:51:00Z,31044.75,31063.0,31044.75,31061.0,295,2026-10-01T22:30:27+00:00
2026-10-01T06:52:00Z,31061.75,31069.75,31054.5,31056.25,243,2026-10-01T22:30:27+00:00
2026-10-01T06:53:00Z,31056.0,31060.25,31048.0,31052.25,157,2026-10-01T22:30:27+00:00
2026-10-01T06:54:00Z,31052.25,31057.0,31049.5,31051.0,93,2026-10-01T22:30:27+00:00
2026-10-01T06:55:00Z,31051.75,31059.0,31047.5,31051.0,141,2026-10-01T22:30:27+00:00
2026-10-01T06:56:00Z,31051.25,31055.25,31050.0,31052.5,124,2026-10-01T22:30:27+00:00
2026-10-01T06:57:00Z,31052.25,31052.25,31041.25,31046.0,128,2026-10-01T22:30:27+00:00
2026-10-01T06:58:00Z,31048.0,31054.0,31032.0,31033.0,293,2026-10-01T22:30:27+00:00
2026-10-01T06:59:00Z,31034.25,31036.75,31025.0,31025.0,394,2026-10-01T22:30:27+00:00
2026-10-01T07:00:00Z,31024.25,31043.25,31017.25,31028.5,612,2026-10-01T22:30:27+00:00
2026-10-01T07:01:00Z,31027.75,31034.25,31024.0,31027.5,206,2026-10-01T22:30:27+00:00
2026-10-01T07:02:00Z,31023.5,31029.5,31014.0,31015.5,319,2026-10-01T22:30:27+00:00
2026-10-01T07:03:00Z,31015.5,31026.75,31012.0,31026.75,381,2026-10-01T22:30:27+00:00
2026-10-01T07:04:00Z,31027.0,31034.0,31019.25,31028.0,499,2026-10-01T22:30:27+00:00
2026-10-01T07:05:00Z,31026.75,31039.0,31020.5,31026.75,368,2026-10-01T22:30:27+00:00
2026-10-01T07:06:00Z,31027.75,31039.25,31022.25,31027.75,176,2026-10-01T22:30:27+00:00
2026-10-01T07:07:00Z,31028.0,31029.5,31021.0,31025.25,189,2026-10-01T22:30:27+00:00
2026-10-01T07:08:00Z,31023.25,31035.5,31023.25,31035.5,95,2026-10-01T22:30:27+00:00
2026-10-01T07:09:00Z,31031.5,31043.0,31031.25,31032.0,211,2026-10-01T22:30:27+00:00
2026-10-01T07:10:00Z,31031.75,31040.25,31027.0,31036.25,117,2026-10-01T22:30:27+00:00
2026-10-01T07:11:00Z,31035.75,31039.0,31028.0,31029.75,123,2026-10-01T22:30:27+00:00
2026-10-01T07:12:00Z,31027.25,31028.5,30991.25,30992.5,612,2026-10-01T22:30:27+00:00
2026-10-01T07:13:00Z,30991.5,30992.75,30971.0,30972.25,442,2026-10-01T22:30:27+00:00
2026-10-01T07:14:00Z,30971.5,30972.5,30953.75,30957.25,649,2026-10-01T22:30:27+00:00
2026-10-01T07:15:00Z,30958.25,30968.0,30947.0,30962.25,607,2026-10-01T22:30:27+00:00
2026-10-01T07:16:00Z,30961.75,30966.75,30946.0,30955.5,539,2026-10-01T22:30:27+00:00
2026-10-01T07:17:00Z,30954.5,30955.5,30941.5,30943.0,605,2026-10-01T22:30:27+00:00
2026-10-01T07:18:00Z,30942.25,30959.5,30941.0,30953.75,384,2026-10-01T22:30:27+00:00
2026-10-01T07:19:00Z,30952.5,30953.25,30932.25,30936.5,445,2026-10-01T22:30:27+00:00
2026-10-01T07:20:00Z,30936.0,30938.25,30921.75,30923.25,441,2026-10-01T22:30:27+00:00
2026-10-01T07:21:00Z,30922.25,30929.25,30909.75,30918.0,461,2026-10-01T22:30:27+00:00
2026-10-01T07:22:00Z,30917.75,30926.0,30906.5,30917.75,460,2026-10-01T22:30:27+00:00
2026-10-01T07:23:00Z,30917.0,30924.75,30908.5,30910.0,400,2026-10-01T22:30:27+00:00
2026-10-01T07:24:00Z,30910.0,30910.25,30889.0,30892.75,660,2026-10-01T22:30:27+00:00
2026-10-01T07:25:00Z,30891.5,30899.75,30871.5,30872.25,541,2026-10-01T22:30:27+00:00
2026-10-01T07:26:00Z,30871.25,30871.25,30836.25,30838.0,939,2026-10-01T22:30:27+00:00
2026-10-01T07:27:00Z,30839.25,30851.75,30834.0,30837.75,594,2026-10-01T22:30:27+00:00
2026-10-01T07:28:00Z,30837.75,30843.0,30803.5,30814.75,888,2026-10-01T22:30:27+00:00
2026-10-01T07:29:00Z,30814.25,30821.0,30796.5,30803.75,1107,2026-10-01T22:30:27+00:00
2026-10-01T07:30:00Z,30803.25,30825.0,30802.0,30814.5,585,2026-10-01T22:30:27+00:00
2026-10-01T07:31:00Z,30818.0,30844.5,30809.75,30838.5,782,2026-10-01T22:30:27+00:00
2026-10-01T07:32:00Z,30837.0,30868.0,30836.5,30850.25,605,2026-10-01T22:30:27+00:00
2026-10-01T07:33:00Z,30849.25,30869.0,30848.75,30860.75,351,2026-10-01T22:30:27+00:00
2026-10-01T07:34:00Z,30859.75,30871.25,30850.0,30871.25,716,2026-10-01T22:30:27+00:00
2026-10-01T07:35:00Z,30870.75,30879.75,30860.0,30861.75,413,2026-10-01T22:30:27+00:00
2026-10-01T07:36:00Z,30860.75,30869.25,30847.5,30856.0,387,2026-10-01T22:30:27+00:00
2026-10-01T07:37:00Z,30855.75,30860.25,30845.75,30851.5,224,2026-10-01T22:30:27+00:00
2026-10-01T07:38:00Z,30853.0,30869.0,30850.25,30864.0,218,2026-10-01T22:30:27+00:00
2026-10-01T07:39:00Z,30865.0,30866.75,30840.0,30840.0,478,2026-10-01T22:30:27+00:00
2026-10-01T07:40:00Z,30842.5,30842.5,30816.5,30823.75,830,2026-10-01T22:30:27+00:00
2026-10-01T07:41:00Z,30823.5,30833.0,30820.75,30825.0,206,2026-10-01T22:30:27+00:00
2026-10-01T07:42:00Z,30823.75,30830.0,30814.5,30816.5,300,2026-10-01T22:30:27+00:00
2026-10-01T07:43:00Z,30818.25,30829.5,30813.25,30822.0,186,2026-10-01T22:30:27+00:00
2026-10-01T07:44:00Z,30822.25,30857.0,30819.25,30842.25,576,2026-10-01T22:30:27+00:00
2026-10-01T07:45:00Z,30841.75,30847.0,30833.25,30842.75,343,2026-10-01T22:30:27+00:00
2026-10-01T07:46:00Z,30842.0,30845.75,30825.0,30841.0,370,2026-10-01T22:30:27+00:00
2026-10-01T07:47:00Z,30841.0,30845.75,30832.5,30845.0,139,2026-10-01T22:30:27+00:00
2026-10-01T07:48:00Z,30846.0,30850.25,30818.25,30832.5,350,2026-10-01T22:30:27+00:00
2026-10-01T07:49:00Z,30833.25,30838.25,30825.75,30833.0,225,2026-10-01T22:30:27+00:00
2026-10-01T07:50:00Z,30832.75,30858.25,30832.5,30851.5,263,2026-10-01T22:30:27+00:00
2026-10-01T07:51:00Z,30853.25,30877.5,30851.25,30865.25,626,2026-10-01T22:30:27+00:00
2026-10-01T07:52:00Z,30863.75,30864.5,30851.5,30859.0,232,2026-10-01T22:30:27+00:00
2026-10-01T07:53:00Z,30858.75,30884.0,30857.5,30881.5,267,2026-10-01T22:30:27+00:00
2026-10-01T07:54:00Z,30881.75,30887.0,30877.25,30883.5,212,2026-10-01T22:30:27+00:00
2026-10-01T07:55:00Z,30883.0,30896.5,30879.0,30892.75,253,2026-10-01T22:30:27+00:00
2026-10-01T07:56:00Z,30892.25,30899.5,30875.25,30880.25,266,2026-10-01T22:30:27+00:00
2026-10-01T07:57:00Z,30882.5,30883.25,30855.5,30858.0,260,2026-10-01T22:30:27+00:00
2026-10-01T07:58:00Z,30858.0,30863.0,30848.5,30857.75,274,2026-10-01T22:30:27+00:00
2026-10-01T07:59:00Z,30858.75,30865.5,30850.25,30850.25,191,2026-10-01T22:30:27+00:00
2026-10-01T08:00:00Z,30852.5,30873.25,30849.75,30866.0,420,2026-10-01T22:30:27+00:00
2026-10-01T08:01:00Z,30864.25,30871.25,30845.25,30846.25,250,2026-10-01T22:30:27+00:00
2026-10-01T08:02:00Z,30845.75,30867.5,30844.25,30860.75,352,2026-10-01T22:30:27+00:00
2026-10-01T08:03:00Z,30861.75,30894.75,30859.75,30881.0,554,2026-10-01T22:30:27+00:00
2026-10-01T08:04:00Z,30881.5,30897.75,30878.0,30896.25,265,2026-10-01T22:30:27+00:00
2026-10-01T08:05:00Z,30894.5,30906.75,30888.75,30890.25,464,2026-10-01T22:30:27+00:00
2026-10-01T08:06:00Z,30891.5,30896.0,30868.5,30881.25,430,2026-10-01T22:30:27+00:00
2026-10-01T08:07:00Z,30879.25,30893.0,30873.75,30874.25,145,2026-10-01T22:30:27+00:00
2026-10-01T08:08:00Z,30873.5,30873.75,30858.5,30864.25,181,2026-10-01T22:30:27+00:00
2026-10-01T08:09:00Z,30862.75,30862.75,30823.25,30827.25,617,2026-10-01T22:30:27+00:00
2026-10-01T08:10:00Z,30828.0,30835.75,30822.0,30829.75,296,2026-10-01T22:30:27+00:00
2026-10-01T08:11:00Z,30829.0,30835.0,30816.75,30823.75,301,2026-10-01T22:30:27+00:00
2026-10-01T08:12:00Z,30824.75,30838.75,30817.25,30831.25,247,2026-10-01T22:30:27+00:00
2026-10-01T08:13:00Z,30833.0,30836.0,30820.0,30823.25,144,2026-10-01T22:30:27+00:00
2026-10-01T08:14:00Z,30824.5,30834.25,30822.0,30827.75,149,2026-10-01T22:30:27+00:00
2026-10-01T08:15:00Z,30829.5,30831.5,30814.75,30829.5,303,2026-10-01T22:30:27+00:00
2026-10-01T08:16:00Z,30829.25,30831.5,30825.0,30830.0,178,2026-10-01T22:30:27+00:00
2026-10-01T08:17:00Z,30828.25,30828.5,30816.5,30823.5,170,2026-10-01T22:30:27+00:00
2026-10-01T08:18:00Z,30823.5,30837.0,30820.25,30826.0,166,2026-10-01T22:30:27+00:00
2026-10-01T08:19:00Z,30825.0,30828.5,30813.5,30814.0,254,2026-10-01T22:30:27+00:00
2026-10-01T08:20:00Z,30815.0,30816.25,30799.5,30804.5,289,2026-10-01T22:30:27+00:00
2026-10-01T08:21:00Z,30804.75,30818.5,30801.0,30802.25,246,2026-10-01T22:30:27+00:00
2026-10-01T08:22:00Z,30803.0,30814.5,30793.0,30812.75,353,2026-10-01T22:30:27+00:00
2026-10-01T08:23:00Z,30813.75,30823.5,30805.0,30810.25,246,2026-10-01T22:30:27+00:00
2026-10-01T08:24:00Z,30809.0,30809.0,30797.75,30799.75,134,2026-10-01T22:30:27+00:00
2026-10-01T08:25:00Z,30800.75,30815.75,30796.75,30811.75,166,2026-10-01T22:30:27+00:00
2026-10-01T08:26:00Z,30812.0,30827.75,30810.0,30825.0,311,2026-10-01T22:30:27+00:00
2026-10-01T08:27:00Z,30826.75,30833.25,30820.75,30822.0,445,2026-10-01T22:30:27+00:00
2026-10-01T08:28:00Z,30822.0,30829.25,30798.0,30804.5,325,2026-10-01T22:30:27+00:00
2026-10-01T08:29:00Z,30804.75,30811.75,30784.5,30785.5,351,2026-10-01T22:30:27+00:00
2026-10-01T08:30:00Z,30785.75,30792.75,30777.5,30783.5,373,2026-10-01T22:30:27+00:00
2026-10-01T08:31:00Z,30787.0,30787.75,30760.5,30766.0,455,2026-10-01T22:30:27+00:00
2026-10-01T08:32:00Z,30766.0,30766.75,30758.25,30759.25,343,2026-10-01T22:30:27+00:00
2026-10-01T08:33:00Z,30758.5,30768.5,30757.75,30767.75,282,2026-10-01T22:30:27+00:00
2026-10-01T08:34:00Z,30765.5,30783.25,30760.5,30777.25,341,2026-10-01T22:30:27+00:00
2026-10-01T08:35:00Z,30777.25,30786.75,30776.25,30778.5,297,2026-10-01T22:30:27+00:00
2026-10-01T08:36:00Z,30778.25,30795.25,30777.5,30792.5,276,2026-10-01T22:30:27+00:00
2026-10-01T08:37:00Z,30793.0,30821.0,30792.5,30818.0,601,2026-10-01T22:30:27+00:00
2026-10-01T08:38:00Z,30818.0,30830.0,30813.0,30825.75,369,2026-10-01T22:30:27+00:00
2026-10-01T08:39:00Z,30825.75,30833.75,30819.5,30828.75,279,2026-10-01T22:30:27+00:00
2026-10-01T08:40:00Z,30826.0,30836.0,30814.25,30815.0,641,2026-10-01T22:30:27+00:00
2026-10-01T08:41:00Z,30815.25,30828.5,30810.75,30818.75,392,2026-10-01T22:30:27+00:00
2026-10-01T08:42:00Z,30819.0,30827.0,30816.0,30819.0,244,2026-10-01T22:30:27+00:00
2026-10-01T08:43:00Z,30818.5,30819.25,30807.75,30815.5,370,2026-10-01T22:30:27+00:00
2026-10-01T08:44:00Z,30819.0,30819.0,30806.5,30807.75,265,2026-10-01T22:30:27+00:00
2026-10-01T08:45:00Z,30807.5,30807.5,30793.0,30796.5,374,2026-10-01T22:30:27+00:00
2026-10-01T08:46:00Z,30794.25,30801.25,30789.0,30796.5,232,2026-10-01T22:30:27+00:00
2026-10-01T08:47:00Z,30800.25,30804.0,30790.5,30798.0,189,2026-10-01T22:30:27+00:00
2026-10-01T08:48:00Z,30798.75,30803.25,30786.75,30801.0,162,2026-10-01T22:30:27+00:00
2026-10-01T08:49:00Z,30800.25,30806.25,30791.75,30802.0,206,2026-10-01T22:30:27+00:00
2026-10-01T08:50:00Z,30798.5,30823.5,30798.5,30815.5,221,2026-10-01T22:30:27+00:00
2026-10-01T08:51:00Z,30814.75,30826.0,30802.75,30824.0,425,2026-10-01T22:30:27+00:00
2026-10-01T08:52:00Z,30825.75,30836.0,30822.75,30825.25,367,2026-10-01T22:30:27+00:00
2026-10-01T08:53:00Z,30825.5,30826.0,30809.0,30817.0,216,2026-10-01T22:30:27+00:00
2026-10-01T08:54:00Z,30817.75,30822.5,30802.75,30812.0,163,2026-10-01T22:30:27+00:00
2026-10-01T08:55:00Z,30812.0,30827.5,30809.25,30826.75,210,2026-10-01T22:30:27+00:00
2026-10-01T08:56:00Z,30828.0,30845.0,30828.0,30839.5,642,2026-10-01T22:30:27+00:00
2026-10-01T08:57:00Z,30837.5,30849.0,30833.5,30835.0,269,2026-10-01T22:30:27+00:00
2026-10-01T08:58:00Z,30834.0,30836.25,30817.0,30819.0,151,2026-10-01T22:30:27+00:00
2026-10-01T08:59:00Z,30818.0,30844.5,30814.5,30843.5,292,2026-10-01T22:30:27+00:00
2026-10-01T09:00:00Z,30844.0,30855.75,30840.0,30853.0,241,2026-10-01T22:30:27+00:00
2026-10-01T09:01:00Z,30854.25,30858.25,30851.5,30854.0,167,2026-10-01T22:30:27+00:00
2026-10-01T09:02:00Z,30856.0,30858.75,30850.75,30855.0,145,2026-10-01T22:30:27+00:00
2026-10-01T09:03:00Z,30854.0,30863.5,30846.5,30863.5,208,2026-10-01T22:30:27+00:00
2026-10-01T09:04:00Z,30863.25,30879.5,30860.75,30879.5,277,2026-10-01T22:30:27+00:00
2026-10-01T09:05:00Z,30879.75,30886.5,30875.5,30884.0,236,2026-10-01T22:30:27+00:00
2026-10-01T09:06:00Z,30884.75,30886.0,30870.5,30878.25,177,2026-10-01T22:30:27+00:00
2026-10-01T09:07:00Z,30878.75,30880.5,30869.0,30879.0,221,2026-10-01T22:30:27+00:00
2026-10-01T09:08:00Z,30881.5,30884.25,30867.5,30871.25,142,2026-10-01T22:30:27+00:00
2026-10-01T09:09:00Z,30872.25,30877.25,30867.0,30872.0,138,2026-10-01T22:30:27+00:00
2026-10-01T09:10:00Z,30876.25,30880.5,30871.0,30874.75,69,2026-10-01T22:30:27+00:00
2026-10-01T09:11:00Z,30874.5,30879.0,30868.5,30873.75,82,2026-10-01T22:30:27+00:00
2026-10-01T09:12:00Z,30871.75,30877.0,30871.75,30874.25,57,2026-10-01T22:30:27+00:00
2026-10-01T09:13:00Z,30873.0,30883.25,30870.0,30881.0,124,2026-10-01T22:30:27+00:00
2026-10-01T09:14:00Z,30879.75,30887.25,30876.75,30878.5,175,2026-10-01T22:30:27+00:00
2026-10-01T09:15:00Z,30879.75,30886.75,30871.5,30874.75,109,2026-10-01T22:30:27+00:00
2026-10-01T09:16:00Z,30874.75,30879.75,30868.5,30870.25,69,2026-10-01T22:30:27+00:00
2026-10-01T09:17:00Z,30870.0,30880.25,30868.75,30872.25,66,2026-10-01T22:30:27+00:00
2026-10-01T09:18:00Z,30873.75,30875.75,30865.5,30868.0,88,2026-10-01T22:30:27+00:00
2026-10-01T09:19:00Z,30867.75,30871.0,30863.0,30868.25,127,2026-10-01T22:30:27+00:00
2026-10-01T09:20:00Z,30868.0,30878.75,30867.0,30871.25,149,2026-10-01T22:30:27+00:00
2026-10-01T09:21:00Z,30872.0,30892.5,30868.0,30884.0,447,2026-10-01T22:30:27+00:00
2026-10-01T09:22:00Z,30880.0,30886.75,30872.75,30876.0,216,2026-10-01T22:30:27+00:00
2026-10-01T09:23:00Z,30875.5,30882.0,30875.5,30881.75,85,2026-10-01T22:30:27+00:00
2026-10-01T09:24:00Z,30883.0,30901.5,30883.0,30895.0,301,2026-10-01T22:30:27+00:00
2026-10-01T09:25:00Z,30894.0,30898.0,30887.75,30893.75,155,2026-10-01T22:30:27+00:00
2026-10-01T09:26:00Z,30893.75,30900.75,30891.5,30895.5,95,2026-10-01T22:30:27+00:00
2026-10-01T09:27:00Z,30895.75,30898.0,30890.0,30891.25,91,2026-10-01T22:30:27+00:00
2026-10-01T09:28:00Z,30891.25,30898.0,30888.25,30896.5,95,2026-10-01T22:30:27+00:00
2026-10-01T09:29:00Z,30897.25,30901.5,30894.75,30897.5,121,2026-10-01T22:30:27+00:00
2026-10-01T09:30:00Z,30897.5,30897.75,30889.5,30891.0,154,2026-10-01T22:30:27+00:00
2026-10-01T09:31:00Z,30890.5,30895.5,30888.25,30892.0,54,2026-10-01T22:30:27+00:00
2026-10-01T09:32:00Z,30893.0,30894.5,30886.0,30889.5,96,2026-10-01T22:30:27+00:00
2026-10-01T09:33:00Z,30889.0,30894.5,30887.0,30893.75,47,2026-10-01T22:30:27+00:00
2026-10-01T09:34:00Z,30893.25,30897.75,30890.5,30894.75,56,2026-10-01T22:30:27+00:00
2026-10-01T09:35:00Z,30895.0,30904.0,30892.5,30895.75,116,2026-10-01T22:30:27+00:00
2026-10-01T09:36:00Z,30894.5,30894.5,30876.25,30879.75,131,2026-10-01T22:30:27+00:00
2026-10-01T09:37:00Z,30878.75,30880.0,30870.5,30875.0,140,2026-10-01T22:30:27+00:00
2026-10-01T09:38:00Z,30874.25,30879.75,30874.0,30877.5,53,2026-10-01T22:30:27+00:00
2026-10-01T09:39:00Z,30875.75,30875.75,30865.25,30872.25,104,2026-10-01T22:30:27+00:00
2026-10-01T09:40:00Z,30868.5,30872.25,30862.25,30863.5,165,2026-10-01T22:30:27+00:00
2026-10-01T09:41:00Z,30862.5,30864.25,30852.75,30860.75,330,2026-10-01T22:30:27+00:00
2026-10-01T09:42:00Z,30860.75,30862.75,30858.25,30859.25,54,2026-10-01T22:30:27+00:00
2026-10-01T09:43:00Z,30862.0,30865.75,30854.75,30859.25,79,2026-10-01T22:30:27+00:00
2026-10-01T09:44:00Z,30860.5,30864.0,30857.25,30860.75,50,2026-10-01T22:30:27+00:00
2026-10-01T09:45:00Z,30859.5,30859.5,30848.75,30857.25,154,2026-10-01T22:30:27+00:00
2026-10-01T09:46:00Z,30858.25,30865.75,30857.5,30864.5,156,2026-10-01T22:30:27+00:00
2026-10-01T09:47:00Z,30864.0,30878.0,30861.75,30877.75,114,2026-10-01T22:30:27+00:00
2026-10-01T09:48:00Z,30876.0,30884.25,30873.5,30875.0,92,2026-10-01T22:30:27+00:00
2026-10-01T09:49:00Z,30873.5,30874.75,30867.75,30869.75,73,2026-10-01T22:30:27+00:00
2026-10-01T09:50:00Z,30866.5,30872.75,30861.0,30870.25,105,2026-10-01T22:30:27+00:00
2026-10-01T09:51:00Z,30870.75,30874.0,30866.75,30873.0,33,2026-10-01T22:30:27+00:00
2026-10-01T09:52:00Z,30872.5,30872.5,30865.0,30870.75,164,2026-10-01T22:30:27+00:00
2026-10-01T09:53:00Z,30872.0,30873.75,30856.5,30863.5,104,2026-10-01T22:30:27+00:00
2026-10-01T09:54:00Z,30864.0,30864.0,30846.0,30846.25,85,2026-10-01T22:30:27+00:00
2026-10-01T09:55:00Z,30846.25,30849.25,30837.0,30843.0,191,2026-10-01T22:30:27+00:00
2026-10-01T09:56:00Z,30842.75,30848.75,30842.5,30847.25,130,2026-10-01T22:30:27+00:00
2026-10-01T09:57:00Z,30849.75,30860.0,30849.5,30858.25,75,2026-10-01T22:30:27+00:00
2026-10-01T09:58:00Z,30859.5,30859.5,30852.25,30857.0,22,2026-10-01T22:30:27+00:00
2026-10-01T09:59:00Z,30856.5,30859.75,30853.5,30853.5,64,2026-10-01T22:30:27+00:00
2026-10-01T10:00:00Z,30853.25,30867.75,30822.5,30830.0,710,2026-10-01T22:30:27+00:00
2026-10-01T10:01:00Z,30830.25,30832.0,30817.0,30817.5,209,2026-10-01T22:30:27+00:00
2026-10-01T10:02:00Z,30816.25,30817.25,30798.5,30803.5,307,2026-10-01T22:30:27+00:00
2026-10-01T10:03:00Z,30803.25,30807.75,30796.75,30799.5,161,2026-10-01T22:30:27+00:00
2026-10-01T10:04:00Z,30799.0,30801.25,30792.75,30792.75,141,2026-10-01T22:30:27+00:00
2026-10-01T10:05:00Z,30792.5,30796.0,30785.0,30788.25,194,2026-10-01T22:30:27+00:00
2026-10-01T10:06:00Z,30787.5,30804.25,30784.25,30798.5,235,2026-10-01T22:30:27+00:00
2026-10-01T10:07:00Z,30798.5,30811.5,30795.5,30808.5,250,2026-10-01T22:30:27+00:00
2026-10-01T10:08:00Z,30806.0,30811.25,30801.75,30809.5,113,2026-10-01T22:30:27+00:00
2026-10-01T10:09:00Z,30809.25,30822.75,30809.25,30816.25,231,2026-10-01T22:30:27+00:00
2026-10-01T10:10:00Z,30815.0,30824.75,30813.0,30821.0,201,2026-10-01T22:30:27+00:00
2026-10-01T10:11:00Z,30820.5,30834.25,30815.25,30834.25,157,2026-10-01T22:30:27+00:00
2026-10-01T10:12:00Z,30833.25,30840.5,30829.25,30840.5,184,2026-10-01T22:30:27+00:00
2026-10-01T10:13:00Z,30840.0,30849.25,30838.5,30843.5,177,2026-10-01T22:30:27+00:00
2026-10-01T10:14:00Z,30844.0,30852.75,30843.75,30847.75,103,2026-10-01T22:30:27+00:00
2026-10-01T10:15:00Z,30848.0,30848.25,30839.75,30846.0,124,2026-10-01T22:30:27+00:00
2026-10-01T10:16:00Z,30846.5,30847.25,30832.75,30835.5,171,2026-10-01T22:30:27+00:00
2026-10-01T10:17:00Z,30835.0,30856.25,30833.25,30847.0,222,2026-10-01T22:30:27+00:00
2026-10-01T10:18:00Z,30845.5,30874.0,30843.5,30866.75,286,2026-10-01T22:30:27+00:00
2026-10-01T10:19:00Z,30866.0,30866.0,30854.75,30858.5,155,2026-10-01T22:30:27+00:00
2026-10-01T10:20:00Z,30860.0,30873.75,30857.5,30873.75,197,2026-10-01T22:30:27+00:00
2026-10-01T10:21:00Z,30872.25,30887.5,30860.25,30870.0,649,2026-10-01T22:30:27+00:00
2026-10-01T10:22:00Z,30871.0,30874.0,30859.0,30860.75,209,2026-10-01T22:30:27+00:00
2026-10-01T10:23:00Z,30863.75,30867.25,30860.25,30862.25,73,2026-10-01T22:30:27+00:00
2026-10-01T10:24:00Z,30862.5,30866.5,30860.25,30866.5,89,2026-10-01T22:30:27+00:00
2026-10-01T10:25:00Z,30866.25,30875.5,30862.75,30874.5,98,2026-10-01T22:30:27+00:00
2026-10-01T10:26:00Z,30874.0,30884.0,30866.75,30866.75,126,2026-10-01T22:30:27+00:00
2026-10-01T10:27:00Z,30867.75,30876.0,30867.75,30871.0,91,2026-10-01T22:30:27+00:00
2026-10-01T10:28:00Z,30871.0,30880.75,30871.0,30875.5,55,2026-10-01T22:30:27+00:00
2026-10-01T10:29:00Z,30873.25,30877.0,30872.0,30877.0,39,2026-10-01T22:30:27+00:00
2026-10-01T10:30:00Z,30876.5,30885.25,30876.0,30885.0,117,2026-10-01T22:30:27+00:00
2026-10-01T10:31:00Z,30885.0,30895.5,30882.0,30891.0,347,2026-10-01T22:30:27+00:00
2026-10-01T10:32:00Z,30891.0,30893.25,30885.0,30886.5,472,2026-10-01T22:30:27+00:00
2026-10-01T10:33:00Z,30886.25,30888.0,30884.25,30887.25,56,2026-10-01T22:30:27+00:00
2026-10-01T10:34:00Z,30886.5,30895.25,30885.0,30894.75,126,2026-10-01T22:30:27+00:00
2026-10-01T10:35:00Z,30895.0,30896.25,30886.75,30889.0,106,2026-10-01T22:30:27+00:00
2026-10-01T10:36:00Z,30889.25,30894.75,30884.75,30890.0,48,2026-10-01T22:30:27+00:00
2026-10-01T10:37:00Z,30888.0,30889.75,30885.75,30886.75,48,2026-10-01T22:30:27+00:00
2026-10-01T10:38:00Z,30886.0,30886.0,30881.5,30882.75,70,2026-10-01T22:30:27+00:00
2026-10-01T10:39:00Z,30884.25,30884.75,30876.25,30881.5,107,2026-10-01T22:30:27+00:00
2026-10-01T10:40:00Z,30879.0,30886.25,30879.0,30884.25,70,2026-10-01T22:30:27+00:00
2026-10-01T10:41:00Z,30884.75,30885.0,30881.0,30884.5,67,2026-10-01T22:30:27+00:00
2026-10-01T10:42:00Z,30884.25,30926.25,30884.25,30925.75,823,2026-10-01T22:30:27+00:00
2026-10-01T10:43:00Z,30924.5,30929.5,30921.0,30924.5,334,2026-10-01T22:30:27+00:00
2026-10-01T10:44:00Z,30923.75,30930.0,30922.0,30923.25,275,2026-10-01T22:30:27+00:00
2026-10-01T10:45:00Z,30924.25,30932.0,30922.0,30926.75,190,2026-10-01T22:30:27+00:00
2026-10-01T10:46:00Z,30926.5,30935.75,30922.75,30933.0,215,2026-10-01T22:30:27+00:00
2026-10-01T10:47:00Z,30932.75,30938.75,30931.25,30935.5,181,2026-10-01T22:30:27+00:00
2026-10-01T10:48:00Z,30935.25,30941.0,30932.25,30937.5,241,2026-10-01T22:30:27+00:00
2026-10-01T10:49:00Z,30936.75,30936.75,30927.5,30933.0,295,2026-10-01T22:30:27+00:00
2026-10-01T10:50:00Z,30933.0,30933.0,30923.75,30931.5,141,2026-10-01T22:30:27+00:00
2026-10-01T10:51:00Z,30931.0,30935.75,30930.5,30934.25,108,2026-10-01T22:30:27+00:00
2026-10-01T10:52:00Z,30934.5,30949.75,30934.5,30936.0,338,2026-10-01T22:30:27+00:00
2026-10-01T10:53:00Z,30937.0,30947.0,30933.0,30933.75,210,2026-10-01T22:30:27+00:00
2026-10-01T10:54:00Z,30934.75,30948.5,30934.75,30946.25,218,2026-10-01T22:30:27+00:00
2026-10-01T10:55:00Z,30944.0,30944.25,30935.0,30936.25,126,2026-10-01T22:30:27+00:00
2026-10-01T10:56:00Z,30936.25,30936.5,30928.0,30930.0,160,2026-10-01T22:30:27+00:00
2026-10-01T10:57:00Z,30929.75,30938.25,30924.25,30935.5,197,2026-10-01T22:30:27+00:00
2026-10-01T10:58:00Z,30931.25,30935.0,30928.0,30934.0,105,2026-10-01T22:30:27+00:00
2026-10-01T10:59:00Z,30932.75,30940.5,30932.75,30938.75,118,2026-10-01T22:30:27+00:00
2026-10-01T11:00:00Z,30938.25,30941.5,30915.75,30916.25,447,2026-10-01T22:30:27+00:00
2026-10-01T11:01:00Z,30915.75,30925.0,30903.75,30912.0,338,2026-10-01T22:30:27+00:00
2026-10-01T11:02:00Z,30911.25,30922.0,30909.75,30913.25,220,2026-10-01T22:30:27+00:00
2026-10-01T11:03:00Z,30914.0,30924.5,30911.75,30914.75,193,2026-10-01T22:30:27+00:00
2026-10-01T11:04:00Z,30913.0,30915.25,30901.0,30902.25,199,2026-10-01T22:30:27+00:00
2026-10-01T11:05:00Z,30902.25,30903.25,30887.0,30897.0,653,2026-10-01T22:30:27+00:00
2026-10-01T11:06:00Z,30897.75,30906.25,30895.25,30905.0,169,2026-10-01T22:30:27+00:00
2026-10-01T11:07:00Z,30904.5,30905.0,30895.5,30899.25,148,2026-10-01T22:30:27+00:00
2026-10-01T11:08:00Z,30897.5,30900.25,30884.5,30888.25,168,2026-10-01T22:30:27+00:00
2026-10-01T11:09:00Z,30887.75,30891.5,30882.25,30884.5,114,2026-10-01T22:30:27+00:00
2026-10-01T11:10:00Z,30884.5,30884.5,30869.25,30884.0,312,2026-10-01T22:30:27+00:00
2026-10-01T11:11:00Z,30883.75,30888.0,30880.25,30881.0,126,2026-10-01T22:30:27+00:00
2026-10-01T11:12:00Z,30880.75,30883.75,30877.0,30881.5,78,2026-10-01T22:30:27+00:00
2026-10-01T11:13:00Z,30881.25,30884.0,30871.5,30879.5,216,2026-10-01T22:30:27+00:00
2026-10-01T11:14:00Z,30879.25,30881.25,30861.25,30863.25,232,2026-10-01T22:30:27+00:00
2026-10-01T11:15:00Z,30863.5,30864.5,30843.25,30853.0,381,2026-10-01T22:30:27+00:00
2026-10-01T11:16:00Z,30853.5,30853.5,30847.25,30850.75,142,2026-10-01T22:30:27+00:00
2026-10-01T11:17:00Z,30851.5,30853.0,30843.0,30846.0,154,2026-10-01T22:30:27+00:00
2026-10-01T11:18:00Z,30844.75,30851.5,30844.0,30848.0,134,2026-10-01T22:30:27+00:00
2026-10-01T11:19:00Z,30848.25,30850.5,30840.0,30842.5,168,2026-10-01T22:30:27+00:00
2026-10-01T11:20:00Z,30842.0,30842.0,30832.5,30836.75,180,2026-10-01T22:30:27+00:00
2026-10-01T11:21:00Z,30836.25,30837.5,30830.75,30834.75,95,2026-10-01T22:30:27+00:00
2026-10-01T11:22:00Z,30834.25,30850.5,30831.75,30836.75,237,2026-10-01T22:30:27+00:00
2026-10-01T11:23:00Z,30836.75,30841.0,30829.0,30829.0,151,2026-10-01T22:30:27+00:00
2026-10-01T11:24:00Z,30829.0,30832.0,30816.25,30817.0,201,2026-10-01T22:30:27+00:00
2026-10-01T11:25:00Z,30816.5,30829.25,30814.75,30826.0,288,2026-10-01T22:30:27+00:00
2026-10-01T11:26:00Z,30826.0,30834.75,30824.5,30834.75,189,2026-10-01T22:30:27+00:00
2026-10-01T11:27:00Z,30834.5,30839.75,30831.0,30838.25,202,2026-10-01T22:30:27+00:00
2026-10-01T11:28:00Z,30839.25,30843.25,30835.0,30835.0,172,2026-10-01T22:30:27+00:00
2026-10-01T11:29:00Z,30833.75,30840.0,30828.0,30838.5,210,2026-10-01T22:30:27+00:00
2026-10-01T11:30:00Z,30837.75,30847.75,30833.25,30847.5,123,2026-10-01T22:30:27+00:00
2026-10-01T11:31:00Z,30846.75,30858.0,30842.25,30844.5,337,2026-10-01T22:30:27+00:00
2026-10-01T11:32:00Z,30844.75,30854.25,30834.75,30846.5,205,2026-10-01T22:30:27+00:00
2026-10-01T11:33:00Z,30846.5,30849.5,30841.75,30846.5,82,2026-10-01T22:30:27+00:00
2026-10-01T11:34:00Z,30846.5,30856.5,30844.5,30851.5,80,2026-10-01T22:30:27+00:00
2026-10-01T11:35:00Z,30849.5,30862.5,30849.5,30851.75,159,2026-10-01T22:30:27+00:00
2026-10-01T11:36:00Z,30853.0,30864.25,30843.75,30854.5,198,2026-10-01T22:30:27+00:00
2026-10-01T11:37:00Z,30856.5,30876.25,30856.5,30868.5,235,2026-10-01T22:30:27+00:00
2026-10-01T11:38:00Z,30867.25,30870.5,30852.25,30860.75,160,2026-10-01T22:30:27+00:00
2026-10-01T11:39:00Z,30861.75,30878.5,30859.75,30875.25,204,2026-10-01T22:30:27+00:00
2026-10-01T11:40:00Z,30873.25,30882.5,30870.0,30881.0,207,2026-10-01T22:30:27+00:00
2026-10-01T11:41:00Z,30880.25,30886.75,30877.0,30881.75,228,2026-10-01T22:30:27+00:00
2026-10-01T11:42:00Z,30882.25,30883.5,30874.5,30874.5,154,2026-10-01T22:30:27+00:00
2026-10-01T11:43:00Z,30875.0,30883.75,30873.5,30876.5,132,2026-10-01T22:30:27+00:00
2026-10-01T11:44:00Z,30877.25,30879.25,30874.75,30879.0,74,2026-10-01T22:30:27+00:00
2026-10-01T11:45:00Z,30879.25,30885.5,30877.0,30884.5,99,2026-10-01T22:30:27+00:00
2026-10-01T11:46:00Z,30884.25,30893.75,30880.0,30892.25,226,2026-10-01T22:30:27+00:00
2026-10-01T11:47:00Z,30893.0,30900.25,30889.75,30900.0,184,2026-10-01T22:30:27+00:00
2026-10-01T11:48:00Z,30899.75,30903.25,30896.75,30901.25,145,2026-10-01T22:30:27+00:00
2026-10-01T11:49:00Z,30901.75,30903.25,30892.25,30896.0,95,2026-10-01T22:30:27+00:00
2026-10-01T11:50:00Z,30896.0,30907.5,30893.75,30905.25,113,2026-10-01T22:30:27+00:00
2026-10-01T11:51:00Z,30905.5,30908.75,30896.5,30896.5,136,2026-10-01T22:30:27+00:00
2026-10-01T11:52:00Z,30897.0,30897.75,30880.0,30892.25,287,2026-10-01T22:30:27+00:00
2026-10-01T11:53:00Z,30892.25,30896.75,30888.25,30891.0,141,2026-10-01T22:30:27+00:00
2026-10-01T11:54:00Z,30890.5,30899.0,30887.25,30893.25,108,2026-10-01T22:30:27+00:00
2026-10-01T11:55:00Z,30895.25,30897.75,30890.0,30894.5,98,2026-10-01T22:30:27+00:00
2026-10-01T11:56:00Z,30893.75,30900.0,30890.75,30898.75,141,2026-10-01T22:30:27+00:00
2026-10-01T11:57:00Z,30898.25,30902.0,30893.75,30894.75,92,2026-10-01T22:30:27+00:00
2026-10-01T11:58:00Z,30894.5,30897.5,30887.25,30889.0,157,2026-10-01T22:30:27+00:00
2026-10-01T11:59:00Z,30888.25,30888.25,30880.0,30881.0,277,2026-10-01T22:30:27+00:00
2026-10-01T12:00:00Z,30881.0,30889.75,30870.75,30875.5,317,2026-10-01T22:30:27+00:00
2026-10-01T12:01:00Z,30876.25,30881.25,30869.25,30873.75,172,2026-10-01T22:30:27+00:00
2026-10-01T12:02:00Z,30873.25,30881.0,30871.0,30877.5,148,2026-10-01T22:30:27+00:00
2026-10-01T12:03:00Z,30877.5,30879.5,30854.75,30862.75,296,2026-10-01T22:30:27+00:00
2026-10-01T12:04:00Z,30862.75,30868.5,30852.25,30853.5,227,2026-10-01T22:30:27+00:00
2026-10-01T12:05:00Z,30853.25,30859.0,30850.0,30855.0,201,2026-10-01T22:30:27+00:00
2026-10-01T12:06:00Z,30854.5,30867.25,30854.5,30867.0,170,2026-10-01T22:30:27+00:00
2026-10-01T12:07:00Z,30867.5,30873.5,30860.5,30860.5,296,2026-10-01T22:30:27+00:00
2026-10-01T12:08:00Z,30863.0,30872.0,30860.5,30865.25,111,2026-10-01T22:30:27+00:00
2026-10-01T12:09:00Z,30863.75,30871.75,30862.75,30871.25,99,2026-10-01T22:30:27+00:00
2026-10-01T12:10:00Z,30871.25,30877.5,30869.5,30874.25,269,2026-10-01T22:30:27+00:00
2026-10-01T12:11:00Z,30874.25,30876.5,30870.0,30870.75,101,2026-10-01T22:30:27+00:00
2026-10-01T12:12:00Z,30871.25,30877.5,30866.5,30867.75,110,2026-10-01T22:30:27+00:00
2026-10-01T12:13:00Z,30867.0,30869.5,30862.5,30866.75,77,2026-10-01T22:30:27+00:00
2026-10-01T12:14:00Z,30865.25,30865.5,30852.0,30852.5,149,2026-10-01T22:30:27+00:00
2026-10-01T12:15:00Z,30852.0,30862.5,30847.0,30857.75,211,2026-10-01T22:30:27+00:00
2026-10-01T12:16:00Z,30860.25,30861.75,30853.5,30858.0,165,2026-10-01T22:30:27+00:00
2026-10-01T12:17:00Z,30858.25,30862.5,30839.0,30862.25,573,2026-10-01T22:30:27+00:00
2026-10-01T12:18:00Z,30862.0,30870.75,30851.5,30857.25,266,2026-10-01T22:30:27+00:00
2026-10-01T12:19:00Z,30857.25,30860.25,30853.0,30855.25,113,2026-10-01T22:30:27+00:00
2026-10-01T12:20:00Z,30855.0,30859.0,30849.5,30855.75,115,2026-10-01T22:30:27+00:00
2026-10-01T12:21:00Z,30854.25,30861.5,30853.75,30860.25,127,2026-10-01T22:30:27+00:00
2026-10-01T12:22:00Z,30860.25,30866.5,30857.0,30857.0,161,2026-10-01T22:30:27+00:00
2026-10-01T12:23:00Z,30856.25,30857.25,30834.5,30838.5,278,2026-10-01T22:30:27+00:00
2026-10-01T12:24:00Z,30838.0,30851.75,30838.0,30847.75,311,2026-10-01T22:30:27+00:00
2026-10-01T12:25:00Z,30847.5,30858.25,30844.25,30858.25,210,2026-10-01T22:30:27+00:00
2026-10-01T12:26:00Z,30858.5,30859.25,30830.0,30855.0,866,2026-10-01T22:30:27+00:00
2026-10-01T12:27:00Z,30855.75,30855.75,30841.75,30846.0,161,2026-10-01T22:30:27+00:00
2026-10-01T12:28:00Z,30846.5,30851.0,30844.5,30845.25,92,2026-10-01T22:30:27+00:00
2026-10-01T12:29:00Z,30845.75,30859.25,30842.0,30858.75,174,2026-10-01T22:30:27+00:00
2026-10-01T12:30:00Z,30856.75,30870.25,30848.0,30855.5,568,2026-10-01T22:30:27+00:00
2026-10-01T12:31:00Z,30855.75,30860.75,30849.0,30859.5,233,2026-10-01T22:30:27+00:00
2026-10-01T12:32:00Z,30859.5,30867.0,30850.75,30851.5,212,2026-10-01T22:30:27+00:00
2026-10-01T12:33:00Z,30851.75,30861.0,30847.75,30857.25,143,2026-10-01T22:30:27+00:00
2026-10-01T12:34:00Z,30858.75,30869.0,30856.5,30867.0,256,2026-10-01T22:30:27+00:00
2026-10-01T12:35:00Z,30865.0,30872.5,30851.0,30869.25,336,2026-10-01T22:30:27+00:00
2026-10-01T12:36:00Z,30871.0,30878.5,30865.5,30868.75,275,2026-10-01T22:30:27+00:00
2026-10-01T12:37:00Z,30867.75,30868.25,30855.0,30858.25,179,2026-10-01T22:30:27+00:00
2026-10-01T12:38:00Z,30858.25,30864.25,30856.75,30860.25,221,2026-10-01T22:30:27+00:00
2026-10-01T12:39:00Z,30860.5,30869.75,30860.25,30868.75,104,2026-10-01T22:30:27+00:00
2026-10-01T12:40:00Z,30868.75,30876.25,30866.5,30866.5,204,2026-10-01T22:30:27+00:00
2026-10-01T12:41:00Z,30867.0,30878.5,30866.0,30874.5,141,2026-10-01T22:30:27+00:00
2026-10-01T12:42:00Z,30874.5,30874.75,30861.75,30869.25,227,2026-10-01T22:30:27+00:00
2026-10-01T12:43:00Z,30869.25,30871.75,30859.0,30862.75,289,2026-10-01T22:30:27+00:00
2026-10-01T12:44:00Z,30864.5,30865.75,30844.75,30846.75,309,2026-10-01T22:30:27+00:00
2026-10-01T12:45:00Z,30846.0,30852.0,30842.5,30852.0,381,2026-10-01T22:30:27+00:00
2026-10-01T12:46:00Z,30851.0,30854.5,30847.0,30854.5,193,2026-10-01T22:30:27+00:00
2026-10-01T12:47:00Z,30854.0,30859.0,30841.25,30844.5,180,2026-10-01T22:30:27+00:00
2026-10-01T12:48:00Z,30844.0,30853.0,30836.25,30848.5,269,2026-10-01T22:30:27+00:00
2026-10-01T12:49:00Z,30847.75,30848.75,30840.0,30848.0,132,2026-10-01T22:30:27+00:00
2026-10-01T12:50:00Z,30849.25,30853.5,30845.0,30846.5,188,2026-10-01T22:30:27+00:00
2026-10-01T12:51:00Z,30847.0,30849.75,30831.0,30831.75,360,2026-10-01T22:30:27+00:00
2026-10-01T12:52:00Z,30830.75,30834.0,30823.0,30823.5,326,2026-10-01T22:30:27+00:00
2026-10-01T12:53:00Z,30822.5,30831.75,30818.75,30827.0,509,2026-10-01T22:30:27+00:00
2026-10-01T12:54:00Z,30826.25,30832.0,30821.75,30823.5,299,2026-10-01T22:30:27+00:00
2026-10-01T12:55:00Z,30823.75,30828.0,30816.25,30820.0,340,2026-10-01T22:30:27+00:00
2026-10-01T12:56:00Z,30819.75,30825.5,30815.0,30817.75,242,2026-10-01T22:30:27+00:00
2026-10-01T12:57:00Z,30817.0,30827.25,30813.25,30826.0,267,2026-10-01T22:30:27+00:00
2026-10-01T12:58:00Z,30827.0,30827.25,30818.25,30819.0,235,2026-10-01T22:30:27+00:00
2026-10-01T12:59:00Z,30818.25,30821.75,30814.75,30816.5,161,2026-10-01T22:30:27+00:00
2026-10-01T13:00:00Z,30817.25,30827.0,30808.0,30814.0,540,2026-10-01T22:30:27+00:00
2026-10-01T13:01:00Z,30813.0,30824.5,30809.0,30822.0,281,2026-10-01T22:30:27+00:00
2026-10-01T13:02:00Z,30821.75,30832.5,30821.25,30830.0,340,2026-10-01T22:30:27+00:00
2026-10-01T13:03:00Z,30830.5,30833.5,30828.25,30829.75,233,2026-10-01T22:30:27+00:00
2026-10-01T13:04:00Z,30830.25,30831.75,30820.0,30820.0,233,2026-10-01T22:30:27+00:00
2026-10-01T13:05:00Z,30821.0,30827.25,30816.25,30823.0,235,2026-10-01T22:30:27+00:00
2026-10-01T13:06:00Z,30823.0,30832.25,30822.5,30830.5,299,2026-10-01T22:30:27+00:00
2026-10-01T13:07:00Z,30829.25,30850.25,30826.75,30849.75,540,2026-10-01T22:30:27+00:00
2026-10-01T13:08:00Z,30850.0,30857.75,30844.0,30854.0,620,2026-10-01T22:30:27+00:00
2026-10-01T13:09:00Z,30853.5,30853.75,30841.5,30842.5,302,2026-10-01T22:30:27+00:00
2026-10-01T13:10:00Z,30842.75,30849.75,30839.0,30849.5,243,2026-10-01T22:30:27+00:00
2026-10-01T13:11:00Z,30849.5,30853.5,30843.5,30852.0,211,2026-10-01T22:30:27+00:00
2026-10-01T13:12:00Z,30852.75,30858.0,30850.25,30856.75,167,2026-10-01T22:30:27+00:00
2026-10-01T13:13:00Z,30856.0,30857.5,30844.0,30846.5,343,2026-10-01T22:30:27+00:00
2026-10-01T13:14:00Z,30846.75,30847.25,30831.5,30832.25,348,2026-10-01T22:30:27+00:00
2026-10-01T13:15:00Z,30832.25,30834.25,30820.0,30820.75,402,2026-10-01T22:30:27+00:00
2026-10-01T13:16:00Z,30820.0,30822.0,30808.0,30808.75,556,2026-10-01T22:30:27+00:00
2026-10-01T13:17:00Z,30808.5,30814.25,30805.75,30812.5,249,2026-10-01T22:30:27+00:00
2026-10-01T13:18:00Z,30812.75,30822.0,30810.5,30821.75,286,2026-10-01T22:30:27+00:00
2026-10-01T13:19:00Z,30821.25,30826.25,30815.5,30823.0,236,2026-10-01T22:30:27+00:00
2026-10-01T13:20:00Z,30821.75,30827.75,30819.25,30827.25,214,2026-10-01T22:30:27+00:00
2026-10-01T13:21:00Z,30827.5,30828.25,30814.25,30817.75,304,2026-10-01T22:30:27+00:00
2026-10-01T13:22:00Z,30818.0,30831.0,30817.0,30827.0,253,2026-10-01T22:30:27+00:00
2026-10-01T13:23:00Z,30827.0,30829.25,30816.5,30817.75,231,2026-10-01T22:30:27+00:00
2026-10-01T13:24:00Z,30817.75,30817.75,30806.25,30812.75,311,2026-10-01T22:30:27+00:00
2026-10-01T13:25:00Z,30812.0,30830.75,30812.0,30822.75,686,2026-10-01T22:30:27+00:00
2026-10-01T13:26:00Z,30821.5,30828.0,30809.5,30814.75,420,2026-10-01T22:30:27+00:00
2026-10-01T13:27:00Z,30814.5,30816.25,30790.0,30802.25,987,2026-10-01T22:30:27+00:00
2026-10-01T13:28:00Z,30801.75,30810.0,30800.75,30806.0,552,2026-10-01T22:30:27+00:00
2026-10-01T13:29:00Z,30806.25,30810.0,30796.25,30797.0,627,2026-10-01T22:30:27+00:00
2026-10-01T13:30:00Z,30796.75,30830.25,30767.75,30768.0,8184,2026-10-01T22:30:27+00:00
2026-10-01T13:31:00Z,30768.25,30784.0,30734.25,30754.75,6047,2026-10-01T22:30:27+00:00
2026-10-01T13:32:00Z,30755.25,30803.5,30752.0,30796.25,4250,2026-10-01T22:30:27+00:00
2026-10-01T13:33:00Z,30796.75,30856.0,30793.0,30826.0,4529,2026-10-01T22:30:27+00:00
2026-10-01T13:34:00Z,30825.5,30832.75,30779.5,30809.75,4588,2026-10-01T22:30:27+00:00
2026-10-01T13:35:00Z,30808.5,30819.5,30754.0,30771.75,4675,2026-10-01T22:30:27+00:00
2026-10-01T13:36:00Z,30771.25,30792.0,30740.5,30788.5,4793,2026-10-01T22:30:27+00:00
2026-10-01T13:37:00Z,30788.25,30832.5,30780.75,30828.5,3804,2026-10-01T22:30:27+00:00
2026-10-01T13:38:00Z,30829.0,30840.0,30805.5,30833.25,2703,2026-10-01T22:30:27+00:00
2026-10-01T13:39:00Z,30833.75,30841.25,30796.0,30802.5,3168,2026-10-01T22:30:27+00:00
2026-10-01T13:40:00Z,30803.0,30815.75,30790.25,30805.0,3154,2026-10-01T22:30:27+00:00
2026-10-01T13:41:00Z,30804.0,30828.75,30770.75,30772.75,3235,2026-10-01T22:30:27+00:00
2026-10-01T13:42:00Z,30772.75,30783.75,30753.0,30763.25,2517,2026-10-01T22:30:27+00:00
2026-10-01T13:43:00Z,30763.75,30764.75,30745.5,30757.75,2201,2026-10-01T22:30:27+00:00
2026-10-01T13:44:00Z,30756.75,30768.0,30741.5,30759.75,2166,2026-10-01T22:30:27+00:00
2026-10-01T13:45:00Z,30759.75,30799.0,30734.5,30744.75,4164,2026-10-01T22:30:27+00:00
2026-10-01T13:46:00Z,30744.5,30759.5,30731.0,30740.25,2324,2026-10-01T22:30:27+00:00
2026-10-01T13:47:00Z,30740.5,30752.5,30721.5,30724.25,2667,2026-10-01T22:30:27+00:00
2026-10-01T13:48:00Z,30723.75,30751.0,30713.25,30747.0,2864,2026-10-01T22:30:27+00:00
2026-10-01T13:49:00Z,30747.5,30755.75,30700.5,30708.5,3211,2026-10-01T22:30:27+00:00
2026-10-01T13:50:00Z,30709.75,30746.25,30706.0,30742.5,2453,2026-10-01T22:30:27+00:00
2026-10-01T13:51:00Z,30741.75,30745.0,30703.75,30719.0,2602,2026-10-01T22:30:27+00:00
2026-10-01T13:52:00Z,30719.75,30770.75,30715.0,30769.25,2581,2026-10-01T22:30:27+00:00
2026-10-01T13:53:00Z,30769.5,30782.5,30756.5,30780.75,1995,2026-10-01T22:30:27+00:00
2026-10-01T13:54:00Z,30780.75,30790.0,30767.25,30786.0,2055,2026-10-01T22:30:27+00:00
2026-10-01T13:55:00Z,30785.5,30800.75,30763.0,30767.75,2249,2026-10-01T22:30:27+00:00
2026-10-01T13:56:00Z,30766.75,30767.5,30730.25,30752.25,2162,2026-10-01T22:30:27+00:00
2026-10-01T13:57:00Z,30751.75,30770.75,30741.25,30770.25,1640,2026-10-01T22:30:27+00:00
2026-10-01T13:58:00Z,30769.25,30769.75,30751.0,30754.0,1211,2026-10-01T22:30:27+00:00
2026-10-01T13:59:00Z,30754.75,30761.5,30742.5,30746.0,1106,2026-10-01T22:30:27+00:00
2026-10-01T14:00:00Z,30748.5,30754.0,30677.0,30677.75,4569,2026-10-01T22:30:27+00:00
2026-10-01T14:01:00Z,30677.5,30681.25,30632.75,30639.25,3898,2026-10-01T22:30:27+00:00
2026-10-01T14:02:00Z,30638.75,30641.25,30609.75,30630.0,4177,2026-10-01T22:30:27+00:00
2026-10-01T14:03:00Z,30629.5,30640.25,30608.5,30624.0,2987,2026-10-01T22:30:27+00:00
2026-10-01T14:04:00Z,30623.5,30638.75,30618.5,30621.75,2838,2026-10-01T22:30:27+00:00
2026-10-01T14:05:00Z,30621.25,30634.25,30591.25,30610.5,3896,2026-10-01T22:30:27+00:00
2026-10-01T14:06:00Z,30611.0,30630.75,30590.0,30619.5,3938,2026-10-01T22:30:27+00:00
2026-10-01T14:07:00Z,30619.0,30635.75,30603.5,30625.0,3410,2026-10-01T22:30:27+00:00
2026-10-01T14:08:00Z,30624.5,30692.25,30623.75,30676.25,4969,2026-10-01T22:30:27+00:00
2026-10-01T14:09:00Z,30675.5,30706.0,30671.25,30704.75,2497,2026-10-01T22:30:27+00:00
2026-10-01T14:10:00Z,30704.25,30706.75,30682.75,30701.0,2617,2026-10-01T22:30:27+00:00
2026-10-01T14:11:00Z,30700.75,30701.75,30663.25,30665.25,2288,2026-10-01T22:30:27+00:00
2026-10-01T14:12:00Z,30666.0,30691.75,30650.75,30651.5,2244,2026-10-01T22:30:27+00:00
2026-10-01T14:13:00Z,30651.75,30653.5,30624.0,30637.0,2407,2026-10-01T22:30:27+00:00
2026-10-01T14:14:00Z,30637.25,30658.25,30633.75,30657.0,1559,2026-10-01T22:30:27+00:00
2026-10-01T14:15:00Z,30657.5,30670.5,30636.0,30640.75,2495,2026-10-01T22:30:27+00:00
2026-10-01T14:16:00Z,30640.25,30656.75,30630.75,30647.75,1804,2026-10-01T22:30:27+00:00
2026-10-01T14:17:00Z,30647.0,30660.0,30633.75,30647.0,2096,2026-10-01T22:30:27+00:00
2026-10-01T14:18:00Z,30647.0,30647.0,30618.5,30631.75,2226,2026-10-01T22:30:27+00:00
2026-10-01T14:19:00Z,30631.75,30632.5,30594.25,30623.25,2626,2026-10-01T22:30:27+00:00
2026-10-01T14:20:00Z,30624.0,30635.5,30601.0,30615.25,2250,2026-10-01T22:30:27+00:00
2026-10-01T14:21:00Z,30615.75,30639.75,30603.25,30613.0,2237,2026-10-01T22:30:27+00:00
2026-10-01T14:22:00Z,30612.0,30621.75,30571.75,30575.5,2683,2026-10-01T22:30:27+00:00
2026-10-01T14:23:00Z,30576.0,30606.5,30560.75,30600.0,3017,2026-10-01T22:30:27+00:00
2026-10-01T14:24:00Z,30600.75,30613.25,30589.0,30600.25,2351,2026-10-01T22:30:27+00:00
2026-10-01T14:25:00Z,30601.0,30627.0,30594.5,30614.0,2487,2026-10-01T22:30:27+00:00
2026-10-01T14:26:00Z,30613.75,30644.25,30606.25,30634.0,2055,2026-10-01T22:30:27+00:00
2026-10-01T14:27:00Z,30634.25,30644.5,30615.75,30637.25,2204,2026-10-01T22:30:27+00:00
2026-10-01T14:28:00Z,30638.5,30643.0,30593.75,30616.25,2065,2026-10-01T22:30:27+00:00
2026-10-01T14:29:00Z,30616.5,30635.0,30616.0,30619.75,1713,2026-10-01T22:30:27+00:00
2026-10-01T14:30:00Z,30618.5,30643.0,30605.5,30638.5,3259,2026-10-01T22:30:27+00:00
2026-10-01T14:31:00Z,30637.75,30638.0,30601.75,30627.0,1878,2026-10-01T22:30:27+00:00
2026-10-01T14:32:00Z,30626.0,30650.25,30617.5,30636.75,2329,2026-10-01T22:30:27+00:00
2026-10-01T14:33:00Z,30637.75,30664.5,30636.75,30657.0,1995,2026-10-01T22:30:27+00:00
2026-10-01T14:34:00Z,30658.0,30684.0,30647.75,30684.0,2571,2026-10-01T22:30:27+00:00
2026-10-01T14:35:00Z,30683.25,30686.75,30663.75,30668.25,1872,2026-10-01T22:30:27+00:00
2026-10-01T14:36:00Z,30668.25,30689.0,30658.25,30686.25,1646,2026-10-01T22:30:27+00:00
2026-10-01T14:37:00Z,30686.5,30697.75,30673.25,30678.0,1691,2026-10-01T22:30:27+00:00
2026-10-01T14:38:00Z,30678.75,30696.5,30666.0,30692.25,1624,2026-10-01T22:30:27+00:00
2026-10-01T14:39:00Z,30692.75,30725.0,30692.75,30717.0,2391,2026-10-01T22:30:27+00:00
2026-10-01T14:40:00Z,30718.0,30726.5,30689.75,30697.75,2629,2026-10-01T22:30:27+00:00
2026-10-01T14:41:00Z,30697.75,30700.75,30673.5,30687.0,2078,2026-10-01T22:30:27+00:00
2026-10-01T14:42:00Z,30685.75,30701.5,30678.5,30694.5,1447,2026-10-01T22:30:27+00:00
2026-10-01T14:43:00Z,30694.0,30705.5,30682.5,30692.0,1469,2026-10-01T22:30:27+00:00
2026-10-01T14:44:00Z,30692.5,30695.0,30666.75,30677.75,1709,2026-10-01T22:30:27+00:00
2026-10-01T14:45:00Z,30680.0,30709.5,30673.75,30706.75,1832,2026-10-01T22:30:27+00:00
2026-10-01T14:46:00Z,30706.25,30712.75,30677.5,30687.75,1683,2026-10-01T22:30:27+00:00
2026-10-01T14:47:00Z,30687.25,30687.25,30660.5,30663.25,1673,2026-10-01T22:30:27+00:00
2026-10-01T14:48:00Z,30663.5,30672.0,30654.75,30659.75,1652,2026-10-01T22:30:27+00:00
2026-10-01T14:49:00Z,30660.0,30689.25,30653.0,30679.25,2104,2026-10-01T22:30:27+00:00
2026-10-01T14:50:00Z,30680.25,30690.25,30653.75,30665.0,1809,2026-10-01T22:30:27+00:00
2026-10-01T14:51:00Z,30665.0,30677.0,30643.0,30643.25,1838,2026-10-01T22:30:27+00:00
2026-10-01T14:52:00Z,30644.25,30650.0,30614.25,30624.0,2013,2026-10-01T22:30:27+00:00
2026-10-01T14:53:00Z,30624.0,30648.25,30615.0,30625.75,2069,2026-10-01T22:30:27+00:00
2026-10-01T14:54:00Z,30625.75,30645.25,30610.25,30640.75,2546,2026-10-01T22:30:27+00:00
2026-10-01T14:55:00Z,30642.0,30660.0,30636.5,30643.25,1748,2026-10-01T22:30:27+00:00
2026-10-01T14:56:00Z,30643.0,30649.75,30627.0,30636.75,1396,2026-10-01T22:30:27+00:00
2026-10-01T14:57:00Z,30636.25,30643.75,30622.25,30637.75,2169,2026-10-01T22:30:27+00:00
2026-10-01T14:58:00Z,30637.5,30687.75,30622.5,30631.75,3451,2026-10-01T22:30:27+00:00
2026-10-01T14:59:00Z,30632.25,30639.75,30609.0,30636.0,1492,2026-10-01T22:30:27+00:00
2026-10-01T15:00:00Z,30635.75,30638.5,30614.75,30619.25,1657,2026-10-01T22:30:27+00:00
2026-10-01T15:01:00Z,30617.75,30621.0,30586.25,30600.0,2262,2026-10-01T22:30:27+00:00
2026-10-01T15:02:00Z,30600.0,30611.75,30592.5,30593.0,1389,2026-10-01T22:30:27+00:00
2026-10-01T15:03:00Z,30593.5,30602.25,30584.25,30592.0,1837,2026-10-01T22:30:27+00:00
2026-10-01T15:04:00Z,30590.75,30612.0,30586.75,30602.75,1396,2026-10-01T22:30:27+00:00
2026-10-01T15:05:00Z,30602.75,30620.75,30592.5,30597.5,1469,2026-10-01T22:30:27+00:00
2026-10-01T15:06:00Z,30598.25,30600.0,30588.5,30594.0,954,2026-10-01T22:30:27+00:00
2026-10-01T15:07:00Z,30594.5,30607.25,30577.0,30578.25,1628,2026-10-01T22:30:27+00:00
2026-10-01T15:08:00Z,30577.75,30580.0,30548.75,30558.25,2954,2026-10-01T22:30:27+00:00
2026-10-01T15:09:00Z,30558.25,30575.25,30555.25,30557.25,1779,2026-10-01T22:30:27+00:00
2026-10-01T15:10:00Z,30557.0,30557.0,30536.0,30547.75,2855,2026-10-01T22:30:27+00:00
2026-10-01T15:11:00Z,30547.75,30573.5,30529.25,30564.5,2249,2026-10-01T22:30:27+00:00
2026-10-01T15:12:00Z,30564.0,30570.0,30556.5,30566.0,1360,2026-10-01T22:30:27+00:00
2026-10-01T15:13:00Z,30565.5,30590.75,30565.5,30585.25,1734,2026-10-01T22:30:27+00:00
2026-10-01T15:14:00Z,30585.25,30619.0,30580.75,30618.25,1909,2026-10-01T22:30:27+00:00
2026-10-01T15:15:00Z,30617.75,30629.75,30601.75,30620.0,1770,2026-10-01T22:30:27+00:00
2026-10-01T15:16:00Z,30620.75,30638.25,30620.25,30632.75,1506,2026-10-01T22:30:27+00:00
2026-10-01T15:17:00Z,30632.75,30664.5,30629.0,30663.0,2061,2026-10-01T22:30:27+00:00
2026-10-01T15:18:00Z,30663.0,30666.25,30639.25,30640.25,1619,2026-10-01T22:30:27+00:00
2026-10-01T15:19:00Z,30640.75,30662.5,30637.75,30654.0,1606,2026-10-01T22:30:27+00:00
2026-10-01T15:20:00Z,30655.0,30673.0,30635.5,30636.5,2797,2026-10-01T22:30:27+00:00
2026-10-01T15:21:00Z,30637.0,30649.5,30624.5,30643.0,1743,2026-10-01T22:30:27+00:00
2026-10-01T15:22:00Z,30643.0,30645.25,30630.0,30636.5,1171,2026-10-01T22:30:27+00:00
2026-10-01T15:23:00Z,30636.25,30645.25,30632.0,30639.75,899,2026-10-01T22:30:27+00:00
2026-10-01T15:24:00Z,30638.5,30653.0,30636.5,30642.75,817,2026-10-01T22:30:27+00:00
2026-10-01T15:25:00Z,30643.25,30661.5,30640.5,30653.5,1218,2026-10-01T22:30:27+00:00
2026-10-01T15:26:00Z,30652.75,30665.0,30642.25,30664.5,1033,2026-10-01T22:30:27+00:00
2026-10-01T15:27:00Z,30664.5,30673.0,30660.75,30666.0,1125,2026-10-01T22:30:27+00:00
2026-10-01T15:28:00Z,30666.5,30680.5,30645.5,30646.25,1730,2026-10-01T22:30:27+00:00
2026-10-01T15:29:00Z,30646.5,30650.75,30632.5,30634.0,1549,2026-10-01T22:30:27+00:00
2026-10-01T15:30:00Z,30634.75,30637.25,30619.5,30626.25,2117,2026-10-01T22:30:27+00:00
2026-10-01T15:31:00Z,30626.5,30627.0,30608.5,30614.5,1592,2026-10-01T22:30:27+00:00
2026-10-01T15:32:00Z,30614.75,30615.0,30597.75,30597.75,1531,2026-10-01T22:30:27+00:00
2026-10-01T15:33:00Z,30598.0,30618.0,30595.25,30599.25,1500,2026-10-01T22:30:27+00:00
2026-10-01T15:34:00Z,30599.75,30604.25,30571.0,30571.25,2154,2026-10-01T22:30:27+00:00
2026-10-01T15:35:00Z,30571.25,30575.0,30557.0,30558.25,1945,2026-10-01T22:30:27+00:00
2026-10-01T15:36:00Z,30557.75,30581.75,30554.5,30579.0,2296,2026-10-01T22:30:27+00:00
2026-10-01T15:37:00Z,30579.5,30587.75,30574.0,30586.25,1483,2026-10-01T22:30:27+00:00
2026-10-01T15:38:00Z,30586.0,30612.0,30583.5,30605.75,2015,2026-10-01T22:30:27+00:00
2026-10-01T15:39:00Z,30606.25,30627.25,30601.75,30602.75,1585,2026-10-01T22:30:27+00:00
2026-10-01T15:40:00Z,30603.0,30618.25,30590.75,30592.25,1527,2026-10-01T22:30:27+00:00
2026-10-01T15:41:00Z,30591.5,30598.5,30565.75,30568.75,2042,2026-10-01T22:30:27+00:00
2026-10-01T15:42:00Z,30570.0,30583.75,30563.75,30581.5,1345,2026-10-01T22:30:27+00:00
2026-10-01T15:43:00Z,30580.75,30580.75,30550.0,30554.75,1461,2026-10-01T22:30:27+00:00
2026-10-01T15:44:00Z,30554.75,30568.5,30544.25,30568.25,1789,2026-10-01T22:30:27+00:00
2026-10-01T15:45:00Z,30568.0,30571.75,30554.75,30569.75,1368,2026-10-01T22:30:27+00:00
2026-10-01T15:46:00Z,30569.25,30576.0,30558.25,30560.5,1237,2026-10-01T22:30:27+00:00
2026-10-01T15:47:00Z,30561.25,30577.0,30557.75,30571.75,1113,2026-10-01T22:30:27+00:00
2026-10-01T15:48:00Z,30573.0,30588.0,30562.25,30585.25,1941,2026-10-01T22:30:27+00:00
2026-10-01T15:49:00Z,30585.75,30593.0,30574.25,30586.75,983,2026-10-01T22:30:27+00:00
2026-10-01T15:50:00Z,30587.0,30590.75,30566.5,30568.75,1414,2026-10-01T22:30:27+00:00
2026-10-01T15:51:00Z,30569.0,30570.0,30549.0,30551.75,1689,2026-10-01T22:30:27+00:00
2026-10-01T15:52:00Z,30551.25,30564.25,30546.25,30561.5,1248,2026-10-01T22:30:27+00:00
2026-10-01T15:53:00Z,30560.75,30560.75,30543.5,30555.5,1368,2026-10-01T22:30:27+00:00
2026-10-01T15:54:00Z,30555.5,30581.25,30552.25,30572.5,1492,2026-10-01T22:30:27+00:00
2026-10-01T15:55:00Z,30571.75,30601.25,30569.75,30601.0,1463,2026-10-01T22:30:27+00:00
2026-10-01T15:56:00Z,30601.75,30633.5,30590.5,30611.25,3200,2026-10-01T22:30:27+00:00
2026-10-01T15:57:00Z,30611.25,30630.5,30603.25,30615.25,1424,2026-10-01T22:30:27+00:00
2026-10-01T15:58:00Z,30615.75,30618.0,30592.0,30600.25,1403,2026-10-01T22:30:27+00:00
2026-10-01T15:59:00Z,30600.0,30612.75,30595.5,30611.5,903,2026-10-01T22:30:27+00:00
2026-10-01T16:00:00Z,30612.5,30614.25,30580.0,30611.5,1712,2026-10-01T22:30:27+00:00
2026-10-01T16:01:00Z,30611.5,30621.75,30609.5,30613.75,1186,2026-10-01T22:30:27+00:00
2026-10-01T16:02:00Z,30613.75,30627.75,30606.75,30626.25,1510,2026-10-01T22:30:27+00:00
2026-10-01T16:03:00Z,30626.5,30637.0,30624.75,30626.75,1270,2026-10-01T22:30:27+00:00
2026-10-01T16:04:00Z,30627.5,30636.5,30620.75,30625.5,1004,2026-10-01T22:30:27+00:00
2026-10-01T16:05:00Z,30624.0,30626.75,30602.5,30604.75,1387,2026-10-01T22:30:27+00:00
2026-10-01T16:06:00Z,30604.75,30639.0,30598.25,30634.75,1244,2026-10-01T22:30:27+00:00
2026-10-01T16:07:00Z,30635.5,30640.75,30617.0,30618.5,767,2026-10-01T22:30:27+00:00
2026-10-01T16:08:00Z,30617.75,30641.0,30617.75,30629.0,854,2026-10-01T22:30:27+00:00
2026-10-01T16:09:00Z,30629.25,30630.5,30613.75,30624.0,686,2026-10-01T22:30:27+00:00
2026-10-01T16:10:00Z,30623.5,30641.5,30622.75,30631.0,913,2026-10-01T22:30:27+00:00
2026-10-01T16:11:00Z,30631.75,30638.0,30628.0,30629.0,1454,2026-10-01T22:30:27+00:00
2026-10-01T16:12:00Z,30628.25,30633.5,30606.5,30612.75,946,2026-10-01T22:30:27+00:00
2026-10-01T16:13:00Z,30612.75,30613.5,30597.5,30599.75,707,2026-10-01T22:30:27+00:00
2026-10-01T16:14:00Z,30600.75,30602.25,30592.25,30598.5,677,2026-10-01T22:30:27+00:00
2026-10-01T16:15:00Z,30599.0,30610.5,30593.0,30605.75,924,2026-10-01T22:30:27+00:00
2026-10-01T16:16:00Z,30606.25,30620.0,30600.25,30618.5,789,2026-10-01T22:30:27+00:00
2026-10-01T16:17:00Z,30618.25,30642.25,30609.5,30638.75,1169,2026-10-01T22:30:27+00:00
2026-10-01T16:18:00Z,30638.0,30644.0,30627.75,30629.0,1129,2026-10-01T22:30:27+00:00
2026-10-01T16:19:00Z,30629.0,30629.75,30613.5,30617.5,750,2026-10-01T22:30:27+00:00
2026-10-01T16:20:00Z,30617.25,30620.0,30602.5,30613.5,740,2026-10-01T22:30:27+00:00
2026-10-01T16:21:00Z,30614.25,30619.25,30610.25,30613.75,367,2026-10-01T22:30:27+00:00
2026-10-01T16:22:00Z,30613.75,30621.75,30610.0,30619.0,565,2026-10-01T22:30:27+00:00
2026-10-01T16:23:00Z,30619.25,30619.5,30605.75,30619.5,645,2026-10-01T22:30:27+00:00
2026-10-01T16:24:00Z,30618.75,30637.5,30615.0,30632.25,859,2026-10-01T22:30:27+00:00
2026-10-01T16:25:00Z,30632.25,30634.5,30621.25,30629.5,736,2026-10-01T22:30:27+00:00
2026-10-01T16:26:00Z,30629.25,30634.0,30621.25,30621.5,496,2026-10-01T22:30:27+00:00
2026-10-01T16:27:00Z,30621.75,30637.75,30619.5,30634.0,672,2026-10-01T22:30:27+00:00
2026-10-01T16:28:00Z,30635.5,30636.25,30618.0,30623.5,654,2026-10-01T22:30:27+00:00
2026-10-01T16:29:00Z,30623.25,30623.25,30609.25,30611.5,754,2026-10-01T22:30:27+00:00
2026-10-01T16:30:00Z,30610.75,30633.75,30606.75,30629.75,998,2026-10-01T22:30:27+00:00
2026-10-01T16:31:00Z,30630.75,30643.25,30630.75,30641.25,796,2026-10-01T22:30:27+00:00
2026-10-01T16:32:00Z,30640.75,30659.0,30638.5,30655.75,945,2026-10-01T22:30:27+00:00
2026-10-01T16:33:00Z,30655.75,30659.5,30651.75,30653.25,1188,2026-10-01T22:30:27+00:00
2026-10-01T16:34:00Z,30653.25,30661.25,30646.75,30656.75,702,2026-10-01T22:30:27+00:00
2026-10-01T16:35:00Z,30656.5,30663.0,30653.75,30660.25,640,2026-10-01T22:30:27+00:00
2026-10-01T16:36:00Z,30660.5,30663.75,30651.5,30663.5,738,2026-10-01T22:30:27+00:00
2026-10-01T16:37:00Z,30663.75,30673.75,30648.75,30649.75,899,2026-10-01T22:30:27+00:00
2026-10-01T16:38:00Z,30649.5,30649.5,30625.0,30634.0,1163,2026-10-01T22:30:27+00:00
2026-10-01T16:39:00Z,30633.5,30639.0,30624.75,30629.25,738,2026-10-01T22:30:27+00:00
2026-10-01T16:40:00Z,30629.75,30641.25,30627.0,30637.0,644,2026-10-01T22:30:27+00:00
2026-10-01T16:41:00Z,30636.5,30636.5,30621.25,30623.25,652,2026-10-01T22:30:27+00:00
2026-10-01T16:42:00Z,30622.5,30638.25,30614.25,30632.25,849,2026-10-01T22:30:27+00:00
2026-10-01T16:43:00Z,30633.0,30649.25,30631.75,30643.0,819,2026-10-01T22:30:27+00:00
2026-10-01T16:44:00Z,30643.0,30644.5,30631.25,30640.25,456,2026-10-01T22:30:27+00:00
2026-10-01T16:45:00Z,30639.5,30648.25,30634.5,30642.5,520,2026-10-01T22:30:27+00:00
2026-10-01T16:46:00Z,30642.0,30648.0,30637.75,30643.5,494,2026-10-01T22:30:27+00:00
2026-10-01T16:47:00Z,30643.75,30650.5,30638.0,30646.5,511,2026-10-01T22:30:27+00:00
2026-10-01T16:48:00Z,30646.0,30660.75,30643.25,30648.0,666,2026-10-01T22:30:27+00:00
2026-10-01T16:49:00Z,30648.5,30649.5,30638.25,30640.0,590,2026-10-01T22:30:27+00:00
2026-10-01T16:50:00Z,30642.5,30649.75,30628.75,30635.5,924,2026-10-01T22:30:27+00:00
2026-10-01T16:51:00Z,30636.0,30638.25,30611.25,30616.25,938,2026-10-01T22:30:27+00:00
2026-10-01T16:52:00Z,30617.0,30621.25,30613.0,30619.5,695,2026-10-01T22:30:27+00:00
2026-10-01T16:53:00Z,30621.0,30623.25,30603.0,30605.25,850,2026-10-01T22:30:27+00:00
2026-10-01T16:54:00Z,30604.0,30604.25,30587.5,30592.0,1214,2026-10-01T22:30:27+00:00
2026-10-01T16:55:00Z,30591.5,30597.0,30569.25,30570.0,1529,2026-10-01T22:30:27+00:00
2026-10-01T16:56:00Z,30570.25,30574.0,30555.75,30566.75,1862,2026-10-01T22:30:27+00:00
2026-10-01T16:57:00Z,30566.5,30580.75,30564.25,30579.75,1322,2026-10-01T22:30:27+00:00
2026-10-01T16:58:00Z,30580.0,30584.0,30573.0,30583.25,635,2026-10-01T22:30:27+00:00
2026-10-01T16:59:00Z,30583.0,30599.0,30581.0,30595.25,782,2026-10-01T22:30:27+00:00
2026-10-01T17:00:00Z,30595.25,30602.75,30589.0,30594.0,967,2026-10-01T22:30:27+00:00
2026-10-01T17:01:00Z,30592.75,30607.75,30589.75,30607.75,1171,2026-10-01T22:30:27+00:00
2026-10-01T17:02:00Z,30607.75,30637.25,30607.0,30634.75,1249,2026-10-01T22:30:27+00:00
2026-10-01T17:03:00Z,30634.5,30637.5,30620.0,30623.75,826,2026-10-01T22:30:27+00:00
2026-10-01T17:04:00Z,30624.0,30644.25,30617.75,30641.25,866,2026-10-01T22:30:27+00:00
2026-10-01T17:05:00Z,30641.5,30651.75,30639.25,30644.75,846,2026-10-01T22:30:27+00:00
2026-10-01T17:06:00Z,30645.25,30657.25,30643.25,30648.0,1032,2026-10-01T22:30:27+00:00
2026-10-01T17:07:00Z,30648.25,30652.0,30642.25,30649.5,687,2026-10-01T22:30:27+00:00
2026-10-01T17:08:00Z,30649.25,30656.75,30644.25,30647.0,604,2026-10-01T22:30:27+00:00
2026-10-01T17:09:00Z,30646.75,30647.5,30635.75,30642.25,762,2026-10-01T22:30:27+00:00
2026-10-01T17:10:00Z,30642.5,30652.5,30640.0,30649.25,817,2026-10-01T22:30:27+00:00
2026-10-01T17:11:00Z,30649.5,30665.5,30648.5,30663.75,992,2026-10-01T22:30:27+00:00
2026-10-01T17:12:00Z,30664.5,30674.25,30658.75,30660.5,988,2026-10-01T22:30:27+00:00
2026-10-01T17:13:00Z,30660.25,30675.25,30655.5,30672.75,806,2026-10-01T22:30:27+00:00
2026-10-01T17:14:00Z,30673.5,30684.0,30661.75,30663.0,960,2026-10-01T22:30:27+00:00
2026-10-01T17:15:00Z,30662.75,30673.0,30659.25,30669.75,828,2026-10-01T22:30:27+00:00
2026-10-01T17:16:00Z,30670.25,30678.0,30666.75,30676.5,601,2026-10-01T22:30:27+00:00
2026-10-01T17:17:00Z,30676.5,30689.25,30675.0,30687.0,832,2026-10-01T22:30:27+00:00
2026-10-01T17:18:00Z,30687.5,30693.25,30683.25,30692.5,813,2026-10-01T22:30:27+00:00
2026-10-01T17:19:00Z,30693.5,30710.75,30693.5,30703.25,1830,2026-10-01T22:30:27+00:00
2026-10-01T17:20:00Z,30702.75,30729.25,30702.0,30725.0,1568,2026-10-01T22:30:27+00:00
2026-10-01T17:21:00Z,30725.75,30729.75,30714.0,30728.5,1152,2026-10-01T22:30:27+00:00
2026-10-01T17:22:00Z,30728.75,30751.75,30725.0,30751.25,1370,2026-10-01T22:30:27+00:00
2026-10-01T17:23:00Z,30751.5,30762.25,30747.0,30759.75,1621,2026-10-01T22:30:27+00:00
2026-10-01T17:24:00Z,30759.75,30784.0,30752.75,30782.5,2277,2026-10-01T22:30:27+00:00
2026-10-01T17:25:00Z,30782.75,30804.75,30780.5,30788.0,3573,2026-10-01T22:30:27+00:00
2026-10-01T17:26:00Z,30788.25,30789.0,30771.25,30786.5,1807,2026-10-01T22:30:27+00:00
2026-10-01T17:27:00Z,30786.5,30795.5,30777.5,30791.75,1406,2026-10-01T22:30:27+00:00
2026-10-01T17:28:00Z,30792.25,30802.75,30787.75,30794.5,1705,2026-10-01T22:30:27+00:00
2026-10-01T17:29:00Z,30795.0,30807.25,30784.5,30799.0,1666,2026-10-01T22:30:27+00:00
2026-10-01T17:30:00Z,30798.5,30866.5,30798.0,30843.25,7364,2026-10-01T22:30:27+00:00
2026-10-01T17:31:00Z,30843.0,30857.0,30834.25,30851.75,3197,2026-10-01T22:30:27+00:00
2026-10-01T17:32:00Z,30852.5,30862.0,30823.25,30831.75,2405,2026-10-01T22:30:27+00:00
2026-10-01T17:33:00Z,30830.75,30846.0,30827.5,30838.0,1569,2026-10-01T22:30:27+00:00
2026-10-01T17:34:00Z,30838.0,30850.5,30833.75,30843.0,1445,2026-10-01T22:30:27+00:00
2026-10-01T17:35:00Z,30843.75,30845.25,30819.0,30820.5,1425,2026-10-01T22:30:27+00:00
2026-10-01T17:36:00Z,30820.25,30834.75,30813.75,30833.25,1398,2026-10-01T22:30:27+00:00
2026-10-01T17:37:00Z,30832.75,30835.25,30820.5,30825.5,928,2026-10-01T22:30:27+00:00
2026-10-01T17:38:00Z,30825.25,30833.0,30815.5,30824.75,1104,2026-10-01T22:30:27+00:00
2026-10-01T17:39:00Z,30824.5,30830.0,30818.75,30820.0,656,2026-10-01T22:30:27+00:00
2026-10-01T17:40:00Z,30820.25,30829.0,30811.5,30824.5,1072,2026-10-01T22:30:27+00:00
2026-10-01T17:41:00Z,30823.25,30827.25,30811.25,30826.0,1076,2026-10-01T22:30:27+00:00
2026-10-01T17:42:00Z,30825.0,30840.0,30824.25,30839.0,1252,2026-10-01T22:30:27+00:00
2026-10-01T17:43:00Z,30839.0,30846.0,30834.5,30837.5,1188,2026-10-01T22:30:27+00:00
2026-10-01T17:44:00Z,30837.25,30850.25,30835.5,30849.5,842,2026-10-01T22:30:27+00:00
2026-10-01T17:45:00Z,30849.5,30869.0,30846.0,30868.0,1983,2026-10-01T22:30:27+00:00
2026-10-01T17:46:00Z,30867.75,30878.5,30852.75,30876.0,2021,2026-10-01T22:30:27+00:00
2026-10-01T17:47:00Z,30876.25,30883.5,30859.5,30862.25,1632,2026-10-01T22:30:27+00:00
2026-10-01T17:48:00Z,30861.5,30863.0,30847.5,30852.0,1039,2026-10-01T22:30:27+00:00
2026-10-01T17:49:00Z,30851.75,30861.0,30842.5,30843.5,1059,2026-10-01T22:30:27+00:00
2026-10-01T17:50:00Z,30843.75,30848.25,30829.25,30831.5,1566,2026-10-01T22:30:27+00:00
2026-10-01T17:51:00Z,30831.5,30843.25,30827.75,30840.0,831,2026-10-01T22:30:27+00:00
2026-10-01T17:52:00Z,30839.5,30853.0,30837.25,30851.25,883,2026-10-01T22:30:27+00:00
2026-10-01T17:53:00Z,30851.25,30851.25,30841.25,30845.25,576,2026-10-01T22:30:27+00:00
2026-10-01T17:54:00Z,30845.25,30848.75,30804.75,30807.75,4108,2026-10-01T22:30:27+00:00
2026-10-01T17:55:00Z,30808.5,30823.0,30795.0,30813.0,2784,2026-10-01T22:30:27+00:00
2026-10-01T17:56:00Z,30813.5,30824.5,30788.0,30802.0,2050,2026-10-01T22:30:27+00:00
2026-10-01T17:57:00Z,30802.0,30802.5,30778.75,30781.25,1935,2026-10-01T22:30:27+00:00
2026-10-01T17:58:00Z,30781.75,30795.5,30781.75,30786.0,1228,2026-10-01T22:30:27+00:00
2026-10-01T17:59:00Z,30786.0,30799.5,30775.0,30794.75,1664,2026-10-01T22:30:27+00:00
2026-10-01T18:00:00Z,30794.75,30803.75,30765.5,30771.0,2567,2026-10-01T22:30:27+00:00
2026-10-01T18:01:00Z,30771.0,30784.0,30758.75,30783.5,2203,2026-10-01T22:30:27+00:00
2026-10-01T18:02:00Z,30782.5,30787.0,30774.25,30784.5,1568,2026-10-01T22:30:27+00:00
2026-10-01T18:03:00Z,30784.75,30791.75,30766.75,30768.0,1274,2026-10-01T22:30:27+00:00
2026-10-01T18:04:00Z,30768.25,30773.75,30752.0,30759.25,1248,2026-10-01T22:30:27+00:00
2026-10-01T18:05:00Z,30758.5,30761.75,30726.25,30730.0,2013,2026-10-01T22:30:27+00:00
2026-10-01T18:06:00Z,30730.5,30733.5,30707.0,30710.5,1877,2026-10-01T22:30:27+00:00
2026-10-01T18:07:00Z,30710.75,30723.5,30705.0,30722.5,1637,2026-10-01T22:30:27+00:00
2026-10-01T18:08:00Z,30722.5,30726.0,30707.5,30710.0,1105,2026-10-01T22:30:27+00:00
2026-10-01T18:09:00Z,30710.0,30727.25,30706.5,30717.75,1272,2026-10-01T22:30:27+00:00
2026-10-01T18:10:00Z,30718.25,30730.0,30706.75,30714.5,1344,2026-10-01T22:30:27+00:00
2026-10-01T18:11:00Z,30714.75,30725.0,30712.5,30716.25,1142,2026-10-01T22:30:27+00:00
2026-10-01T18:12:00Z,30716.75,30736.75,30715.5,30735.75,1597,2026-10-01T22:30:27+00:00
2026-10-01T18:13:00Z,30735.75,30762.75,30734.25,30755.75,2120,2026-10-01T22:30:27+00:00
2026-10-01T18:14:00Z,30756.0,30756.0,30732.75,30741.0,995,2026-10-01T22:30:27+00:00
2026-10-01T18:15:00Z,30741.5,30759.25,30738.25,30740.25,1336,2026-10-01T22:30:27+00:00
2026-10-01T18:16:00Z,30740.75,30747.75,30733.5,30739.25,775,2026-10-01T22:30:27+00:00
2026-10-01T18:17:00Z,30738.75,30747.5,30737.0,30744.5,545,2026-10-01T22:30:27+00:00
2026-10-01T18:18:00Z,30744.25,30772.75,30743.75,30769.75,1040,2026-10-01T22:30:27+00:00
2026-10-01T18:19:00Z,30769.25,30769.25,30746.75,30748.75,1021,2026-10-01T22:30:27+00:00
2026-10-01T18:20:00Z,30748.5,30751.25,30739.0,30746.75,655,2026-10-01T22:30:27+00:00
2026-10-01T18:21:00Z,30747.25,30756.0,30746.0,30755.0,500,2026-10-01T22:30:27+00:00
2026-10-01T18:22:00Z,30753.75,30760.5,30732.75,30756.0,1893,2026-10-01T22:30:27+00:00
2026-10-01T18:23:00Z,30755.5,30793.0,30753.0,30790.5,3463,2026-10-01T22:30:27+00:00
2026-10-01T18:24:00Z,30790.0,30798.5,30781.5,30783.25,1415,2026-10-01T22:30:27+00:00
2026-10-01T18:25:00Z,30783.0,30791.25,30771.5,30789.0,966,2026-10-01T22:30:27+00:00
2026-10-01T18:26:00Z,30789.25,30795.0,30779.0,30784.25,858,2026-10-01T22:30:27+00:00
2026-10-01T18:27:00Z,30784.5,30785.5,30775.25,30784.25,690,2026-10-01T22:30:27+00:00
2026-10-01T18:28:00Z,30784.5,30803.5,30783.0,30794.0,961,2026-10-01T22:30:27+00:00
2026-10-01T18:29:00Z,30793.75,30809.0,30792.5,30800.5,1191,2026-10-01T22:30:27+00:00
2026-10-01T18:30:00Z,30800.75,30807.5,30782.25,30786.0,1094,2026-10-01T22:30:27+00:00
2026-10-01T18:31:00Z,30785.5,30791.25,30782.5,30782.5,478,2026-10-01T22:30:27+00:00
2026-10-01T18:32:00Z,30782.75,30801.0,30778.75,30795.75,626,2026-10-01T22:30:27+00:00
2026-10-01T18:33:00Z,30796.5,30806.75,30796.0,30806.25,602,2026-10-01T22:30:27+00:00
2026-10-01T18:34:00Z,30806.0,30839.25,30800.75,30836.75,2599,2026-10-01T22:30:27+00:00
2026-10-01T18:35:00Z,30837.0,30841.75,30824.25,30830.75,1849,2026-10-01T22:30:27+00:00
2026-10-01T18:36:00Z,30830.75,30831.5,30817.25,30830.0,884,2026-10-01T22:30:27+00:00
2026-10-01T18:37:00Z,30829.75,30830.25,30813.0,30815.25,650,2026-10-01T22:30:27+00:00
2026-10-01T18:38:00Z,30814.75,30816.25,30802.25,30805.5,624,2026-10-01T22:30:27+00:00
2026-10-01T18:39:00Z,30804.5,30814.5,30804.5,30811.25,490,2026-10-01T22:30:27+00:00
2026-10-01T18:40:00Z,30811.25,30814.0,30803.75,30808.5,431,2026-10-01T22:30:27+00:00
2026-10-01T18:41:00Z,30809.0,30816.75,30806.0,30808.5,446,2026-10-01T22:30:27+00:00
2026-10-01T18:42:00Z,30808.0,30810.75,30794.75,30800.75,817,2026-10-01T22:30:27+00:00
2026-10-01T18:43:00Z,30800.5,30800.75,30792.5,30795.75,540,2026-10-01T22:30:27+00:00
2026-10-01T18:44:00Z,30796.25,30807.25,30795.25,30806.5,467,2026-10-01T22:30:27+00:00
2026-10-01T18:45:00Z,30807.0,30810.25,30801.0,30805.0,407,2026-10-01T22:30:27+00:00
2026-10-01T18:46:00Z,30805.25,30814.75,30801.75,30814.0,451,2026-10-01T22:30:27+00:00
2026-10-01T18:47:00Z,30813.25,30819.25,30812.75,30817.75,560,2026-10-01T22:30:27+00:00
2026-10-01T18:48:00Z,30817.75,30818.25,30813.0,30815.0,355,2026-10-01T22:30:27+00:00
2026-10-01T18:49:00Z,30815.5,30821.25,30813.5,30816.25,466,2026-10-01T22:30:27+00:00
2026-10-01T18:50:00Z,30817.5,30823.5,30812.0,30814.75,751,2026-10-01T22:30:27+00:00
2026-10-01T18:51:00Z,30814.25,30815.25,30806.0,30813.0,536,2026-10-01T22:30:27+00:00
2026-10-01T18:52:00Z,30813.25,30824.25,30813.0,30819.25,622,2026-10-01T22:30:27+00:00
2026-10-01T18:53:00Z,30819.0,30827.0,30818.5,30826.0,496,2026-10-01T22:30:27+00:00
2026-10-01T18:54:00Z,30826.25,30831.25,30820.5,30822.5,634,2026-10-01T22:30:27+00:00
2026-10-01T18:55:00Z,30822.25,30828.0,30815.5,30826.75,916,2026-10-01T22:30:27+00:00
2026-10-01T18:56:00Z,30826.0,30832.25,30822.75,30825.25,482,2026-10-01T22:30:27+00:00
2026-10-01T18:57:00Z,30825.5,30828.75,30819.5,30824.25,387,2026-10-01T22:30:27+00:00
2026-10-01T18:58:00Z,30824.0,30834.75,30823.0,30834.5,1064,2026-10-01T22:30:27+00:00
2026-10-01T18:59:00Z,30834.5,30841.25,30829.75,30839.75,1186,2026-10-01T22:30:27+00:00
2026-10-01T19:00:00Z,30840.5,30850.75,30829.75,30831.25,1574,2026-10-01T22:30:27+00:00
2026-10-01T19:01:00Z,30831.25,30832.0,30819.0,30820.25,769,2026-10-01T22:30:27+00:00
2026-10-01T19:02:00Z,30820.0,30824.0,30810.5,30811.5,669,2026-10-01T22:30:27+00:00
2026-10-01T19:03:00Z,30811.5,30812.0,30799.0,30802.0,1070,2026-10-01T22:30:27+00:00
2026-10-01T19:04:00Z,30802.0,30811.5,30796.5,30811.0,815,2026-10-01T22:30:27+00:00
2026-10-01T19:05:00Z,30811.0,30813.75,30806.5,30808.5,687,2026-10-01T22:30:27+00:00
2026-10-01T19:06:00Z,30808.75,30808.75,30795.25,30798.75,535,2026-10-01T22:30:27+00:00
2026-10-01T19:07:00Z,30799.25,30807.5,30794.75,30805.25,515,2026-10-01T22:30:27+00:00
2026-10-01T19:08:00Z,30805.0,30811.75,30803.5,30810.0,413,2026-10-01T22:30:27+00:00
2026-10-01T19:09:00Z,30810.25,30815.0,30807.25,30813.25,365,2026-10-01T22:30:27+00:00
2026-10-01T19:10:00Z,30813.5,30823.0,30809.75,30810.0,605,2026-10-01T22:30:27+00:00
2026-10-01T19:11:00Z,30810.0,30813.0,30802.5,30806.0,466,2026-10-01T22:30:27+00:00
2026-10-01T19:12:00Z,30808.0,30808.75,30801.25,30801.25,276,2026-10-01T22:30:27+00:00
2026-10-01T19:13:00Z,30801.75,30804.5,30797.0,30802.5,440,2026-10-01T22:30:27+00:00
2026-10-01T19:14:00Z,30802.75,30802.75,30796.75,30800.0,311,2026-10-01T22:30:27+00:00
2026-10-01T19:15:00Z,30800.0,30804.75,30794.0,30802.25,559,2026-10-01T22:30:27+00:00
2026-10-01T19:16:00Z,30802.25,30804.75,30797.0,30799.25,372,2026-10-01T22:30:27+00:00
2026-10-01T19:17:00Z,30799.5,30801.0,30786.75,30789.5,461,2026-10-01T22:30:27+00:00
2026-10-01T19:18:00Z,30789.75,30797.5,30788.0,30797.25,421,2026-10-01T22:30:27+00:00
2026-10-01T19:19:00Z,30797.0,30807.0,30796.75,30803.5,477,2026-10-01T22:30:27+00:00
2026-10-01T19:20:00Z,30804.0,30805.5,30795.0,30803.75,343,2026-10-01T22:30:27+00:00
2026-10-01T19:21:00Z,30804.0,30811.75,30803.25,30807.25,408,2026-10-01T22:30:27+00:00
2026-10-01T19:22:00Z,30807.0,30808.25,30801.25,30802.75,359,2026-10-01T22:30:27+00:00
2026-10-01T19:23:00Z,30803.0,30807.75,30800.0,30803.0,215,2026-10-01T22:30:27+00:00
2026-10-01T19:24:00Z,30803.0,30806.25,30791.5,30794.0,466,2026-10-01T22:30:27+00:00
2026-10-01T19:25:00Z,30793.5,30802.0,30792.5,30802.0,441,2026-10-01T22:30:27+00:00
2026-10-01T19:26:00Z,30802.75,30808.25,30801.25,30803.25,365,2026-10-01T22:30:27+00:00
2026-10-01T19:27:00Z,30802.5,30803.25,30794.75,30797.75,367,2026-10-01T22:30:27+00:00
2026-10-01T19:28:00Z,30798.0,30808.0,30797.75,30807.0,333,2026-10-01T22:30:27+00:00
2026-10-01T19:29:00Z,30806.25,30808.75,30800.0,30804.5,414,2026-10-01T22:30:27+00:00
2026-10-01T19:30:00Z,30804.0,30813.5,30802.0,30808.5,829,2026-10-01T22:30:27+00:00
2026-10-01T19:31:00Z,30808.5,30825.25,30808.5,30814.0,1010,2026-10-01T22:30:27+00:00
2026-10-01T19:32:00Z,30814.0,30815.5,30803.5,30808.75,704,2026-10-01T22:30:27+00:00
2026-10-01T19:33:00Z,30808.75,30809.75,30802.5,30804.75,424,2026-10-01T22:30:27+00:00
2026-10-01T19:34:00Z,30805.0,30806.5,30788.25,30796.25,721,2026-10-01T22:30:27+00:00
2026-10-01T19:35:00Z,30796.0,30800.0,30789.75,30795.5,551,2026-10-01T22:30:27+00:00
2026-10-01T19:36:00Z,30794.75,30794.75,30788.0,30791.0,574,2026-10-01T22:30:27+00:00
2026-10-01T19:37:00Z,30791.5,30799.0,30789.75,30796.25,387,2026-10-01T22:30:27+00:00
2026-10-01T19:38:00Z,30796.75,30810.0,30796.75,30808.75,477,2026-10-01T22:30:27+00:00
2026-10-01T19:39:00Z,30809.25,30817.5,30807.75,30812.25,485,2026-10-01T22:30:27+00:00
2026-10-01T19:40:00Z,30812.5,30820.75,30809.5,30820.0,551,2026-10-01T22:30:27+00:00
2026-10-01T19:41:00Z,30821.0,30826.0,30817.5,30820.0,483,2026-10-01T22:30:27+00:00
2026-10-01T19:42:00Z,30820.0,30821.75,30809.5,30809.5,594,2026-10-01T22:30:27+00:00
2026-10-01T19:43:00Z,30810.25,30817.5,30807.5,30814.0,515,2026-10-01T22:30:27+00:00
2026-10-01T19:44:00Z,30814.5,30814.75,30809.75,30809.75,269,2026-10-01T22:30:27+00:00
2026-10-01T19:45:00Z,30810.0,30822.5,30806.5,30821.5,874,2026-10-01T22:30:27+00:00
2026-10-01T19:46:00Z,30821.5,30835.0,30818.25,30830.25,1041,2026-10-01T22:30:27+00:00
2026-10-01T19:47:00Z,30830.25,30831.5,30818.5,30821.0,493,2026-10-01T22:30:27+00:00
2026-10-01T19:48:00Z,30820.25,30825.25,30819.75,30824.0,388,2026-10-01T22:30:27+00:00
2026-10-01T19:49:00Z,30824.0,30827.5,30822.5,30825.25,584,2026-10-01T22:30:27+00:00
2026-10-01T19:50:00Z,30826.25,30851.0,30822.75,30843.5,2230,2026-10-01T22:30:27+00:00
2026-10-01T19:51:00Z,30843.0,30856.5,30841.75,30843.25,1506,2026-10-01T22:30:27+00:00
2026-10-01T19:52:00Z,30843.0,30847.5,30832.25,30836.5,1257,2026-10-01T22:30:27+00:00
2026-10-01T19:53:00Z,30836.25,30840.75,30827.75,30828.25,889,2026-10-01T22:30:27+00:00
2026-10-01T19:54:00Z,30828.0,30835.0,30800.25,30803.25,2283,2026-10-01T22:30:27+00:00
2026-10-01T19:55:00Z,30803.0,30803.25,30774.0,30784.25,3059,2026-10-01T22:30:27+00:00
2026-10-01T19:56:00Z,30783.75,30788.25,30774.0,30780.5,1170,2026-10-01T22:30:27+00:00
2026-10-01T19:57:00Z,30780.5,30788.25,30779.5,30782.75,1101,2026-10-01T22:30:27+00:00
2026-10-01T19:58:00Z,30782.75,30784.0,30765.75,30768.0,1847,2026-10-01T22:30:27+00:00
2026-10-01T19:59:00Z,30768.0,30777.5,30747.75,30773.75,10071,2026-10-01T22:30:27+00:00
2026-10-01T20:00:00Z,30773.0,30794.5,30769.0,30793.5,2577,2026-10-01T22:30:27+00:00
2026-10-01T20:01:00Z,30793.5,30802.75,30791.5,30799.75,904,2026-10-01T22:30:27+00:00
2026-10-01T20:02:00Z,30799.5,30799.5,30786.0,30789.25,523,2026-10-01T22:30:27+00:00
2026-10-01T20:03:00Z,30789.5,30790.0,30784.0,30784.25,259,2026-10-01T22:30:27+00:00
2026-10-01T20:04:00Z,30785.0,30789.25,30776.75,30789.0,765,2026-10-01T22:30:27+00:00
2026-10-01T20:05:00Z,30789.5,30796.75,30787.5,30794.25,400,2026-10-01T22:30:27+00:00
2026-10-01T20:06:00Z,30794.0,30798.0,30788.0,30796.75,321,2026-10-01T22:30:27+00:00
2026-10-01T20:07:00Z,30797.0,30799.5,30788.25,30793.0,183,2026-10-01T22:30:27+00:00
2026-10-01T20:08:00Z,30793.5,30796.75,30793.0,30795.0,180,2026-10-01T22:30:27+00:00
2026-10-01T20:09:00Z,30795.0,30807.0,30794.5,30801.25,454,2026-10-01T22:30:27+00:00
2026-10-01T20:10:00Z,30800.75,30800.75,30789.25,30791.0,381,2026-10-01T22:30:27+00:00
2026-10-01T20:11:00Z,30791.0,30793.5,30788.75,30790.75,140,2026-10-01T22:30:27+00:00
2026-10-01T20:12:00Z,30790.75,30791.25,30787.25,30790.75,206,2026-10-01T22:30:27+00:00
2026-10-01T20:13:00Z,30791.25,30810.0,30791.0,30807.5,409,2026-10-01T22:30:27+00:00
2026-10-01T20:14:00Z,30808.25,30814.0,30804.75,30809.25,355,2026-10-01T22:30:27+00:00
2026-10-01T20:15:00Z,30809.25,30812.75,30808.25,30809.25,150,2026-10-01T22:30:27+00:00
2026-10-01T20:16:00Z,30810.0,30813.75,30808.25,30813.0,211,2026-10-01T22:30:27+00:00
2026-10-01T20:17:00Z,30812.5,30815.75,30809.75,30810.25,152,2026-10-01T22:30:27+00:00
2026-10-01T20:18:00Z,30810.5,30814.75,30808.75,30809.25,101,2026-10-01T22:30:27+00:00
2026-10-01T20:19:00Z,30809.75,30810.75,30803.0,30807.75,164,2026-10-01T22:30:27+00:00
2026-10-01T20:20:00Z,30808.0,30809.25,30804.5,30806.0,142,2026-10-01T22:30:27+00:00
2026-10-01T20:21:00Z,30807.0,30807.75,30801.5,30805.5,99,2026-10-01T22:30:27+00:00
2026-10-01T20:22:00Z,30805.25,30806.25,30800.25,30802.75,133,2026-10-01T22:30:27+00:00
2026-10-01T20:23:00Z,30803.0,30807.25,30802.5,30804.5,86,2026-10-01T22:30:27+00:00
2026-10-01T20:24:00Z,30804.75,30804.75,30798.5,30799.75,86,2026-10-01T22:30:27+00:00
2026-10-01T20:25:00Z,30799.75,30803.25,30799.75,30801.75,68,2026-10-01T22:30:27+00:00
2026-10-01T20:26:00Z,30802.25,30802.25,30796.5,30797.25,77,2026-10-01T22:30:27+00:00
2026-10-01T20:27:00Z,30797.5,30800.0,30797.25,30797.25,84,2026-10-01T22:30:27+00:00
2026-10-01T20:28:00Z,30797.75,30800.0,30796.5,30796.75,57,2026-10-01T22:30:27+00:00
2026-10-01T20:29:00Z,30796.5,30801.0,30795.5,30799.75,58,2026-10-01T22:30:27+00:00
2026-10-01T20:30:00Z,30799.5,30800.5,30798.0,30798.5,101,2026-10-01T22:30:27+00:00
2026-10-01T20:31:00Z,30798.25,30799.75,30797.5,30798.0,67,2026-10-01T22:30:27+00:00
2026-10-01T20:32:00Z,30797.75,30801.75,30797.25,30800.0,148,2026-10-01T22:30:27+00:00
2026-10-01T20:33:00Z,30799.75,30801.0,30797.25,30797.25,32,2026-10-01T22:30:27+00:00
2026-10-01T20:34:00Z,30798.0,30798.0,30792.5,30795.25,84,2026-10-01T22:30:27+00:00
2026-10-01T20:35:00Z,30796.0,30796.25,30789.75,30790.0,184,2026-10-01T22:30:27+00:00
2026-10-01T20:36:00Z,30790.25,30791.5,30785.0,30786.0,133,2026-10-01T22:30:27+00:00
2026-10-01T20:37:00Z,30786.0,30787.0,30782.5,30785.5,343,2026-10-01T22:30:27+00:00
2026-10-01T20:38:00Z,30786.0,30786.0,30779.0,30784.0,132,2026-10-01T22:30:27+00:00
2026-10-01T20:39:00Z,30783.75,30788.25,30782.0,30783.0,114,2026-10-01T22:30:27+00:00
2026-10-01T20:40:00Z,30783.0,30784.5,30780.5,30781.0,137,2026-10-01T22:30:27+00:00
2026-10-01T20:41:00Z,30780.75,30784.5,30780.25,30782.5,61,2026-10-01T22:30:27+00:00
2026-10-01T20:42:00Z,30783.5,30786.5,30782.0,30784.0,65,2026-10-01T22:30:27+00:00
2026-10-01T20:43:00Z,30784.25,30784.5,30781.5,30781.5,92,2026-10-01T22:30:27+00:00
2026-10-01T20:44:00Z,30782.0,30783.0,30780.0,30781.25,104,2026-10-01T22:30:27+00:00
2026-10-01T20:45:00Z,30781.25,30783.0,30779.25,30779.25,125,2026-10-01T22:30:27+00:00
2026-10-01T20:46:00Z,30779.0,30781.5,30774.75,30775.75,143,2026-10-01T22:30:27+00:00
2026-10-01T20:47:00Z,30776.5,30778.75,30775.5,30776.0,93,2026-10-01T22:30:27+00:00
2026-10-01T20:48:00Z,30775.75,30776.0,30774.25,30775.5,54,2026-10-01T22:30:27+00:00
2026-10-01T20:49:00Z,30775.75,30780.0,30775.75,30779.25,92,2026-10-01T22:30:27+00:00
2026-10-01T20:50:00Z,30779.5,30788.5,30778.75,30787.75,268,2026-10-01T22:30:27+00:00
2026-10-01T20:51:00Z,30787.75,30788.0,30780.5,30781.0,98,2026-10-01T22:30:27+00:00
2026-10-01T20:52:00Z,30780.25,30780.25,30777.0,30778.75,69,2026-10-01T22:30:27+00:00
2026-10-01T20:53:00Z,30779.0,30779.25,30774.0,30775.25,79,2026-10-01T22:30:27+00:00
2026-10-01T20:54:00Z,30774.25,30775.75,30772.25,30773.0,126,2026-10-01T22:30:27+00:00
2026-10-01T20:55:00Z,30773.0,30773.25,30771.0,30771.0,108,2026-10-01T22:30:27+00:00
2026-10-01T20:56:00Z,30771.5,30771.75,30762.0,30768.5,242,2026-10-01T22:30:27+00:00
2026-10-01T20:57:00Z,30768.0,30771.5,30767.75,30771.5,107,2026-10-01T22:30:27+00:00
2026-10-01T20:58:00Z,30771.25,30775.0,30771.25,30773.25,88,2026-10-01T22:30:27+00:00
2026-10-01T20:59:00Z,30773.0,30773.0,30768.0,30771.25,89,2026-10-01T22:30:27+00:00
2026-10-01T22:00:00Z,30771.25,30786.75,30760.25,30780.75,0,2026-10-01T22:30:27+00:00
2026-10-01T22:01:00Z,30781.5,30788.0,30778.75,30786.0,93,2026-10-01T22:30:27+00:00
2026-10-01T22:02:00Z,30786.75,30790.0,30777.25,30785.5,169,2026-10-01T22:30:27+00:00
2026-10-01T22:03:00Z,30787.0,30790.0,30778.0,30778.0,106,2026-10-01T22:30:27+00:00
2026-10-01T22:04:00Z,30777.0,30789.5,30772.0,30785.75,118,2026-10-01T22:30:27+00:00
2026-10-01T22:05:00Z,30784.25,30800.0,30784.25,30794.0,211,2026-10-01T22:30:27+00:00
2026-10-01T22:06:00Z,30795.75,30801.0,30795.5,30799.5,97,2026-10-01T22:30:27+00:00
2026-10-01T22:07:00Z,30799.5,30810.25,30799.5,30803.75,202,2026-10-01T22:30:27+00:00
2026-10-01T22:08:00Z,30805.0,30806.25,30801.25,30806.25,58,2026-10-01T22:30:27+00:00
2026-10-01T22:09:00Z,30808.0,30808.0,30786.0,30796.75,279,2026-10-01T22:30:27+00:00
2026-10-01T22:10:00Z,30797.75,30803.5,30795.75,30800.75,67,2026-10-02T22:30:24+00:00
2026-10-01T22:11:00Z,30799.75,30800.5,30793.75,30795.75,41,2026-10-02T22:30:24+00:00
2026-10-01T22:12:00Z,30795.5,30802.75,30789.75,30800.25,140,2026-10-02T22:30:24+00:00
2026-10-01T22:13:00Z,30799.0,30800.75,30791.0,30794.0,28,2026-10-02T22:30:24+00:00
2026-10-01T22:14:00Z,30797.0,30797.75,30785.25,30791.75,74,2026-10-02T22:30:24+00:00
2026-10-01T22:15:00Z,30791.25,30791.25,30780.5,30784.25,118,2026-10-02T22:30:24+00:00
2026-10-01T22:16:00Z,30785.0,30786.5,30781.5,30783.0,23,2026-10-02T22:30:24+00:00
2026-10-01T22:17:00Z,30783.75,30788.25,30782.75,30788.0,42,2026-10-02T22:30:24+00:00
2026-10-01T22:18:00Z,30788.0,30788.75,30785.25,30787.25,30,2026-10-02T22:30:24+00:00
2026-10-01T22:19:00Z,30790.0,30793.5,30787.75,30789.0,62,2026-10-02T22:30:24+00:00
2026-10-01T22:20:00Z,30789.0,30791.5,30787.5,30789.25,30,2026-10-02T22:30:24+00:00
2026-10-01T22:21:00Z,30789.75,30790.0,30786.25,30787.5,18,2026-10-02T22:30:24+00:00
2026-10-01T22:22:00Z,30788.0,30788.5,30783.25,30785.0,40,2026-10-02T22:30:24+00:00
2026-10-01T22:23:00Z,30784.75,30786.75,30776.75,30782.25,123,2026-10-02T22:30:24+00:00
2026-10-01T22:24:00Z,30782.0,30784.25,30781.25,30782.0,30,2026-10-02T22:30:24+00:00
2026-10-01T22:25:00Z,30783.0,30791.25,30781.5,30788.0,81,2026-10-02T22:30:24+00:00
2026-10-01T22:26:00Z,30787.5,30788.75,30785.75,30788.5,20,2026-10-02T22:30:24+00:00
2026-10-01T22:27:00Z,30786.25,30789.5,30786.25,30788.75,6,2026-10-02T22:30:24+00:00
2026-10-01T22:28:00Z,30788.25,30788.5,30787.25,30787.25,10,2026-10-02T22:30:24+00:00
2026-10-01T22:29:00Z,30786.0,30790.25,30785.75,30788.75,24,2026-10-02T22:30:24+00:00
2026-10-01T22:30:00Z,30790.0,30799.5,30788.75,30799.5,95,2026-10-02T22:30:24+00:00
2026-10-01T22:31:00Z,30798.0,30799.25,30793.5,30797.0,71,2026-10-02T22:30:24+00:00
2026-10-01T22:32:00Z,30797.5,30807.0,30795.75,30807.0,126,2026-10-02T22:30:24+00:00
2026-10-01T22:33:00Z,30807.0,30808.0,30799.25,30801.75,66,2026-10-02T22:30:24+00:00
2026-10-01T22:34:00Z,30800.75,30805.25,30799.5,30800.75,44,2026-10-02T22:30:24+00:00
2026-10-01T22:35:00Z,30800.75,30804.5,30798.75,30802.0,70,2026-10-02T22:30:24+00:00
2026-10-01T22:36:00Z,30802.25,30805.75,30800.75,30802.25,34,2026-10-02T22:30:24+00:00
2026-10-01T22:37:00Z,30804.0,30807.25,30803.5,30805.75,15,2026-10-02T22:30:24+00:00
2026-10-01T22:38:00Z,30805.5,30807.5,30804.5,30805.75,30,2026-10-02T22:30:24+00:00
2026-10-01T22:39:00Z,30804.5,30805.0,30801.5,30801.5,50,2026-10-02T22:30:24+00:00
2026-10-01T22:40:00Z,30801.0,30804.0,30800.25,30800.25,21,2026-10-02T22:30:24+00:00
2026-10-01T22:41:00Z,30800.75,30803.75,30800.75,30802.75,40,2026-10-02T22:30:24+00:00
2026-10-01T22:42:00Z,30802.75,30802.75,30800.25,30800.75,29,2026-10-02T22:30:24+00:00
2026-10-01T22:43:00Z,30800.75,30802.5,30795.0,30799.25,71,2026-10-02T22:30:24+00:00
2026-10-01T22:44:00Z,30799.0,30800.0,30797.75,30800.0,19,2026-10-02T22:30:24+00:00
2026-10-01T22:45:00Z,30800.0,30800.5,30797.75,30800.0,26,2026-10-02T22:30:24+00:00
2026-10-01T22:46:00Z,30799.25,30805.5,30799.25,30802.75,65,2026-10-02T22:30:24+00:00
2026-10-01T22:47:00Z,30801.0,30801.75,30795.75,30797.75,49,2026-10-02T22:30:24+00:00
2026-10-01T22:48:00Z,30798.5,30802.25,30796.25,30797.5,53,2026-10-02T22:30:24+00:00
2026-10-01T22:49:00Z,30797.5,30798.0,30796.0,30798.0,18,2026-10-02T22:30:24+00:00
2026-10-01T22:50:00Z,30797.0,30800.75,30797.0,30798.25,43,2026-10-02T22:30:24+00:00
2026-10-01T22:51:00Z,30798.25,30802.0,30798.25,30802.0,17,2026-10-02T22:30:24+00:00
2026-10-01T22:52:00Z,30801.0,30811.25,30801.0,30806.0,99,2026-10-02T22:30:24+00:00
2026-10-01T22:53:00Z,30806.5,30815.25,30806.5,30813.5,145,2026-10-02T22:30:24+00:00
2026-10-01T22:54:00Z,30814.25,30820.0,30813.5,30819.25,158,2026-10-02T22:30:24+00:00
2026-10-01T22:55:00Z,30819.5,30828.0,30816.25,30826.75,429,2026-10-02T22:30:24+00:00
2026-10-01T22:56:00Z,30827.25,30830.75,30825.75,30827.75,135,2026-10-02T22:30:24+00:00
2026-10-01T22:57:00Z,30827.25,30827.25,30821.75,30825.0,158,2026-10-02T22:30:24+00:00
2026-10-01T22:58:00Z,30824.0,30835.75,30824.0,30829.25,105,2026-10-02T22:30:24+00:00
2026-10-01T22:59:00Z,30829.25,30835.75,30828.25,30830.5,157,2026-10-02T22:30:24+00:00
2026-10-01T23:00:00Z,30829.75,30831.0,30818.25,30825.75,188,2026-10-02T22:30:24+00:00
2026-10-01T23:01:00Z,30828.0,30829.0,30824.25,30825.75,30,2026-10-02T22:30:24+00:00
2026-10-01T23:02:00Z,30826.75,30836.25,30825.5,30836.0,93,2026-10-02T22:30:24+00:00
2026-10-01T23:03:00Z,30835.0,30848.25,30833.5,30846.0,221,2026-10-02T22:30:24+00:00
2026-10-01T23:04:00Z,30844.5,30852.25,30844.0,30845.5,170,2026-10-02T22:30:24+00:00
2026-10-01T23:05:00Z,30846.75,30849.0,30838.75,30843.0,128,2026-10-02T22:30:24+00:00
2026-10-01T23:06:00Z,30842.75,30845.5,30831.75,30836.0,232,2026-10-02T22:30:24+00:00
2026-10-01T23:07:00Z,30837.0,30842.0,30834.0,30834.25,92,2026-10-02T22:30:24+00:00
2026-10-01T23:08:00Z,30834.25,30843.0,30833.75,30840.0,49,2026-10-02T22:30:24+00:00
2026-10-01T23:09:00Z,30839.75,30842.25,30836.75,30840.5,41,2026-10-02T22:30:24+00:00
2026-10-01T23:10:00Z,30841.75,30843.75,30838.25,30840.25,37,2026-10-02T22:30:24+00:00
2026-10-01T23:11:00Z,30840.75,30840.75,30836.75,30839.0,64,2026-10-02T22:30:24+00:00
2026-10-01T23:12:00Z,30840.0,30840.0,30836.25,30838.25,26,2026-10-02T22:30:24+00:00
2026-10-01T23:13:00Z,30839.0,30842.0,30838.25,30841.25,21,2026-10-02T22:30:24+00:00
2026-10-01T23:14:00Z,30842.5,30850.75,30842.5,30849.75,127,2026-10-02T22:30:24+00:00
2026-10-01T23:15:00Z,30849.5,30849.75,30842.25,30844.25,65,2026-10-02T22:30:24+00:00
2026-10-01T23:16:00Z,30844.25,30849.0,30844.25,30846.5,44,2026-10-02T22:30:24+00:00
2026-10-01T23:17:00Z,30848.25,30848.25,30846.25,30847.5,23,2026-10-02T22:30:24+00:00
2026-10-01T23:18:00Z,30846.0,30854.75,30846.0,30848.5,85,2026-10-02T22:30:24+00:00
2026-10-01T23:19:00Z,30849.5,30851.25,30846.75,30850.0,51,2026-10-02T22:30:24+00:00
2026-10-01T23:20:00Z,30849.5,30849.75,30846.25,30846.75,28,2026-10-02T22:30:24+00:00
2026-10-01T23:21:00Z,30846.25,30846.25,30841.25,30843.0,84,2026-10-02T22:30:24+00:00
2026-10-01T23:22:00Z,30842.25,30845.75,30837.0,30837.25,93,2026-10-02T22:30:24+00:00
2026-10-01T23:23:00Z,30837.75,30840.25,30834.0,30836.25,83,2026-10-02T22:30:24+00:00
2026-10-01T23:24:00Z,30836.25,30838.0,30833.5,30838.0,24,2026-10-02T22:30:24+00:00
2026-10-01T23:25:00Z,30837.75,30842.75,30837.75,30842.75,39,2026-10-02T22:30:24+00:00
2026-10-01T23:26:00Z,30841.75,30843.25,30837.0,30838.25,58,2026-10-02T22:30:24+00:00
2026-10-01T23:27:00Z,30838.0,30840.25,30836.75,30839.5,24,2026-10-02T22:30:24+00:00
2026-10-01T23:28:00Z,30839.0,30839.25,30835.25,30837.75,51,2026-10-02T22:30:24+00:00
2026-10-01T23:29:00Z,30838.0,30838.75,30836.5,30836.5,12,2026-10-02T22:30:24+00:00
2026-10-01T23:30:00Z,30838.75,30839.75,30834.25,30835.0,39,2026-10-02T22:30:24+00:00
2026-10-01T23:31:00Z,30834.0,30834.0,30817.0,30819.0,279,2026-10-02T22:30:24+00:00
2026-10-01T23:32:00Z,30820.5,30820.5,30811.75,30813.0,163,2026-10-02T22:30:24+00:00
2026-10-01T23:33:00Z,30812.0,30819.75,30805.5,30819.75,204,2026-10-02T22:30:24+00:00
2026-10-01T23:34:00Z,30819.5,30821.75,30817.25,30819.75,73,2026-10-02T22:30:24+00:00
2026-10-01T23:35:00Z,30819.0,30825.25,30818.5,30821.25,50,2026-10-02T22:30:24+00:00
2026-10-01T23:36:00Z,30820.5,30820.5,30812.0,30813.25,76,2026-10-02T22:30:24+00:00
2026-10-01T23:37:00Z,30812.75,30814.0,30805.0,30809.75,94,2026-10-02T22:30:24+00:00
2026-10-01T23:38:00Z,30808.5,30811.5,30806.75,30809.25,38,2026-10-02T22:30:24+00:00
2026-10-01T23:39:00Z,30810.0,30810.25,30805.25,30808.25,38,2026-10-02T22:30:24+00:00
2026-10-01T23:40:00Z,30806.5,30807.25,30797.75,30803.25,117,2026-10-02T22:30:24+00:00
2026-10-01T23:41:00Z,30803.5,30805.75,30802.5,30803.75,16,2026-10-02T22:30:24+00:00
2026-10-01T23:42:00Z,30805.25,30812.0,30804.0,30812.0,54,2026-10-02T22:30:24+00:00
2026-10-01T23:43:00Z,30811.0,30814.5,30809.0,30813.0,50,2026-10-02T22:30:24+00:00
2026-10-01T23:44:00Z,30812.75,30820.75,30812.5,30817.75,102,2026-10-02T22:30:24+00:00
2026-10-01T23:45:00Z,30816.5,30820.25,30803.25,30811.5,173,2026-10-02T22:30:24+00:00
2026-10-01T23:46:00Z,30811.75,30813.0,30806.5,30810.0,66,2026-10-02T22:30:24+00:00
2026-10-01T23:47:00Z,30810.75,30811.25,30806.75,30807.0,44,2026-10-02T22:30:24+00:00
2026-10-01T23:48:00Z,30806.75,30811.25,30806.0,30808.0,39,2026-10-02T22:30:24+00:00
2026-10-01T23:49:00Z,30808.5,30822.0,30808.5,30821.25,96,2026-10-02T22:30:24+00:00
2026-10-01T23:50:00Z,30821.0,30828.75,30819.0,30821.0,176,2026-10-02T22:30:24+00:00
2026-10-01T23:51:00Z,30822.25,30832.25,30818.5,30830.0,113,2026-10-02T22:30:24+00:00
2026-10-01T23:52:00Z,30830.75,30833.0,30825.75,30828.25,60,2026-10-02T22:30:24+00:00
2026-10-01T23:53:00Z,30828.75,30843.75,30828.75,30842.75,164,2026-10-02T22:30:24+00:00
2026-10-01T23:54:00Z,30841.75,30844.25,30830.75,30831.0,92,2026-10-02T22:30:24+00:00
2026-10-01T23:55:00Z,30834.75,30837.75,30828.25,30835.25,67,2026-10-02T22:30:24+00:00
2026-10-01T23:56:00Z,30834.5,30840.25,30834.5,30838.5,75,2026-10-02T22:30:24+00:00
2026-10-01T23:57:00Z,30839.5,30841.75,30838.0,30841.0,51,2026-10-02T22:30:24+00:00
2026-10-01T23:58:00Z,30840.0,30841.75,30837.0,30837.0,41,2026-10-02T22:30:24+00:00
2026-10-01T23:59:00Z,30839.0,30843.0,30836.25,30840.25,41,2026-10-02T22:30:24+00:00
2026-10-02T00:00:00Z,30839.0,30840.5,30817.25,30826.0,372,2026-10-02T22:30:24+00:00
2026-10-02T00:01:00Z,30826.0,30831.0,30820.0,30825.5,144,2026-10-02T22:30:24+00:00
2026-10-02T00:02:00Z,30827.5,30830.0,30819.75,30827.5,96,2026-10-02T22:30:24+00:00
2026-10-02T00:03:00Z,30827.75,30833.75,30816.25,30825.5,214,2026-10-02T22:30:24+00:00
2026-10-02T00:04:00Z,30828.5,30830.75,30820.0,30829.25,104,2026-10-02T22:30:24+00:00
2026-10-02T00:05:00Z,30829.75,30834.0,30819.25,30832.5,172,2026-10-02T22:30:24+00:00
2026-10-02T00:06:00Z,30831.0,30831.75,30822.5,30828.75,95,2026-10-02T22:30:24+00:00
2026-10-02T00:07:00Z,30824.75,30829.75,30820.5,30825.25,62,2026-10-02T22:30:24+00:00
2026-10-02T00:08:00Z,30824.0,30824.0,30811.5,30814.25,126,2026-10-02T22:30:24+00:00
2026-10-02T00:09:00Z,30813.75,30820.75,30810.0,30814.0,133,2026-10-02T22:30:24+00:00
2026-10-02T00:10:00Z,30816.25,30846.0,30816.25,30837.5,528,2026-10-02T22:30:24+00:00
2026-10-02T00:11:00Z,30837.75,30852.0,30837.75,30847.25,248,2026-10-02T22:30:24+00:00
2026-10-02T00:12:00Z,30847.0,30856.5,30846.0,30854.0,244,2026-10-02T22:30:24+00:00
2026-10-02T00:13:00Z,30852.75,30860.75,30847.75,30850.5,264,2026-10-02T22:30:24+00:00
2026-10-02T00:14:00Z,30850.75,30855.0,30847.0,30848.5,115,2026-10-02T22:30:24+00:00
2026-10-02T00:15:00Z,30848.5,30868.75,30841.75,30867.75,518,2026-10-02T22:30:24+00:00
2026-10-02T00:16:00Z,30867.75,30870.0,30857.5,30861.0,341,2026-10-02T22:30:24+00:00
2026-10-02T00:17:00Z,30861.0,30871.75,30860.75,30866.0,207,2026-10-02T22:30:24+00:00
2026-10-02T00:18:00Z,30864.0,30879.5,30861.5,30878.5,291,2026-10-02T22:30:24+00:00
2026-10-02T00:19:00Z,30878.5,30892.25,30878.5,30885.75,536,2026-10-02T22:30:24+00:00
2026-10-02T00:20:00Z,30885.25,30899.5,30884.25,30898.75,385,2026-10-02T22:30:24+00:00
2026-10-02T00:21:00Z,30897.75,30908.0,30896.0,30902.0,720,2026-10-02T22:30:24+00:00
2026-10-02T00:22:00Z,30902.75,30903.0,30897.5,30903.0,200,2026-10-02T22:30:24+00:00
2026-10-02T00:23:00Z,30903.75,30920.0,30903.75,30914.5,464,2026-10-02T22:30:24+00:00
2026-10-02T00:24:00Z,30914.0,30917.5,30906.0,30909.75,199,2026-10-02T22:30:24+00:00
2026-10-02T00:25:00Z,30907.25,30907.25,30890.75,30892.0,310,2026-10-02T22:30:24+00:00
2026-10-02T00:26:00Z,30891.75,30892.5,30870.0,30876.25,350,2026-10-02T22:30:24+00:00
2026-10-02T00:27:00Z,30873.25,30875.75,30851.25,30854.5,432,2026-10-02T22:30:24+00:00
2026-10-02T00:28:00Z,30853.5,30856.0,30843.5,30848.5,287,2026-10-02T22:30:24+00:00
2026-10-02T00:29:00Z,30847.5,30849.5,30842.75,30844.5,81,2026-10-02T22:30:24+00:00
2026-10-02T00:30:00Z,30843.75,30852.5,30837.75,30842.5,312,2026-10-02T22:30:24+00:00
2026-10-02T00:31:00Z,30844.25,30854.25,30841.5,30848.25,209,2026-10-02T22:30:24+00:00
2026-10-02T00:32:00Z,30847.75,30853.25,30844.0,30851.75,103,2026-10-02T22:30:24+00:00
2026-10-02T00:33:00Z,30849.0,30854.0,30846.0,30847.5,70,2026-10-02T22:30:24+00:00
2026-10-02T00:34:00Z,30847.0,30863.25,30840.75,30859.75,214,2026-10-02T22:30:24+00:00
2026-10-02T00:35:00Z,30860.5,30862.0,30850.0,30857.75,120,2026-10-02T22:30:24+00:00
2026-10-02T00:36:00Z,30858.25,30866.75,30858.25,30858.25,209,2026-10-02T22:30:24+00:00
2026-10-02T00:37:00Z,30857.75,30861.5,30853.25,30858.75,77,2026-10-02T22:30:24+00:00
2026-10-02T00:38:00Z,30855.5,30856.75,30840.25,30844.75,174,2026-10-02T22:30:24+00:00
2026-10-02T00:39:00Z,30844.25,30850.5,30841.0,30843.25,106,2026-10-02T22:30:24+00:00
2026-10-02T00:40:00Z,30841.75,30848.5,30841.0,30843.0,90,2026-10-02T22:30:24+00:00
2026-10-02T00:41:00Z,30842.75,30842.75,30826.75,30828.25,273,2026-10-02T22:30:24+00:00
2026-10-02T00:42:00Z,30827.5,30839.75,30824.75,30839.25,161,2026-10-02T22:30:24+00:00
2026-10-02T00:43:00Z,30839.5,30846.5,30839.0,30845.0,94,2026-10-02T22:30:24+00:00
2026-10-02T00:44:00Z,30845.75,30849.75,30838.75,30838.75,86,2026-10-02T22:30:24+00:00
2026-10-02T00:45:00Z,30840.0,30844.5,30834.25,30843.75,78,2026-10-02T22:30:24+00:00
2026-10-02T00:46:00Z,30843.25,30847.0,30837.75,30843.75,71,2026-10-02T22:30:24+00:00
2026-10-02T00:47:00Z,30839.5,30846.5,30837.0,30846.5,74,2026-10-02T22:30:24+00:00
2026-10-02T00:48:00Z,30846.0,30852.75,30844.25,30847.0,188,2026-10-02T22:30:24+00:00
2026-10-02T00:49:00Z,30849.25,30851.25,30844.75,30844.75,45,2026-10-02T22:30:24+00:00
2026-10-02T00:50:00Z,30844.0,30847.5,30837.5,30838.0,110,2026-10-02T22:30:24+00:00
2026-10-02T00:51:00Z,30838.25,30845.25,30837.0,30844.0,57,2026-10-02T22:30:24+00:00
2026-10-02T00:52:00Z,30842.0,30858.75,30839.0,30858.0,110,2026-10-02T22:30:24+00:00
2026-10-02T00:53:00Z,30858.75,30864.0,30855.0,30859.75,131,2026-10-02T22:30:24+00:00
2026-10-02T00:54:00Z,30859.25,30860.0,30849.75,30851.75,71,2026-10-02T22:30:24+00:00
2026-10-02T00:55:00Z,30853.5,30859.5,30847.25,30849.75,111,2026-10-02T22:30:24+00:00
2026-10-02T00:56:00Z,30849.5,30854.0,30845.5,30850.5,71,2026-10-02T22:30:24+00:00
2026-10-02T00:57:00Z,30851.5,30857.5,30843.5,30856.5,121,2026-10-02T22:30:24+00:00
2026-10-02T00:58:00Z,30856.0,30857.75,30851.75,30855.5,40,2026-10-02T22:30:24+00:00
2026-10-02T00:59:00Z,30854.5,30855.75,30839.75,30844.75,181,2026-10-02T22:30:24+00:00
2026-10-02T01:00:00Z,30845.0,30848.0,30841.75,30841.75,92,2026-10-02T22:30:24+00:00
2026-10-02T01:01:00Z,30841.5,30854.25,30838.5,30840.75,151,2026-10-02T22:30:24+00:00
2026-10-02T01:02:00Z,30840.5,30843.75,30831.0,30834.25,158,2026-10-02T22:30:24+00:00
2026-10-02T01:03:00Z,30836.25,30839.5,30827.25,30835.75,158,2026-10-02T22:30:24+00:00
2026-10-02T01:04:00Z,30835.5,30839.25,30829.0,30829.0,52,2026-10-02T22:30:24+00:00
2026-10-02T01:05:00Z,30828.5,30838.0,30825.25,30836.0,100,2026-10-02T22:30:24+00:00
2026-10-02T01:06:00Z,30835.5,30838.75,30828.25,30828.75,89,2026-10-02T22:30:24+00:00
2026-10-02T01:07:00Z,30829.5,30833.5,30825.0,30829.0,92,2026-10-02T22:30:24+00:00
2026-10-02T01:08:00Z,30829.25,30838.25,30828.75,30838.25,55,2026-10-02T22:30:24+00:00
2026-10-02T01:09:00Z,30838.75,30841.5,30830.5,30839.5,100,2026-10-02T22:30:24+00:00
2026-10-02T01:10:00Z,30838.5,30839.0,30826.25,30836.25,104,2026-10-02T22:30:24+00:00
2026-10-02T01:11:00Z,30836.5,30836.5,30823.0,30829.25,110,2026-10-02T22:30:24+00:00
2026-10-02T01:12:00Z,30831.0,30840.0,30830.75,30837.5,69,2026-10-02T22:30:24+00:00
2026-10-02T01:13:00Z,30832.5,30839.0,30832.0,30838.75,28,2026-10-02T22:30:24+00:00
2026-10-02T01:14:00Z,30839.5,30843.5,30837.5,30841.75,84,2026-10-02T22:30:24+00:00
2026-10-02T01:15:00Z,30842.0,30842.0,30822.5,30829.25,138,2026-10-02T22:30:24+00:00
2026-10-02T01:16:00Z,30829.75,30835.0,30826.5,30833.5,60,2026-10-02T22:30:24+00:00
2026-10-02T01:17:00Z,30833.75,30843.0,30832.25,30841.5,71,2026-10-02T22:30:24+00:00
2026-10-02T01:18:00Z,30841.5,30847.75,30836.0,30844.75,114,2026-10-02T22:30:24+00:00
2026-10-02T01:19:00Z,30843.5,30843.5,30827.5,30828.0,73,2026-10-02T22:30:24+00:00
2026-10-02T01:20:00Z,30827.75,30829.5,30812.75,30814.25,285,2026-10-02T22:30:24+00:00
2026-10-02T01:21:00Z,30814.25,30818.75,30806.25,30811.25,220,2026-10-02T22:30:24+00:00
2026-10-02T01:22:00Z,30810.0,30821.0,30804.0,30819.5,216,2026-10-02T22:30:24+00:00
2026-10-02T01:23:00Z,30820.0,30836.25,30818.75,30825.75,179,2026-10-02T22:30:24+00:00
2026-10-02T01:24:00Z,30824.25,30836.75,30822.25,30835.75,74,2026-10-02T22:30:24+00:00
2026-10-02T01:25:00Z,30836.0,30837.5,30818.25,30819.75,133,2026-10-02T22:30:24+00:00
2026-10-02T01:26:00Z,30819.5,30820.0,30812.25,30814.25,105,2026-10-02T22:30:24+00:00
2026-10-02T01:27:00Z,30816.0,30817.25,30812.75,30815.0,45,2026-10-02T22:30:24+00:00
2026-10-02T01:28:00Z,30814.25,30818.5,30814.25,30816.5,41,2026-10-02T22:30:24+00:00
2026-10-02T01:29:00Z,30816.75,30826.5,30815.25,30821.0,91,2026-10-02T22:30:24+00:00
2026-10-02T01:30:00Z,30821.5,30828.5,30815.5,30819.5,89,2026-10-02T22:30:24+00:00
2026-10-02T01:31:00Z,30818.5,30821.5,30813.5,30817.75,49,2026-10-02T22:30:24+00:00
2026-10-02T01:32:00Z,30816.0,30816.5,30803.25,30806.25,93,2026-10-02T22:30:24+00:00
2026-10-02T01:33:00Z,30807.5,30821.25,30805.25,30819.75,83,2026-10-02T22:30:24+00:00
2026-10-02T01:34:00Z,30821.0,30825.5,30807.0,30807.25,54,2026-10-02T22:30:24+00:00
2026-10-02T01:35:00Z,30807.0,30816.0,30802.5,30806.5,142,2026-10-02T22:30:24+00:00
2026-10-02T01:36:00Z,30807.75,30810.0,30800.0,30801.5,196,2026-10-02T22:30:24+00:00
2026-10-02T01:37:00Z,30800.25,30802.5,30791.5,30794.5,259,2026-10-02T22:30:24+00:00
2026-10-02T01:38:00Z,30794.5,30802.25,30794.0,30800.75,110,2026-10-02T22:30:24+00:00
2026-10-02T01:39:00Z,30802.5,30807.0,30798.75,30806.25,74,2026-10-02T22:30:24+00:00
2026-10-02T01:40:00Z,30804.75,30808.25,30799.75,30808.0,81,2026-10-02T22:30:24+00:00
2026-10-02T01:41:00Z,30807.0,30809.0,30798.0,30805.0,111,2026-10-02T22:30:24+00:00
2026-10-02T01:42:00Z,30806.5,30809.5,30796.75,30799.25,72,2026-10-02T22:30:24+00:00
2026-10-02T01:43:00Z,30798.25,30809.5,30798.25,30805.75,58,2026-10-02T22:30:24+00:00
2026-10-02T01:44:00Z,30806.75,30812.5,30806.75,30809.5,81,2026-10-02T22:30:24+00:00
2026-10-02T01:45:00Z,30809.0,30816.25,30805.75,30811.5,139,2026-10-02T22:30:24+00:00
2026-10-02T01:46:00Z,30813.0,30816.25,30811.0,30813.5,49,2026-10-02T22:30:24+00:00
2026-10-02T01:47:00Z,30811.25,30820.0,30811.25,30816.75,48,2026-10-02T22:30:24+00:00
2026-10-02T01:48:00Z,30815.5,30819.5,30813.0,30813.0,55,2026-10-02T22:30:24+00:00
2026-10-02T01:49:00Z,30815.75,30819.5,30815.5,30815.75,42,2026-10-02T22:30:24+00:00
2026-10-02T01:50:00Z,30815.0,30838.25,30813.5,30834.75,254,2026-10-02T22:30:24+00:00
2026-10-02T01:51:00Z,30835.25,30852.0,30831.5,30850.25,243,2026-10-02T22:30:24+00:00
2026-10-02T01:52:00Z,30849.0,30862.0,30847.25,30854.75,295,2026-10-02T22:30:24+00:00
2026-10-02T01:53:00Z,30856.75,30859.0,30853.0,30853.0,128,2026-10-02T22:30:24+00:00
2026-10-02T01:54:00Z,30853.0,30853.0,30842.25,30850.0,169,2026-10-02T22:30:24+00:00
2026-10-02T01:55:00Z,30846.0,30851.5,30833.75,30851.5,163,2026-10-02T22:30:24+00:00
2026-10-02T01:56:00Z,30851.25,30860.75,30849.75,30860.75,191,2026-10-02T22:30:24+00:00
2026-10-02T01:57:00Z,30860.0,30862.25,30853.5,30857.25,91,2026-10-02T22:30:24+00:00
2026-10-02T01:58:00Z,30858.0,30863.0,30856.0,30858.75,80,2026-10-02T22:30:24+00:00
2026-10-02T01:59:00Z,30859.0,30866.0,30859.0,30864.5,97,2026-10-02T22:30:24+00:00
2026-10-02T02:00:00Z,30864.75,30869.0,30856.0,30861.5,161,2026-10-02T22:30:24+00:00
2026-10-02T02:01:00Z,30861.25,30864.0,30855.75,30856.0,101,2026-10-02T22:30:24+00:00
2026-10-02T02:02:00Z,30855.0,30863.75,30852.0,30860.5,101,2026-10-02T22:30:24+00:00
2026-10-02T02:03:00Z,30861.5,30864.0,30853.75,30855.25,46,2026-10-02T22:30:24+00:00
2026-10-02T02:04:00Z,30857.75,30866.75,30855.0,30865.5,64,2026-10-02T22:30:24+00:00
2026-10-02T02:05:00Z,30864.25,30864.5,30855.75,30855.75,51,2026-10-02T22:30:24+00:00
2026-10-02T02:06:00Z,30856.25,30860.5,30855.75,30858.25,46,2026-10-02T22:30:24+00:00
2026-10-02T02:07:00Z,30858.0,30858.25,30847.5,30849.25,81,2026-10-02T22:30:24+00:00
2026-10-02T02:08:00Z,30849.75,30860.0,30845.25,30857.0,83,2026-10-02T22:30:24+00:00
2026-10-02T02:09:00Z,30857.5,30857.5,30845.0,30851.25,100,2026-10-02T22:30:24+00:00
2026-10-02T02:10:00Z,30849.25,30856.5,30849.0,30855.75,39,2026-10-02T22:30:24+00:00
2026-10-02T02:11:00Z,30857.0,30857.5,30842.75,30843.75,196,2026-10-02T22:30:24+00:00
2026-10-02T02:12:00Z,30844.0,30851.5,30842.75,30847.75,68,2026-10-02T22:30:24+00:00
2026-10-02T02:13:00Z,30848.25,30865.25,30848.25,30862.75,73,2026-10-02T22:30:24+00:00
2026-10-02T02:14:00Z,30863.75,30865.75,30860.75,30863.25,75,2026-10-02T22:30:24+00:00
2026-10-02T02:15:00Z,30862.25,30870.25,30859.5,30869.5,134,2026-10-02T22:30:24+00:00
2026-10-02T02:16:00Z,30869.0,30884.75,30867.5,30882.5,273,2026-10-02T22:30:24+00:00
2026-10-02T02:17:00Z,30882.5,30882.5,30870.25,30873.25,178,2026-10-02T22:30:24+00:00
2026-10-02T02:18:00Z,30873.25,30873.5,30865.0,30868.25,163,2026-10-02T22:30:24+00:00
2026-10-02T02:19:00Z,30867.75,30875.75,30865.0,30866.0,100,2026-10-02T22:30:24+00:00
2026-10-02T02:20:00Z,30866.0,30869.5,30862.0,30868.75,78,2026-10-02T22:30:24+00:00
2026-10-02T02:21:00Z,30868.0,30869.25,30855.0,30860.0,143,2026-10-02T22:30:24+00:00
2026-10-02T02:22:00Z,30859.0,30862.0,30854.75,30858.25,100,2026-10-02T22:30:24+00:00
2026-10-02T02:23:00Z,30858.25,30858.25,30853.0,30856.0,42,2026-10-02T22:30:24+00:00
2026-10-02T02:24:00Z,30856.25,30856.5,30848.25,30849.75,81,2026-10-02T22:30:24+00:00
2026-10-02T02:25:00Z,30850.25,30856.25,30850.25,30856.0,29,2026-10-02T22:30:24+00:00
2026-10-02T02:26:00Z,30856.75,30866.75,30856.75,30864.25,112,2026-10-02T22:30:24+00:00
2026-10-02T02:27:00Z,30862.75,30872.75,30862.0,30870.75,152,2026-10-02T22:30:24+00:00
2026-10-02T02:28:00Z,30870.75,30872.25,30864.5,30865.0,52,2026-10-02T22:30:24+00:00
2026-10-02T02:29:00Z,30865.5,30867.5,30862.5,30864.0,21,2026-10-02T22:30:24+00:00
2026-10-02T02:30:00Z,30865.5,30867.0,30860.0,30863.0,60,2026-10-02T22:30:24+00:00
2026-10-02T02:31:00Z,30862.75,30869.0,30860.75,30862.75,42,2026-10-02T22:30:24+00:00
2026-10-02T02:32:00Z,30862.25,30865.25,30855.75,30865.25,47,2026-10-02T22:30:24+00:00
2026-10-02T02:33:00Z,30863.5,30867.5,30863.5,30866.75,20,2026-10-02T22:30:24+00:00
2026-10-02T02:34:00Z,30866.75,30867.75,30859.25,30859.5,26,2026-10-02T22:30:24+00:00
2026-10-02T02:35:00Z,30858.0,30869.75,30858.0,30866.5,74,2026-10-02T22:30:24+00:00
2026-10-02T02:36:00Z,30866.5,30871.0,30864.75,30869.75,46,2026-10-02T22:30:24+00:00
2026-10-02T02:37:00Z,30871.0,30872.0,30866.75,30870.25,21,2026-10-02T22:30:24+00:00
2026-10-02T02:38:00Z,30868.0,30868.5,30866.25,30868.0,16,2026-10-02T22:30:24+00:00
2026-10-02T02:39:00Z,30866.5,30868.75,30856.75,30860.25,122,2026-10-02T22:30:24+00:00
2026-10-02T02:40:00Z,30858.75,30865.0,30858.25,30863.75,36,2026-10-02T22:30:24+00:00
2026-10-02T02:41:00Z,30862.5,30864.75,30860.25,30863.75,25,2026-10-02T22:30:24+00:00
2026-10-02T02:42:00Z,30863.5,30866.25,30863.0,30865.25,15,2026-10-02T22:30:24+00:00
2026-10-02T02:43:00Z,30864.75,30866.5,30863.75,30865.75,20,2026-10-02T22:30:24+00:00
2026-10-02T02:44:00Z,30866.25,30869.75,30864.0,30867.5,48,2026-10-02T22:30:24+00:00
2026-10-02T02:45:00Z,30871.0,30875.0,30868.75,30871.75,80,2026-10-02T22:30:24+00:00
2026-10-02T02:46:00Z,30872.0,30873.5,30869.0,30869.75,71,2026-10-02T22:30:24+00:00
2026-10-02T02:47:00Z,30869.25,30877.25,30869.25,30876.5,66,2026-10-02T22:30:24+00:00
2026-10-02T02:48:00Z,30877.0,30880.5,30876.5,30879.0,110,2026-10-02T22:30:24+00:00
2026-10-02T02:49:00Z,30878.75,30893.5,30878.25,30891.0,367,2026-10-02T22:30:24+00:00
2026-10-02T02:50:00Z,30892.0,30892.0,30881.5,30882.5,314,2026-10-02T22:30:24+00:00
2026-10-02T02:51:00Z,30884.0,30884.25,30874.25,30878.75,84,2026-10-02T22:30:24+00:00
2026-10-02T02:52:00Z,30878.25,30882.5,30877.0,30879.5,52,2026-10-02T22:30:24+00:00
2026-10-02T02:53:00Z,30878.0,30878.5,30874.25,30876.25,39,2026-10-02T22:30:24+00:00
2026-10-02T02:54:00Z,30875.75,30876.5,30871.0,30874.0,34,2026-10-02T22:30:24+00:00
2026-10-02T02:55:00Z,30873.25,30878.0,30869.5,30875.25,115,2026-10-02T22:30:24+00:00
2026-10-02T02:56:00Z,30874.0,30878.5,30871.25,30876.75,33,2026-10-02T22:30:24+00:00
2026-10-02T02:57:00Z,30877.5,30886.25,30877.5,30885.75,74,2026-10-02T22:30:24+00:00
2026-10-02T02:58:00Z,30884.5,30884.5,30879.5,30883.0,75,2026-10-02T22:30:24+00:00
2026-10-02T02:59:00Z,30882.5,30891.0,30882.0,30889.75,88,2026-10-02T22:30:24+00:00
2026-10-02T03:00:00Z,30892.0,30895.5,30888.0,30895.25,97,2026-10-02T22:30:24+00:00
2026-10-02T03:01:00Z,30894.25,30900.0,30892.25,30895.0,128,2026-10-02T22:30:24+00:00
2026-10-02T03:02:00Z,30894.25,30897.0,30892.75,30894.75,51,2026-10-02T22:30:24+00:00
2026-10-02T03:03:00Z,30896.0,30898.0,30895.25,30896.75,37,2026-10-02T22:30:24+00:00
2026-10-02T03:04:00Z,30896.25,30900.0,30895.25,30897.75,45,2026-10-02T22:30:24+00:00
2026-10-02T03:05:00Z,30897.75,30899.25,30895.0,30895.5,50,2026-10-02T22:30:24+00:00
2026-10-02T03:06:00Z,30895.0,30897.75,30891.25,30891.5,43,2026-10-02T22:30:24+00:00
2026-10-02T03:07:00Z,30891.5,30892.5,30885.75,30887.75,75,2026-10-02T22:30:24+00:00
2026-10-02T03:08:00Z,30890.0,30890.0,30878.75,30880.75,100,2026-10-02T22:30:24+00:00
2026-10-02T03:09:00Z,30881.0,30882.5,30871.0,30873.5,159,2026-10-02T22:30:24+00:00
2026-10-02T03:10:00Z,30872.75,30876.5,30866.75,30875.25,138,2026-10-02T22:30:24+00:00
2026-10-02T03:11:00Z,30875.5,30881.0,30872.0,30878.75,107,2026-10-02T22:30:24+00:00
2026-10-02T03:12:00Z,30879.0,30882.25,30875.0,30879.25,68,2026-10-02T22:30:24+00:00
2026-10-02T03:13:00Z,30879.25,30882.0,30878.5,30880.5,44,2026-10-02T22:30:24+00:00
2026-10-02T03:14:00Z,30880.0,30885.0,30879.0,30883.75,34,2026-10-02T22:30:24+00:00
2026-10-02T03:15:00Z,30882.75,30889.0,30882.0,30884.75,127,2026-10-02T22:30:24+00:00
2026-10-02T03:16:00Z,30884.75,30885.0,30880.5,30881.25,56,2026-10-02T22:30:24+00:00
2026-10-02T03:17:00Z,30882.0,30882.75,30878.75,30881.75,36,2026-10-02T22:30:24+00:00
2026-10-02T03:18:00Z,30881.25,30885.5,30880.0,30883.5,43,2026-10-02T22:30:24+00:00
2026-10-02T03:19:00Z,30883.0,30887.0,30881.0,30881.75,91,2026-10-02T22:30:24+00:00
2026-10-02T03:20:00Z,30880.25,30883.25,30878.5,30880.75,33,2026-10-02T22:30:24+00:00
2026-10-02T03:21:00Z,30879.5,30882.0,30875.5,30881.5,42,2026-10-02T22:30:24+00:00
2026-10-02T03:22:00Z,30881.25,30883.0,30881.0,30883.0,11,2026-10-02T22:30:24+00:00
2026-10-02T03:23:00Z,30882.75,30884.75,30880.75,30882.5,19,2026-10-02T22:30:24+00:00
2026-10-02T03:24:00Z,30883.25,30886.0,30883.25,30883.25,30,2026-10-02T22:30:24+00:00
2026-10-02T03:25:00Z,30884.75,30890.0,30881.5,30888.5,82,2026-10-02T22:30:24+00:00
2026-10-02T03:26:00Z,30889.0,30889.0,30878.5,30879.5,49,2026-10-02T22:30:24+00:00
2026-10-02T03:27:00Z,30879.25,30883.75,30876.5,30881.75,63,2026-10-02T22:30:24+00:00
2026-10-02T03:28:00Z,30884.5,30885.25,30881.25,30882.25,11,2026-10-02T22:30:24+00:00
2026-10-02T03:29:00Z,30881.25,30882.25,30877.5,30878.5,45,2026-10-02T22:30:24+00:00
2026-10-02T03:30:00Z,30877.5,30885.0,30877.25,30877.75,43,2026-10-02T22:30:24+00:00
2026-10-02T03:31:00Z,30877.75,30879.0,30874.25,30878.0,39,2026-10-02T22:30:24+00:00
2026-10-02T03:32:00Z,30878.0,30878.5,30874.25,30874.5,29,2026-10-02T22:30:24+00:00
2026-10-02T03:33:00Z,30875.25,30882.25,30872.5,30879.0,64,2026-10-02T22:30:24+00:00
2026-10-02T03:34:00Z,30880.0,30886.25,30880.0,30884.0,43,2026-10-02T22:30:24+00:00
2026-10-02T03:35:00Z,30884.5,30884.5,30876.0,30877.25,34,2026-10-02T22:30:24+00:00
2026-10-02T03:36:00Z,30879.25,30879.25,30872.0,30873.75,71,2026-10-02T22:30:24+00:00
2026-10-02T03:37:00Z,30874.0,30875.25,30867.75,30873.25,107,2026-10-02T22:30:24+00:00
2026-10-02T03:38:00Z,30874.75,30877.25,30872.5,30877.0,40,2026-10-02T22:30:24+00:00
2026-10-02T03:39:00Z,30877.75,30880.0,30869.0,30875.25,51,2026-10-02T22:30:24+00:00
2026-10-02T03:40:00Z,30875.5,30875.5,30868.75,30873.0,63,2026-10-02T22:30:24+00:00
2026-10-02T03:41:00Z,30873.25,30876.0,30871.25,30873.25,21,2026-10-02T22:30:24+00:00
2026-10-02T03:42:00Z,30875.0,30879.25,30874.25,30879.25,33,2026-10-02T22:30:24+00:00
2026-10-02T03:43:00Z,30879.75,30880.25,30875.25,30876.75,40,2026-10-02T22:30:24+00:00
2026-10-02T03:44:00Z,30877.0,30882.75,30877.0,30879.5,63,2026-10-02T22:30:24+00:00
2026-10-02T03:45:00Z,30880.0,30889.5,30879.0,30883.5,149,2026-10-02T22:30:24+00:00
2026-10-02T03:46:00Z,30884.0,30884.0,30877.0,30877.0,50,2026-10-02T22:30:24+00:00
2026-10-02T03:47:00Z,30877.5,30881.0,30871.25,30871.75,83,2026-10-02T22:30:24+00:00
2026-10-02T03:48:00Z,30871.5,30872.75,30864.25,30865.5,131,2026-10-02T22:30:24+00:00
2026-10-02T03:49:00Z,30865.5,30866.75,30862.75,30864.75,58,2026-10-02T22:30:24+00:00
2026-10-02T03:50:00Z,30865.5,30876.0,30865.25,30869.25,115,2026-10-02T22:30:24+00:00
2026-10-02T03:51:00Z,30869.25,30874.0,30865.75,30871.5,34,2026-10-02T22:30:24+00:00
2026-10-02T03:52:00Z,30872.0,30879.25,30871.5,30875.25,74,2026-10-02T22:30:24+00:00
2026-10-02T03:53:00Z,30877.0,30878.0,30871.0,30875.5,33,2026-10-02T22:30:24+00:00
2026-10-02T03:54:00Z,30875.0,30876.25,30873.5,30875.25,30,2026-10-02T22:30:24+00:00
2026-10-02T03:55:00Z,30876.0,30880.25,30874.5,30876.5,31,2026-10-02T22:30:24+00:00
2026-10-02T03:56:00Z,30876.75,30879.0,30875.0,30878.0,27,2026-10-02T22:30:24+00:00
2026-10-02T03:57:00Z,30877.0,30877.75,30874.75,30875.25,15,2026-10-02T22:30:24+00:00
2026-10-02T03:58:00Z,30874.5,30882.5,30874.5,30881.25,57,2026-10-02T22:30:24+00:00
2026-10-02T04:09:00Z,30892.25,30895.25,30892.25,30893.75,43,2026-10-02T22:30:24+00:00
2026-10-02T04:10:00Z,30891.25,30895.5,30884.5,30894.75,71,2026-10-02T22:30:24+00:00
2026-10-02T04:11:00Z,30895.75,30899.0,30892.25,30897.0,108,2026-10-02T22:30:24+00:00
2026-10-02T04:12:00Z,30895.75,30896.75,30888.0,30892.75,91,2026-10-02T22:30:24+00:00
2026-10-02T04:13:00Z,30893.0,30897.75,30892.0,30897.0,56,2026-10-02T22:30:24+00:00
2026-10-02T04:14:00Z,30897.25,30897.25,30895.5,30895.75,24,2026-10-02T22:30:24+00:00
2026-10-02T04:15:00Z,30896.25,30897.5,30891.75,30896.25,130,2026-10-02T22:30:24+00:00
2026-10-02T04:16:00Z,30897.0,30898.5,30893.75,30898.5,37,2026-10-02T22:30:24+00:00
2026-10-02T04:17:00Z,30898.0,30899.5,30894.0,30896.75,88,2026-10-02T22:30:24+00:00
2026-10-02T04:18:00Z,30896.25,30897.5,30894.75,30895.5,31,2026-10-02T22:30:24+00:00
2026-10-02T04:19:00Z,30895.0,30896.75,30891.0,30895.0,116,2026-10-02T22:30:24+00:00
2026-10-02T04:20:00Z,30896.5,30897.5,30891.25,30896.0,68,2026-10-02T22:30:24+00:00
2026-10-02T04:21:00Z,30896.0,30901.5,30894.75,30897.75,52,2026-10-02T22:30:24+00:00
2026-10-02T04:22:00Z,30897.25,30897.25,30893.0,30893.0,43,2026-10-02T22:30:24+00:00
2026-10-02T04:23:00Z,30892.75,30900.5,30892.75,30898.0,34,2026-10-02T22:30:24+00:00
2026-10-02T04:24:00Z,30898.75,30904.25,30898.75,30900.25,101,2026-10-02T22:30:24+00:00
2026-10-02T04:25:00Z,30901.25,30906.5,30900.5,30906.25,76,2026-10-02T22:30:24+00:00
2026-10-02T04:26:00Z,30905.75,30906.5,30899.5,30900.75,63,2026-10-02T22:30:24+00:00
2026-10-02T04:27:00Z,30900.25,30903.0,30897.75,30901.25,35,2026-10-02T22:30:24+00:00
2026-10-02T04:28:00Z,30901.0,30901.0,30897.75,30898.75,39,2026-10-02T22:30:24+00:00
2026-10-02T04:29:00Z,30898.75,30902.5,30898.5,30898.5,27,2026-10-02T22:30:24+00:00
2026-10-02T04:30:00Z,30898.75,30901.25,30895.75,30898.0,37,2026-10-02T22:30:24+00:00
2026-10-02T04:31:00Z,30897.75,30901.25,30897.0,30901.25,26,2026-10-02T22:30:24+00:00
2026-10-02T04:32:00Z,30901.25,30902.0,30891.25,30892.25,80,2026-10-02T22:30:24+00:00
2026-10-02T04:33:00Z,30892.5,30895.25,30890.5,30893.0,28,2026-10-02T22:30:24+00:00
2026-10-02T04:34:00Z,30892.75,30894.0,30890.25,30892.0,23,2026-10-02T22:30:24+00:00
2026-10-02T04:35:00Z,30892.25,30893.25,30886.5,30888.25,70,2026-10-02T22:30:24+00:00
2026-10-02T04:36:00Z,30889.0,30892.75,30888.25,30891.5,39,2026-10-02T22:30:24+00:00
2026-10-02T04:37:00Z,30893.75,30899.5,30893.75,30896.75,53,2026-10-02T22:30:24+00:00
2026-10-02T04:38:00Z,30897.0,30897.75,30892.75,30895.0,24,2026-10-02T22:30:24+00:00
2026-10-02T04:39:00Z,30894.0,30895.0,30890.75,30891.25,23,2026-10-02T22:30:24+00:00
2026-10-02T04:40:00Z,30891.5,30894.5,30888.25,30890.5,46,2026-10-02T22:30:24+00:00
2026-10-02T04:41:00Z,30891.25,30899.5,30891.25,30899.5,44,2026-10-02T22:30:24+00:00
2026-10-02T04:42:00Z,30897.25,30898.0,30894.0,30894.5,46,2026-10-02T22:30:24+00:00
2026-10-02T04:43:00Z,30895.0,30896.5,30891.0,30893.0,45,2026-10-02T22:30:24+00:00
2026-10-02T04:44:00Z,30893.5,30894.0,30891.75,30891.75,16,2026-10-02T22:30:24+00:00
2026-10-02T04:45:00Z,30892.75,30895.0,30890.75,30892.25,24,2026-10-02T22:30:24+00:00
2026-10-02T04:46:00Z,30892.25,30893.25,30883.75,30884.0,146,2026-10-02T22:30:24+00:00
2026-10-02T04:47:00Z,30883.25,30891.0,30883.25,30888.5,60,2026-10-02T22:30:24+00:00
2026-10-02T04:48:00Z,30888.75,30891.5,30886.0,30889.25,47,2026-10-02T22:30:24+00:00
2026-10-02T04:49:00Z,30890.5,30898.5,30890.5,30898.0,68,2026-10-02T22:30:24+00:00
2026-10-02T04:50:00Z,30898.0,30903.0,30896.0,30900.25,95,2026-10-02T22:30:24+00:00
2026-10-02T04:51:00Z,30901.5,30909.0,30901.5,30903.25,127,2026-10-02T22:30:24+00:00
2026-10-02T04:52:00Z,30902.5,30910.75,30900.75,30909.25,105,2026-10-02T22:30:24+00:00
2026-10-02T04:53:00Z,30910.0,30915.75,30907.0,30912.5,145,2026-10-02T22:30:24+00:00
2026-10-02T04:54:00Z,30912.25,30916.25,30911.0,30911.0,44,2026-10-02T22:30:24+00:00
2026-10-02T04:55:00Z,30911.5,30914.0,30908.0,30911.75,73,2026-10-02T22:30:24+00:00
2026-10-02T04:56:00Z,30911.25,30911.25,30903.0,30906.25,58,2026-10-02T22:30:24+00:00
2026-10-02T04:57:00Z,30906.5,30908.5,30904.0,30907.75,39,2026-10-02T22:30:24+00:00
2026-10-02T04:58:00Z,30909.0,30911.5,30907.5,30910.0,30,2026-10-02T22:30:24+00:00
2026-10-02T04:59:00Z,30909.75,30920.0,30909.0,30919.25,142,2026-10-02T22:30:24+00:00
2026-10-02T05:00:00Z,30919.25,30924.0,30911.75,30920.75,160,2026-10-02T22:30:24+00:00
2026-10-02T05:01:00Z,30921.75,30932.25,30919.5,30931.25,265,2026-10-02T22:30:24+00:00
2026-10-02T05:02:00Z,30932.0,30935.75,30920.25,30920.25,161,2026-10-02T22:30:24+00:00
2026-10-02T05:03:00Z,30920.25,30923.5,30915.75,30916.25,64,2026-10-02T22:30:24+00:00
2026-10-02T05:04:00Z,30915.0,30915.0,30907.0,30910.0,112,2026-10-02T22:30:24+00:00
2026-10-02T05:05:00Z,30908.5,30908.5,30898.75,30898.75,149,2026-10-02T22:30:24+00:00
2026-10-02T05:06:00Z,30898.25,30908.25,30896.5,30908.25,119,2026-10-02T22:30:24+00:00
2026-10-02T05:07:00Z,30905.75,30912.75,30903.0,30912.5,56,2026-10-02T22:30:24+00:00
2026-10-02T05:08:00Z,30912.0,30926.25,30912.0,30923.5,163,2026-10-02T22:30:24+00:00
2026-10-02T05:09:00Z,30924.0,30924.0,30915.5,30916.75,81,2026-10-02T22:30:24+00:00
2026-10-02T05:10:00Z,30920.25,30920.25,30910.25,30913.25,95,2026-10-02T22:30:24+00:00
2026-10-02T05:11:00Z,30914.5,30921.0,30913.0,30918.25,79,2026-10-02T22:30:24+00:00
2026-10-02T05:12:00Z,30918.0,30920.0,30914.25,30916.25,39,2026-10-02T22:30:24+00:00
2026-10-02T05:13:00Z,30915.75,30916.5,30913.0,30913.0,26,2026-10-02T22:30:24+00:00
2026-10-02T05:14:00Z,30912.0,30912.0,30904.0,30907.0,78,2026-10-02T22:30:24+00:00
2026-10-02T05:15:00Z,30906.0,30906.0,30899.75,30901.25,98,2026-10-02T22:30:24+00:00
2026-10-02T05:16:00Z,30900.5,30900.5,30896.0,30898.5,83,2026-10-02T22:30:24+00:00
2026-10-02T05:17:00Z,30898.5,30905.25,30898.0,30903.5,88,2026-10-02T22:30:24+00:00
2026-10-02T05:18:00Z,30902.5,30905.0,30901.0,30903.5,27,2026-10-02T22:30:24+00:00
2026-10-02T05:19:00Z,30904.5,30908.5,30901.5,30906.5,46,2026-10-02T22:30:24+00:00
2026-10-02T05:20:00Z,30905.75,30907.0,30902.25,30903.25,53,2026-10-02T22:30:24+00:00
2026-10-02T05:21:00Z,30902.25,30902.25,30895.0,30895.5,92,2026-10-02T22:30:24+00:00
2026-10-02T05:22:00Z,30895.75,30905.25,30895.25,30903.5,246,2026-10-02T22:30:24+00:00
2026-10-02T05:23:00Z,30904.25,30909.5,30903.25,30907.25,82,2026-10-02T22:30:24+00:00
2026-10-02T05:24:00Z,30907.0,30907.0,30898.75,30900.5,113,2026-10-02T22:30:24+00:00
2026-10-02T05:25:00Z,30898.5,30905.0,30892.25,30892.25,84,2026-10-02T22:30:24+00:00
2026-10-02T05:26:00Z,30894.5,30896.5,30890.5,30891.5,47,2026-10-02T22:30:24+00:00
2026-10-02T05:27:00Z,30893.0,30893.25,30885.25,30887.25,94,2026-10-02T22:30:24+00:00
2026-10-02T05:28:00Z,30885.0,30890.25,30884.5,30889.75,74,2026-10-02T22:30:24+00:00
2026-10-02T05:29:00Z,30890.0,30891.25,30886.5,30887.0,52,2026-10-02T22:30:24+00:00
2026-10-02T05:30:00Z,30886.75,30888.0,30872.5,30874.0,227,2026-10-02T22:30:24+00:00
2026-10-02T05:31:00Z,30874.25,30883.75,30871.75,30880.5,200,2026-10-02T22:30:24+00:00
2026-10-02T05:32:00Z,30880.25,30880.5,30875.0,30879.25,63,2026-10-02T22:30:24+00:00
2026-10-02T05:33:00Z,30881.5,30890.5,30880.75,30889.0,80,2026-10-02T22:30:24+00:00
2026-10-02T05:34:00Z,30890.0,30893.25,30887.25,30887.25,72,2026-10-02T22:30:24+00:00
2026-10-02T05:35:00Z,30888.0,30890.0,30882.75,30885.75,62,2026-10-02T22:30:24+00:00
2026-10-02T05:36:00Z,30885.5,30886.25,30880.25,30881.75,53,2026-10-02T22:30:24+00:00
2026-10-02T05:37:00Z,30880.25,30883.0,30877.5,30883.0,74,2026-10-02T22:30:24+00:00
2026-10-02T05:38:00Z,30882.75,30886.25,30881.5,30882.75,49,2026-10-02T22:30:24+00:00
2026-10-02T05:39:00Z,30882.25,30884.75,30874.0,30875.75,54,2026-10-02T22:30:24+00:00
2026-10-02T05:40:00Z,30875.5,30880.75,30874.25,30878.75,45,2026-10-02T22:30:24+00:00
2026-10-02T05:41:00Z,30880.0,30882.25,30877.5,30882.0,34,2026-10-02T22:30:24+00:00
2026-10-02T05:42:00Z,30883.0,30886.0,30879.75,30882.25,36,2026-10-02T22:30:24+00:00
2026-10-02T05:43:00Z,30882.25,30894.0,30881.5,30892.25,70,2026-10-02T22:30:24+00:00
2026-10-02T05:44:00Z,30890.5,30891.75,30884.5,30885.0,45,2026-10-02T22:30:24+00:00
2026-10-02T05:45:00Z,30885.5,30886.5,30876.25,30876.75,77,2026-10-02T22:30:24+00:00
2026-10-02T05:46:00Z,30876.5,30878.75,30872.75,30872.75,51,2026-10-02T22:30:24+00:00
2026-10-02T05:47:00Z,30872.5,30873.5,30865.5,30866.25,167,2026-10-02T22:30:24+00:00
2026-10-02T05:48:00Z,30866.75,30872.5,30865.5,30871.25,58,2026-10-02T22:30:24+00:00
2026-10-02T05:49:00Z,30871.25,30873.0,30869.0,30871.5,60,2026-10-02T22:30:24+00:00
2026-10-02T05:50:00Z,30870.75,30873.25,30867.5,30869.5,51,2026-10-02T22:30:24+00:00
2026-10-02T05:51:00Z,30869.75,30875.25,30868.25,30869.75,71,2026-10-02T22:30:24+00:00
2026-10-02T05:52:00Z,30872.25,30876.0,30869.25,30870.25,45,2026-10-02T22:30:24+00:00
2026-10-02T05:53:00Z,30869.0,30869.75,30866.25,30867.0,36,2026-10-02T22:30:24+00:00
2026-10-02T05:54:00Z,30866.75,30869.25,30865.5,30868.25,43,2026-10-02T22:30:24+00:00
2026-10-02T05:55:00Z,30869.75,30872.25,30868.75,30870.25,41,2026-10-02T22:30:24+00:00
2026-10-02T05:56:00Z,30871.0,30874.0,30865.75,30865.75,78,2026-10-02T22:30:24+00:00
2026-10-02T05:57:00Z,30865.0,30875.5,30864.25,30874.0,53,2026-10-02T22:30:24+00:00
2026-10-02T05:58:00Z,30871.5,30874.0,30870.0,30870.5,26,2026-10-02T22:30:24+00:00
2026-10-02T05:59:00Z,30869.5,30876.25,30868.75,30874.5,81,2026-10-02T22:30:24+00:00
2026-10-02T06:00:00Z,30874.0,30882.5,30873.75,30877.75,169,2026-10-02T22:30:24+00:00
2026-10-02T06:01:00Z,30877.75,30888.0,30876.75,30886.25,171,2026-10-02T22:30:24+00:00
2026-10-02T06:02:00Z,30884.0,30884.75,30871.0,30878.0,177,2026-10-02T22:30:24+00:00
2026-10-02T06:03:00Z,30878.0,30881.75,30875.5,30877.25,77,2026-10-02T22:30:24+00:00
2026-10-02T06:04:00Z,30880.0,30885.0,30871.75,30882.5,157,2026-10-02T22:30:24+00:00
2026-10-02T06:05:00Z,30884.0,30895.25,30884.0,30889.75,200,2026-10-02T22:30:24+00:00
2026-10-02T06:06:00Z,30889.75,30890.25,30881.0,30885.25,105,2026-10-02T22:30:24+00:00
2026-10-02T06:07:00Z,30885.5,30894.25,30880.75,30891.5,97,2026-10-02T22:30:24+00:00
2026-10-02T06:08:00Z,30893.0,30902.75,30885.25,30901.0,224,2026-10-02T22:30:24+00:00
2026-10-02T06:09:00Z,30900.5,30902.0,30889.75,30890.0,145,2026-10-02T22:30:24+00:00
2026-10-02T06:10:00Z,30887.75,30892.25,30884.25,30890.25,99,2026-10-02T22:30:24+00:00
2026-10-02T06:11:00Z,30892.25,30893.0,30885.0,30887.5,80,2026-10-02T22:30:24+00:00
2026-10-02T06:12:00Z,30886.0,30896.0,30886.0,30891.75,82,2026-10-02T22:30:24+00:00
2026-10-02T06:13:00Z,30892.0,30896.25,30891.5,30894.0,56,2026-10-02T22:30:24+00:00
2026-10-02T06:14:00Z,30891.25,30892.25,30882.0,30882.0,79,2026-10-02T22:30:24+00:00
2026-10-02T06:15:00Z,30881.5,30882.75,30873.25,30874.25,154,2026-10-02T22:30:24+00:00
2026-10-02T06:16:00Z,30873.0,30877.75,30871.0,30871.0,66,2026-10-02T22:30:24+00:00
2026-10-02T06:17:00Z,30872.25,30873.0,30866.75,30870.0,107,2026-10-02T22:30:24+00:00
2026-10-02T06:18:00Z,30870.75,30871.0,30856.25,30859.25,331,2026-10-02T22:30:24+00:00
2026-10-02T06:19:00Z,30857.25,30861.25,30855.25,30858.0,168,2026-10-02T22:30:24+00:00
2026-10-02T06:20:00Z,30858.0,30860.25,30854.25,30858.25,146,2026-10-02T22:30:24+00:00
2026-10-02T06:21:00Z,30858.25,30864.0,30856.75,30859.0,97,2026-10-02T22:30:24+00:00
2026-10-02T06:22:00Z,30857.0,30866.0,30857.0,30865.0,75,2026-10-02T22:30:24+00:00
2026-10-02T06:23:00Z,30863.75,30865.75,30859.0,30863.0,59,2026-10-02T22:30:24+00:00
2026-10-02T06:24:00Z,30865.0,30865.0,30857.0,30860.0,76,2026-10-02T22:30:24+00:00
2026-10-02T06:25:00Z,30859.25,30864.0,30853.5,30856.25,127,2026-10-02T22:30:24+00:00
2026-10-02T06:26:00Z,30856.75,30864.0,30856.0,30862.75,57,2026-10-02T22:30:24+00:00
2026-10-02T06:27:00Z,30864.0,30870.0,30861.75,30866.5,94,2026-10-02T22:30:24+00:00
2026-10-02T06:28:00Z,30868.5,30876.0,30865.75,30873.25,122,2026-10-02T22:30:24+00:00
2026-10-02T06:29:00Z,30873.75,30873.75,30861.75,30864.0,89,2026-10-02T22:30:24+00:00
2026-10-02T06:30:00Z,30864.5,30877.0,30864.5,30874.0,118,2026-10-02T22:30:24+00:00
2026-10-02T06:31:00Z,30875.25,30875.25,30856.5,30859.5,175,2026-10-02T22:30:24+00:00
2026-10-02T06:32:00Z,30858.25,30870.25,30858.0,30861.25,94,2026-10-02T22:30:24+00:00
2026-10-02T06:33:00Z,30863.0,30872.5,30862.5,30871.0,129,2026-10-02T22:30:24+00:00
2026-10-02T06:34:00Z,30872.25,30873.5,30862.0,30868.5,118,2026-10-02T22:30:24+00:00
2026-10-02T06:35:00Z,30868.25,30873.25,30864.75,30867.75,75,2026-10-02T22:30:24+00:00
2026-10-02T06:36:00Z,30866.75,30872.0,30863.75,30863.75,93,2026-10-02T22:30:24+00:00
2026-10-02T06:37:00Z,30864.0,30868.0,30859.75,30866.25,114,2026-10-02T22:30:24+00:00
2026-10-02T06:38:00Z,30866.5,30873.25,30860.0,30871.75,131,2026-10-02T22:30:24+00:00
2026-10-02T06:39:00Z,30869.5,30878.75,30866.25,30877.75,350,2026-10-02T22:30:24+00:00
2026-10-02T06:40:00Z,30879.0,30879.75,30863.5,30867.0,154,2026-10-02T22:30:24+00:00
2026-10-02T06:41:00Z,30865.5,30873.25,30865.0,30871.75,77,2026-10-02T22:30:24+00:00
2026-10-02T06:42:00Z,30871.5,30874.5,30863.0,30867.25,64,2026-10-02T22:30:24+00:00
2026-10-02T06:43:00Z,30868.0,30871.0,30864.75,30866.0,102,2026-10-02T22:30:24+00:00
2026-10-02T06:44:00Z,30866.0,30870.25,30858.0,30863.5,179,2026-10-02T22:30:24+00:00
2026-10-02T06:45:00Z,30862.75,30862.75,30851.0,30855.5,183,2026-10-02T22:30:24+00:00
2026-10-02T06:46:00Z,30857.0,30859.0,30849.5,30853.0,142,2026-10-02T22:30:24+00:00
2026-10-02T06:47:00Z,30854.0,30857.5,30850.25,30852.5,94,2026-10-02T22:30:24+00:00
2026-10-02T06:48:00Z,30854.0,30854.0,30839.5,30843.75,290,2026-10-02T22:30:24+00:00
2026-10-02T06:49:00Z,30845.0,30852.75,30841.25,30846.75,116,2026-10-02T22:30:24+00:00
2026-10-02T06:50:00Z,30848.0,30854.0,30843.75,30846.75,140,2026-10-02T22:30:24+00:00
2026-10-02T06:51:00Z,30847.75,30854.0,30844.25,30846.5,70,2026-10-02T22:30:24+00:00
2026-10-02T06:52:00Z,30848.5,30852.0,30841.5,30847.25,101,2026-10-02T22:30:24+00:00
2026-10-02T06:53:00Z,30846.25,30851.75,30844.0,30851.75,101,2026-10-02T22:30:24+00:00
2026-10-02T06:54:00Z,30851.0,30867.75,30848.75,30867.75,116,2026-10-02T22:30:24+00:00
2026-10-02T06:55:00Z,30868.0,30876.25,30864.0,30876.25,127,2026-10-02T22:30:24+00:00
2026-10-02T06:56:00Z,30876.25,30880.5,30873.0,30877.0,85,2026-10-02T22:30:24+00:00
2026-10-02T06:57:00Z,30877.5,30878.5,30867.0,30867.0,108,2026-10-02T22:30:24+00:00
2026-10-02T06:58:00Z,30867.5,30872.75,30863.5,30871.0,55,2026-10-02T22:30:24+00:00
2026-10-02T06:59:00Z,30869.5,30880.5,30867.75,30877.5,108,2026-10-02T22:30:24+00:00
2026-10-02T07:00:00Z,30876.5,30881.75,30868.5,30876.5,157,2026-10-02T22:30:24+00:00
2026-10-02T07:01:00Z,30876.25,30885.25,30874.75,30880.25,168,2026-10-02T22:30:24+00:00
2026-10-02T07:02:00Z,30881.0,30883.25,30866.75,30878.0,162,2026-10-02T22:30:24+00:00
2026-10-02T07:03:00Z,30876.75,30881.0,30873.0,30878.5,113,2026-10-02T22:30:24+00:00
2026-10-02T07:04:00Z,30880.25,30887.25,30878.5,30885.5,198,2026-10-02T22:30:24+00:00
2026-10-02T07:05:00Z,30885.0,30904.75,30885.0,30893.25,394,2026-10-02T22:30:24+00:00
2026-10-02T07:06:00Z,30895.25,30896.0,30884.5,30889.0,189,2026-10-02T22:30:24+00:00
2026-10-02T07:07:00Z,30889.25,30901.75,30888.75,30893.5,243,2026-10-02T22:30:24+00:00
2026-10-02T07:08:00Z,30893.75,30902.0,30891.75,30898.0,139,2026-10-02T22:30:24+00:00
2026-10-02T07:09:00Z,30895.25,30898.0,30893.25,30896.25,57,2026-10-02T22:30:24+00:00
2026-10-02T07:10:00Z,30894.5,30909.75,30894.5,30909.25,152,2026-10-02T22:30:24+00:00
2026-10-02T07:11:00Z,30910.0,30920.0,30905.0,30918.75,290,2026-10-02T22:30:24+00:00
2026-10-02T07:12:00Z,30918.75,30920.0,30908.25,30915.0,154,2026-10-02T22:30:24+00:00
2026-10-02T07:13:00Z,30917.0,30928.5,30916.0,30928.25,283,2026-10-02T22:30:24+00:00
2026-10-02T07:14:00Z,30928.0,30934.5,30927.5,30932.0,187,2026-10-02T22:30:24+00:00
2026-10-02T07:15:00Z,30932.25,30937.25,30925.25,30929.0,217,2026-10-02T22:30:24+00:00
2026-10-02T07:16:00Z,30929.25,30931.25,30915.75,30915.75,188,2026-10-02T22:30:24+00:00
2026-10-02T07:17:00Z,30914.5,30917.5,30907.25,30913.5,223,2026-10-02T22:30:24+00:00
2026-10-02T07:18:00Z,30914.5,30918.0,30909.0,30918.0,159,2026-10-02T22:30:24+00:00
2026-10-02T07:19:00Z,30917.0,30917.0,30897.5,30897.5,206,2026-10-02T22:30:24+00:00
2026-10-02T07:20:00Z,30898.0,30908.5,30892.25,30907.25,250,2026-10-02T22:30:24+00:00
2026-10-02T07:21:00Z,30907.75,30910.0,30893.0,30894.5,137,2026-10-02T22:30:24+00:00
2026-10-02T07:22:00Z,30894.5,30899.5,30889.75,30899.0,128,2026-10-02T22:30:24+00:00
2026-10-02T07:23:00Z,30898.5,30899.5,30885.0,30888.0,237,2026-10-02T22:30:24+00:00
2026-10-02T07:24:00Z,30890.5,30892.5,30885.25,30892.5,44,2026-10-02T22:30:24+00:00
2026-10-02T07:25:00Z,30892.5,30900.25,30891.75,30895.75,108,2026-10-02T22:30:24+00:00
2026-10-02T07:26:00Z,30895.0,30895.0,30890.0,30890.0,83,2026-10-02T22:30:24+00:00
2026-10-02T07:27:00Z,30890.75,30891.0,30882.0,30883.0,104,2026-10-02T22:30:24+00:00
2026-10-02T07:28:00Z,30882.75,30885.25,30875.25,30878.0,93,2026-10-02T22:30:24+00:00
2026-10-02T07:29:00Z,30879.5,30887.25,30875.5,30886.0,79,2026-10-02T22:30:24+00:00
2026-10-02T07:30:00Z,30886.5,30889.5,30878.25,30880.75,94,2026-10-02T22:30:24+00:00
2026-10-02T07:31:00Z,30879.75,30888.5,30876.5,30884.75,52,2026-10-02T22:30:24+00:00
2026-10-02T07:32:00Z,30886.25,30889.25,30882.25,30884.75,82,2026-10-02T22:30:24+00:00
2026-10-02T07:33:00Z,30884.75,30901.75,30883.0,30896.5,185,2026-10-02T22:30:24+00:00
2026-10-02T07:34:00Z,30895.25,30896.75,30890.5,30895.5,62,2026-10-02T22:30:24+00:00
2026-10-02T07:35:00Z,30898.0,30908.75,30897.25,30905.75,69,2026-10-02T22:30:24+00:00
2026-10-02T07:36:00Z,30906.0,30908.5,30898.0,30907.0,105,2026-10-02T22:30:24+00:00
2026-10-02T07:37:00Z,30909.5,30917.5,30904.5,30912.5,139,2026-10-02T22:30:24+00:00
2026-10-02T07:38:00Z,30915.5,30916.5,30910.0,30916.25,65,2026-10-02T22:30:24+00:00
2026-10-02T07:39:00Z,30916.0,30923.5,30916.0,30919.0,106,2026-10-02T22:30:24+00:00
2026-10-02T07:40:00Z,30919.5,30922.25,30913.75,30916.75,112,2026-10-02T22:30:24+00:00
2026-10-02T07:41:00Z,30915.75,30921.75,30914.25,30917.75,135,2026-10-02T22:30:24+00:00
2026-10-02T07:42:00Z,30916.5,30918.5,30913.75,30918.5,64,2026-10-02T22:30:24+00:00
2026-10-02T07:43:00Z,30919.25,30924.5,30913.0,30924.5,91,2026-10-02T22:30:24+00:00
2026-10-02T07:44:00Z,30924.75,30928.5,30919.75,30923.5,114,2026-10-02T22:30:24+00:00
2026-10-02T07:45:00Z,30924.5,30927.0,30921.0,30922.5,186,2026-10-02T22:30:24+00:00
2026-10-02T07:46:00Z,30921.25,30927.5,30920.75,30922.25,76,2026-10-02T22:30:24+00:00
2026-10-02T07:47:00Z,30920.25,30924.75,30920.25,30924.5,45,2026-10-02T22:30:24+00:00
2026-10-02T07:48:00Z,30926.0,30928.5,30920.75,30920.75,97,2026-10-02T22:30:24+00:00
2026-10-02T07:49:00Z,30921.5,30935.5,30921.5,30934.5,171,2026-10-02T22:30:24+00:00
2026-10-02T07:50:00Z,30934.0,30949.25,30934.0,30946.5,442,2026-10-02T22:30:24+00:00
2026-10-02T07:51:00Z,30946.75,30950.0,30945.25,30947.75,104,2026-10-02T22:30:24+00:00
2026-10-02T07:52:00Z,30946.25,30946.25,30940.25,30941.25,83,2026-10-02T22:30:24+00:00
2026-10-02T07:53:00Z,30940.75,30945.0,30938.25,30943.0,188,2026-10-02T22:30:24+00:00
2026-10-02T07:54:00Z,30942.0,30955.5,30940.5,30952.5,426,2026-10-02T22:30:24+00:00
2026-10-02T07:55:00Z,30952.75,30952.75,30943.75,30951.0,116,2026-10-02T22:30:24+00:00
2026-10-02T07:56:00Z,30952.0,30970.0,30949.0,30966.0,408,2026-10-02T22:30:24+00:00
2026-10-02T07:57:00Z,30965.25,30987.5,30962.75,30986.75,689,2026-10-02T22:30:24+00:00
2026-10-02T07:58:00Z,30984.5,30990.0,30964.25,30964.25,294,2026-10-02T22:30:24+00:00
2026-10-02T07:59:00Z,30964.75,30973.75,30958.25,30973.25,154,2026-10-02T22:30:24+00:00
2026-10-02T08:00:00Z,30974.0,30974.0,30958.5,30960.25,391,2026-10-02T22:30:24+00:00
2026-10-02T08:01:00Z,30961.0,30961.25,30953.0,30960.0,225,2026-10-02T22:30:24+00:00
2026-10-02T08:02:00Z,30960.0,30980.0,30960.0,30975.75,269,2026-10-02T22:30:24+00:00
2026-10-02T08:03:00Z,30976.25,30981.25,30968.0,30975.75,210,2026-10-02T22:30:24+00:00
2026-10-02T08:04:00Z,30976.0,30977.0,30965.5,30966.25,138,2026-10-02T22:30:24+00:00
2026-10-02T08:05:00Z,30965.5,30978.5,30965.0,30976.25,140,2026-10-02T22:30:24+00:00
2026-10-02T08:06:00Z,30977.25,30987.0,30975.0,30986.75,207,2026-10-02T22:30:24+00:00
2026-10-02T08:07:00Z,30987.25,31003.75,30987.25,31000.75,501,2026-10-02T22:30:24+00:00
2026-10-02T08:08:00Z,31001.5,31007.0,30996.0,31000.25,114,2026-10-02T22:30:24+00:00
2026-10-02T08:09:00Z,30999.0,31009.0,30998.5,31008.0,228,2026-10-02T22:30:24+00:00
2026-10-02T08:10:00Z,31009.25,31017.0,31005.0,31015.0,363,2026-10-02T22:30:24+00:00
2026-10-02T08:11:00Z,31016.25,31026.5,31016.25,31026.25,344,2026-10-02T22:30:24+00:00
2026-10-02T08:12:00Z,31026.0,31026.5,31013.75,31018.75,253,2026-10-02T22:30:24+00:00
2026-10-02T08:13:00Z,31019.5,31022.75,31012.0,31022.5,201,2026-10-02T22:30:24+00:00
2026-10-02T08:14:00Z,31022.0,31025.5,31006.5,31007.5,490,2026-10-02T22:30:24+00:00
2026-10-02T08:15:00Z,31007.75,31013.25,30996.25,31002.75,267,2026-10-02T22:30:24+00:00
2026-10-02T08:16:00Z,31003.75,31006.0,30996.25,30996.25,218,2026-10-02T22:30:24+00:00
2026-10-02T08:17:00Z,30996.5,31004.0,30995.25,30998.25,167,2026-10-02T22:30:24+00:00
2026-10-02T08:18:00Z,30998.75,31001.0,30992.0,30995.75,188,2026-10-02T22:30:24+00:00
2026-10-02T08:19:00Z,30995.25,30995.25,30982.25,30989.25,256,2026-10-02T22:30:24+00:00
2026-10-02T08:20:00Z,30988.0,30993.0,30977.0,30981.0,183,2026-10-02T22:30:24+00:00
2026-10-02T08:21:00Z,30981.5,31003.75,30977.75,31000.5,437,2026-10-02T22:30:24+00:00
2026-10-02T08:22:00Z,31000.25,31009.0,30997.0,31005.5,317,2026-10-02T22:30:24+00:00
2026-10-02T08:23:00Z,31002.75,31003.25,30987.25,30992.25,146,2026-10-02T22:30:24+00:00
2026-10-02T08:24:00Z,30992.5,30999.0,30990.5,30994.75,90,2026-10-02T22:30:24+00:00
2026-10-02T08:25:00Z,30996.0,30997.25,30990.75,30992.0,144,2026-10-02T22:30:24+00:00
2026-10-02T08:26:00Z,30992.75,31003.25,30992.75,31000.75,108,2026-10-02T22:30:24+00:00
2026-10-02T08:27:00Z,31000.0,31007.75,30995.75,31005.75,105,2026-10-02T22:30:24+00:00
2026-10-02T08:28:00Z,31006.25,31008.5,30996.25,30997.75,64,2026-10-02T22:30:24+00:00
2026-10-02T08:29:00Z,30995.5,30998.0,30985.25,30994.25,267,2026-10-02T22:30:24+00:00
2026-10-02T08:30:00Z,30994.5,31006.0,30991.5,31002.0,198,2026-10-02T22:30:24+00:00
2026-10-02T08:31:00Z,31001.75,31004.75,30996.0,31000.75,140,2026-10-02T22:30:24+00:00
2026-10-02T08:32:00Z,31000.25,31000.75,30989.75,30993.75,132,2026-10-02T22:30:24+00:00
2026-10-02T08:33:00Z,30992.75,30992.75,30980.25,30981.25,211,2026-10-02T22:30:24+00:00
2026-10-02T08:34:00Z,30981.0,30985.0,30979.5,30984.5,93,2026-10-02T22:30:24+00:00
2026-10-02T08:35:00Z,30984.25,31001.5,30984.25,31000.0,114,2026-10-02T22:30:24+00:00
2026-10-02T08:36:00Z,31001.5,31011.25,31001.5,31009.0,263,2026-10-02T22:30:24+00:00
2026-10-02T08:37:00Z,31009.75,31017.5,31006.0,31012.5,147,2026-10-02T22:30:24+00:00
2026-10-02T08:38:00Z,31011.75,31013.75,31003.75,31008.5,131,2026-10-02T22:30:24+00:00
2026-10-02T08:39:00Z,31008.75,31008.75,31003.0,31004.0,61,2026-10-02T22:30:24+00:00
2026-10-02T08:40:00Z,31004.75,31008.25,31001.0,31003.25,79,2026-10-02T22:30:24+00:00
2026-10-02T08:41:00Z,31002.25,31005.75,30998.5,31005.0,111,2026-10-02T22:30:24+00:00
2026-10-02T08:42:00Z,31004.75,31006.5,31000.75,31002.5,65,2026-10-02T22:30:24+00:00
2026-10-02T08:43:00Z,31002.75,31004.25,30996.5,30996.5,50,2026-10-02T22:30:24+00:00
2026-10-02T08:44:00Z,30996.75,30997.25,30987.25,30987.75,228,2026-10-02T22:30:24+00:00
2026-10-02T08:45:00Z,30988.5,30998.5,30988.5,30995.25,117,2026-10-02T22:30:24+00:00
2026-10-02T08:46:00Z,30994.75,31005.0,30994.5,31000.25,152,2026-10-02T22:30:24+00:00
2026-10-02T08:47:00Z,31001.5,31005.75,30994.25,31002.0,104,2026-10-02T22:30:24+00:00
2026-10-02T08:48:00Z,31001.0,31010.5,31001.0,31009.75,94,2026-10-02T22:30:24+00:00
2026-10-02T08:49:00Z,31010.0,31013.75,31009.5,31012.0,96,2026-10-02T22:30:24+00:00
2026-10-02T08:50:00Z,31013.0,31020.25,31011.75,31015.75,84,2026-10-02T22:30:24+00:00
2026-10-02T08:51:00Z,31014.25,31014.25,31009.0,31011.0,85,2026-10-02T22:30:24+00:00
2026-10-02T08:52:00Z,31010.5,31011.25,31005.75,31006.5,135,2026-10-02T22:30:24+00:00
2026-10-02T08:53:00Z,31007.25,31010.25,31005.0,31010.25,35,2026-10-02T22:30:24+00:00
2026-10-02T08:54:00Z,31009.5,31022.0,31009.0,31019.75,93,2026-10-02T22:30:24+00:00
2026-10-02T08:55:00Z,31019.75,31023.0,31015.0,31021.75,64,2026-10-02T22:30:24+00:00
2026-10-02T08:56:00Z,31023.0,31029.5,31021.75,31027.0,146,2026-10-02T22:30:24+00:00
2026-10-02T08:57:00Z,31026.0,31027.0,31019.75,31019.75,118,2026-10-02T22:30:24+00:00
2026-10-02T08:58:00Z,31018.5,31020.75,31016.25,31018.25,89,2026-10-02T22:30:24+00:00
2026-10-02T08:59:00Z,31017.25,31019.5,31010.75,31015.75,112,2026-10-02T22:30:24+00:00
2026-10-02T09:00:00Z,31017.0,31017.0,30992.25,30999.5,177,2026-10-02T22:30:24+00:00
2026-10-02T09:01:00Z,30998.0,31000.5,30984.0,30988.25,130,2026-10-02T22:30:24+00:00
2026-10-02T09:02:00Z,30988.0,30992.5,30984.0,30992.5,109,2026-10-02T22:30:24+00:00
2026-10-02T09:03:00Z,30991.75,30997.25,30988.25,30991.5,115,2026-10-02T22:30:24+00:00
2026-10-02T09:04:00Z,30991.25,30991.25,30984.25,30989.0,66,2026-10-02T22:30:24+00:00
2026-10-02T09:05:00Z,30989.75,30993.0,30985.25,30986.5,75,2026-10-02T22:30:24+00:00
2026-10-02T09:06:00Z,30987.5,30992.25,30986.5,30989.25,79,2026-10-02T22:30:24+00:00
2026-10-02T09:07:00Z,30990.0,30994.0,30989.25,30991.0,48,2026-10-02T22:30:24+00:00
2026-10-02T09:08:00Z,30990.25,30993.25,30986.0,30987.5,57,2026-10-02T22:30:24+00:00
2026-10-02T09:09:00Z,30986.75,30995.0,30986.0,30995.0,55,2026-10-02T22:30:24+00:00
2026-10-02T09:10:00Z,30994.0,31003.5,30990.0,31003.0,169,2026-10-02T22:30:24+00:00
2026-10-02T09:11:00Z,31004.25,31008.0,31001.0,31003.5,75,2026-10-02T22:30:24+00:00
2026-10-02T09:12:00Z,31003.5,31007.5,31001.25,31005.25,64,2026-10-02T22:30:24+00:00
2026-10-02T09:13:00Z,31005.25,31021.0,31004.5,31018.75,187,2026-10-02T22:30:24+00:00
2026-10-02T09:14:00Z,31019.25,31023.0,31010.0,31013.5,110,2026-10-02T22:30:24+00:00
2026-10-02T09:15:00Z,31010.0,31015.0,31008.5,31008.5,47,2026-10-02T22:30:24+00:00
2026-10-02T09:16:00Z,31009.0,31027.0,31009.0,31019.0,356,2026-10-02T22:30:24+00:00
2026-10-02T09:17:00Z,31019.75,31023.25,31016.75,31018.5,146,2026-10-02T22:30:24+00:00
2026-10-02T09:18:00Z,31017.75,31020.0,31007.75,31018.5,107,2026-10-02T22:30:24+00:00
2026-10-02T09:19:00Z,31019.5,31021.5,31012.0,31015.5,102,2026-10-02T22:30:24+00:00
2026-10-02T09:20:00Z,31016.75,31023.0,31015.75,31021.25,127,2026-10-02T22:30:24+00:00
2026-10-02T09:21:00Z,31023.75,31025.25,31010.0,31012.0,70,2026-10-02T22:30:24+00:00
2026-10-02T09:22:00Z,31011.25,31015.0,31010.5,31015.0,31,2026-10-02T22:30:24+00:00
2026-10-02T09:23:00Z,31016.0,31016.5,31008.0,31012.0,50,2026-10-02T22:30:24+00:00
2026-10-02T09:24:00Z,31010.25,31013.5,31005.0,31010.75,163,2026-10-02T22:30:24+00:00
2026-10-02T09:25:00Z,31011.5,31016.0,31010.75,31012.5,119,2026-10-02T22:30:24+00:00
2026-10-02T09:26:00Z,31011.75,31018.5,31010.0,31011.5,105,2026-10-02T22:30:24+00:00
2026-10-02T09:27:00Z,31010.5,31012.75,31004.25,31004.25,108,2026-10-02T22:30:24+00:00
2026-10-02T09:28:00Z,31004.5,31010.0,31004.25,31009.0,90,2026-10-02T22:30:24+00:00
2026-10-02T09:29:00Z,31008.75,31015.0,31008.0,31014.5,41,2026-10-02T22:30:24+00:00
2026-10-02T09:30:00Z,31013.5,31018.25,31011.25,31016.5,70,2026-10-02T22:30:24+00:00
2026-10-02T09:31:00Z,31014.75,31019.25,31013.5,31016.75,43,2026-10-02T22:30:24+00:00
2026-10-02T09:32:00Z,31016.25,31018.5,31013.75,31017.75,56,2026-10-02T22:30:24+00:00
2026-10-02T09:33:00Z,31016.25,31017.75,31012.25,31015.5,100,2026-10-02T22:30:24+00:00
2026-10-02T09:34:00Z,31016.0,31016.0,30997.75,30998.5,208,2026-10-02T22:30:24+00:00
2026-10-02T09:35:00Z,31001.25,31001.75,30994.5,30996.25,161,2026-10-02T22:30:24+00:00
2026-10-02T09:36:00Z,30996.0,31006.5,30996.0,31004.75,77,2026-10-02T22:30:24+00:00
2026-10-02T09:37:00Z,31005.0,31015.25,31005.0,31008.5,161,2026-10-02T22:30:24+00:00
2026-10-02T09:38:00Z,31008.5,31013.5,31007.25,31013.5,82,2026-10-02T22:30:24+00:00
2026-10-02T09:39:00Z,31013.0,31015.25,31009.25,31011.75,79,2026-10-02T22:30:24+00:00
2026-10-02T09:40:00Z,31011.5,31018.25,31011.25,31012.5,82,2026-10-02T22:30:24+00:00
2026-10-02T09:41:00Z,31013.75,31017.25,31013.0,31014.75,56,2026-10-02T22:30:24+00:00
2026-10-02T09:42:00Z,31015.0,31015.0,31013.0,31014.0,45,2026-10-02T22:30:24+00:00
2026-10-02T09:43:00Z,31014.5,31017.0,31007.5,31008.0,69,2026-10-02T22:30:24+00:00
2026-10-02T09:44:00Z,31008.5,31011.5,31008.25,31008.5,52,2026-10-02T22:30:24+00:00
2026-10-02T09:45:00Z,31008.5,31012.0,31005.75,31011.0,56,2026-10-02T22:30:24+00:00
2026-10-02T09:46:00Z,31010.75,31013.0,30995.0,31007.0,596,2026-10-02T22:30:24+00:00
2026-10-02T09:47:00Z,31007.25,31007.5,30994.75,30999.0,300,2026-10-02T22:30:24+00:00
2026-10-02T09:48:00Z,30999.75,31019.25,30997.75,31019.25,194,2026-10-02T22:30:24+00:00
2026-10-02T09:49:00Z,31020.0,31035.5,31013.25,31019.75,513,2026-10-02T22:30:24+00:00
2026-10-02T09:50:00Z,31022.75,31028.25,31014.75,31015.25,164,2026-10-02T22:30:24+00:00
2026-10-02T09:51:00Z,31015.0,31018.25,31007.75,31008.0,97,2026-10-02T22:30:24+00:00
2026-10-02T09:52:00Z,31007.5,31012.5,31001.75,31001.75,130,2026-10-02T22:30:24+00:00
2026-10-02T09:53:00Z,31003.5,31014.0,31001.5,31012.25,65,2026-10-02T22:30:24+00:00
2026-10-02T09:54:00Z,31013.0,31020.0,31009.25,31009.25,48,2026-10-02T22:30:24+00:00
2026-10-02T09:55:00Z,31008.0,31008.25,30998.25,31006.75,126,2026-10-02T22:30:24+00:00
2026-10-02T09:56:00Z,31006.5,31008.0,31003.75,31005.25,55,2026-10-02T22:30:24+00:00
2026-10-02T09:57:00Z,31006.5,31009.25,31004.5,31006.75,65,2026-10-02T22:30:24+00:00
2026-10-02T09:58:00Z,31006.0,31008.75,31003.5,31006.0,60,2026-10-02T22:30:24+00:00
2026-10-02T09:59:00Z,31005.5,31010.75,31004.25,31005.75,79,2026-10-02T22:30:24+00:00
2026-10-02T10:00:00Z,31005.75,31008.5,31003.25,31005.25,102,2026-10-02T22:30:24+00:00
2026-10-02T10:01:00Z,31006.25,31006.25,30994.25,31002.0,123,2026-10-02T22:30:24+00:00
2026-10-02T10:02:00Z,31002.25,31002.25,30984.5,30993.0,215,2026-10-02T22:30:24+00:00
2026-10-02T10:03:00Z,30992.25,30993.25,30984.75,30987.75,77,2026-10-02T22:30:24+00:00
2026-10-02T10:04:00Z,30988.25,31005.25,30984.0,30992.75,333,2026-10-02T22:30:24+00:00
2026-10-02T10:05:00Z,30994.5,30995.0,30980.0,30981.0,105,2026-10-02T22:30:24+00:00
2026-10-02T10:06:00Z,30982.0,30987.0,30975.25,30982.25,83,2026-10-02T22:30:24+00:00
2026-10-02T10:07:00Z,30982.75,30985.5,30976.5,30977.75,77,2026-10-02T22:30:24+00:00
2026-10-02T10:08:00Z,30978.5,30986.0,30977.0,30986.0,83,2026-10-02T22:30:24+00:00
2026-10-02T10:09:00Z,30985.5,30987.75,30976.0,30976.25,75,2026-10-02T22:30:24+00:00
2026-10-02T10:10:00Z,30977.0,30977.0,30970.0,30972.25,164,2026-10-02T22:30:24+00:00
2026-10-02T10:11:00Z,30971.25,30972.25,30966.25,30969.25,195,2026-10-02T22:30:24+00:00
2026-10-02T10:12:00Z,30969.75,30976.25,30969.25,30969.25,87,2026-10-02T22:30:24+00:00
2026-10-02T10:13:00Z,30970.25,30970.5,30960.0,30965.0,136,2026-10-02T22:30:24+00:00
2026-10-02T10:14:00Z,30965.5,30973.0,30965.0,30969.0,98,2026-10-02T22:30:24+00:00
2026-10-02T10:15:00Z,30969.0,30971.5,30966.25,30969.25,80,2026-10-02T22:30:24+00:00
2026-10-02T10:16:00Z,30969.0,30975.25,30967.0,30968.5,108,2026-10-02T22:30:24+00:00
2026-10-02T10:17:00Z,30969.25,30973.25,30966.5,30972.75,84,2026-10-02T22:30:24+00:00
2026-10-02T10:18:00Z,30971.75,30972.25,30963.25,30963.5,56,2026-10-02T22:30:24+00:00
2026-10-02T10:19:00Z,30963.75,30964.0,30958.75,30963.0,139,2026-10-02T22:30:24+00:00
2026-10-02T10:20:00Z,30963.25,30963.5,30958.0,30959.25,54,2026-10-02T22:30:24+00:00
2026-10-02T10:21:00Z,30958.75,30970.0,30945.0,30962.25,497,2026-10-02T22:30:24+00:00
2026-10-02T10:22:00Z,30961.25,30966.25,30956.75,30956.75,122,2026-10-02T22:30:24+00:00
2026-10-02T10:23:00Z,30956.5,30962.25,30947.0,30947.75,127,2026-10-02T22:30:24+00:00
2026-10-02T10:24:00Z,30948.5,30952.25,30940.0,30952.25,217,2026-10-02T22:30:24+00:00
2026-10-02T10:25:00Z,30952.75,30963.0,30952.75,30958.75,249,2026-10-02T22:30:24+00:00
2026-10-02T10:26:00Z,30957.75,30960.0,30953.5,30957.5,109,2026-10-02T22:30:24+00:00
2026-10-02T10:27:00Z,30958.25,30974.0,30955.25,30973.75,168,2026-10-02T22:30:24+00:00
2026-10-02T10:28:00Z,30973.5,30978.5,30970.75,30977.0,217,2026-10-02T22:30:24+00:00
2026-10-02T10:29:00Z,30977.0,30979.0,30973.5,30978.25,107,2026-10-02T22:30:24+00:00
2026-10-02T10:30:00Z,30977.75,30980.5,30975.25,30975.75,80,2026-10-02T22:30:24+00:00
2026-10-02T10:31:00Z,30975.75,30985.5,30971.0,30972.0,207,2026-10-02T22:30:24+00:00
2026-10-02T10:32:00Z,30970.5,30973.0,30966.75,30968.5,121,2026-10-02T22:30:24+00:00
2026-10-02T10:33:00Z,30968.0,30977.5,30967.25,30975.75,50,2026-10-02T22:30:24+00:00
2026-10-02T10:34:00Z,30977.25,30994.5,30974.25,30992.75,211,2026-10-02T22:30:24+00:00
2026-10-02T10:35:00Z,30992.0,30996.25,30986.75,30996.0,162,2026-10-02T22:30:24+00:00
2026-10-02T10:36:00Z,30996.0,30996.75,30990.5,30992.5,85,2026-10-02T22:30:24+00:00
2026-10-02T10:37:00Z,30994.25,30998.75,30987.5,30988.0,150,2026-10-02T22:30:24+00:00
2026-10-02T10:38:00Z,30987.5,30990.0,30985.0,30989.5,128,2026-10-02T22:30:24+00:00
2026-10-02T10:39:00Z,30988.5,30991.0,30986.25,30990.25,73,2026-10-02T22:30:24+00:00
2026-10-02T10:40:00Z,30990.5,30995.75,30990.0,30994.0,71,2026-10-02T22:30:24+00:00
2026-10-02T10:41:00Z,30994.0,30997.25,30991.75,30996.25,59,2026-10-02T22:30:24+00:00
2026-10-02T10:42:00Z,30997.5,30998.25,30989.25,30991.75,72,2026-10-02T22:30:24+00:00
2026-10-02T10:43:00Z,30995.0,30997.5,30992.0,30992.0,33,2026-10-02T22:30:24+00:00
2026-10-02T10:44:00Z,30992.0,30994.25,30989.75,30989.75,59,2026-10-02T22:30:24+00:00
2026-10-02T10:45:00Z,30990.75,30992.75,30983.0,30983.0,113,2026-10-02T22:30:24+00:00
2026-10-02T10:46:00Z,30983.5,30986.5,30979.25,30985.75,180,2026-10-02T22:30:24+00:00
2026-10-02T10:47:00Z,30985.75,30989.5,30983.0,30986.5,71,2026-10-02T22:30:24+00:00
2026-10-02T10:48:00Z,30987.0,30992.75,30982.75,30986.25,70,2026-10-02T22:30:24+00:00
2026-10-02T10:49:00Z,30987.25,30990.75,30979.75,30981.5,71,2026-10-02T22:30:24+00:00
2026-10-02T10:50:00Z,30980.75,30990.0,30980.75,30990.0,67,2026-10-02T22:30:24+00:00
2026-10-02T10:51:00Z,30988.5,30992.0,30988.5,30991.25,29,2026-10-02T22:30:24+00:00
2026-10-02T10:52:00Z,30988.5,30995.5,30987.5,30988.5,84,2026-10-02T22:30:24+00:00
2026-10-02T10:53:00Z,30989.25,30989.25,30983.5,30983.5,21,2026-10-02T22:30:24+00:00
2026-10-02T10:54:00Z,30982.75,30987.75,30978.0,30986.25,72,2026-10-02T22:30:24+00:00
2026-10-02T10:55:00Z,30984.25,30986.5,30981.75,30986.5,47,2026-10-02T22:30:24+00:00
2026-10-02T10:56:00Z,30986.25,30990.5,30985.0,30985.75,54,2026-10-02T22:30:24+00:00
2026-10-02T10:57:00Z,30985.75,30986.0,30981.0,30983.5,76,2026-10-02T22:30:24+00:00
2026-10-02T10:58:00Z,30983.5,30985.0,30982.25,30984.0,22,2026-10-02T22:30:24+00:00
2026-10-02T10:59:00Z,30983.75,30988.25,30982.0,30986.5,49,2026-10-02T22:30:24+00:00
2026-10-02T11:00:00Z,30986.5,31000.0,30984.0,30986.5,311,2026-10-02T22:30:24+00:00
2026-10-02T11:01:00Z,30987.0,30987.25,30975.75,30979.0,173,2026-10-02T22:30:24+00:00
2026-10-02T11:02:00Z,30977.5,30986.75,30977.0,30981.5,183,2026-10-02T22:30:24+00:00
2026-10-02T11:03:00Z,30979.5,30987.0,30978.75,30982.75,66,2026-10-02T22:30:24+00:00
2026-10-02T11:04:00Z,30982.75,30983.0,30976.5,30982.5,57,2026-10-02T22:30:24+00:00
2026-10-02T11:05:00Z,30983.25,30993.75,30981.75,30988.5,142,2026-10-02T22:30:24+00:00
2026-10-02T11:06:00Z,30988.75,30996.25,30988.75,30995.0,80,2026-10-02T22:30:24+00:00
2026-10-02T11:07:00Z,30995.25,30997.75,30986.5,30989.5,127,2026-10-02T22:30:24+00:00
2026-10-02T11:08:00Z,30987.5,30987.5,30972.5,30980.0,329,2026-10-02T22:30:24+00:00
2026-10-02T11:09:00Z,30981.0,30991.5,30980.25,30983.25,120,2026-10-02T22:30:24+00:00
2026-10-02T11:10:00Z,30983.5,30983.5,30960.75,30966.5,224,2026-10-02T22:30:24+00:00
2026-10-02T11:11:00Z,30967.25,30967.25,30955.0,30957.75,221,2026-10-02T22:30:24+00:00
2026-10-02T11:12:00Z,30958.0,30960.25,30952.75,30956.5,202,2026-10-02T22:30:24+00:00
2026-10-02T11:13:00Z,30956.5,30961.75,30953.5,30953.75,102,2026-10-02T22:30:24+00:00
2026-10-02T11:14:00Z,30953.5,30968.0,30951.0,30968.0,152,2026-10-02T22:30:24+00:00
2026-10-02T11:15:00Z,30968.25,30973.25,30962.5,30972.5,193,2026-10-02T22:30:24+00:00
2026-10-02T11:16:00Z,30972.5,30973.5,30957.75,30957.75,124,2026-10-02T22:30:24+00:00
2026-10-02T11:17:00Z,30956.5,30963.75,30953.75,30960.0,198,2026-10-02T22:30:24+00:00
2026-10-02T11:18:00Z,30958.5,30966.75,30958.0,30966.25,81,2026-10-02T22:30:24+00:00
2026-10-02T11:19:00Z,30966.75,30979.25,30966.25,30979.25,135,2026-10-02T22:30:24+00:00
2026-10-02T11:20:00Z,30978.75,30990.75,30978.75,30989.75,114,2026-10-02T22:30:24+00:00
2026-10-02T11:21:00Z,30989.25,30990.75,30982.75,30984.0,123,2026-10-02T22:30:24+00:00
2026-10-02T11:22:00Z,30982.75,30986.75,30978.25,30986.75,56,2026-10-02T22:30:24+00:00
2026-10-02T11:23:00Z,30986.5,30994.0,30983.0,30990.0,126,2026-10-02T22:30:24+00:00
2026-10-02T11:24:00Z,30988.25,30994.25,30986.0,30991.0,197,2026-10-02T22:30:24+00:00
2026-10-02T11:25:00Z,30991.75,30994.5,30988.0,30989.25,173,2026-10-02T22:30:24+00:00
2026-10-02T11:26:00Z,30988.5,30993.5,30985.25,30990.75,125,2026-10-02T22:30:24+00:00
2026-10-02T11:27:00Z,30987.75,30987.75,30979.0,30980.5,131,2026-10-02T22:30:24+00:00
2026-10-02T11:28:00Z,30982.75,30984.75,30978.75,30980.5,99,2026-10-02T22:30:24+00:00
2026-10-02T11:29:00Z,30983.5,30985.0,30980.5,30984.25,51,2026-10-02T22:30:24+00:00
2026-10-02T11:30:00Z,30983.75,30987.0,30976.5,30979.0,114,2026-10-02T22:30:24+00:00
2026-10-02T11:31:00Z,30979.0,30981.25,30973.25,30980.0,181,2026-10-02T22:30:24+00:00
2026-10-02T11:32:00Z,30980.25,30985.25,30970.25,30985.0,252,2026-10-02T22:30:24+00:00
2026-10-02T11:33:00Z,30985.5,30987.0,30975.0,30978.0,117,2026-10-02T22:30:24+00:00
2026-10-02T11:34:00Z,30979.0,30982.75,30968.0,30968.5,100,2026-10-02T22:30:24+00:00
2026-10-02T11:35:00Z,30970.25,30973.0,30969.5,30970.25,58,2026-10-02T22:30:24+00:00
2026-10-02T11:36:00Z,30971.5,30979.5,30968.75,30978.5,99,2026-10-02T22:30:24+00:00
2026-10-02T11:37:00Z,30977.75,30979.5,30972.25,30974.75,71,2026-10-02T22:30:24+00:00
2026-10-02T11:38:00Z,30975.75,30977.0,30969.0,30972.5,90,2026-10-02T22:30:24+00:00
2026-10-02T11:39:00Z,30972.75,30973.25,30964.0,30964.0,119,2026-10-02T22:30:24+00:00
2026-10-02T11:40:00Z,30963.75,30967.5,30956.0,30958.5,187,2026-10-02T22:30:24+00:00
2026-10-02T11:41:00Z,30957.75,30960.0,30948.0,30951.0,203,2026-10-02T22:30:24+00:00
2026-10-02T11:42:00Z,30951.5,30951.5,30946.5,30948.75,148,2026-10-02T22:30:24+00:00
2026-10-02T11:43:00Z,30950.25,30955.75,30941.5,30941.5,203,2026-10-02T22:30:24+00:00
2026-10-02T11:44:00Z,30942.5,30952.0,30938.25,30951.25,246,2026-10-02T22:30:24+00:00
2026-10-02T11:45:00Z,30952.75,30953.5,30944.75,30950.75,137,2026-10-02T22:30:24+00:00
2026-10-02T11:46:00Z,30948.5,30951.5,30942.0,30942.0,154,2026-10-02T22:30:24+00:00
2026-10-02T11:47:00Z,30941.25,30943.75,30933.75,30937.0,247,2026-10-02T22:30:24+00:00
2026-10-02T11:48:00Z,30938.75,30941.5,30932.25,30934.25,282,2026-10-02T22:30:24+00:00
2026-10-02T11:49:00Z,30937.0,30943.0,30931.5,30935.75,168,2026-10-02T22:30:24+00:00
2026-10-02T11:50:00Z,30937.25,30937.75,30928.5,30930.75,198,2026-10-02T22:30:24+00:00
2026-10-02T11:51:00Z,30930.75,30936.0,30923.75,30934.25,205,2026-10-02T22:30:24+00:00
2026-10-02T11:52:00Z,30934.75,30942.0,30934.5,30937.0,147,2026-10-02T22:30:24+00:00
2026-10-02T11:53:00Z,30938.75,30941.0,30922.75,30925.25,195,2026-10-02T22:30:24+00:00
2026-10-02T11:54:00Z,30925.25,30936.0,30924.5,30931.0,212,2026-10-02T22:30:24+00:00
2026-10-02T11:55:00Z,30931.25,30931.25,30914.25,30914.5,206,2026-10-02T22:30:24+00:00
2026-10-02T11:56:00Z,30915.0,30925.25,30913.25,30922.5,249,2026-10-02T22:30:24+00:00
2026-10-02T11:57:00Z,30922.25,30937.0,30922.25,30934.25,171,2026-10-02T22:30:24+00:00
2026-10-02T11:58:00Z,30932.25,30933.75,30926.5,30931.75,135,2026-10-02T22:30:24+00:00
2026-10-02T11:59:00Z,30933.0,30938.0,30933.0,30935.75,169,2026-10-02T22:30:24+00:00
2026-10-02T12:00:00Z,30934.75,30936.0,30924.25,30925.25,315,2026-10-02T22:30:24+00:00
2026-10-02T12:01:00Z,30924.25,30930.75,30923.0,30927.75,182,2026-10-02T22:30:24+00:00
2026-10-02T12:02:00Z,30926.0,30926.75,30920.0,30924.0,137,2026-10-02T22:30:24+00:00
2026-10-02T12:03:00Z,30925.75,30932.25,30921.25,30925.5,102,2026-10-02T22:30:24+00:00
2026-10-02T12:04:00Z,30925.5,30928.0,30918.0,30921.25,135,2026-10-02T22:30:24+00:00
2026-10-02T12:05:00Z,30921.25,30928.25,30920.0,30922.25,116,2026-10-02T22:30:24+00:00
2026-10-02T12:06:00Z,30921.25,30929.75,30921.0,30928.5,75,2026-10-02T22:30:24+00:00
2026-10-02T12:07:00Z,30927.5,30935.0,30924.0,30930.0,134,2026-10-02T22:30:24+00:00
2026-10-02T12:08:00Z,30929.0,30938.75,30923.0,30936.5,158,2026-10-02T22:30:24+00:00
2026-10-02T12:09:00Z,30937.75,30940.5,30929.25,30931.75,202,2026-10-02T22:30:24+00:00
2026-10-02T12:10:00Z,30931.75,30936.5,30928.25,30936.5,168,2026-10-02T22:30:24+00:00
2026-10-02T12:11:00Z,30937.5,30946.25,30937.5,30944.0,305,2026-10-02T22:30:24+00:00
2026-10-02T12:12:00Z,30944.75,30958.0,30941.5,30953.25,364,2026-10-02T22:30:24+00:00
2026-10-02T12:13:00Z,30951.25,30952.25,30940.25,30945.75,295,2026-10-02T22:30:24+00:00
2026-10-02T12:14:00Z,30945.25,30946.75,30939.5,30945.25,186,2026-10-02T22:30:24+00:00
2026-10-02T12:15:00Z,30944.25,30944.75,30934.5,30944.0,134,2026-10-02T22:30:24+00:00
2026-10-02T12:16:00Z,30943.25,30948.75,30937.5,30942.75,191,2026-10-02T22:30:24+00:00
2026-10-02T12:17:00Z,30941.0,30948.25,30940.25,30942.5,195,2026-10-02T22:30:24+00:00
2026-10-02T12:18:00Z,30942.75,30948.75,30941.5,30944.0,150,2026-10-02T22:30:24+00:00
2026-10-02T12:19:00Z,30943.0,30954.25,30937.25,30945.25,237,2026-10-02T22:30:24+00:00
2026-10-02T12:20:00Z,30944.5,30953.25,30944.25,30951.25,153,2026-10-02T22:30:24+00:00
2026-10-02T12:21:00Z,30952.0,30959.75,30951.25,30956.5,236,2026-10-02T22:30:24+00:00
2026-10-02T12:22:00Z,30955.75,30968.5,30953.75,30959.0,343,2026-10-02T22:30:24+00:00
2026-10-02T12:23:00Z,30958.75,30962.75,30945.75,30955.5,251,2026-10-02T22:30:24+00:00
2026-10-02T12:24:00Z,30952.75,30954.75,30945.75,30953.0,282,2026-10-02T22:30:24+00:00
2026-10-02T12:25:00Z,30953.25,30967.75,30951.5,30965.75,286,2026-10-02T22:30:24+00:00
2026-10-02T12:26:00Z,30966.25,30967.5,30960.75,30963.25,148,2026-10-02T22:30:24+00:00
2026-10-02T12:27:00Z,30962.25,30970.5,30962.0,30970.0,184,2026-10-02T22:30:24+00:00
2026-10-02T12:28:00Z,30970.5,30973.0,30960.5,30971.75,232,2026-10-02T22:30:24+00:00
2026-10-02T12:29:00Z,30972.25,30999.0,30970.5,30990.0,621,2026-10-02T22:30:24+00:00
2026-10-02T12:30:00Z,30989.75,31105.5,30986.0,31047.25,3084,2026-10-02T22:30:24+00:00
2026-10-02T12:31:00Z,31047.0,31094.5,31036.25,31073.25,1745,2026-10-02T22:30:24+00:00
2026-10-02T12:32:00Z,31073.75,31098.0,31068.75,31097.5,1065,2026-10-02T22:30:24+00:00
2026-10-02T12:33:00Z,31097.5,31103.75,31075.25,31090.25,1116,2026-10-02T22:30:24+00:00
2026-10-02T12:34:00Z,31090.5,31120.0,31082.25,31118.25,1367,2026-10-02T22:30:24+00:00
2026-10-02T12:35:00Z,31118.5,31124.0,31108.0,31120.0,1180,2026-10-02T22:30:24+00:00
2026-10-02T12:36:00Z,31121.25,31125.0,31108.5,31124.5,926,2026-10-02T22:30:24+00:00
2026-10-02T12:37:00Z,31123.25,31132.75,31114.25,31131.25,743,2026-10-02T22:30:24+00:00
2026-10-02T12:38:00Z,31132.0,31146.75,31131.0,31135.75,1535,2026-10-02T22:30:24+00:00
2026-10-02T12:39:00Z,31135.75,31136.5,31123.5,31128.0,835,2026-10-02T22:30:24+00:00
2026-10-02T12:40:00Z,31127.5,31133.25,31105.25,31107.5,911,2026-10-02T22:30:24+00:00
2026-10-02T12:41:00Z,31107.75,31111.0,31092.0,31097.75,965,2026-10-02T22:30:24+00:00
2026-10-02T12:42:00Z,31099.5,31110.75,31091.0,31110.75,899,2026-10-02T22:30:24+00:00
2026-10-02T12:43:00Z,31110.0,31118.75,31102.5,31118.75,622,2026-10-02T22:30:24+00:00
2026-10-02T12:44:00Z,31117.75,31121.75,31101.75,31103.25,612,2026-10-02T22:30:24+00:00
2026-10-02T12:45:00Z,31104.25,31106.5,31089.25,31094.5,565,2026-10-02T22:30:24+00:00
2026-10-02T12:46:00Z,31094.75,31110.75,31092.5,31108.5,404,2026-10-02T22:30:24+00:00
2026-10-02T12:47:00Z,31108.5,31119.5,31107.25,31116.5,431,2026-10-02T22:30:24+00:00
2026-10-02T12:48:00Z,31117.0,31129.5,31115.5,31125.0,529,2026-10-02T22:30:24+00:00
2026-10-02T12:49:00Z,31125.0,31138.5,31123.25,31130.5,540,2026-10-02T22:30:24+00:00
2026-10-02T12:50:00Z,31130.25,31130.5,31118.75,31125.0,480,2026-10-02T22:30:24+00:00
2026-10-02T12:51:00Z,31125.25,31125.5,31114.75,31116.0,341,2026-10-02T22:30:24+00:00
2026-10-02T12:52:00Z,31116.75,31124.0,31115.75,31120.25,267,2026-10-02T22:30:24+00:00
2026-10-02T12:53:00Z,31119.75,31128.25,31118.5,31125.0,262,2026-10-02T22:30:24+00:00
2026-10-02T12:54:00Z,31124.5,31143.75,31124.25,31142.5,633,2026-10-02T22:30:24+00:00
2026-10-02T12:55:00Z,31144.0,31155.5,31137.0,31150.25,1046,2026-10-02T22:30:24+00:00
2026-10-02T12:56:00Z,31149.5,31156.75,31140.75,31154.25,486,2026-10-02T22:30:24+00:00
2026-10-02T12:57:00Z,31154.25,31155.0,31144.25,31147.25,392,2026-10-02T22:30:24+00:00
2026-10-02T12:58:00Z,31147.25,31169.5,31146.75,31169.5,596,2026-10-02T22:30:24+00:00
2026-10-02T12:59:00Z,31170.0,31179.0,31168.0,31169.0,1004,2026-10-02T22:30:24+00:00
2026-10-02T13:00:00Z,31169.0,31171.75,31154.5,31160.5,853,2026-10-02T22:30:24+00:00
2026-10-02T13:01:00Z,31160.5,31185.75,31160.25,31180.0,1128,2026-10-02T22:30:24+00:00
2026-10-02T13:02:00Z,31179.25,31185.5,31175.75,31182.0,639,2026-10-02T22:30:24+00:00
2026-10-02T13:03:00Z,31181.75,31206.25,31180.5,31204.0,2307,2026-10-02T22:30:24+00:00
2026-10-02T13:04:00Z,31202.75,31221.0,31201.5,31209.5,2079,2026-10-02T22:30:24+00:00
2026-10-02T13:05:00Z,31209.0,31222.25,31192.5,31193.25,1266,2026-10-02T22:30:24+00:00
2026-10-02T13:06:00Z,31193.0,31207.25,31188.75,31190.25,1364,2026-10-02T22:30:24+00:00
2026-10-02T13:07:00Z,31190.0,31190.0,31173.5,31181.5,1015,2026-10-02T22:30:24+00:00
2026-10-02T13:08:00Z,31181.5,31186.75,31175.0,31184.25,734,2026-10-02T22:30:24+00:00
2026-10-02T13:09:00Z,31183.5,31193.0,31180.5,31186.5,463,2026-10-02T22:30:24+00:00
2026-10-02T13:10:00Z,31186.25,31189.5,31180.25,31186.5,403,2026-10-02T22:30:24+00:00
2026-10-02T13:11:00Z,31185.75,31185.75,31166.25,31167.25,806,2026-10-02T22:30:24+00:00
2026-10-02T13:12:00Z,31168.0,31175.25,31165.25,31168.0,491,2026-10-02T22:30:24+00:00
2026-10-02T13:13:00Z,31167.5,31174.0,31166.25,31170.5,261,2026-10-02T22:30:24+00:00
2026-10-02T13:14:00Z,31170.75,31177.5,31162.5,31165.75,561,2026-10-02T22:30:24+00:00
2026-10-02T13:15:00Z,31165.0,31165.0,31153.75,31162.5,519,2026-10-02T22:30:24+00:00
2026-10-02T13:16:00Z,31163.25,31170.25,31154.0,31156.75,384,2026-10-02T22:30:24+00:00
2026-10-02T13:17:00Z,31157.25,31164.5,31155.75,31162.25,292,2026-10-02T22:30:24+00:00
2026-10-02T13:18:00Z,31163.0,31172.5,31161.5,31162.25,359,2026-10-02T22:30:24+00:00
2026-10-02T13:19:00Z,31162.25,31173.0,31160.5,31167.5,289,2026-10-02T22:30:24+00:00
2026-10-02T13:20:00Z,31167.5,31173.0,31163.5,31167.25,333,2026-10-02T22:30:24+00:00
2026-10-02T13:21:00Z,31167.0,31182.5,31165.5,31168.0,474,2026-10-02T22:30:24+00:00
2026-10-02T13:22:00Z,31166.25,31178.25,31164.0,31170.25,280,2026-10-02T22:30:24+00:00
2026-10-02T13:23:00Z,31170.5,31172.5,31163.25,31169.5,331,2026-10-02T22:30:24+00:00
2026-10-02T13:24:00Z,31169.0,31173.0,31162.25,31169.5,345,2026-10-02T22:30:24+00:00
2026-10-02T13:25:00Z,31170.0,31177.25,31151.0,31154.0,1035,2026-10-02T22:30:24+00:00
2026-10-02T13:26:00Z,31154.5,31161.75,31146.75,31154.0,545,2026-10-02T22:30:24+00:00
2026-10-02T13:27:00Z,31156.25,31170.5,31151.0,31157.25,686,2026-10-02T22:30:24+00:00
2026-10-02T13:28:00Z,31157.75,31176.75,31156.5,31158.75,690,2026-10-02T22:30:24+00:00
2026-10-02T13:29:00Z,31159.25,31164.0,31146.0,31148.5,1030,2026-10-02T22:30:24+00:00
2026-10-02T13:30:00Z,31147.75,31156.0,31094.75,31095.5,6577,2026-10-02T22:30:24+00:00
2026-10-02T13:31:00Z,31095.25,31097.25,31056.5,31062.0,5430,2026-10-02T22:30:24+00:00
2026-10-02T13:32:00Z,31062.5,31094.5,31056.25,31094.0,4132,2026-10-02T22:30:24+00:00
2026-10-02T13:33:00Z,31094.25,31104.25,31083.75,31092.0,2979,2026-10-02T22:30:24+00:00
2026-10-02T13:34:00Z,31091.75,31147.5,31091.0,31145.0,3097,2026-10-02T22:30:24+00:00
2026-10-02T13:35:00Z,31145.5,31153.0,31109.5,31114.75,3091,2026-10-02T22:30:24+00:00
2026-10-02T13:36:00Z,31115.25,31127.25,31099.0,31127.0,2272,2026-10-02T22:30:24+00:00
2026-10-02T13:37:00Z,31126.5,31146.5,31120.75,31141.5,2608,2026-10-02T22:30:24+00:00
2026-10-02T13:38:00Z,31141.75,31142.0,31113.5,31120.0,1780,2026-10-02T22:30:24+00:00
2026-10-02T13:39:00Z,31120.0,31129.5,31093.5,31125.25,2212,2026-10-02T22:30:24+00:00
2026-10-02T13:40:00Z,31125.0,31126.0,31110.5,31116.25,1444,2026-10-02T22:30:24+00:00
2026-10-02T13:41:00Z,31114.5,31131.75,31094.25,31127.5,2509,2026-10-02T22:30:24+00:00
2026-10-02T13:42:00Z,31127.75,31150.25,31122.25,31146.5,2090,2026-10-02T22:30:24+00:00
2026-10-02T13:43:00Z,31146.5,31181.75,31144.75,31163.0,3058,2026-10-02T22:30:24+00:00
2026-10-02T13:44:00Z,31162.5,31178.5,31147.25,31177.75,1963,2026-10-02T22:30:24+00:00
2026-10-02T13:45:00Z,31177.25,31198.25,31175.75,31178.5,3175,2026-10-02T22:30:24+00:00
2026-10-02T13:46:00Z,31178.25,31187.0,31169.75,31181.75,2137,2026-10-02T22:30:24+00:00
2026-10-02T13:47:00Z,31182.0,31197.5,31179.75,31192.25,1669,2026-10-02T22:30:24+00:00
2026-10-02T13:48:00Z,31192.25,31194.0,31154.5,31187.75,2879,2026-10-02T22:30:24+00:00
2026-10-02T13:49:00Z,31187.5,31197.5,31164.25,31177.5,2372,2026-10-02T22:30:24+00:00
2026-10-02T13:50:00Z,31177.75,31194.0,31169.75,31185.5,1636,2026-10-02T22:30:24+00:00
2026-10-02T13:51:00Z,31185.75,31189.0,31163.0,31177.25,1795,2026-10-02T22:30:24+00:00
2026-10-02T13:52:00Z,31178.0,31194.75,31177.25,31187.5,1578,2026-10-02T22:30:24+00:00
2026-10-02T13:53:00Z,31186.25,31195.75,31179.5,31187.0,1485,2026-10-02T22:30:24+00:00
2026-10-02T13:54:00Z,31187.75,31201.5,31157.75,31160.25,2417,2026-10-02T22:30:24+00:00
2026-10-02T13:55:00Z,31160.25,31160.25,31120.5,31136.5,3386,2026-10-02T22:30:24+00:00
2026-10-02T13:56:00Z,31136.5,31140.5,31113.0,31125.0,2506,2026-10-02T22:30:24+00:00
2026-10-02T13:57:00Z,31124.25,31174.5,31106.5,31161.75,3659,2026-10-02T22:30:24+00:00
2026-10-02T13:58:00Z,31161.0,31195.25,31159.0,31192.75,3343,2026-10-02T22:30:24+00:00
2026-10-02T13:59:00Z,31193.0,31193.0,31167.25,31185.0,1356,2026-10-02T22:30:24+00:00
2026-10-02T14:00:00Z,31185.25,31189.5,31157.0,31175.5,2352,2026-10-02T22:30:24+00:00
2026-10-02T14:01:00Z,31176.0,31214.0,31171.75,31202.25,3304,2026-10-02T22:30:24+00:00
2026-10-02T14:02:00Z,31202.25,31234.75,31201.5,31225.0,2823,2026-10-02T22:30:24+00:00
2026-10-02T14:03:00Z,31225.0,31237.0,31216.75,31233.25,1794,2026-10-02T22:30:24+00:00
2026-10-02T14:04:00Z,31234.25,31252.75,31225.0,31250.0,2263,2026-10-02T22:30:24+00:00
2026-10-02T14:05:00Z,31249.25,31259.5,31232.5,31233.75,2320,2026-10-02T22:30:24+00:00
2026-10-02T14:06:00Z,31234.0,31242.0,31225.5,31229.25,1950,2026-10-02T22:30:24+00:00
2026-10-02T14:07:00Z,31229.75,31233.75,31218.75,31222.0,1523,2026-10-02T22:30:24+00:00
2026-10-02T14:08:00Z,31221.5,31239.5,31210.25,31227.75,2047,2026-10-02T22:30:24+00:00
2026-10-02T14:09:00Z,31227.25,31229.5,31208.5,31209.5,1231,2026-10-02T22:30:24+00:00
2026-10-02T14:10:00Z,31209.75,31232.75,31203.75,31225.25,1478,2026-10-02T22:30:24+00:00
2026-10-02T14:11:00Z,31224.75,31225.0,31190.0,31197.25,1826,2026-10-02T22:30:24+00:00
2026-10-02T14:12:00Z,31197.0,31218.75,31195.75,31218.5,1311,2026-10-02T22:30:24+00:00
2026-10-02T14:13:00Z,31218.25,31231.5,31213.25,31222.5,1542,2026-10-02T22:30:24+00:00
2026-10-02T14:14:00Z,31221.75,31230.0,31215.0,31226.5,1115,2026-10-02T22:30:24+00:00
2026-10-02T14:15:00Z,31226.5,31244.25,31224.5,31226.75,1707,2026-10-02T22:30:24+00:00
2026-10-02T14:16:00Z,31227.5,31236.75,31217.75,31233.75,1281,2026-10-02T22:30:24+00:00
2026-10-02T14:17:00Z,31233.0,31254.5,31232.0,31249.75,1419,2026-10-02T22:30:24+00:00
2026-10-02T14:18:00Z,31250.25,31262.5,31246.5,31249.25,1737,2026-10-02T22:30:24+00:00
2026-10-02T14:19:00Z,31250.0,31258.75,31245.75,31258.5,1049,2026-10-02T22:30:24+00:00
2026-10-02T14:20:00Z,31258.25,31268.75,31255.0,31259.75,1827,2026-10-02T22:30:24+00:00
2026-10-02T14:21:00Z,31259.5,31265.75,31250.0,31252.75,1120,2026-10-02T22:30:24+00:00
2026-10-02T14:22:00Z,31252.0,31259.5,31244.25,31259.25,983,2026-10-02T22:30:24+00:00
2026-10-02T14:23:00Z,31259.0,31269.75,31249.25,31251.75,1571,2026-10-02T22:30:24+00:00
2026-10-02T14:24:00Z,31251.5,31280.75,31248.75,31278.75,1378,2026-10-02T22:30:24+00:00
2026-10-02T14:25:00Z,31279.0,31281.25,31266.0,31266.75,1050,2026-10-02T22:30:24+00:00
2026-10-02T14:26:00Z,31267.0,31281.25,31264.5,31278.0,930,2026-10-02T22:30:24+00:00
2026-10-02T14:27:00Z,31278.25,31282.5,31265.0,31266.75,1262,2026-10-02T22:30:24+00:00
2026-10-02T14:28:00Z,31267.0,31281.25,31266.25,31280.25,855,2026-10-02T22:30:24+00:00
2026-10-02T14:29:00Z,31279.75,31280.0,31260.5,31265.5,1356,2026-10-02T22:30:24+00:00
2026-10-02T14:30:00Z,31265.25,31267.5,31239.0,31243.5,2042,2026-10-02T22:30:24+00:00
2026-10-02T14:31:00Z,31243.25,31243.25,31226.0,31242.25,1901,2026-10-02T22:30:24+00:00
2026-10-02T14:32:00Z,31241.75,31248.25,31227.0,31228.5,1572,2026-10-02T22:30:24+00:00
2026-10-02T14:33:00Z,31229.25,31245.75,31225.5,31244.0,1360,2026-10-02T22:30:24+00:00
2026-10-02T14:34:00Z,31244.0,31246.75,31231.5,31246.75,1086,2026-10-02T22:30:24+00:00
2026-10-02T14:35:00Z,31246.0,31253.75,31237.25,31251.25,1579,2026-10-02T22:30:24+00:00
2026-10-02T14:36:00Z,31251.25,31254.25,31230.0,31241.5,1318,2026-10-02T22:30:24+00:00
2026-10-02T14:37:00Z,31241.25,31245.5,31225.0,31226.75,1012,2026-10-02T22:30:24+00:00
2026-10-02T14:38:00Z,31226.5,31249.0,31226.25,31247.25,877,2026-10-02T22:30:24+00:00
2026-10-02T14:39:00Z,31247.25,31256.0,31243.5,31253.0,1065,2026-10-02T22:30:24+00:00
2026-10-02T14:40:00Z,31252.5,31258.0,31246.0,31253.25,843,2026-10-02T22:30:24+00:00
2026-10-02T14:41:00Z,31253.25,31264.5,31246.75,31263.5,843,2026-10-02T22:30:24+00:00
2026-10-02T14:42:00Z,31263.5,31273.5,31254.5,31256.75,1674,2026-10-02T22:30:24+00:00
2026-10-02T14:43:00Z,31257.25,31257.25,31232.25,31237.25,1397,2026-10-02T22:30:24+00:00
2026-10-02T14:44:00Z,31237.75,31243.5,31225.0,31240.5,993,2026-10-02T22:30:24+00:00
2026-10-02T14:45:00Z,31240.75,31244.0,31225.5,31231.0,1103,2026-10-02T22:30:24+00:00
2026-10-02T14:46:00Z,31232.0,31246.0,31227.0,31240.0,961,2026-10-02T22:30:24+00:00
2026-10-02T14:47:00Z,31240.25,31242.75,31231.25,31234.75,545,2026-10-02T22:30:24+00:00
2026-10-02T14:48:00Z,31235.0,31253.25,31235.0,31248.25,898,2026-10-02T22:30:24+00:00
2026-10-02T14:49:00Z,31249.25,31249.75,31234.5,31235.5,636,2026-10-02T22:30:24+00:00
2026-10-02T14:50:00Z,31235.5,31236.5,31206.0,31208.25,1930,2026-10-02T22:30:24+00:00
2026-10-02T14:51:00Z,31208.25,31218.25,31204.5,31213.25,1303,2026-10-02T22:30:24+00:00
2026-10-02T14:52:00Z,31213.75,31215.5,31183.0,31186.5,2047,2026-10-02T22:30:24+00:00
2026-10-02T14:53:00Z,31186.25,31192.25,31175.0,31182.5,1635,2026-10-02T22:30:24+00:00
2026-10-02T14:54:00Z,31182.5,31186.0,31157.0,31166.0,2327,2026-10-02T22:30:24+00:00
2026-10-02T14:55:00Z,31165.5,31192.5,31159.75,31191.75,1763,2026-10-02T22:30:24+00:00
2026-10-02T14:56:00Z,31191.75,31196.75,31179.25,31193.5,1475,2026-10-02T22:30:24+00:00
2026-10-02T14:57:00Z,31194.25,31196.25,31184.5,31191.0,1164,2026-10-02T22:30:24+00:00
2026-10-02T14:58:00Z,31191.0,31202.25,31165.75,31170.0,1841,2026-10-02T22:30:24+00:00
2026-10-02T14:59:00Z,31170.5,31175.75,31155.75,31166.5,1219,2026-10-02T22:30:24+00:00
2026-10-02T15:00:00Z,31166.0,31176.25,31156.0,31163.75,1582,2026-10-02T22:30:24+00:00
2026-10-02T15:01:00Z,31164.5,31181.25,31161.25,31179.0,994,2026-10-02T22:30:24+00:00
2026-10-02T15:02:00Z,31178.5,31179.5,31148.5,31151.0,1792,2026-10-02T22:30:24+00:00
2026-10-02T15:03:00Z,31150.5,31153.25,31133.0,31143.5,1908,2026-10-02T22:30:24+00:00
2026-10-02T15:04:00Z,31143.75,31149.75,31134.0,31140.25,1377,2026-10-02T22:30:24+00:00
2026-10-02T15:05:00Z,31140.25,31144.5,31119.75,31120.5,1580,2026-10-02T22:30:24+00:00
2026-10-02T15:06:00Z,31120.5,31131.75,31111.75,31124.5,2217,2026-10-02T22:30:24+00:00
2026-10-02T15:07:00Z,31125.0,31126.75,31106.5,31109.5,1750,2026-10-02T22:30:24+00:00
2026-10-02T15:08:00Z,31109.75,31118.75,31097.5,31117.5,1837,2026-10-02T22:30:24+00:00
2026-10-02T15:09:00Z,31117.25,31121.5,31085.0,31091.0,2084,2026-10-02T22:30:24+00:00
2026-10-02T15:10:00Z,31091.25,31108.25,31077.75,31086.75,2684,2026-10-02T22:30:24+00:00
2026-10-02T15:11:00Z,31087.25,31088.25,31061.0,31081.75,2663,2026-10-02T22:30:24+00:00
2026-10-02T15:12:00Z,31081.75,31086.5,31037.0,31043.25,3075,2026-10-02T22:30:24+00:00
2026-10-02T15:13:00Z,31043.0,31073.0,31043.0,31072.75,2267,2026-10-02T22:30:24+00:00
2026-10-02T15:14:00Z,31072.5,31080.25,31066.5,31074.0,1652,2026-10-02T22:30:24+00:00
2026-10-02T15:15:00Z,31073.75,31095.25,31067.5,31070.75,1965,2026-10-02T22:30:24+00:00
2026-10-02T15:16:00Z,31070.5,31072.0,31051.0,31056.75,1759,2026-10-02T22:30:24+00:00
2026-10-02T15:17:00Z,31057.0,31064.25,31038.5,31049.25,1842,2026-10-02T22:30:24+00:00
2026-10-02T15:18:00Z,31048.25,31066.5,31043.0,31059.25,1398,2026-10-02T22:30:24+00:00
2026-10-02T15:19:00Z,31059.25,31068.5,31039.75,31041.5,1561,2026-10-02T22:30:24+00:00
2026-10-02T15:20:00Z,31042.75,31042.75,31013.25,31016.5,2668,2026-10-02T22:30:24+00:00
2026-10-02T15:21:00Z,31017.25,31046.75,31015.5,31045.5,1763,2026-10-02T22:30:24+00:00
2026-10-02T15:22:00Z,31044.75,31057.75,31042.5,31051.75,1473,2026-10-02T22:30:24+00:00
2026-10-02T15:23:00Z,31052.0,31061.5,31044.0,31051.75,1099,2026-10-02T22:30:24+00:00
2026-10-02T15:24:00Z,31053.75,31057.0,30997.25,30999.0,2643,2026-10-02T22:30:24+00:00
2026-10-02T15:25:00Z,30998.25,31013.75,30988.0,31012.25,2362,2026-10-02T22:30:24+00:00
2026-10-02T15:26:00Z,31011.75,31035.5,31006.0,31032.5,1746,2026-10-02T22:30:24+00:00
2026-10-02T15:27:00Z,31032.25,31048.75,31031.0,31037.75,1605,2026-10-02T22:30:24+00:00
2026-10-02T15:28:00Z,31037.0,31053.25,31033.75,31050.5,956,2026-10-02T22:30:24+00:00
2026-10-02T15:29:00Z,31050.0,31068.0,31043.25,31063.25,1443,2026-10-02T22:30:24+00:00
2026-10-02T15:30:00Z,31063.0,31064.75,31027.5,31034.5,1947,2026-10-02T22:30:24+00:00
2026-10-02T15:31:00Z,31035.0,31052.0,31034.0,31050.0,1090,2026-10-02T22:30:24+00:00
2026-10-02T15:32:00Z,31050.75,31068.25,31050.75,31063.25,1224,2026-10-02T22:30:24+00:00
2026-10-02T15:33:00Z,31062.75,31084.0,31059.75,31079.0,1267,2026-10-02T22:30:24+00:00
2026-10-02T15:34:00Z,31079.25,31086.25,31074.25,31080.75,1148,2026-10-02T22:30:24+00:00
2026-10-02T15:35:00Z,31081.0,31088.75,31075.25,31079.5,912,2026-10-02T22:30:24+00:00
2026-10-02T15:36:00Z,31080.5,31083.5,31068.25,31074.0,1246,2026-10-02T22:30:24+00:00
2026-10-02T15:37:00Z,31074.5,31085.0,31059.5,31064.5,974,2026-10-02T22:30:24+00:00
2026-10-02T15:38:00Z,31064.0,31085.75,31055.75,31085.25,945,2026-10-02T22:30:24+00:00
2026-10-02T15:39:00Z,31085.25,31090.0,31079.0,31083.5,994,2026-10-02T22:30:24+00:00
2026-10-02T15:40:00Z,31083.25,31094.25,31065.75,31071.0,1030,2026-10-02T22:30:24+00:00
2026-10-02T15:41:00Z,31070.5,31071.75,31054.25,31067.75,1045,2026-10-02T22:30:24+00:00
2026-10-02T15:42:00Z,31067.5,31090.0,31066.5,31089.25,844,2026-10-02T22:30:24+00:00
2026-10-02T15:43:00Z,31089.0,31091.0,31072.0,31076.25,613,2026-10-02T22:30:24+00:00
2026-10-02T15:44:00Z,31076.0,31083.75,31075.0,31078.25,562,2026-10-02T22:30:24+00:00
2026-10-02T15:45:00Z,31078.25,31088.5,31073.25,31082.75,819,2026-10-02T22:30:24+00:00
2026-10-02T15:46:00Z,31083.25,31102.5,31080.0,31094.5,1381,2026-10-02T22:30:24+00:00
2026-10-02T15:47:00Z,31094.0,31099.25,31091.25,31095.0,703,2026-10-02T22:30:24+00:00
2026-10-02T15:48:00Z,31094.75,31101.75,31082.5,31086.0,2112,2026-10-02T22:30:24+00:00
2026-10-02T15:49:00Z,31086.0,31093.75,31076.0,31079.0,1382,2026-10-02T22:30:24+00:00
2026-10-02T15:50:00Z,31078.75,31088.25,31066.0,31074.5,1699,2026-10-02T22:30:24+00:00
2026-10-02T15:51:00Z,31074.75,31097.5,31073.25,31096.0,1481,2026-10-02T22:30:24+00:00
2026-10-02T15:52:00Z,31095.0,31109.75,31080.0,31089.25,1545,2026-10-02T22:30:24+00:00
2026-10-02T15:53:00Z,31090.25,31092.25,31070.25,31071.5,596,2026-10-02T22:30:24+00:00
2026-10-02T15:54:00Z,31071.75,31080.75,31055.0,31063.25,961,2026-10-02T22:30:24+00:00
2026-10-02T15:55:00Z,31062.5,31088.0,31055.0,31087.75,1126,2026-10-02T22:30:24+00:00
2026-10-02T15:56:00Z,31085.0,31094.75,31075.0,31084.0,1026,2026-10-02T22:30:24+00:00
2026-10-02T15:57:00Z,31083.75,31091.0,31075.0,31091.0,605,2026-10-02T22:30:24+00:00
2026-10-02T15:58:00Z,31090.5,31095.0,31084.75,31091.75,681,2026-10-02T22:30:24+00:00
2026-10-02T15:59:00Z,31092.5,31104.5,31084.75,31101.25,893,2026-10-02T22:30:24+00:00
2026-10-02T16:00:00Z,31102.0,31110.75,31095.75,31109.25,1216,2026-10-02T22:30:24+00:00
2026-10-02T16:01:00Z,31109.0,31128.75,31103.25,31120.75,1495,2026-10-02T22:30:24+00:00
2026-10-02T16:02:00Z,31120.75,31127.75,31106.75,31118.75,1502,2026-10-02T22:30:24+00:00
2026-10-02T16:03:00Z,31118.5,31122.5,31099.25,31101.25,905,2026-10-02T22:30:24+00:00
2026-10-02T16:04:00Z,31101.25,31110.25,31087.25,31107.75,1017,2026-10-02T22:30:24+00:00
2026-10-02T16:05:00Z,31109.75,31114.75,31100.0,31106.25,693,2026-10-02T22:30:24+00:00
2026-10-02T16:06:00Z,31106.25,31121.75,31103.5,31117.0,661,2026-10-02T22:30:24+00:00
2026-10-02T16:07:00Z,31117.25,31126.0,31111.5,31111.5,559,2026-10-02T22:30:24+00:00
2026-10-02T16:08:00Z,31112.25,31121.5,31104.75,31121.25,505,2026-10-02T22:30:24+00:00
2026-10-02T16:09:00Z,31121.75,31125.0,31112.75,31121.75,513,2026-10-02T22:30:24+00:00
2026-10-02T16:10:00Z,31121.75,31127.0,31116.0,31119.5,655,2026-10-02T22:30:24+00:00
2026-10-02T16:11:00Z,31120.0,31123.5,31109.75,31110.0,701,2026-10-02T22:30:24+00:00
2026-10-02T16:12:00Z,31110.0,31119.75,31104.5,31107.75,808,2026-10-02T22:30:24+00:00
2026-10-02T16:13:00Z,31108.25,31129.25,31105.5,31122.75,556,2026-10-02T22:30:24+00:00
2026-10-02T16:14:00Z,31124.0,31125.5,31116.75,31117.0,539,2026-10-02T22:30:24+00:00
2026-10-02T16:15:00Z,31116.0,31125.0,31107.25,31121.75,700,2026-10-02T22:30:24+00:00
2026-10-02T16:16:00Z,31121.5,31129.0,31113.25,31125.25,773,2026-10-02T22:30:24+00:00
2026-10-02T16:17:00Z,31125.0,31130.25,31114.5,31118.75,828,2026-10-02T22:30:24+00:00
2026-10-02T16:18:00Z,31118.0,31122.75,31112.75,31116.25,394,2026-10-02T22:30:24+00:00
2026-10-02T16:19:00Z,31116.25,31123.75,31114.75,31117.75,453,2026-10-02T22:30:24+00:00
2026-10-02T16:20:00Z,31118.25,31120.25,31111.75,31114.0,524,2026-10-02T22:30:24+00:00
2026-10-02T16:21:00Z,31114.0,31117.5,31105.5,31109.5,659,2026-10-02T22:30:24+00:00
2026-10-02T16:22:00Z,31109.5,31110.75,31090.5,31109.25,958,2026-10-02T22:30:24+00:00
2026-10-02T16:23:00Z,31109.75,31109.75,31091.0,31095.25,740,2026-10-02T22:30:24+00:00
2026-10-02T16:24:00Z,31094.75,31102.0,31076.25,31080.0,1110,2026-10-02T22:30:24+00:00
2026-10-02T16:25:00Z,31080.25,31097.5,31076.5,31088.5,792,2026-10-02T22:30:24+00:00
2026-10-02T16:26:00Z,31088.0,31095.0,31076.0,31076.0,910,2026-10-02T22:30:24+00:00
2026-10-02T16:27:00Z,31076.75,31087.75,31067.5,31087.25,754,2026-10-02T22:30:24+00:00
2026-10-02T16:28:00Z,31087.5,31090.0,31077.0,31081.0,449,2026-10-02T22:30:24+00:00
2026-10-02T16:29:00Z,31081.0,31087.5,31068.25,31071.25,625,2026-10-02T22:30:24+00:00
2026-10-02T16:30:00Z,31071.0,31083.5,31068.5,31081.5,652,2026-10-02T22:30:24+00:00
2026-10-02T16:31:00Z,31081.25,31090.0,31080.25,31084.5,575,2026-10-02T22:30:24+00:00
2026-10-02T16:32:00Z,31084.75,31087.75,31071.25,31085.75,478,2026-10-02T22:30:24+00:00
2026-10-02T16:33:00Z,31086.0,31090.0,31078.75,31082.0,330,2026-10-02T22:30:24+00:00
2026-10-02T16:34:00Z,31081.0,31092.5,31078.25,31081.25,518,2026-10-02T22:30:24+00:00
2026-10-02T16:35:00Z,31080.5,31090.0,31074.75,31079.75,559,2026-10-02T22:30:24+00:00
2026-10-02T16:36:00Z,31079.5,31092.5,31073.0,31091.25,512,2026-10-02T22:30:24+00:00
2026-10-02T16:37:00Z,31090.25,31091.5,31084.75,31087.75,352,2026-10-02T22:30:24+00:00
2026-10-02T16:38:00Z,31087.5,31103.25,31087.0,31100.25,787,2026-10-02T22:30:24+00:00
2026-10-02T16:39:00Z,31099.75,31109.25,31098.25,31104.25,639,2026-10-02T22:30:24+00:00
2026-10-02T16:40:00Z,31103.75,31104.25,31075.75,31078.0,784,2026-10-02T22:30:24+00:00
2026-10-02T16:41:00Z,31079.5,31081.0,31059.25,31060.25,745,2026-10-02T22:30:24+00:00
2026-10-02T16:42:00Z,31059.5,31061.0,31044.0,31058.75,1243,2026-10-02T22:30:24+00:00
2026-10-02T16:43:00Z,31058.75,31061.75,31049.0,31054.25,728,2026-10-02T22:30:24+00:00
2026-10-02T16:44:00Z,31054.25,31060.0,31051.25,31056.5,542,2026-10-02T22:30:24+00:00
2026-10-02T16:45:00Z,31057.5,31071.0,31056.5,31070.0,689,2026-10-02T22:30:24+00:00
2026-10-02T16:46:00Z,31070.0,31075.0,31064.0,31068.75,556,2026-10-02T22:30:24+00:00
2026-10-02T16:47:00Z,31069.0,31073.5,31058.0,31059.25,480,2026-10-02T22:30:24+00:00
2026-10-02T16:48:00Z,31059.5,31065.75,31052.0,31061.75,834,2026-10-02T22:30:24+00:00
2026-10-02T16:49:00Z,31062.0,31062.25,31050.5,31055.0,545,2026-10-02T22:30:24+00:00
2026-10-02T16:50:00Z,31054.75,31055.25,31042.0,31051.0,1003,2026-10-02T22:30:24+00:00
2026-10-02T16:51:00Z,31051.25,31060.5,31047.75,31057.0,587,2026-10-02T22:30:24+00:00
2026-10-02T16:52:00Z,31056.5,31067.75,31055.25,31062.0,462,2026-10-02T22:30:24+00:00
2026-10-02T16:53:00Z,31062.75,31077.0,31061.0,31074.75,437,2026-10-02T22:30:24+00:00
2026-10-02T16:54:00Z,31075.0,31083.25,31071.5,31075.0,807,2026-10-02T22:30:24+00:00
2026-10-02T16:55:00Z,31075.75,31082.75,31073.75,31077.25,565,2026-10-02T22:30:24+00:00
2026-10-02T16:56:00Z,31076.75,31077.5,31067.5,31074.75,442,2026-10-02T22:30:24+00:00
2026-10-02T16:57:00Z,31075.0,31082.75,31075.0,31078.25,468,2026-10-02T22:30:24+00:00
2026-10-02T16:58:00Z,31078.25,31083.75,31069.5,31070.75,333,2026-10-02T22:30:24+00:00
2026-10-02T16:59:00Z,31071.5,31073.25,31061.5,31071.5,514,2026-10-02T22:30:24+00:00
2026-10-02T17:00:00Z,31071.75,31094.25,31068.25,31090.25,1039,2026-10-02T22:30:24+00:00
2026-10-02T17:01:00Z,31090.25,31108.5,31088.75,31101.25,1205,2026-10-02T22:30:24+00:00
2026-10-02T17:02:00Z,31101.25,31102.0,31093.0,31094.0,420,2026-10-02T22:30:24+00:00
2026-10-02T17:03:00Z,31093.25,31095.5,31088.0,31091.25,526,2026-10-02T22:30:24+00:00
2026-10-02T17:04:00Z,31091.5,31092.75,31085.0,31088.75,515,2026-10-02T22:30:24+00:00
2026-10-02T17:05:00Z,31089.5,31095.0,31089.25,31095.0,335,2026-10-02T22:30:24+00:00
2026-10-02T17:06:00Z,31095.25,31096.5,31069.0,31069.0,852,2026-10-02T22:30:24+00:00
2026-10-02T17:07:00Z,31069.25,31071.25,31056.5,31062.0,770,2026-10-02T22:30:24+00:00
2026-10-02T17:08:00Z,31062.25,31072.0,31060.0,31061.5,387,2026-10-02T22:30:24+00:00
2026-10-02T17:09:00Z,31061.75,31068.75,31060.5,31065.25,265,2026-10-02T22:30:24+00:00
2026-10-02T17:10:00Z,31065.75,31074.25,31064.5,31071.25,287,2026-10-02T22:30:24+00:00
2026-10-02T17:11:00Z,31070.75,31070.75,31061.25,31061.75,536,2026-10-02T22:30:24+00:00
2026-10-02T17:12:00Z,31062.25,31066.25,31058.75,31062.75,484,2026-10-02T22:30:24+00:00
2026-10-02T17:13:00Z,31062.5,31065.5,31061.5,31064.0,276,2026-10-02T22:30:24+00:00
2026-10-02T17:14:00Z,31065.5,31067.75,31045.5,31057.5,1112,2026-10-02T22:30:24+00:00
2026-10-02T17:15:00Z,31057.25,31060.25,31052.5,31054.75,601,2026-10-02T22:30:24+00:00
2026-10-02T17:16:00Z,31055.0,31072.75,31052.0,31071.5,713,2026-10-02T22:30:24+00:00
2026-10-02T17:17:00Z,31071.0,31075.25,31066.0,31068.5,425,2026-10-02T22:30:24+00:00
2026-10-02T17:18:00Z,31069.0,31074.5,31059.75,31072.75,492,2026-10-02T22:30:24+00:00
2026-10-02T17:19:00Z,31072.5,31076.75,31063.25,31066.75,431,2026-10-02T22:30:24+00:00
2026-10-02T17:20:00Z,31066.5,31069.5,31054.25,31063.5,705,2026-10-02T22:30:24+00:00
2026-10-02T17:21:00Z,31063.5,31063.75,31031.75,31044.25,958,2026-10-02T22:30:24+00:00
2026-10-02T17:22:00Z,31044.25,31052.25,31038.5,31045.75,749,2026-10-02T22:30:24+00:00
2026-10-02T17:23:00Z,31045.75,31048.75,31028.25,31029.5,553,2026-10-02T22:30:24+00:00
2026-10-02T17:24:00Z,31029.25,31030.25,31018.5,31024.75,1058,2026-10-02T22:30:24+00:00
2026-10-02T17:25:00Z,31024.5,31030.25,31017.75,31022.5,774,2026-10-02T22:30:24+00:00
2026-10-02T17:26:00Z,31023.25,31026.0,31004.5,31008.75,1248,2026-10-02T22:30:24+00:00
2026-10-02T17:27:00Z,31009.25,31015.0,31003.25,31009.0,1037,2026-10-02T22:30:24+00:00
2026-10-02T17:28:00Z,31009.5,31016.25,31003.5,31014.0,848,2026-10-02T22:30:24+00:00
2026-10-02T17:29:00Z,31014.0,31016.25,31001.75,31007.75,848,2026-10-02T22:30:24+00:00
2026-10-02T17:30:00Z,31007.25,31014.25,30994.75,31001.0,1705,2026-10-02T22:30:24+00:00
2026-10-02T17:31:00Z,31001.0,31027.0,30999.25,31026.75,1380,2026-10-02T22:30:24+00:00
2026-10-02T17:32:00Z,31027.0,31033.5,31020.75,31031.25,591,2026-10-02T22:30:24+00:00
2026-10-02T17:33:00Z,31031.0,31040.5,31029.25,31033.0,662,2026-10-02T22:30:24+00:00
2026-10-02T17:34:00Z,31034.25,31045.0,31030.75,31035.0,660,2026-10-02T22:30:24+00:00
2026-10-02T17:35:00Z,31034.25,31036.0,31023.25,31029.5,554,2026-10-02T22:30:24+00:00
2026-10-02T17:36:00Z,31029.75,31032.0,31012.5,31018.25,656,2026-10-02T22:30:24+00:00
2026-10-02T17:37:00Z,31018.25,31032.5,31017.5,31029.75,451,2026-10-02T22:30:24+00:00
2026-10-02T17:38:00Z,31029.25,31035.0,31028.0,31034.0,358,2026-10-02T22:30:24+00:00
2026-10-02T17:39:00Z,31033.0,31035.5,31028.5,31028.75,279,2026-10-02T22:30:24+00:00
2026-10-02T17:40:00Z,31029.5,31030.0,31018.25,31019.5,491,2026-10-02T22:30:24+00:00
2026-10-02T17:41:00Z,31020.0,31023.5,31013.25,31018.25,334,2026-10-02T22:30:24+00:00
2026-10-02T17:42:00Z,31018.25,31018.5,31009.0,31011.0,357,2026-10-02T22:30:24+00:00
2026-10-02T17:43:00Z,31009.0,31020.25,31009.0,31019.75,396,2026-10-02T22:30:24+00:00
2026-10-02T17:44:00Z,31019.25,31035.0,31017.75,31030.5,721,2026-10-02T22:30:24+00:00
2026-10-02T17:45:00Z,31030.75,31037.0,31021.25,31027.75,636,2026-10-02T22:30:24+00:00
2026-10-02T17:46:00Z,31027.75,31034.25,31023.0,31033.25,423,2026-10-02T22:30:24+00:00
2026-10-02T17:47:00Z,31033.25,31040.5,31029.25,31029.5,458,2026-10-02T22:30:24+00:00
2026-10-02T17:48:00Z,31030.25,31040.0,31027.75,31039.0,408,2026-10-02T22:30:24+00:00
2026-10-02T17:49:00Z,31039.0,31050.0,31039.0,31048.25,640,2026-10-02T22:30:24+00:00
2026-10-02T17:50:00Z,31048.25,31054.25,31020.25,31045.5,1737,2026-10-02T22:30:24+00:00
2026-10-02T17:51:00Z,31046.25,31060.0,31046.25,31053.5,579,2026-10-02T22:30:24+00:00
2026-10-02T17:52:00Z,31053.75,31061.25,31051.75,31057.75,653,2026-10-02T22:30:24+00:00
2026-10-02T17:53:00Z,31057.75,31060.0,31052.0,31059.5,474,2026-10-02T22:30:24+00:00
2026-10-02T17:54:00Z,31059.75,31061.0,31054.0,31057.75,404,2026-10-02T22:30:24+00:00
2026-10-02T17:55:00Z,31057.0,31058.0,31045.25,31049.25,507,2026-10-02T22:30:24+00:00
2026-10-02T17:56:00Z,31049.0,31050.25,31045.25,31047.25,284,2026-10-02T22:30:24+00:00
2026-10-02T17:57:00Z,31047.75,31048.0,31031.75,31032.5,521,2026-10-02T22:30:24+00:00
2026-10-02T17:58:00Z,31032.75,31042.75,31028.0,31041.0,725,2026-10-02T22:30:24+00:00
2026-10-02T17:59:00Z,31041.0,31049.25,31040.0,31047.75,368,2026-10-02T22:30:24+00:00
2026-10-02T18:00:00Z,31048.0,31051.0,31038.0,31042.75,623,2026-10-02T22:30:24+00:00
2026-10-02T18:01:00Z,31042.0,31045.25,31036.0,31041.0,329,2026-10-02T22:30:24+00:00
2026-10-02T18:02:00Z,31041.25,31041.5,31028.75,31030.25,486,2026-10-02T22:30:24+00:00
2026-10-02T18:03:00Z,31030.25,31040.0,31028.5,31033.5,366,2026-10-02T22:30:24+00:00
2026-10-02T18:04:00Z,31033.5,31046.75,31032.25,31042.75,391,2026-10-02T22:30:24+00:00
2026-10-02T18:05:00Z,31041.75,31045.25,31039.25,31042.0,261,2026-10-02T22:30:24+00:00
2026-10-02T18:06:00Z,31042.25,31047.25,31033.0,31042.5,429,2026-10-02T22:30:24+00:00
2026-10-02T18:07:00Z,31042.75,31047.75,31041.5,31042.75,249,2026-10-02T22:30:24+00:00
2026-10-02T18:08:00Z,31042.25,31044.0,31036.5,31036.75,225,2026-10-02T22:30:24+00:00
2026-10-02T18:09:00Z,31037.25,31043.0,31036.0,31041.5,218,2026-10-02T22:30:24+00:00
2026-10-02T18:10:00Z,31041.75,31043.25,31035.75,31042.0,186,2026-10-02T22:30:24+00:00
2026-10-02T18:11:00Z,31042.5,31044.75,31036.5,31038.5,252,2026-10-02T22:30:24+00:00
2026-10-02T18:12:00Z,31038.5,31042.75,31037.5,31042.5,253,2026-10-02T22:30:24+00:00
2026-10-02T18:13:00Z,31042.5,31050.0,31041.75,31046.25,260,2026-10-02T22:30:24+00:00
2026-10-02T18:14:00Z,31046.75,31057.5,31046.25,31050.0,559,2026-10-02T22:30:24+00:00
2026-10-02T18:15:00Z,31050.25,31050.5,31042.25,31045.0,420,2026-10-02T22:30:24+00:00
2026-10-02T18:16:00Z,31044.5,31046.0,31031.25,31034.5,564,2026-10-02T22:30:24+00:00
2026-10-02T18:17:00Z,31034.75,31038.5,31028.5,31028.75,318,2026-10-02T22:30:24+00:00
2026-10-02T18:18:00Z,31029.25,31033.5,31023.5,31028.75,457,2026-10-02T22:30:24+00:00
2026-10-02T18:19:00Z,31028.75,31032.5,31022.5,31031.75,321,2026-10-02T22:30:24+00:00
2026-10-02T18:20:00Z,31032.0,31034.75,31027.75,31028.25,294,2026-10-02T22:30:24+00:00
2026-10-02T18:21:00Z,31028.25,31032.5,31025.0,31025.0,347,2026-10-02T22:30:24+00:00
2026-10-02T18:22:00Z,31025.25,31027.5,31018.0,31021.5,490,2026-10-02T22:30:24+00:00
2026-10-02T18:23:00Z,31021.25,31025.5,31011.25,31013.5,727,2026-10-02T22:30:24+00:00
2026-10-02T18:24:00Z,31013.5,31021.0,31011.75,31020.25,508,2026-10-02T22:30:24+00:00
2026-10-02T18:25:00Z,31020.0,31031.25,31018.75,31025.0,518,2026-10-02T22:30:24+00:00
2026-10-02T18:26:00Z,31025.25,31032.25,31025.0,31027.0,302,2026-10-02T22:30:24+00:00
2026-10-02T18:27:00Z,31026.0,31027.75,31012.25,31020.0,408,2026-10-02T22:30:24+00:00
2026-10-02T18:28:00Z,31020.5,31041.0,31020.25,31037.0,925,2026-10-02T22:30:24+00:00
2026-10-02T18:29:00Z,31037.25,31039.0,31034.0,31036.0,339,2026-10-02T22:30:24+00:00
2026-10-02T18:30:00Z,31036.0,31039.5,31030.5,31034.0,428,2026-10-02T22:30:24+00:00
2026-10-02T18:31:00Z,31034.0,31037.25,31023.5,31023.5,360,2026-10-02T22:30:24+00:00
2026-10-02T18:32:00Z,31023.75,31046.75,31023.75,31045.0,575,2026-10-02T22:30:24+00:00
2026-10-02T18:33:00Z,31045.0,31046.75,31031.75,31031.75,604,2026-10-02T22:30:24+00:00
2026-10-02T18:34:00Z,31033.0,31038.25,31031.25,31033.0,426,2026-10-02T22:30:24+00:00
2026-10-02T18:35:00Z,31033.5,31034.75,31027.25,31032.25,391,2026-10-02T22:30:24+00:00
2026-10-02T18:36:00Z,31032.25,31038.75,31031.5,31036.0,295,2026-10-02T22:30:24+00:00
2026-10-02T18:37:00Z,31036.5,31037.25,31029.75,31030.75,267,2026-10-02T22:30:24+00:00
2026-10-02T18:38:00Z,31030.5,31030.75,31019.5,31029.0,482,2026-10-02T22:30:24+00:00
2026-10-02T18:39:00Z,31028.75,31029.0,31019.25,31022.25,248,2026-10-02T22:30:24+00:00
2026-10-02T18:40:00Z,31022.25,31028.75,31017.0,31027.5,304,2026-10-02T22:30:24+00:00
2026-10-02T18:41:00Z,31028.0,31036.75,31026.25,31036.0,445,2026-10-02T22:30:24+00:00
2026-10-02T18:42:00Z,31036.25,31041.25,31034.5,31041.0,320,2026-10-02T22:30:24+00:00
2026-10-02T18:43:00Z,31041.0,31045.25,31039.5,31040.0,522,2026-10-02T22:30:24+00:00
2026-10-02T18:44:00Z,31039.25,31044.5,31038.5,31041.75,269,2026-10-02T22:30:24+00:00
2026-10-02T18:45:00Z,31041.5,31045.0,31039.75,31042.25,251,2026-10-02T22:30:24+00:00
2026-10-02T18:46:00Z,31042.5,31046.75,31037.0,31046.75,323,2026-10-02T22:30:24+00:00
2026-10-02T18:47:00Z,31046.75,31048.0,31039.25,31041.0,288,2026-10-02T22:30:24+00:00
2026-10-02T18:48:00Z,31041.75,31045.75,31036.0,31044.5,296,2026-10-02T22:30:24+00:00
2026-10-02T18:49:00Z,31045.5,31049.0,31042.25,31043.5,354,2026-10-02T22:30:24+00:00
2026-10-02T18:50:00Z,31044.75,31049.0,31039.75,31048.5,334,2026-10-02T22:30:24+00:00
2026-10-02T18:51:00Z,31048.5,31051.5,31047.0,31048.5,376,2026-10-02T22:30:24+00:00
2026-10-02T18:52:00Z,31048.75,31055.5,31045.75,31047.0,490,2026-10-02T22:30:24+00:00
2026-10-02T18:53:00Z,31046.75,31048.25,31043.0,31045.0,267,2026-10-02T22:30:24+00:00
2026-10-02T18:54:00Z,31044.5,31054.0,31041.25,31053.5,337,2026-10-02T22:30:24+00:00
2026-10-02T18:55:00Z,31053.5,31054.5,31048.25,31052.75,310,2026-10-02T22:30:24+00:00
2026-10-02T18:56:00Z,31052.75,31053.25,31044.75,31046.0,267,2026-10-02T22:30:24+00:00
2026-10-02T18:57:00Z,31045.75,31050.25,31045.25,31046.0,162,2026-10-02T22:30:24+00:00
2026-10-02T18:58:00Z,31046.5,31050.5,31044.0,31046.0,293,2026-10-02T22:30:24+00:00
2026-10-02T18:59:00Z,31047.0,31050.75,31040.5,31043.0,372,2026-10-02T22:30:24+00:00
2026-10-02T19:00:00Z,31043.75,31054.0,31041.0,31050.75,551,2026-10-02T22:30:24+00:00
2026-10-02T19:01:00Z,31051.0,31052.0,31046.5,31049.0,236,2026-10-02T22:30:24+00:00
2026-10-02T19:02:00Z,31049.0,31050.25,31044.25,31046.25,181,2026-10-02T22:30:24+00:00
2026-10-02T19:03:00Z,31047.25,31047.25,31040.0,31044.0,273,2026-10-02T22:30:24+00:00
2026-10-02T19:04:00Z,31044.0,31048.25,31042.5,31044.5,223,2026-10-02T22:30:24+00:00
2026-10-02T19:05:00Z,31045.25,31046.75,31042.25,31044.25,189,2026-10-02T22:30:24+00:00
2026-10-02T19:06:00Z,31045.0,31046.25,31039.25,31040.5,155,2026-10-02T22:30:24+00:00
2026-10-02T19:07:00Z,31040.75,31044.25,31035.25,31039.5,392,2026-10-02T22:30:24+00:00
2026-10-02T19:08:00Z,31039.5,31039.5,31030.0,31033.5,422,2026-10-02T22:30:24+00:00
2026-10-02T19:09:00Z,31032.75,31035.0,31029.0,31031.25,272,2026-10-02T22:30:24+00:00
2026-10-02T19:10:00Z,31031.25,31033.5,31026.75,31031.0,672,2026-10-02T22:30:24+00:00
2026-10-02T19:11:00Z,31030.0,31036.5,31029.25,31032.5,855,2026-10-02T22:30:24+00:00
2026-10-02T19:12:00Z,31032.5,31039.5,31030.25,31036.75,789,2026-10-02T22:30:24+00:00
2026-10-02T19:13:00Z,31037.25,31042.25,31036.75,31041.75,938,2026-10-02T22:30:24+00:00
2026-10-02T19:14:00Z,31041.25,31042.75,31035.75,31040.0,723,2026-10-02T22:30:24+00:00
2026-10-02T19:15:00Z,31040.25,31046.0,31038.0,31043.25,618,2026-10-02T22:30:24+00:00
2026-10-02T19:16:00Z,31043.5,31045.5,31032.25,31038.75,888,2026-10-02T22:30:24+00:00
2026-10-02T19:17:00Z,31039.0,31049.0,31039.0,31042.0,850,2026-10-02T22:30:24+00:00
2026-10-02T19:18:00Z,31042.0,31051.0,31037.0,31048.5,1112,2026-10-02T22:30:24+00:00
2026-10-02T19:19:00Z,31049.25,31049.5,31042.25,31044.5,645,2026-10-02T22:30:24+00:00
2026-10-02T19:20:00Z,31044.75,31048.75,31041.25,31043.5,1076,2026-10-02T22:30:24+00:00
2026-10-02T19:21:00Z,31044.0,31044.25,31039.25,31040.25,578,2026-10-02T22:30:24+00:00
2026-10-02T19:22:00Z,31039.5,31041.75,31036.0,31037.25,680,2026-10-02T22:30:24+00:00
2026-10-02T19:23:00Z,31037.5,31040.25,31033.25,31038.25,589,2026-10-02T22:30:24+00:00
2026-10-02T19:24:00Z,31039.5,31052.5,31039.25,31050.75,728,2026-10-02T22:30:24+00:00
2026-10-02T19:25:00Z,31050.75,31061.5,31050.25,31056.75,882,2026-10-02T22:30:24+00:00
2026-10-02T19:26:00Z,31056.5,31059.5,31049.25,31049.75,427,2026-10-02T22:30:24+00:00
2026-10-02T19:27:00Z,31049.75,31052.25,31047.25,31048.5,337,2026-10-02T22:30:24+00:00
2026-10-02T19:28:00Z,31049.5,31054.0,31048.75,31052.25,282,2026-10-02T22:30:24+00:00
2026-10-02T19:29:00Z,31050.5,31052.25,31041.25,31050.5,490,2026-10-02T22:30:24+00:00
2026-10-02T19:30:00Z,31050.5,31062.75,31049.25,31057.5,629,2026-10-02T22:30:24+00:00
2026-10-02T19:31:00Z,31057.5,31068.25,31057.25,31063.5,766,2026-10-02T22:30:24+00:00
2026-10-02T19:32:00Z,31063.0,31067.0,31060.25,31062.25,496,2026-10-02T22:30:24+00:00
2026-10-02T19:33:00Z,31062.5,31062.5,31056.0,31059.5,477,2026-10-02T22:30:24+00:00
2026-10-02T19:34:00Z,31060.25,31068.75,31060.25,31066.0,684,2026-10-02T22:30:24+00:00
2026-10-02T19:35:00Z,31065.5,31069.0,31060.5,31067.0,509,2026-10-02T22:30:24+00:00
2026-10-02T19:36:00Z,31066.75,31077.75,31066.5,31071.5,827,2026-10-02T22:30:24+00:00
2026-10-02T19:37:00Z,31071.5,31081.5,31070.25,31081.0,559,2026-10-02T22:30:24+00:00
2026-10-02T19:38:00Z,31081.5,31090.75,31080.25,31083.0,1082,2026-10-02T22:30:24+00:00
2026-10-02T19:39:00Z,31083.0,31084.25,31075.0,31077.5,520,2026-10-02T22:30:24+00:00
2026-10-02T19:40:00Z,31077.75,31082.5,31068.5,31071.0,687,2026-10-02T22:30:24+00:00
2026-10-02T19:41:00Z,31071.0,31073.5,31066.5,31068.0,523,2026-10-02T22:30:24+00:00
2026-10-02T19:42:00Z,31068.25,31068.25,31057.25,31059.75,625,2026-10-02T22:30:24+00:00
2026-10-02T19:43:00Z,31060.25,31062.25,31057.5,31061.0,469,2026-10-02T22:30:24+00:00
2026-10-02T19:44:00Z,31061.25,31070.75,31060.75,31069.0,631,2026-10-02T22:30:24+00:00
2026-10-02T19:45:00Z,31069.0,31088.0,31068.5,31075.5,1392,2026-10-02T22:30:24+00:00
2026-10-02T19:46:00Z,31075.5,31085.0,31074.25,31082.0,574,2026-10-02T22:30:24+00:00
2026-10-02T19:47:00Z,31082.5,31089.25,31082.5,31084.0,705,2026-10-02T22:30:24+00:00
2026-10-02T19:48:00Z,31084.25,31084.5,31072.5,31075.75,778,2026-10-02T22:30:24+00:00
2026-10-02T19:49:00Z,31076.0,31080.0,31063.5,31069.75,801,2026-10-02T22:30:24+00:00
2026-10-02T19:50:00Z,31069.75,31090.0,31064.0,31073.0,1223,2026-10-02T22:30:24+00:00
2026-10-02T19:51:00Z,31073.25,31076.75,31068.75,31071.75,868,2026-10-02T22:30:24+00:00
2026-10-02T19:52:00Z,31072.0,31072.25,31063.75,31065.25,784,2026-10-02T22:30:24+00:00
2026-10-02T19:53:00Z,31065.5,31076.0,31058.0,31074.0,1122,2026-10-02T22:30:24+00:00
2026-10-02T19:54:00Z,31074.25,31076.25,31048.25,31053.25,1711,2026-10-02T22:30:24+00:00
2026-10-02T19:55:00Z,31053.5,31066.75,31039.5,31048.75,1827,2026-10-02T22:30:24+00:00
2026-10-02T19:56:00Z,31049.0,31054.75,31041.5,31049.0,1232,2026-10-02T22:30:24+00:00
2026-10-02T19:57:00Z,31049.0,31061.5,31048.0,31060.25,1281,2026-10-02T22:30:24+00:00
2026-10-02T19:58:00Z,31060.5,31069.5,31054.0,31064.25,1524,2026-10-02T22:30:24+00:00
2026-10-02T19:59:00Z,31064.0,31071.0,31050.75,31070.0,6781,2026-10-02T22:30:24+00:00
2026-10-02T20:00:00Z,31070.0,31080.0,31063.5,31072.5,1978,2026-10-02T22:30:24+00:00
2026-10-02T20:01:00Z,31073.0,31082.5,31071.0,31082.0,732,2026-10-02T22:30:24+00:00
2026-10-02T20:02:00Z,31082.25,31087.75,31080.0,31082.75,699,2026-10-02T22:30:24+00:00
2026-10-02T20:03:00Z,31082.5,31082.75,31074.75,31078.75,513,2026-10-02T22:30:24+00:00
2026-10-02T20:04:00Z,31078.5,31083.0,31075.0,31076.75,391,2026-10-02T22:30:24+00:00
2026-10-02T20:05:00Z,31076.5,31081.0,31073.75,31079.75,412,2026-10-02T22:30:24+00:00
2026-10-02T20:06:00Z,31080.0,31083.0,31074.25,31075.25,348,2026-10-02T22:30:24+00:00
2026-10-02T20:07:00Z,31075.75,31085.5,31075.25,31080.25,500,2026-10-02T22:30:24+00:00
2026-10-02T20:08:00Z,31081.0,31081.0,31076.5,31078.25,271,2026-10-02T22:30:24+00:00
2026-10-02T20:09:00Z,31078.25,31082.25,31074.75,31079.75,304,2026-10-02T22:30:24+00:00
2026-10-02T20:10:00Z,31079.5,31082.0,31075.0,31079.0,222,2026-10-02T22:30:24+00:00
2026-10-02T20:11:00Z,31079.75,31082.5,31078.0,31079.5,153,2026-10-02T22:30:24+00:00
2026-10-02T20:12:00Z,31080.25,31084.25,31080.0,31083.75,121,2026-10-02T22:30:24+00:00
2026-10-02T20:13:00Z,31083.5,31090.5,31083.25,31088.0,255,2026-10-02T22:30:24+00:00
2026-10-02T20:14:00Z,31088.25,31094.0,31086.0,31086.5,320,2026-10-02T22:30:24+00:00
2026-10-02T20:15:00Z,31086.0,31089.25,31081.0,31088.0,156,2026-10-02T22:30:24+00:00
2026-10-02T20:16:00Z,31087.5,31090.0,31083.75,31086.25,127,2026-10-02T22:30:24+00:00
2026-10-02T20:17:00Z,31086.0,31086.0,31082.75,31082.75,76,2026-10-02T22:30:24+00:00
2026-10-02T20:18:00Z,31082.5,31082.5,31074.0,31078.5,175,2026-10-02T22:30:24+00:00
2026-10-02T20:19:00Z,31078.75,31083.0,31076.5,31076.5,93,2026-10-02T22:30:24+00:00
2026-10-02T20:20:00Z,31076.0,31080.0,31074.75,31078.75,104,2026-10-02T22:30:24+00:00
2026-10-02T20:21:00Z,31078.0,31078.25,31072.25,31073.25,80,2026-10-02T22:30:24+00:00
2026-10-02T20:22:00Z,31072.5,31072.5,31069.0,31071.0,109,2026-10-02T22:30:24+00:00
2026-10-02T20:23:00Z,31070.5,31073.0,31069.5,31071.5,98,2026-10-02T22:30:24+00:00
2026-10-02T20:24:00Z,31071.25,31074.0,31070.5,31072.25,69,2026-10-02T22:30:24+00:00
2026-10-02T20:25:00Z,31071.75,31073.0,31069.0,31070.5,69,2026-10-02T22:30:24+00:00
2026-10-02T20:26:00Z,31070.5,31071.25,31069.5,31070.0,17,2026-10-02T22:30:24+00:00
2026-10-02T20:27:00Z,31069.25,31070.5,31069.0,31070.0,38,2026-10-02T22:30:24+00:00
2026-10-02T20:28:00Z,31069.75,31070.5,31069.0,31070.25,50,2026-10-02T22:30:24+00:00
2026-10-02T20:29:00Z,31070.0,31073.0,31070.0,31072.75,65,2026-10-02T22:30:24+00:00
2026-10-02T20:30:00Z,31073.0,31073.5,31069.0,31069.0,87,2026-10-02T22:30:24+00:00
2026-10-02T20:31:00Z,31070.0,31072.25,31070.0,31071.25,34,2026-10-02T22:30:24+00:00
2026-10-02T20:32:00Z,31072.75,31073.25,31069.0,31069.0,84,2026-10-02T22:30:24+00:00
2026-10-02T20:33:00Z,31069.25,31072.5,31069.0,31071.5,76,2026-10-02T22:30:24+00:00
2026-10-02T20:34:00Z,31071.5,31076.0,31071.25,31075.25,55,2026-10-02T22:30:24+00:00
2026-10-02T20:35:00Z,31076.0,31076.0,31071.5,31072.5,70,2026-10-02T22:30:24+00:00
2026-10-02T20:36:00Z,31072.5,31073.75,31071.25,31073.5,128,2026-10-02T22:30:24+00:00
2026-10-02T20:37:00Z,31073.25,31073.75,31069.25,31069.25,84,2026-10-02T22:30:24+00:00
2026-10-02T20:38:00Z,31069.5,31071.5,31067.75,31069.5,108,2026-10-02T22:30:24+00:00
2026-10-02T20:39:00Z,31069.25,31073.5,31069.0,31071.75,53,2026-10-02T22:30:24+00:00
2026-10-02T20:40:00Z,31070.75,31070.75,31062.0,31065.0,201,2026-10-02T22:30:24+00:00
2026-10-02T20:41:00Z,31065.0,31065.0,31063.25,31063.5,40,2026-10-02T22:30:24+00:00
2026-10-02T20:42:00Z,31063.75,31064.0,31058.5,31061.25,140,2026-10-02T22:30:24+00:00
2026-10-02T20:43:00Z,31061.25,31061.25,31054.25,31056.5,172,2026-10-02T22:30:24+00:00
2026-10-02T20:44:00Z,31056.5,31060.0,31054.0,31058.25,110,2026-10-02T22:30:24+00:00
2026-10-02T20:45:00Z,31059.0,31060.0,31054.0,31054.0,108,2026-10-02T22:30:24+00:00
2026-10-02T20:46:00Z,31054.5,31055.0,31052.25,31054.75,43,2026-10-02T22:30:24+00:00
2026-10-02T20:47:00Z,31054.5,31054.5,31049.0,31050.0,125,2026-10-02T22:30:24+00:00
2026-10-02T20:48:00Z,31050.75,31051.0,31046.75,31048.5,45,2026-10-02T22:30:24+00:00
2026-10-02T20:49:00Z,31047.75,31050.25,31047.75,31049.75,40,2026-10-02T22:30:24+00:00
2026-10-02T20:50:00Z,31050.75,31052.5,31045.75,31048.5,86,2026-10-02T22:30:24+00:00
2026-10-02T20:51:00Z,31047.75,31052.25,31045.5,31050.25,42,2026-10-02T22:30:24+00:00
2026-10-02T20:52:00Z,31050.75,31050.75,31047.75,31049.0,43,2026-10-02T22:30:24+00:00
2026-10-02T20:53:00Z,31049.75,31052.5,31047.75,31051.75,56,2026-10-02T22:30:24+00:00
2026-10-02T20:54:00Z,31051.5,31055.0,31049.25,31052.75,94,2026-10-02T22:30:24+00:00
2026-10-02T20:55:00Z,31053.0,31054.75,31051.25,31052.5,67,2026-10-02T22:30:24+00:00
2026-10-02T20:56:00Z,31051.25,31052.25,31048.0,31048.0,44,2026-10-02T22:30:24+00:00
2026-10-02T20:57:00Z,31048.75,31053.5,31048.75,31053.25,72,2026-10-02T22:30:24+00:00
2026-10-02T20:58:00Z,31053.5,31053.75,31049.5,31053.75,119,2026-10-02T22:30:24+00:00
2026-10-02T20:59:00Z,31052.25,31061.75,31043.75,31061.75,157,2026-10-05T22:30:26+00:00
2026-10-04T22:10:00Z,31131.0,31139.75,31128.0,31132.75,0,2026-10-05T22:30:26+00:00
2026-10-04T22:11:00Z,31132.25,31135.0,31128.75,31133.5,63,2026-10-05T22:30:26+00:00
2026-10-04T22:12:00Z,31134.0,31134.5,31127.25,31131.0,68,2026-10-05T22:30:26+00:00
2026-10-04T22:13:00Z,31130.75,31133.25,31129.25,31132.75,74,2026-10-05T22:30:26+00:00
2026-10-04T22:14:00Z,31133.25,31134.0,31117.75,31118.0,137,2026-10-05T22:30:26+00:00
2026-10-04T22:15:00Z,31119.25,31139.5,31119.25,31138.5,233,2026-10-05T22:30:26+00:00
2026-10-04T22:16:00Z,31138.5,31139.75,31125.0,31129.5,145,2026-10-05T22:30:26+00:00
2026-10-04T22:17:00Z,31130.0,31130.0,31121.5,31127.25,95,2026-10-05T22:30:26+00:00
2026-10-04T22:18:00Z,31127.0,31129.75,31123.0,31126.25,60,2026-10-05T22:30:26+00:00
2026-10-04T22:19:00Z,31125.25,31130.0,31124.75,31127.0,43,2026-10-05T22:30:26+00:00
2026-10-04T22:20:00Z,31127.0,31135.0,31126.0,31132.75,70,2026-10-05T22:30:26+00:00
2026-10-04T22:21:00Z,31132.0,31138.5,31131.25,31137.75,95,2026-10-05T22:30:26+00:00
2026-10-04T22:22:00Z,31136.0,31138.75,31134.75,31135.0,55,2026-10-05T22:30:26+00:00
2026-10-04T22:23:00Z,31135.5,31135.5,31123.5,31126.75,117,2026-10-05T22:30:26+00:00
2026-10-04T22:24:00Z,31128.75,31132.75,31128.75,31132.75,58,2026-10-05T22:30:26+00:00
2026-10-04T22:25:00Z,31133.25,31135.0,31131.75,31133.75,59,2026-10-05T22:30:26+00:00
2026-10-04T22:26:00Z,31134.25,31136.0,31132.75,31133.5,44,2026-10-05T22:30:26+00:00
2026-10-04T22:27:00Z,31135.0,31136.0,31133.25,31134.75,30,2026-10-05T22:30:26+00:00
2026-10-04T22:28:00Z,31135.0,31136.5,31131.0,31131.5,39,2026-10-05T22:30:26+00:00
2026-10-04T22:29:00Z,31132.0,31136.0,31132.0,31134.75,32,2026-10-05T22:30:26+00:00
2026-10-04T22:30:00Z,31132.5,31142.25,31131.75,31142.0,203,2026-10-05T22:30:26+00:00
2026-10-04T22:31:00Z,31142.25,31157.0,31140.75,31153.5,301,2026-10-05T22:30:26+00:00
2026-10-04T22:32:00Z,31154.5,31161.75,31154.0,31156.5,214,2026-10-05T22:30:26+00:00
2026-10-04T22:33:00Z,31156.75,31160.0,31156.25,31156.25,66,2026-10-05T22:30:26+00:00
2026-10-04T22:34:00Z,31157.0,31158.75,31153.25,31155.5,97,2026-10-05T22:30:26+00:00
2026-10-04T22:35:00Z,31157.0,31159.5,31154.0,31158.25,78,2026-10-05T22:30:26+00:00
2026-10-04T22:36:00Z,31159.25,31163.0,31157.75,31160.25,130,2026-10-05T22:30:26+00:00
2026-10-04T22:37:00Z,31160.5,31161.0,31157.0,31160.5,69,2026-10-05T22:30:26+00:00
2026-10-04T22:38:00Z,31160.5,31161.0,31159.5,31159.5,45,2026-10-05T22:30:26+00:00
2026-10-04T22:39:00Z,31159.25,31160.0,31153.75,31154.5,118,2026-10-05T22:30:26+00:00
2026-10-04T22:40:00Z,31154.0,31157.5,31153.25,31154.5,52,2026-10-05T22:30:26+00:00
2026-10-04T22:41:00Z,31157.0,31163.5,31155.5,31161.25,134,2026-10-05T22:30:26+00:00
2026-10-04T22:42:00Z,31160.0,31163.0,31158.5,31161.75,56,2026-10-05T22:30:26+00:00
2026-10-04T22:43:00Z,31162.0,31166.75,31157.5,31159.25,166,2026-10-05T22:30:26+00:00
2026-10-04T22:44:00Z,31158.0,31162.0,31158.0,31162.0,35,2026-10-05T22:30:26+00:00
2026-10-04T22:45:00Z,31161.25,31165.25,31159.75,31164.0,72,2026-10-05T22:30:26+00:00
2026-10-04T22:46:00Z,31164.0,31164.5,31157.0,31160.0,108,2026-10-05T22:30:26+00:00
2026-10-04T22:47:00Z,31159.75,31162.25,31159.25,31160.25,29,2026-10-05T22:30:26+00:00
2026-10-04T22:48:00Z,31159.75,31165.0,31159.75,31163.5,29,2026-10-05T22:30:26+00:00
2026-10-04T22:49:00Z,31162.75,31165.0,31161.25,31163.25,38,2026-10-05T22:30:26+00:00
2026-10-04T22:50:00Z,31162.75,31163.25,31160.0,31160.5,34,2026-10-05T22:30:26+00:00
2026-10-04T22:51:00Z,31160.75,31163.5,31159.75,31162.5,32,2026-10-05T22:30:26+00:00
2026-10-04T22:52:00Z,31163.0,31163.5,31161.25,31161.75,22,2026-10-05T22:30:26+00:00
2026-10-04T22:53:00Z,31162.25,31164.0,31161.5,31161.5,27,2026-10-05T22:30:26+00:00
2026-10-04T22:54:00Z,31162.5,31162.5,31158.0,31161.0,77,2026-10-05T22:30:26+00:00
2026-10-04T22:55:00Z,31161.0,31162.0,31159.5,31160.5,59,2026-10-05T22:30:26+00:00
2026-10-04T22:56:00Z,31161.5,31164.0,31161.5,31162.75,29,2026-10-05T22:30:26+00:00
2026-10-04T22:57:00Z,31161.25,31162.0,31157.25,31162.0,52,2026-10-05T22:30:26+00:00
2026-10-04T22:58:00Z,31162.0,31162.5,31161.25,31162.25,25,2026-10-05T22:30:26+00:00
2026-10-04T22:59:00Z,31161.5,31161.5,31159.25,31160.0,13,2026-10-05T22:30:26+00:00
2026-10-04T23:00:00Z,31160.5,31162.5,31160.0,31160.75,39,2026-10-05T22:30:26+00:00
2026-10-04T23:01:00Z,31160.75,31160.75,31144.25,31147.0,308,2026-10-05T22:30:26+00:00
2026-10-04T23:02:00Z,31148.0,31148.75,31142.0,31144.0,232,2026-10-05T22:30:26+00:00
2026-10-04T23:03:00Z,31145.25,31153.75,31144.5,31153.0,147,2026-10-05T22:30:26+00:00
2026-10-04T23:04:00Z,31153.5,31153.5,31148.0,31149.5,71,2026-10-05T22:30:26+00:00
2026-10-04T23:05:00Z,31150.25,31154.0,31148.0,31151.0,89,2026-10-05T22:30:26+00:00
2026-10-04T23:06:00Z,31153.0,31154.75,31150.0,31153.5,69,2026-10-05T22:30:26+00:00
2026-10-04T23:07:00Z,31152.25,31155.5,31147.0,31151.0,121,2026-10-05T22:30:26+00:00
2026-10-04T23:08:00Z,31151.25,31154.0,31151.0,31151.25,24,2026-10-05T22:30:26+00:00
2026-10-04T23:09:00Z,31151.25,31154.0,31150.5,31152.25,13,2026-10-05T22:30:26+00:00
2026-10-04T23:10:00Z,31153.0,31154.75,31152.0,31152.0,41,2026-10-05T22:30:26+00:00
2026-10-04T23:11:00Z,31151.5,31152.75,31149.0,31149.0,27,2026-10-05T22:30:26+00:00
2026-10-04T23:12:00Z,31150.75,31154.5,31147.25,31154.5,70,2026-10-05T22:30:26+00:00
2026-10-04T23:13:00Z,31153.75,31154.75,31151.75,31154.0,61,2026-10-05T22:30:26+00:00
2026-10-04T23:14:00Z,31153.25,31153.5,31152.0,31153.25,22,2026-10-05T22:30:26+00:00
2026-10-04T23:15:00Z,31153.25,31153.5,31147.5,31148.75,101,2026-10-05T22:30:26+00:00
2026-10-04T23:16:00Z,31149.25,31151.75,31149.25,31151.0,22,2026-10-05T22:30:26+00:00
2026-10-04T23:17:00Z,31151.5,31157.25,31148.0,31156.25,237,2026-10-05T22:30:26+00:00
2026-10-04T23:18:00Z,31157.75,31165.0,31157.75,31160.5,180,2026-10-05T22:30:26+00:00
2026-10-04T23:19:00Z,31161.75,31169.0,31161.25,31167.75,142,2026-10-05T22:30:26+00:00
2026-10-04T23:20:00Z,31168.0,31168.0,31164.0,31166.0,71,2026-10-05T22:30:26+00:00
2026-10-04T23:21:00Z,31164.25,31167.5,31164.25,31166.0,39,2026-10-05T22:30:26+00:00
2026-10-04T23:22:00Z,31165.75,31166.75,31158.0,31158.0,92,2026-10-05T22:30:26+00:00
2026-10-04T23:23:00Z,31158.75,31158.75,31149.25,31153.0,217,2026-10-05T22:30:26+00:00
2026-10-04T23:24:00Z,31154.5,31159.75,31154.0,31158.25,70,2026-10-05T22:30:26+00:00
2026-10-04T23:25:00Z,31157.5,31158.25,31155.75,31156.5,21,2026-10-05T22:30:26+00:00
2026-10-04T23:26:00Z,31157.5,31158.0,31156.0,31157.75,13,2026-10-05T22:30:26+00:00
2026-10-04T23:27:00Z,31157.0,31157.0,31149.0,31150.25,193,2026-10-05T22:30:26+00:00
2026-10-04T23:28:00Z,31151.25,31160.25,31150.5,31154.75,97,2026-10-05T22:30:26+00:00
2026-10-04T23:29:00Z,31156.25,31156.5,31155.25,31155.5,8,2026-10-05T22:30:26+00:00
2026-10-04T23:30:00Z,31156.5,31163.75,31156.5,31161.75,142,2026-10-05T22:30:26+00:00
2026-10-04T23:31:00Z,31162.25,31165.0,31160.25,31162.75,66,2026-10-05T22:30:26+00:00
2026-10-04T23:32:00Z,31160.5,31160.75,31151.75,31155.75,89,2026-10-05T22:30:26+00:00
2026-10-04T23:33:00Z,31154.5,31156.5,31154.0,31155.5,45,2026-10-05T22:30:26+00:00
2026-10-04T23:34:00Z,31155.0,31157.25,31155.0,31155.75,12,2026-10-05T22:30:26+00:00
2026-10-04T23:35:00Z,31156.0,31156.25,31149.0,31150.0,69,2026-10-05T22:30:26+00:00
2026-10-04T23:36:00Z,31152.5,31152.75,31146.75,31148.0,57,2026-10-05T22:30:26+00:00
2026-10-04T23:37:00Z,31148.0,31151.5,31147.0,31148.5,74,2026-10-05T22:30:26+00:00
2026-10-04T23:38:00Z,31148.5,31149.0,31146.75,31147.75,24,2026-10-05T22:30:26+00:00
2026-10-04T23:39:00Z,31147.5,31151.75,31145.0,31151.5,76,2026-10-05T22:30:26+00:00
2026-10-04T23:40:00Z,31152.5,31160.5,31152.25,31159.0,97,2026-10-05T22:30:26+00:00
2026-10-04T23:41:00Z,31158.25,31159.75,31153.75,31153.75,26,2026-10-05T22:30:26+00:00
2026-10-04T23:42:00Z,31155.25,31160.0,31155.25,31159.25,43,2026-10-05T22:30:26+00:00
2026-10-04T23:43:00Z,31158.25,31162.25,31158.25,31160.75,60,2026-10-05T22:30:26+00:00
2026-10-04T23:44:00Z,31161.25,31163.5,31159.0,31162.0,88,2026-10-05T22:30:26+00:00
2026-10-04T23:45:00Z,31161.75,31163.0,31149.25,31151.75,93,2026-10-05T22:30:26+00:00
2026-10-04T23:46:00Z,31154.0,31156.25,31149.0,31153.25,49,2026-10-05T22:30:26+00:00
2026-10-04T23:47:00Z,31151.25,31152.75,31143.5,31148.25,106,2026-10-05T22:30:26+00:00
2026-10-04T23:48:00Z,31148.5,31148.75,31142.25,31143.75,82,2026-10-05T22:30:26+00:00
2026-10-04T23:49:00Z,31141.75,31142.25,31120.0,31125.0,558,2026-10-05T22:30:26+00:00
2026-10-04T23:50:00Z,31123.0,31126.0,31120.75,31125.25,166,2026-10-05T22:30:26+00:00
2026-10-04T23:51:00Z,31125.5,31129.25,31123.75,31125.0,117,2026-10-05T22:30:26+00:00
2026-10-04T23:52:00Z,31126.75,31128.25,31124.5,31126.25,35,2026-10-05T22:30:26+00:00
2026-10-04T23:53:00Z,31126.25,31133.0,31125.5,31130.5,109,2026-10-05T22:30:26+00:00
2026-10-04T23:54:00Z,31131.0,31132.75,31129.0,31131.75,52,2026-10-05T22:30:26+00:00
2026-10-04T23:55:00Z,31130.75,31134.5,31129.0,31131.0,75,2026-10-05T22:30:26+00:00
2026-10-04T23:56:00Z,31132.0,31132.75,31128.75,31132.75,35,2026-10-05T22:30:26+00:00
2026-10-04T23:57:00Z,31131.0,31133.5,31129.5,31132.75,34,2026-10-05T22:30:26+00:00
2026-10-04T23:58:00Z,31133.25,31134.5,31128.75,31133.5,102,2026-10-05T22:30:26+00:00
2026-10-04T23:59:00Z,31134.0,31149.75,31134.0,31146.75,233,2026-10-05T22:30:26+00:00
2026-10-05T00:00:00Z,31144.75,31144.75,31124.25,31132.25,406,2026-10-05T22:30:26+00:00
2026-10-05T00:01:00Z,31132.25,31141.25,31127.5,31139.25,226,2026-10-05T22:30:26+00:00
2026-10-05T00:02:00Z,31140.5,31143.5,31131.0,31131.75,156,2026-10-05T22:30:26+00:00
2026-10-05T00:03:00Z,31132.75,31144.25,31132.0,31142.5,111,2026-10-05T22:30:26+00:00
2026-10-05T00:04:00Z,31142.5,31158.25,31140.25,31155.5,170,2026-10-05T22:30:26+00:00
2026-10-05T00:05:00Z,31154.75,31166.0,31149.75,31159.75,307,2026-10-05T22:30:26+00:00
2026-10-05T00:06:00Z,31161.25,31162.25,31147.25,31156.25,256,2026-10-05T22:30:26+00:00
2026-10-05T00:07:00Z,31156.75,31156.75,31148.25,31151.25,131,2026-10-05T22:30:26+00:00
2026-10-05T00:08:00Z,31152.5,31167.0,31151.0,31161.5,228,2026-10-05T22:30:26+00:00
2026-10-05T00:09:00Z,31161.75,31167.5,31160.5,31166.5,94,2026-10-05T22:30:26+00:00
2026-10-05T00:10:00Z,31166.5,31179.0,31164.75,31177.75,424,2026-10-05T22:30:26+00:00
2026-10-05T00:11:00Z,31179.0,31194.5,31178.0,31181.0,463,2026-10-05T22:30:26+00:00
2026-10-05T00:12:00Z,31180.5,31181.25,31165.75,31165.75,320,2026-10-05T22:30:26+00:00
2026-10-05T00:13:00Z,31167.0,31169.5,31155.25,31162.25,268,2026-10-05T22:30:26+00:00
2026-10-05T00:14:00Z,31162.25,31165.25,31157.75,31163.75,68,2026-10-05T22:30:26+00:00
2026-10-05T00:15:00Z,31165.5,31180.0,31161.5,31178.75,320,2026-10-05T22:30:26+00:00
2026-10-05T00:16:00Z,31178.75,31180.0,31169.5,31169.5,149,2026-10-05T22:30:26+00:00
2026-10-05T00:17:00Z,31170.25,31178.0,31169.75,31170.5,112,2026-10-05T22:30:26+00:00
2026-10-05T00:18:00Z,31171.0,31173.0,31166.0,31170.5,104,2026-10-05T22:30:26+00:00
2026-10-05T00:19:00Z,31171.5,31182.75,31171.0,31182.25,149,2026-10-05T22:30:26+00:00
2026-10-05T00:20:00Z,31181.5,31188.5,31180.25,31184.25,171,2026-10-05T22:30:26+00:00
2026-10-05T00:21:00Z,31183.0,31184.25,31177.75,31179.5,73,2026-10-05T22:30:26+00:00
2026-10-05T00:22:00Z,31178.0,31182.75,31177.25,31180.25,66,2026-10-05T22:30:26+00:00
2026-10-05T00:23:00Z,31180.0,31181.75,31173.5,31176.0,61,2026-10-05T22:30:26+00:00
2026-10-05T00:24:00Z,31177.25,31177.5,31174.0,31176.75,59,2026-10-05T22:30:26+00:00
2026-10-05T00:25:00Z,31177.0,31177.5,31155.0,31156.0,279,2026-10-05T22:30:26+00:00
2026-10-05T00:26:00Z,31158.75,31163.75,31154.75,31161.75,136,2026-10-05T22:30:26+00:00
2026-10-05T00:27:00Z,31162.5,31164.0,31155.5,31156.75,63,2026-10-05T22:30:26+00:00
2026-10-05T00:28:00Z,31156.5,31158.25,31142.75,31143.0,206,2026-10-05T22:30:26+00:00
2026-10-05T00:29:00Z,31143.5,31148.25,31140.25,31146.5,153,2026-10-05T22:30:26+00:00
2026-10-05T00:30:00Z,31146.5,31148.0,31141.5,31143.0,110,2026-10-05T22:30:26+00:00
2026-10-05T00:31:00Z,31142.0,31146.25,31136.25,31146.0,191,2026-10-05T22:30:26+00:00
2026-10-05T00:32:00Z,31147.0,31151.0,31143.5,31148.0,128,2026-10-05T22:30:26+00:00
2026-10-05T00:33:00Z,31148.25,31151.75,31147.0,31150.25,52,2026-10-05T22:30:26+00:00
2026-10-05T00:34:00Z,31150.0,31163.5,31148.0,31163.25,199,2026-10-05T22:30:26+00:00
2026-10-05T00:35:00Z,31163.0,31165.5,31158.25,31163.75,112,2026-10-05T22:30:26+00:00
2026-10-05T00:36:00Z,31163.5,31172.25,31161.25,31172.0,149,2026-10-05T22:30:26+00:00
2026-10-05T00:37:00Z,31172.25,31174.25,31166.75,31169.5,120,2026-10-05T22:30:26+00:00
2026-10-05T00:38:00Z,31170.25,31173.5,31168.75,31168.75,55,2026-10-05T22:30:26+00:00
2026-10-05T00:39:00Z,31168.25,31173.0,31167.0,31168.0,60,2026-10-05T22:30:26+00:00
2026-10-05T00:40:00Z,31168.75,31174.5,31165.75,31170.0,76,2026-10-05T22:30:26+00:00
2026-10-05T00:41:00Z,31169.25,31171.0,31167.0,31171.0,50,2026-10-05T22:30:26+00:00
2026-10-05T00:42:00Z,31169.5,31179.0,31167.75,31177.25,94,2026-10-05T22:30:26+00:00
2026-10-05T00:43:00Z,31177.0,31184.25,31176.0,31178.75,113,2026-10-05T22:30:26+00:00
2026-10-05T00:44:00Z,31179.25,31181.25,31178.0,31179.75,38,2026-10-05T22:30:26+00:00
2026-10-05T00:45:00Z,31179.5,31183.0,31174.5,31175.25,80,2026-10-05T22:30:26+00:00
2026-10-05T00:46:00Z,31175.5,31176.0,31169.75,31171.25,95,2026-10-05T22:30:26+00:00
2026-10-05T00:47:00Z,31172.0,31178.0,31171.75,31177.0,68,2026-10-05T22:30:26+00:00
2026-10-05T00:48:00Z,31178.0,31181.0,31176.25,31176.75,58,2026-10-05T22:30:26+00:00
2026-10-05T00:49:00Z,31175.5,31175.5,31170.25,31175.0,71,2026-10-05T22:30:26+00:00
2026-10-05T00:50:00Z,31174.5,31178.5,31171.5,31177.0,82,2026-10-05T22:30:26+00:00
2026-10-05T00:51:00Z,31176.25,31180.25,31175.0,31175.5,86,2026-10-05T22:30:26+00:00
2026-10-05T00:52:00Z,31177.0,31180.0,31177.0,31177.5,35,2026-10-05T22:30:26+00:00
2026-10-05T00:53:00Z,31178.25,31185.5,31177.0,31179.25,120,2026-10-05T22:30:26+00:00
2026-10-05T00:54:00Z,31178.75,31180.5,31176.25,31177.25,46,2026-10-05T22:30:26+00:00
2026-10-05T00:55:00Z,31177.75,31184.75,31177.75,31183.0,59,2026-10-05T22:30:26+00:00
2026-10-05T00:56:00Z,31182.25,31183.75,31181.0,31181.25,26,2026-10-05T22:30:26+00:00
2026-10-05T00:57:00Z,31181.0,31183.5,31179.25,31182.5,54,2026-10-05T22:30:26+00:00
2026-10-05T00:58:00Z,31183.0,31190.0,31182.5,31188.25,117,2026-10-05T22:30:26+00:00
2026-10-05T00:59:00Z,31188.0,31191.25,31183.75,31187.0,94,2026-10-05T22:30:26+00:00
2026-10-05T01:00:00Z,31186.75,31188.25,31180.25,31185.75,130,2026-10-05T22:30:26+00:00
2026-10-05T01:01:00Z,31185.5,31196.25,31183.5,31194.0,223,2026-10-05T22:30:26+00:00
2026-10-05T01:02:00Z,31194.0,31194.25,31183.5,31189.0,126,2026-10-05T22:30:26+00:00
2026-10-05T01:03:00Z,31189.75,31192.25,31184.25,31188.5,100,2026-10-05T22:30:26+00:00
2026-10-05T01:04:00Z,31186.75,31193.75,31186.0,31193.75,79,2026-10-05T22:30:26+00:00
2026-10-05T01:05:00Z,31194.25,31200.25,31191.75,31197.5,266,2026-10-05T22:30:26+00:00
2026-10-05T01:06:00Z,31197.5,31202.75,31197.0,31202.75,150,2026-10-05T22:30:26+00:00
2026-10-05T01:07:00Z,31202.5,31204.75,31198.0,31198.0,117,2026-10-05T22:30:26+00:00
2026-10-05T01:08:00Z,31197.0,31197.0,31190.5,31192.0,119,2026-10-05T22:30:26+00:00
2026-10-05T01:09:00Z,31192.5,31193.5,31187.5,31190.25,101,2026-10-05T22:30:26+00:00
2026-10-05T01:10:00Z,31190.25,31194.5,31187.0,31192.0,158,2026-10-05T22:30:26+00:00
2026-10-05T01:11:00Z,31191.25,31197.75,31190.0,31194.25,58,2026-10-05T22:30:26+00:00
2026-10-05T01:12:00Z,31195.0,31199.25,31195.0,31196.25,76,2026-10-05T22:30:26+00:00
2026-10-05T01:13:00Z,31195.75,31200.75,31195.75,31198.25,88,2026-10-05T22:30:26+00:00
2026-10-05T01:14:00Z,31196.5,31199.0,31196.0,31197.25,35,2026-10-05T22:30:26+00:00
2026-10-05T01:15:00Z,31198.0,31198.5,31188.25,31191.75,75,2026-10-05T22:30:26+00:00
2026-10-05T01:16:00Z,31192.75,31196.5,31190.25,31195.0,45,2026-10-05T22:30:26+00:00
2026-10-05T01:17:00Z,31195.5,31197.25,31193.0,31196.0,47,2026-10-05T22:30:26+00:00
2026-10-05T01:18:00Z,31195.5,31199.75,31194.25,31197.5,58,2026-10-05T22:30:26+00:00
2026-10-05T01:19:00Z,31198.0,31203.0,31197.75,31201.25,84,2026-10-05T22:30:26+00:00
2026-10-05T01:20:00Z,31201.5,31202.5,31198.75,31199.0,58,2026-10-05T22:30:26+00:00
2026-10-05T01:21:00Z,31198.75,31202.5,31196.75,31198.75,51,2026-10-05T22:30:26+00:00
2026-10-05T01:22:00Z,31200.25,31201.0,31197.75,31201.0,45,2026-10-05T22:30:26+00:00
2026-10-05T01:23:00Z,31201.75,31207.75,31201.0,31207.5,168,2026-10-05T22:30:26+00:00
2026-10-05T01:24:00Z,31207.5,31213.0,31205.5,31209.25,266,2026-10-05T22:30:26+00:00
2026-10-05T01:25:00Z,31209.0,31210.0,31206.75,31208.25,65,2026-10-05T22:30:26+00:00
2026-10-05T01:26:00Z,31207.25,31208.75,31205.25,31206.75,43,2026-10-05T22:30:26+00:00
2026-10-05T01:27:00Z,31207.5,31214.25,31207.25,31211.5,105,2026-10-05T22:30:26+00:00
2026-10-05T01:28:00Z,31211.5,31215.25,31211.25,31214.5,97,2026-10-05T22:30:26+00:00
2026-10-05T01:29:00Z,31215.0,31220.0,31209.0,31209.75,225,2026-10-05T22:30:26+00:00
2026-10-05T01:30:00Z,31209.75,31213.5,31203.5,31206.0,125,2026-10-05T22:30:26+00:00
2026-10-05T01:31:00Z,31207.75,31207.75,31199.5,31206.75,200,2026-10-05T22:30:26+00:00
2026-10-05T01:32:00Z,31208.5,31209.5,31204.75,31207.5,83,2026-10-05T22:30:26+00:00
2026-10-05T01:33:00Z,31206.0,31210.25,31205.25,31208.0,70,2026-10-05T22:30:26+00:00
2026-10-05T01:34:00Z,31207.25,31208.25,31205.0,31206.75,48,2026-10-05T22:30:26+00:00
2026-10-05T01:35:00Z,31205.75,31213.0,31204.5,31211.0,88,2026-10-05T22:30:26+00:00
2026-10-05T01:36:00Z,31211.25,31212.25,31207.0,31211.25,57,2026-10-05T22:30:26+00:00
2026-10-05T01:37:00Z,31211.5,31216.5,31208.0,31208.0,105,2026-10-05T22:30:26+00:00
2026-10-05T01:38:00Z,31208.75,31213.5,31208.75,31211.0,69,2026-10-05T22:30:26+00:00
2026-10-05T01:39:00Z,31211.25,31211.5,31208.5,31210.25,33,2026-10-05T22:30:26+00:00
2026-10-05T01:40:00Z,31211.5,31220.0,31211.5,31215.5,171,2026-10-05T22:30:26+00:00
2026-10-05T01:41:00Z,31215.75,31220.5,31214.5,31219.25,87,2026-10-05T22:30:26+00:00
2026-10-05T01:42:00Z,31219.5,31221.25,31214.5,31214.5,107,2026-10-05T22:30:26+00:00
2026-10-05T01:43:00Z,31215.0,31215.0,31210.0,31212.0,87,2026-10-05T22:30:26+00:00
2026-10-05T01:44:00Z,31213.0,31214.25,31210.0,31211.0,77,2026-10-05T22:30:26+00:00
2026-10-05T01:45:00Z,31211.25,31213.5,31206.75,31210.25,154,2026-10-05T22:30:26+00:00
2026-10-05T01:46:00Z,31210.75,31217.0,31210.0,31216.25,50,2026-10-05T22:30:26+00:00
2026-10-05T01:47:00Z,31217.0,31218.0,31214.5,31216.25,45,2026-10-05T22:30:26+00:00
2026-10-05T01:48:00Z,31216.5,31218.5,31214.5,31216.0,46,2026-10-05T22:30:26+00:00
2026-10-05T01:49:00Z,31214.5,31215.0,31209.0,31211.5,68,2026-10-05T22:30:26+00:00
2026-10-05T01:50:00Z,31209.5,31213.25,31209.25,31210.25,60,2026-10-05T22:30:26+00:00
2026-10-05T01:51:00Z,31210.5,31212.0,31208.0,31208.75,58,2026-10-05T22:30:26+00:00
2026-10-05T01:52:00Z,31208.5,31210.75,31204.75,31209.75,109,2026-10-05T22:30:26+00:00
2026-10-05T01:53:00Z,31211.0,31211.0,31205.0,31206.5,56,2026-10-05T22:30:26+00:00
2026-10-05T01:54:00Z,31205.75,31209.5,31198.0,31201.25,192,2026-10-05T22:30:26+00:00
2026-10-05T01:55:00Z,31201.75,31202.75,31196.25,31196.75,132,2026-10-05T22:30:26+00:00
2026-10-05T01:56:00Z,31197.0,31198.5,31194.0,31196.0,97,2026-10-05T22:30:26+00:00
2026-10-05T01:57:00Z,31194.75,31200.5,31193.75,31196.0,110,2026-10-05T22:30:26+00:00
2026-10-05T01:58:00Z,31196.0,31196.0,31191.75,31193.5,102,2026-10-05T22:30:26+00:00
2026-10-05T01:59:00Z,31194.0,31196.25,31187.5,31189.75,117,2026-10-05T22:30:26+00:00
2026-10-05T02:00:00Z,31188.75,31195.75,31184.75,31190.5,175,2026-10-05T22:30:26+00:00
2026-10-05T02:01:00Z,31190.0,31190.75,31180.5,31188.75,167,2026-10-05T22:30:26+00:00
2026-10-05T02:02:00Z,31188.75,31190.75,31185.5,31190.0,86,2026-10-05T22:30:26+00:00
2026-10-05T02:03:00Z,31190.25,31192.5,31188.75,31191.25,69,2026-10-05T22:30:26+00:00
2026-10-05T02:04:00Z,31191.5,31197.25,31190.25,31192.0,117,2026-10-05T22:30:26+00:00
2026-10-05T02:05:00Z,31191.75,31195.25,31190.75,31194.0,57,2026-10-05T22:30:26+00:00
2026-10-05T02:06:00Z,31194.25,31196.5,31190.5,31191.0,113,2026-10-05T22:30:26+00:00
2026-10-05T02:07:00Z,31192.75,31194.0,31185.0,31189.0,137,2026-10-05T22:30:26+00:00
2026-10-05T02:08:00Z,31189.5,31190.5,31188.0,31189.5,53,2026-10-05T22:30:26+00:00
2026-10-05T02:09:00Z,31190.0,31192.5,31187.0,31187.5,50,2026-10-05T22:30:26+00:00
2026-10-05T02:10:00Z,31188.0,31190.0,31186.75,31186.75,45,2026-10-05T22:30:26+00:00
2026-10-05T02:11:00Z,31187.75,31190.5,31185.25,31187.5,55,2026-10-05T22:30:26+00:00
2026-10-05T02:12:00Z,31188.75,31189.5,31185.0,31187.25,30,2026-10-05T22:30:26+00:00
2026-10-05T02:13:00Z,31188.25,31189.25,31185.5,31187.75,49,2026-10-05T22:30:26+00:00
2026-10-05T02:14:00Z,31187.25,31191.0,31185.25,31191.0,56,2026-10-05T22:30:26+00:00
2026-10-05T02:15:00Z,31189.5,31196.5,31188.75,31194.0,104,2026-10-05T22:30:26+00:00
2026-10-05T02:16:00Z,31192.75,31201.5,31191.25,31199.25,305,2026-10-05T22:30:26+00:00
2026-10-05T02:17:00Z,31199.25,31202.25,31193.75,31194.0,123,2026-10-05T22:30:26+00:00
2026-10-05T02:18:00Z,31194.5,31196.0,31190.5,31194.5,97,2026-10-05T22:30:26+00:00
2026-10-05T02:19:00Z,31193.25,31193.75,31181.75,31184.0,217,2026-10-05T22:30:26+00:00
2026-10-05T02:20:00Z,31183.25,31187.5,31180.0,31181.0,142,2026-10-05T22:30:26+00:00
2026-10-05T02:21:00Z,31180.75,31183.25,31177.25,31180.5,161,2026-10-05T22:30:26+00:00
2026-10-05T02:22:00Z,31181.0,31187.25,31180.5,31184.25,61,2026-10-05T22:30:26+00:00
2026-10-05T02:23:00Z,31183.75,31188.0,31182.75,31183.0,76,2026-10-05T22:30:26+00:00
2026-10-05T02:24:00Z,31182.5,31184.0,31179.75,31180.5,79,2026-10-05T22:30:26+00:00
2026-10-05T02:25:00Z,31180.25,31182.25,31177.0,31177.75,166,2026-10-05T22:30:26+00:00
2026-10-05T02:26:00Z,31178.0,31182.5,31175.75,31181.0,102,2026-10-05T22:30:26+00:00
2026-10-05T02:27:00Z,31181.5,31182.25,31178.0,31178.0,33,2026-10-05T22:30:26+00:00
2026-10-05T02:28:00Z,31177.5,31185.5,31177.0,31183.75,79,2026-10-05T22:30:26+00:00
2026-10-05T02:29:00Z,31183.25,31183.75,31180.75,31180.75,34,2026-10-05T22:30:26+00:00
2026-10-05T02:30:00Z,31181.0,31181.5,31173.5,31173.75,190,2026-10-05T22:30:26+00:00
2026-10-05T02:31:00Z,31173.5,31178.25,31172.5,31175.75,101,2026-10-05T22:30:26+00:00
2026-10-05T02:32:00Z,31175.75,31178.5,31173.5,31175.5,57,2026-10-05T22:30:26+00:00
2026-10-05T02:33:00Z,31173.75,31175.0,31165.0,31165.0,267,2026-10-05T22:30:26+00:00
2026-10-05T02:34:00Z,31166.25,31169.75,31161.0,31161.0,179,2026-10-05T22:30:26+00:00
2026-10-05T02:35:00Z,31161.75,31162.75,31149.5,31157.25,384,2026-10-05T22:30:26+00:00
2026-10-05T02:36:00Z,31156.0,31159.0,31149.75,31158.25,135,2026-10-05T22:30:26+00:00
2026-10-05T02:37:00Z,31158.25,31164.0,31157.5,31160.25,124,2026-10-05T22:30:26+00:00
2026-10-05T02:38:00Z,31161.5,31162.25,31158.25,31159.75,80,2026-10-05T22:30:26+00:00
2026-10-05T02:39:00Z,31160.0,31167.5,31160.0,31165.25,86,2026-10-05T22:30:26+00:00
2026-10-05T02:40:00Z,31165.25,31167.75,31160.0,31163.0,71,2026-10-05T22:30:26+00:00
2026-10-05T02:41:00Z,31163.0,31168.0,31161.5,31167.0,64,2026-10-05T22:30:26+00:00
2026-10-05T02:42:00Z,31166.25,31169.5,31158.75,31160.75,96,2026-10-05T22:30:26+00:00
2026-10-05T02:43:00Z,31159.0,31159.75,31138.5,31145.75,460,2026-10-05T22:30:26+00:00
2026-10-05T02:44:00Z,31146.0,31150.5,31143.5,31147.25,170,2026-10-05T22:30:26+00:00
2026-10-05T02:45:00Z,31146.25,31152.0,31144.25,31149.25,110,2026-10-05T22:30:26+00:00
2026-10-05T02:46:00Z,31150.0,31152.25,31144.25,31150.75,127,2026-10-05T22:30:26+00:00
2026-10-05T02:47:00Z,31150.25,31152.0,31141.0,31141.0,203,2026-10-05T22:30:26+00:00
2026-10-05T02:48:00Z,31142.25,31145.5,31139.25,31143.5,106,2026-10-05T22:30:26+00:00
2026-10-05T02:49:00Z,31144.0,31144.75,31127.0,31128.75,351,2026-10-05T22:30:26+00:00
2026-10-05T02:50:00Z,31130.0,31139.25,31125.75,31137.5,208,2026-10-05T22:30:26+00:00
2026-10-05T02:51:00Z,31137.5,31140.25,31134.5,31139.0,73,2026-10-05T22:30:26+00:00
2026-10-05T02:52:00Z,31138.75,31140.25,31135.0,31138.25,96,2026-10-05T22:30:26+00:00
2026-10-05T02:53:00Z,31137.75,31141.0,31137.0,31138.5,54,2026-10-05T22:30:26+00:00
2026-10-05T02:54:00Z,31138.0,31141.25,31137.5,31139.75,50,2026-10-05T22:30:26+00:00
2026-10-05T02:55:00Z,31138.75,31139.5,31122.0,31126.0,281,2026-10-05T22:30:26+00:00
2026-10-05T02:56:00Z,31125.75,31131.5,31125.25,31128.75,120,2026-10-05T22:30:26+00:00
2026-10-05T02:57:00Z,31128.5,31133.5,31124.75,31132.0,114,2026-10-05T22:30:26+00:00
2026-10-05T02:58:00Z,31130.5,31131.5,31109.25,31110.0,272,2026-10-05T22:30:26+00:00
2026-10-05T02:59:00Z,31109.5,31112.5,31100.25,31105.5,374,2026-10-05T22:30:26+00:00
2026-10-05T03:00:00Z,31105.0,31110.5,31099.75,31107.5,280,2026-10-05T22:30:26+00:00
2026-10-05T03:01:00Z,31106.0,31108.5,31097.75,31102.75,243,2026-10-05T22:30:26+00:00
2026-10-05T03:02:00Z,31101.75,31104.5,31092.0,31102.25,334,2026-10-05T22:30:26+00:00
2026-10-05T03:03:00Z,31101.0,31104.75,31090.0,31093.25,176,2026-10-05T22:30:26+00:00
2026-10-05T03:04:00Z,31092.75,31095.0,31085.5,31086.0,299,2026-10-05T22:30:26+00:00
2026-10-05T03:05:00Z,31086.0,31088.25,31080.5,31083.0,244,2026-10-05T22:30:26+00:00
2026-10-05T03:06:00Z,31082.25,31090.25,31075.75,31089.25,283,2026-10-05T22:30:26+00:00
2026-10-05T03:07:00Z,31089.75,31092.75,31081.25,31087.75,247,2026-10-05T22:30:26+00:00
2026-10-05T03:08:00Z,31089.75,31095.0,31087.5,31094.5,176,2026-10-05T22:30:26+00:00
2026-10-05T03:09:00Z,31094.75,31101.5,31093.25,31094.5,182,2026-10-05T22:30:26+00:00
2026-10-05T03:10:00Z,31094.0,31099.5,31092.75,31097.75,93,2026-10-05T22:30:26+00:00
2026-10-05T03:11:00Z,31096.5,31100.75,31092.5,31096.25,67,2026-10-05T22:30:26+00:00
2026-10-05T03:12:00Z,31095.5,31096.25,31089.75,31093.0,128,2026-10-05T22:30:26+00:00
2026-10-05T03:13:00Z,31092.75,31098.5,31085.75,31087.25,96,2026-10-05T22:30:26+00:00
2026-10-05T03:14:00Z,31086.5,31099.25,31086.5,31092.5,108,2026-10-05T22:30:26+00:00
2026-10-05T03:15:00Z,31092.0,31093.25,31080.25,31082.0,124,2026-10-05T22:30:26+00:00
2026-10-05T03:16:00Z,31083.0,31101.0,31081.0,31101.0,210,2026-10-05T22:30:26+00:00
2026-10-05T03:17:00Z,31101.25,31108.5,31100.5,31105.5,212,2026-10-05T22:30:26+00:00
2026-10-05T03:18:00Z,31105.25,31112.0,31104.5,31111.75,134,2026-10-05T22:30:26+00:00
2026-10-05T03:19:00Z,31111.75,31117.0,31111.0,31111.0,159,2026-10-05T22:30:26+00:00
2026-10-05T03:20:00Z,31111.5,31116.0,31110.5,31113.5,91,2026-10-05T22:30:26+00:00
2026-10-05T03:21:00Z,31111.75,31115.25,31109.0,31112.0,100,2026-10-05T22:30:26+00:00
2026-10-05T03:22:00Z,31112.5,31113.5,31104.25,31110.0,150,2026-10-05T22:30:26+00:00
2026-10-05T03:23:00Z,31109.75,31113.0,31107.0,31112.75,56,2026-10-05T22:30:26+00:00
2026-10-05T03:24:00Z,31113.0,31116.75,31111.25,31114.25,134,2026-10-05T22:30:26+00:00
2026-10-05T03:25:00Z,31113.0,31114.5,31111.0,31111.25,31,2026-10-05T22:30:26+00:00
2026-10-05T03:26:00Z,31113.0,31117.75,31112.25,31116.75,67,2026-10-05T22:30:26+00:00
2026-10-05T03:27:00Z,31117.0,31126.0,31116.0,31124.5,316,2026-10-05T22:30:26+00:00
2026-10-05T03:28:00Z,31123.5,31125.25,31121.0,31125.0,118,2026-10-05T22:30:26+00:00
2026-10-05T03:29:00Z,31124.5,31129.25,31122.5,31125.0,147,2026-10-05T22:30:26+00:00
2026-10-05T03:30:00Z,31125.25,31128.5,31115.25,31118.75,223,2026-10-05T22:30:26+00:00
2026-10-05T03:31:00Z,31118.75,31121.25,31114.75,31119.0,81,2026-10-05T22:30:26+00:00
2026-10-05T03:32:00Z,31120.0,31121.0,31115.25,31118.5,63,2026-10-05T22:30:26+00:00
2026-10-05T03:33:00Z,31119.75,31129.5,31117.75,31129.25,163,2026-10-05T22:30:26+00:00
2026-10-05T03:34:00Z,31128.5,31129.0,31122.25,31127.75,160,2026-10-05T22:30:26+00:00
2026-10-05T03:35:00Z,31126.75,31127.0,31116.75,31118.5,63,2026-10-05T22:30:26+00:00
2026-10-05T03:36:00Z,31118.5,31124.25,31116.25,31118.5,73,2026-10-05T22:30:26+00:00
2026-10-05T03:37:00Z,31118.25,31119.25,31110.25,31110.5,167,2026-10-05T22:30:26+00:00
2026-10-05T03:38:00Z,31111.5,31115.75,31107.75,31115.75,124,2026-10-05T22:30:26+00:00
2026-10-05T03:39:00Z,31115.5,31116.5,31113.0,31115.0,29,2026-10-05T22:30:26+00:00
2026-10-05T03:40:00Z,31115.5,31116.5,31111.5,31115.5,52,2026-10-05T22:30:26+00:00
2026-10-05T03:41:00Z,31114.25,31115.25,31111.75,31114.0,33,2026-10-05T22:30:26+00:00
2026-10-05T03:42:00Z,31114.0,31117.25,31113.5,31114.75,47,2026-10-05T22:30:26+00:00
2026-10-05T03:43:00Z,31117.75,31117.75,31112.5,31112.5,57,2026-10-05T22:30:26+00:00
2026-10-05T03:44:00Z,31113.5,31114.0,31108.0,31111.0,85,2026-10-05T22:30:26+00:00
2026-10-05T03:45:00Z,31110.5,31111.5,31106.5,31111.0,46,2026-10-05T22:30:26+00:00
2026-10-05T03:46:00Z,31111.5,31114.25,31108.75,31113.5,101,2026-10-05T22:30:26+00:00
2026-10-05T03:47:00Z,31113.0,31116.25,31111.0,31113.75,46,2026-10-05T22:30:26+00:00
2026-10-05T03:48:00Z,31112.5,31113.25,31107.0,31108.0,39,2026-10-05T22:30:26+00:00
2026-10-05T03:49:00Z,31106.75,31109.0,31101.0,31103.5,154,2026-10-05T22:30:26+00:00
2026-10-05T03:50:00Z,31104.0,31107.75,31097.25,31103.0,260,2026-10-05T22:30:26+00:00
2026-10-05T03:51:00Z,31102.5,31104.5,31098.75,31104.0,44,2026-10-05T22:30:26+00:00
2026-10-05T03:52:00Z,31104.25,31107.0,31103.5,31106.25,36,2026-10-05T22:30:26+00:00
2026-10-05T03:53:00Z,31106.25,31108.5,31105.0,31107.25,44,2026-10-05T22:30:26+00:00
2026-10-05T03:54:00Z,31104.75,31106.25,31097.5,31097.5,68,2026-10-05T22:30:26+00:00
2026-10-05T03:55:00Z,31099.0,31102.0,31090.0,31092.0,139,2026-10-05T22:30:26+00:00
2026-10-05T03:56:00Z,31092.75,31093.75,31086.75,31088.5,174,2026-10-05T22:30:26+00:00
2026-10-05T03:57:00Z,31089.5,31091.0,31084.5,31087.5,86,2026-10-05T22:30:26+00:00
2026-10-05T03:58:00Z,31087.25,31087.25,31075.75,31077.0,205,2026-10-05T22:30:26+00:00
2026-10-05T04:00:00Z,31078.75,31080.25,31075.75,31079.5,92,2026-10-05T22:30:26+00:00
2026-10-05T04:01:00Z,31079.75,31085.5,31077.0,31080.0,167,2026-10-05T22:30:26+00:00
2026-10-05T04:02:00Z,31080.5,31088.25,31080.5,31082.0,110,2026-10-05T22:30:26+00:00
2026-10-05T04:03:00Z,31084.0,31084.0,31075.25,31080.5,164,2026-10-05T22:30:26+00:00
2026-10-05T04:04:00Z,31079.5,31081.5,31078.0,31078.25,38,2026-10-05T22:30:26+00:00
2026-10-05T04:05:00Z,31078.0,31084.0,31074.5,31078.5,150,2026-10-05T22:30:26+00:00
2026-10-05T04:06:00Z,31077.5,31081.25,31074.0,31078.25,52,2026-10-05T22:30:26+00:00
2026-10-05T04:07:00Z,31078.75,31079.0,31063.25,31063.75,378,2026-10-05T22:30:26+00:00
2026-10-05T04:08:00Z,31063.0,31079.25,31059.0,31076.0,363,2026-10-05T22:30:26+00:00
2026-10-05T04:09:00Z,31076.25,31076.25,31070.75,31073.0,84,2026-10-05T22:30:26+00:00
2026-10-05T04:10:00Z,31073.25,31073.25,31065.5,31070.5,112,2026-10-05T22:30:26+00:00
2026-10-05T04:11:00Z,31069.25,31072.5,31068.5,31069.25,46,2026-10-05T22:30:26+00:00
2026-10-05T04:12:00Z,31069.0,31077.75,31068.75,31074.75,75,2026-10-05T22:30:26+00:00
2026-10-05T04:13:00Z,31075.25,31080.5,31075.0,31076.5,112,2026-10-05T22:30:26+00:00
2026-10-05T04:14:00Z,31076.75,31080.75,31075.0,31079.5,67,2026-10-05T22:30:26+00:00
2026-10-05T04:15:00Z,31080.5,31083.5,31075.25,31077.5,103,2026-10-05T22:30:26+00:00
2026-10-05T04:16:00Z,31078.25,31078.75,31073.75,31076.25,46,2026-10-05T22:30:26+00:00
2026-10-05T04:17:00Z,31075.75,31079.0,31068.0,31070.0,112,2026-10-05T22:30:26+00:00
2026-10-05T04:18:00Z,31070.25,31070.25,31062.5,31062.5,160,2026-10-05T22:30:26+00:00
2026-10-05T04:19:00Z,31062.5,31065.75,31062.5,31064.5,41,2026-10-05T22:30:26+00:00
2026-10-05T04:20:00Z,31064.0,31066.75,31060.25,31062.0,76,2026-10-05T22:30:26+00:00
2026-10-05T04:21:00Z,31061.5,31069.5,31061.25,31066.75,84,2026-10-05T22:30:26+00:00
2026-10-05T04:22:00Z,31066.0,31071.75,31065.5,31070.0,86,2026-10-05T22:30:26+00:00
2026-10-05T04:23:00Z,31072.0,31074.25,31062.75,31064.25,120,2026-10-05T22:30:26+00:00
2026-10-05T04:24:00Z,31065.75,31073.0,31065.75,31073.0,80,2026-10-05T22:30:26+00:00
2026-10-05T04:25:00Z,31074.0,31081.0,31072.25,31080.25,101,2026-10-05T22:30:26+00:00
2026-10-05T04:26:00Z,31078.5,31081.0,31067.25,31070.25,86,2026-10-05T22:30:26+00:00
2026-10-05T04:27:00Z,31068.75,31071.0,31065.5,31069.25,76,2026-10-05T22:30:26+00:00
2026-10-05T04:28:00Z,31069.75,31070.75,31064.0,31068.25,87,2026-10-05T22:30:26+00:00
2026-10-05T04:29:00Z,31066.75,31067.5,31055.75,31056.25,221,2026-10-05T22:30:26+00:00
2026-10-05T04:30:00Z,31056.5,31063.25,31052.25,31063.0,216,2026-10-05T22:30:26+00:00
2026-10-05T04:31:00Z,31063.75,31063.75,31051.0,31051.25,108,2026-10-05T22:30:26+00:00
2026-10-05T04:32:00Z,31051.5,31053.0,31044.75,31046.0,343,2026-10-05T22:30:26+00:00
2026-10-05T04:33:00Z,31046.25,31054.0,31045.0,31052.75,77,2026-10-05T22:30:26+00:00
2026-10-05T04:34:00Z,31055.0,31055.75,31052.0,31052.75,57,2026-10-05T22:30:26+00:00
2026-10-05T04:35:00Z,31052.5,31054.0,31034.75,31043.25,239,2026-10-05T22:30:26+00:00
2026-10-05T04:36:00Z,31042.5,31061.75,31042.25,31057.0,250,2026-10-05T22:30:26+00:00
2026-10-05T04:37:00Z,31056.75,31073.25,31056.75,31072.75,203,2026-10-05T22:30:26+00:00
2026-10-05T04:38:00Z,31072.0,31073.0,31068.25,31071.25,68,2026-10-05T22:30:26+00:00
2026-10-05T04:39:00Z,31068.75,31076.25,31067.0,31075.5,71,2026-10-05T22:30:26+00:00
2026-10-05T04:40:00Z,31076.25,31076.75,31069.0,31069.5,75,2026-10-05T22:30:26+00:00
2026-10-05T04:41:00Z,31070.25,31070.75,31061.75,31069.0,110,2026-10-05T22:30:26+00:00
2026-10-05T04:42:00Z,31070.25,31071.25,31066.5,31070.25,33,2026-10-05T22:30:26+00:00
2026-10-05T04:43:00Z,31068.75,31072.5,31068.0,31069.75,29,2026-10-05T22:30:26+00:00
2026-10-05T04:44:00Z,31068.75,31071.25,31067.5,31067.5,34,2026-10-05T22:30:26+00:00
2026-10-05T04:45:00Z,31068.0,31072.5,31067.75,31072.5,17,2026-10-05T22:30:26+00:00
2026-10-05T04:46:00Z,31071.5,31078.75,31069.5,31076.5,110,2026-10-05T22:30:26+00:00
2026-10-05T04:47:00Z,31077.25,31083.5,31076.75,31082.5,109,2026-10-05T22:30:26+00:00
2026-10-05T04:48:00Z,31082.0,31088.25,31081.0,31087.25,136,2026-10-05T22:30:26+00:00
2026-10-05T04:49:00Z,31087.5,31090.5,31085.75,31087.0,102,2026-10-05T22:30:26+00:00
2026-10-05T04:50:00Z,31087.0,31087.0,31072.0,31072.5,161,2026-10-05T22:30:26+00:00
2026-10-05T04:51:00Z,31072.0,31073.5,31064.25,31070.25,95,2026-10-05T22:30:26+00:00
2026-10-05T04:52:00Z,31069.25,31069.25,31060.75,31061.0,93,2026-10-05T22:30:26+00:00
2026-10-05T04:53:00Z,31061.75,31062.5,31055.5,31060.75,147,2026-10-05T22:30:26+00:00
2026-10-05T04:54:00Z,31060.0,31065.0,31060.0,31063.75,54,2026-10-05T22:30:26+00:00
2026-10-05T04:55:00Z,31063.5,31064.5,31061.75,31062.75,35,2026-10-05T22:30:26+00:00
2026-10-05T04:56:00Z,31062.0,31063.75,31057.5,31062.25,71,2026-10-05T22:30:26+00:00
2026-10-05T04:57:00Z,31062.5,31070.75,31062.0,31069.25,80,2026-10-05T22:30:26+00:00
2026-10-05T04:58:00Z,31070.5,31073.25,31070.5,31072.0,40,2026-10-05T22:30:26+00:00
2026-10-05T04:59:00Z,31071.25,31071.25,31062.0,31063.25,72,2026-10-05T22:30:26+00:00
2026-10-05T05:00:00Z,31062.75,31065.0,31056.5,31060.0,103,2026-10-05T22:30:26+00:00
2026-10-05T05:01:00Z,31059.0,31063.25,31057.0,31060.5,80,2026-10-05T22:30:26+00:00
2026-10-05T05:02:00Z,31060.25,31070.25,31060.25,31062.75,111,2026-10-05T22:30:26+00:00
2026-10-05T05:03:00Z,31064.0,31064.25,31059.0,31063.75,57,2026-10-05T22:30:26+00:00
2026-10-05T05:04:00Z,31061.25,31068.0,31060.75,31066.75,67,2026-10-05T22:30:26+00:00
2026-10-05T05:05:00Z,31066.75,31071.5,31066.25,31070.25,76,2026-10-05T22:30:26+00:00
2026-10-05T05:06:00Z,31070.75,31079.75,31070.75,31077.0,105,2026-10-05T22:30:26+00:00
2026-10-05T05:07:00Z,31076.0,31079.75,31072.25,31075.5,104,2026-10-05T22:30:26+00:00
2026-10-05T05:08:00Z,31076.25,31077.0,31065.75,31073.5,157,2026-10-05T22:30:26+00:00
2026-10-05T05:09:00Z,31073.0,31077.5,31071.0,31075.75,30,2026-10-05T22:30:26+00:00
2026-10-05T05:10:00Z,31075.5,31079.0,31072.75,31075.75,64,2026-10-05T22:30:26+00:00
2026-10-05T05:11:00Z,31076.75,31085.0,31075.5,31080.0,133,2026-10-05T22:30:26+00:00
2026-10-05T05:12:00Z,31080.0,31080.0,31062.5,31063.75,300,2026-10-05T22:30:26+00:00
2026-10-05T05:13:00Z,31064.5,31070.0,31061.0,31064.25,206,2026-10-05T22:30:26+00:00
2026-10-05T05:14:00Z,31063.0,31068.25,31059.0,31060.5,159,2026-10-05T22:30:26+00:00
2026-10-05T05:15:00Z,31059.25,31061.5,31055.0,31056.5,126,2026-10-05T22:30:26+00:00
2026-10-05T05:16:00Z,31055.5,31062.0,31053.0,31061.25,109,2026-10-05T22:30:26+00:00
2026-10-05T05:17:00Z,31060.5,31062.0,31054.25,31054.25,104,2026-10-05T22:30:26+00:00
2026-10-05T05:18:00Z,31053.0,31058.75,31047.5,31052.25,237,2026-10-05T22:30:26+00:00
2026-10-05T05:19:00Z,31051.75,31055.25,31048.25,31051.5,108,2026-10-05T22:30:26+00:00
2026-10-05T05:20:00Z,31051.5,31055.5,31042.25,31055.5,157,2026-10-05T22:30:26+00:00
2026-10-05T05:21:00Z,31056.75,31057.75,31045.75,31048.0,164,2026-10-05T22:30:26+00:00
2026-10-05T05:22:00Z,31047.5,31052.0,31046.75,31050.0,75,2026-10-05T22:30:26+00:00
2026-10-05T05:23:00Z,31050.75,31051.75,31045.25,31046.75,83,2026-10-05T22:30:26+00:00
2026-10-05T05:24:00Z,31048.0,31048.25,31042.75,31042.75,77,2026-10-05T22:30:26+00:00
2026-10-05T05:25:00Z,31042.25,31053.25,31038.0,31052.0,171,2026-10-05T22:30:26+00:00
2026-10-05T05:26:00Z,31052.25,31056.75,31050.5,31052.5,65,2026-10-05T22:30:26+00:00
2026-10-05T05:27:00Z,31053.25,31057.75,31047.75,31048.5,62,2026-10-05T22:30:26+00:00
2026-10-05T05:28:00Z,31048.25,31054.75,31040.0,31045.25,180,2026-10-05T22:30:26+00:00
2026-10-05T05:29:00Z,31045.5,31047.75,31043.0,31045.0,66,2026-10-05T22:30:26+00:00
2026-10-05T05:30:00Z,31044.5,31045.0,31029.75,31034.25,271,2026-10-05T22:30:26+00:00
2026-10-05T05:31:00Z,31033.5,31034.75,31023.0,31031.5,331,2026-10-05T22:30:26+00:00
2026-10-05T05:32:00Z,31032.25,31037.75,31024.5,31027.5,287,2026-10-05T22:30:26+00:00
2026-10-05T05:33:00Z,31027.5,31033.25,31026.0,31027.0,93,2026-10-05T22:30:26+00:00
2026-10-05T05:34:00Z,31025.75,31032.25,31025.75,31027.75,73,2026-10-05T22:30:26+00:00
2026-10-05T05:35:00Z,31027.0,31029.75,31021.25,31028.0,130,2026-10-05T22:30:26+00:00
2026-10-05T05:36:00Z,31028.0,31032.5,31028.0,31031.5,65,2026-10-05T22:30:26+00:00
2026-10-05T05:37:00Z,31031.75,31035.0,31028.0,31032.25,80,2026-10-05T22:30:26+00:00
2026-10-05T05:38:00Z,31031.0,31031.0,31025.0,31026.0,60,2026-10-05T22:30:26+00:00
2026-10-05T05:39:00Z,31025.0,31025.75,31022.25,31024.25,61,2026-10-05T22:30:26+00:00
2026-10-05T05:40:00Z,31023.75,31029.25,31023.75,31026.5,39,2026-10-05T22:30:26+00:00
2026-10-05T05:41:00Z,31025.5,31029.0,31021.5,31028.5,85,2026-10-05T22:30:26+00:00
2026-10-05T05:42:00Z,31028.0,31028.0,31022.5,31025.5,77,2026-10-05T22:30:26+00:00
2026-10-05T05:43:00Z,31025.75,31028.75,31021.0,31024.0,107,2026-10-05T22:30:26+00:00
2026-10-05T05:44:00Z,31025.0,31035.25,31025.0,31034.25,149,2026-10-05T22:30:26+00:00
2026-10-05T05:45:00Z,31034.0,31034.75,31028.0,31028.5,47,2026-10-05T22:30:26+00:00
2026-10-05T05:46:00Z,31030.25,31030.25,31023.75,31027.75,82,2026-10-05T22:30:26+00:00
2026-10-05T05:47:00Z,31026.75,31031.0,31026.5,31027.25,60,2026-10-05T22:30:26+00:00
2026-10-05T05:48:00Z,31028.75,31042.5,31028.75,31039.25,138,2026-10-05T22:30:26+00:00
2026-10-05T05:49:00Z,31039.25,31042.0,31035.75,31042.0,62,2026-10-05T22:30:26+00:00
2026-10-05T05:50:00Z,31041.75,31052.25,31041.75,31051.75,129,2026-10-05T22:30:26+00:00
2026-10-05T05:51:00Z,31052.0,31055.75,31049.0,31050.5,107,2026-10-05T22:30:26+00:00
2026-10-05T05:52:00Z,31050.5,31051.25,31045.5,31047.0,95,2026-10-05T22:30:26+00:00
2026-10-05T05:53:00Z,31047.25,31047.5,31035.0,31035.0,120,2026-10-05T22:30:26+00:00
2026-10-05T05:54:00Z,31035.25,31039.75,31033.0,31036.25,72,2026-10-05T22:30:26+00:00
2026-10-05T05:55:00Z,31035.5,31036.5,31029.0,31031.5,83,2026-10-05T22:30:26+00:00
2026-10-05T05:56:00Z,31032.0,31033.75,31027.75,31031.75,50,2026-10-05T22:30:26+00:00
2026-10-05T05:57:00Z,31034.5,31034.5,31027.75,31028.75,45,2026-10-05T22:30:26+00:00
2026-10-05T05:58:00Z,31029.0,31036.75,31029.0,31032.5,56,2026-10-05T22:30:26+00:00
2026-10-05T05:59:00Z,31035.25,31047.5,31035.25,31044.75,120,2026-10-05T22:30:26+00:00
2026-10-05T06:00:00Z,31045.5,31060.0,31044.5,31056.75,293,2026-10-05T22:30:26+00:00
2026-10-05T06:01:00Z,31058.0,31059.75,31051.5,31055.25,152,2026-10-05T22:30:26+00:00
2026-10-05T06:02:00Z,31052.5,31056.5,31047.5,31056.25,96,2026-10-05T22:30:26+00:00
2026-10-05T06:03:00Z,31058.5,31059.25,31049.0,31050.75,72,2026-10-05T22:30:26+00:00
2026-10-05T06:04:00Z,31051.5,31054.25,31043.5,31045.5,123,2026-10-05T22:30:26+00:00
2026-10-05T06:05:00Z,31046.0,31049.0,31042.0,31043.0,103,2026-10-05T22:30:26+00:00
2026-10-05T06:06:00Z,31042.0,31050.0,31042.0,31045.0,94,2026-10-05T22:30:26+00:00
2026-10-05T06:07:00Z,31044.75,31049.0,31042.75,31048.0,107,2026-10-05T22:30:26+00:00
2026-10-05T06:08:00Z,31048.0,31048.0,31041.5,31042.0,81,2026-10-05T22:30:26+00:00
2026-10-05T06:09:00Z,31043.25,31059.25,31037.0,31057.25,171,2026-10-05T22:30:26+00:00
2026-10-05T06:10:00Z,31057.75,31057.75,31050.5,31057.0,105,2026-10-05T22:30:26+00:00
2026-10-05T06:11:00Z,31057.25,31068.75,31056.25,31064.5,311,2026-10-05T22:30:26+00:00
2026-10-05T06:12:00Z,31065.5,31068.75,31063.0,31066.0,169,2026-10-05T22:30:26+00:00
2026-10-05T06:13:00Z,31065.75,31074.25,31064.25,31072.75,155,2026-10-05T22:30:26+00:00
2026-10-05T06:14:00Z,31072.5,31076.0,31068.75,31071.25,118,2026-10-05T22:30:26+00:00
2026-10-05T06:15:00Z,31072.25,31081.0,31069.25,31078.5,145,2026-10-05T22:30:26+00:00
2026-10-05T06:16:00Z,31078.25,31078.25,31071.0,31075.25,98,2026-10-05T22:30:26+00:00
2026-10-05T06:17:00Z,31075.5,31080.25,31072.25,31074.0,80,2026-10-05T22:30:26+00:00
2026-10-05T06:18:00Z,31074.5,31077.75,31071.5,31074.0,94,2026-10-05T22:30:26+00:00
2026-10-05T06:19:00Z,31073.75,31073.75,31060.75,31062.5,114,2026-10-05T22:30:26+00:00
2026-10-05T06:20:00Z,31064.0,31064.25,31049.25,31052.25,227,2026-10-05T22:30:26+00:00
2026-10-05T06:21:00Z,31050.5,31058.0,31047.0,31050.0,129,2026-10-05T22:30:26+00:00
2026-10-05T06:22:00Z,31049.25,31056.25,31047.25,31054.25,65,2026-10-05T22:30:26+00:00
2026-10-05T06:23:00Z,31054.75,31059.5,31054.0,31059.0,62,2026-10-05T22:30:26+00:00
2026-10-05T06:24:00Z,31059.25,31068.75,31058.75,31066.75,169,2026-10-05T22:30:26+00:00
2026-10-05T06:25:00Z,31066.25,31067.5,31060.5,31066.5,70,2026-10-05T22:30:26+00:00
2026-10-05T06:26:00Z,31065.0,31065.0,31048.5,31049.5,175,2026-10-05T22:30:26+00:00
2026-10-05T06:27:00Z,31049.0,31051.75,31043.5,31049.75,115,2026-10-05T22:30:26+00:00
2026-10-05T06:28:00Z,31049.5,31051.5,31040.5,31044.25,70,2026-10-05T22:30:26+00:00
2026-10-05T06:29:00Z,31040.0,31040.0,31033.75,31035.5,107,2026-10-05T22:30:26+00:00
2026-10-05T06:30:00Z,31033.5,31037.0,31026.0,31031.75,191,2026-10-05T22:30:26+00:00
2026-10-05T06:31:00Z,31031.5,31036.75,31022.25,31036.0,148,2026-10-05T22:30:26+00:00
2026-10-05T06:32:00Z,31035.25,31039.75,31033.75,31036.5,70,2026-10-05T22:30:26+00:00
2026-10-05T06:33:00Z,31036.0,31036.0,31028.5,31029.25,66,2026-10-05T22:30:26+00:00
2026-10-05T06:34:00Z,31028.75,31031.25,31025.5,31030.25,59,2026-10-05T22:30:26+00:00
2026-10-05T06:35:00Z,31031.75,31036.5,31020.25,31032.0,179,2026-10-05T22:30:26+00:00
2026-10-05T06:36:00Z,31032.5,31034.25,31026.25,31030.75,75,2026-10-05T22:30:26+00:00
2026-10-05T06:37:00Z,31029.0,31037.25,31028.25,31034.75,73,2026-10-05T22:30:26+00:00
2026-10-05T06:38:00Z,31035.75,31038.5,31029.5,31029.5,106,2026-10-05T22:30:26+00:00
2026-10-05T06:39:00Z,31029.5,31029.75,31017.5,31018.25,213,2026-10-05T22:30:26+00:00
2026-10-05T06:40:00Z,31017.25,31017.25,31003.75,31014.25,383,2026-10-05T22:30:26+00:00
2026-10-05T06:41:00Z,31014.0,31020.0,31011.75,31020.0,101,2026-10-05T22:30:26+00:00
2026-10-05T06:42:00Z,31020.0,31024.25,31018.25,31023.75,181,2026-10-05T22:30:26+00:00
2026-10-05T06:43:00Z,31022.75,31026.0,31016.25,31019.25,72,2026-10-05T22:30:26+00:00
2026-10-05T06:44:00Z,31019.75,31020.75,31011.25,31013.0,102,2026-10-05T22:30:26+00:00
2026-10-05T06:45:00Z,31012.5,31013.25,31009.25,31012.5,75,2026-10-05T22:30:26+00:00
2026-10-05T06:46:00Z,31012.75,31020.0,31010.5,31015.0,123,2026-10-05T22:30:26+00:00
2026-10-05T06:47:00Z,31016.5,31025.0,31016.5,31023.75,132,2026-10-05T22:30:26+00:00
2026-10-05T06:48:00Z,31024.25,31029.25,31022.0,31026.25,69,2026-10-05T22:30:26+00:00
2026-10-05T06:49:00Z,31025.75,31027.0,31019.0,31020.75,61,2026-10-05T22:30:26+00:00
2026-10-05T06:50:00Z,31019.5,31023.75,31013.25,31015.25,65,2026-10-05T22:30:26+00:00
2026-10-05T06:51:00Z,31014.5,31016.75,31011.0,31013.5,86,2026-10-05T22:30:26+00:00
2026-10-05T06:52:00Z,31013.75,31019.5,31006.25,31018.5,118,2026-10-05T22:30:26+00:00
2026-10-05T06:53:00Z,31019.25,31035.0,31018.0,31035.0,134,2026-10-05T22:30:26+00:00
2026-10-05T06:54:00Z,31034.5,31034.75,31010.0,31013.75,313,2026-10-05T22:30:26+00:00
2026-10-05T06:55:00Z,31013.0,31026.5,31013.0,31019.25,120,2026-10-05T22:30:26+00:00
2026-10-05T06:56:00Z,31021.75,31022.75,31018.0,31018.75,58,2026-10-05T22:30:26+00:00
2026-10-05T06:57:00Z,31019.0,31033.0,31018.75,31032.25,67,2026-10-05T22:30:26+00:00
2026-10-05T06:58:00Z,31032.25,31043.25,31032.0,31042.0,146,2026-10-05T22:30:26+00:00
2026-10-05T06:59:00Z,31041.75,31044.25,31036.75,31040.0,129,2026-10-05T22:30:26+00:00
2026-10-05T07:00:00Z,31040.25,31042.75,31028.75,31032.5,257,2026-10-05T22:30:26+00:00
2026-10-05T07:01:00Z,31031.0,31038.25,31022.75,31034.25,181,2026-10-05T22:30:26+00:00
2026-10-05T07:02:00Z,31033.75,31036.75,31025.5,31033.5,128,2026-10-05T22:30:26+00:00
2026-10-05T07:03:00Z,31033.75,31042.25,31032.75,31038.0,97,2026-10-05T22:30:26+00:00
2026-10-05T07:04:00Z,31041.25,31044.0,31036.5,31039.75,92,2026-10-05T22:30:26+00:00
2026-10-05T07:05:00Z,31040.25,31049.25,31030.75,31046.75,190,2026-10-05T22:30:26+00:00
2026-10-05T07:06:00Z,31046.25,31051.25,31044.75,31045.25,131,2026-10-05T22:30:26+00:00
2026-10-05T07:07:00Z,31047.5,31059.25,31044.0,31056.25,167,2026-10-05T22:30:26+00:00
2026-10-05T07:08:00Z,31056.75,31059.25,31042.0,31044.75,144,2026-10-05T22:30:26+00:00
2026-10-05T07:09:00Z,31044.5,31047.75,31040.0,31042.5,144,2026-10-05T22:30:26+00:00
2026-10-05T07:10:00Z,31041.75,31048.0,31038.5,31046.5,112,2026-10-05T22:30:26+00:00
2026-10-05T07:11:00Z,31045.0,31047.25,31029.5,31034.75,248,2026-10-05T22:30:26+00:00
2026-10-05T07:12:00Z,31035.0,31055.75,31035.0,31052.75,150,2026-10-05T22:30:26+00:00
2026-10-05T07:13:00Z,31053.25,31057.5,31046.5,31054.75,156,2026-10-05T22:30:26+00:00
2026-10-05T07:14:00Z,31055.5,31059.0,31049.5,31053.25,150,2026-10-05T22:30:26+00:00
2026-10-05T07:15:00Z,31054.75,31058.75,31046.25,31047.0,68,2026-10-05T22:30:26+00:00
2026-10-05T07:16:00Z,31046.75,31050.25,31040.25,31047.0,158,2026-10-05T22:30:26+00:00
2026-10-05T07:17:00Z,31047.25,31055.25,31046.0,31049.75,67,2026-10-05T22:30:26+00:00
2026-10-05T07:18:00Z,31050.25,31052.5,31042.25,31042.25,74,2026-10-05T22:30:26+00:00
2026-10-05T07:19:00Z,31041.25,31044.0,31036.25,31040.5,106,2026-10-05T22:30:26+00:00
2026-10-05T07:20:00Z,31040.5,31044.25,31037.75,31043.0,84,2026-10-05T22:30:26+00:00
2026-10-05T07:21:00Z,31043.25,31053.75,31040.0,31045.25,131,2026-10-05T22:30:26+00:00
2026-10-05T07:22:00Z,31044.5,31045.25,31029.25,31034.25,156,2026-10-05T22:30:26+00:00
2026-10-05T07:23:00Z,31034.25,31044.5,31032.25,31037.75,123,2026-10-05T22:30:26+00:00
2026-10-05T07:24:00Z,31038.25,31038.25,31025.0,31035.75,110,2026-10-05T22:30:26+00:00
2026-10-05T07:25:00Z,31036.25,31043.25,31034.5,31041.5,132,2026-10-05T22:30:26+00:00
2026-10-05T07:26:00Z,31042.0,31047.0,31039.5,31042.5,75,2026-10-05T22:30:26+00:00
2026-10-05T07:27:00Z,31042.0,31048.0,31031.5,31033.0,83,2026-10-05T22:30:26+00:00
2026-10-05T07:28:00Z,31034.0,31043.5,31032.0,31032.0,56,2026-10-05T22:30:26+00:00
2026-10-05T07:29:00Z,31031.75,31037.5,31028.75,31037.5,53,2026-10-05T22:30:26+00:00
2026-10-05T07:30:00Z,31038.5,31038.5,31031.0,31034.0,76,2026-10-05T22:30:26+00:00
2026-10-05T07:31:00Z,31034.25,31043.5,31034.0,31038.0,179,2026-10-05T22:30:26+00:00
2026-10-05T07:32:00Z,31036.75,31050.5,31036.75,31047.0,94,2026-10-05T22:30:26+00:00
2026-10-05T07:33:00Z,31047.5,31052.0,31042.0,31045.25,121,2026-10-05T22:30:26+00:00
2026-10-05T07:34:00Z,31045.0,31048.0,31036.5,31043.5,115,2026-10-05T22:30:26+00:00
2026-10-05T07:35:00Z,31039.0,31040.0,31033.75,31037.25,73,2026-10-05T22:30:26+00:00
2026-10-05T07:36:00Z,31037.0,31045.25,31031.5,31042.25,54,2026-10-05T22:30:26+00:00
2026-10-05T07:37:00Z,31044.5,31046.0,31035.5,31039.0,67,2026-10-05T22:30:26+00:00
2026-10-05T07:38:00Z,31038.5,31039.0,31028.5,31035.75,66,2026-10-05T22:30:26+00:00
2026-10-05T07:39:00Z,31033.0,31034.0,31025.0,31033.75,92,2026-10-05T22:30:26+00:00
2026-10-05T07:40:00Z,31032.75,31050.75,31032.5,31049.0,102,2026-10-05T22:30:26+00:00
2026-10-05T07:41:00Z,31050.5,31055.0,31039.25,31039.75,142,2026-10-05T22:30:26+00:00
2026-10-05T07:42:00Z,31040.5,31048.5,31040.0,31043.0,51,2026-10-05T22:30:26+00:00
2026-10-05T07:43:00Z,31043.5,31049.25,31043.5,31043.75,38,2026-10-05T22:30:26+00:00
2026-10-05T07:44:00Z,31045.75,31053.5,31045.0,31053.0,89,2026-10-05T22:30:26+00:00
2026-10-05T07:45:00Z,31053.25,31057.5,31050.5,31052.75,136,2026-10-05T22:30:26+00:00
2026-10-05T07:46:00Z,31050.25,31056.5,31039.75,31044.5,166,2026-10-05T22:30:26+00:00
2026-10-05T07:47:00Z,31046.0,31053.5,31044.0,31047.5,67,2026-10-05T22:30:26+00:00
2026-10-05T07:48:00Z,31046.25,31046.75,31042.0,31044.75,46,2026-10-05T22:30:26+00:00
2026-10-05T07:49:00Z,31045.25,31047.5,31040.25,31041.5,86,2026-10-05T22:30:26+00:00
2026-10-05T07:50:00Z,31038.75,31046.5,31035.75,31038.75,57,2026-10-05T22:30:26+00:00
2026-10-05T07:51:00Z,31039.25,31065.25,31037.75,31063.25,177,2026-10-05T22:30:26+00:00
2026-10-05T07:52:00Z,31062.75,31072.75,31062.75,31067.5,255,2026-10-05T22:30:26+00:00
2026-10-05T07:53:00Z,31067.25,31072.25,31066.25,31068.75,85,2026-10-05T22:30:26+00:00
2026-10-05T07:54:00Z,31067.5,31069.25,31060.5,31061.25,62,2026-10-05T22:30:26+00:00
2026-10-05T07:55:00Z,31060.75,31062.25,31053.25,31054.25,87,2026-10-05T22:30:26+00:00
2026-10-05T07:56:00Z,31054.5,31054.5,31048.5,31052.75,96,2026-10-05T22:30:26+00:00
2026-10-05T07:57:00Z,31052.0,31057.25,31049.0,31054.75,72,2026-10-05T22:30:26+00:00
2026-10-05T07:58:00Z,31057.0,31062.75,31056.5,31058.5,48,2026-10-05T22:30:26+00:00
2026-10-05T07:59:00Z,31059.25,31060.75,31054.75,31060.0,47,2026-10-05T22:30:26+00:00
2026-10-05T08:00:00Z,31061.25,31067.0,31049.0,31054.5,215,2026-10-05T22:30:26+00:00
2026-10-05T08:01:00Z,31057.5,31063.75,31049.75,31061.0,163,2026-10-05T22:30:26+00:00
2026-10-05T08:02:00Z,31063.0,31068.0,31050.0,31054.25,134,2026-10-05T22:30:26+00:00
2026-10-05T08:03:00Z,31052.25,31064.25,31045.75,31056.75,149,2026-10-05T22:30:26+00:00
2026-10-05T08:04:00Z,31060.5,31071.75,31060.5,31066.25,179,2026-10-05T22:30:26+00:00
2026-10-05T08:05:00Z,31067.5,31073.0,31062.25,31068.75,108,2026-10-05T22:30:26+00:00
2026-10-05T08:06:00Z,31069.25,31077.75,31069.25,31074.5,194,2026-10-05T22:30:26+00:00
2026-10-05T08:07:00Z,31075.0,31078.0,31069.75,31071.75,172,2026-10-05T22:30:26+00:00
2026-10-05T08:08:00Z,31073.25,31076.5,31068.75,31069.25,36,2026-10-05T22:30:26+00:00
2026-10-05T08:09:00Z,31074.5,31088.5,31073.5,31079.25,270,2026-10-05T22:30:26+00:00
2026-10-05T08:10:00Z,31079.5,31084.0,31076.75,31081.5,132,2026-10-05T22:30:26+00:00
2026-10-05T08:11:00Z,31081.75,31085.25,31075.5,31081.75,123,2026-10-05T22:30:26+00:00
2026-10-05T08:12:00Z,31081.5,31088.75,31077.5,31086.0,169,2026-10-05T22:30:26+00:00
2026-10-05T08:13:00Z,31086.5,31092.75,31082.75,31084.0,595,2026-10-05T22:30:26+00:00
2026-10-05T08:14:00Z,31082.0,31083.75,31072.75,31078.5,165,2026-10-05T22:30:26+00:00
2026-10-05T08:15:00Z,31077.5,31092.5,31074.5,31090.5,186,2026-10-05T22:30:26+00:00
2026-10-05T08:16:00Z,31091.5,31099.25,31091.25,31097.5,324,2026-10-05T22:30:26+00:00
2026-10-05T08:17:00Z,31098.5,31099.25,31089.25,31095.5,110,2026-10-05T22:30:26+00:00
2026-10-05T08:18:00Z,31094.75,31095.75,31077.0,31077.0,153,2026-10-05T22:30:26+00:00
2026-10-05T08:19:00Z,31076.75,31079.5,31072.75,31075.0,124,2026-10-05T22:30:26+00:00
2026-10-05T08:20:00Z,31076.0,31079.75,31071.5,31077.5,82,2026-10-05T22:30:26+00:00
2026-10-05T08:21:00Z,31075.75,31078.25,31072.75,31077.25,91,2026-10-05T22:30:26+00:00
2026-10-05T08:22:00Z,31077.0,31088.5,31070.0,31080.0,284,2026-10-05T22:30:26+00:00
2026-10-05T08:23:00Z,31080.0,31082.5,31076.25,31079.75,136,2026-10-05T22:30:26+00:00
2026-10-05T08:24:00Z,31079.75,31079.75,31073.75,31074.75,92,2026-10-05T22:30:26+00:00
2026-10-05T08:25:00Z,31075.25,31077.75,31060.0,31077.25,466,2026-10-05T22:30:26+00:00
2026-10-05T08:26:00Z,31076.25,31078.25,31059.25,31074.0,230,2026-10-05T22:30:26+00:00
2026-10-05T08:27:00Z,31073.25,31083.0,31068.5,31081.0,155,2026-10-05T22:30:26+00:00
2026-10-05T08:28:00Z,31079.75,31086.25,31070.5,31071.0,191,2026-10-05T22:30:26+00:00
2026-10-05T08:29:00Z,31070.75,31071.75,31058.0,31059.25,363,2026-10-05T22:30:26+00:00
2026-10-05T08:30:00Z,31061.75,31068.5,31060.25,31065.0,133,2026-10-05T22:30:26+00:00
2026-10-05T08:31:00Z,31064.75,31072.0,31064.0,31069.25,131,2026-10-05T22:30:26+00:00
2026-10-05T08:32:00Z,31068.25,31076.5,31067.5,31075.5,106,2026-10-05T22:30:26+00:00
2026-10-05T08:33:00Z,31075.0,31075.0,31060.75,31060.75,103,2026-10-05T22:30:26+00:00
2026-10-05T08:34:00Z,31060.0,31061.75,31033.75,31043.0,992,2026-10-05T22:30:26+00:00
2026-10-05T08:35:00Z,31045.0,31051.0,31023.0,31033.75,409,2026-10-05T22:30:26+00:00
2026-10-05T08:36:00Z,31035.25,31036.25,31015.75,31019.25,382,2026-10-05T22:30:26+00:00
2026-10-05T08:37:00Z,31020.0,31027.5,31013.75,31026.5,249,2026-10-05T22:30:26+00:00
2026-10-05T08:38:00Z,31026.75,31039.5,31025.0,31034.75,217,2026-10-05T22:30:26+00:00
2026-10-05T08:39:00Z,31037.0,31040.5,31028.0,31031.75,120,2026-10-05T22:30:26+00:00
2026-10-05T08:40:00Z,31031.25,31034.5,31024.5,31025.0,103,2026-10-05T22:30:26+00:00
2026-10-05T08:41:00Z,31024.5,31028.25,31020.0,31021.0,90,2026-10-05T22:30:26+00:00
2026-10-05T08:42:00Z,31021.25,31023.0,31008.5,31011.25,253,2026-10-05T22:30:26+00:00
2026-10-05T08:43:00Z,31010.5,31027.75,31009.0,31022.25,399,2026-10-05T22:30:26+00:00
2026-10-05T08:44:00Z,31021.5,31022.5,31003.0,31004.0,253,2026-10-05T22:30:26+00:00
2026-10-05T08:45:00Z,31004.75,31004.75,30986.0,30989.0,614,2026-10-05T22:30:26+00:00
2026-10-05T08:46:00Z,30988.75,30991.75,30982.75,30984.25,310,2026-10-05T22:30:26+00:00
2026-10-05T08:47:00Z,30984.25,30985.5,30974.75,30977.0,263,2026-10-05T22:30:26+00:00
2026-10-05T08:48:00Z,30976.75,31009.75,30974.75,31001.75,348,2026-10-05T22:30:26+00:00
2026-10-05T08:49:00Z,31002.75,31028.0,31002.25,31018.5,1496,2026-10-05T22:30:26+00:00
2026-10-05T08:50:00Z,31018.25,31020.5,31005.0,31017.5,189,2026-10-05T22:30:26+00:00
2026-10-05T08:51:00Z,31017.0,31038.0,31013.5,31033.5,309,2026-10-05T22:30:26+00:00
2026-10-05T08:52:00Z,31036.0,31042.5,31034.25,31036.75,147,2026-10-05T22:30:26+00:00
2026-10-05T08:53:00Z,31036.5,31038.75,31022.5,31022.75,152,2026-10-05T22:30:26+00:00
2026-10-05T08:54:00Z,31022.25,31024.5,31010.25,31012.25,180,2026-10-05T22:30:26+00:00
2026-10-05T08:55:00Z,31013.25,31024.0,31009.5,31018.5,134,2026-10-05T22:30:26+00:00
2026-10-05T08:56:00Z,31020.25,31021.5,31009.25,31012.0,103,2026-10-05T22:30:26+00:00
2026-10-05T08:57:00Z,31012.0,31023.25,31008.25,31022.5,110,2026-10-05T22:30:26+00:00
2026-10-05T08:58:00Z,31020.5,31027.75,31015.25,31027.5,70,2026-10-05T22:30:26+00:00
2026-10-05T08:59:00Z,31028.25,31035.0,31026.5,31031.0,89,2026-10-05T22:30:26+00:00
2026-10-05T09:00:00Z,31031.5,31032.5,31021.0,31022.0,89,2026-10-05T22:30:26+00:00
2026-10-05T09:01:00Z,31022.25,31028.75,31019.75,31027.0,85,2026-10-05T22:30:26+00:00
2026-10-05T09:02:00Z,31028.0,31032.5,31024.5,31031.25,45,2026-10-05T22:30:26+00:00
2026-10-05T09:03:00Z,31029.25,31029.25,31023.25,31026.25,37,2026-10-05T22:30:26+00:00
2026-10-05T09:04:00Z,31024.5,31027.5,31024.25,31027.5,28,2026-10-05T22:30:26+00:00
2026-10-05T09:05:00Z,31024.5,31035.0,31024.5,31027.0,80,2026-10-05T22:30:26+00:00
2026-10-05T09:06:00Z,31028.5,31029.0,31024.0,31024.0,46,2026-10-05T22:30:26+00:00
2026-10-05T09:07:00Z,31023.5,31031.5,31019.25,31031.5,77,2026-10-05T22:30:26+00:00
2026-10-05T09:08:00Z,31031.75,31042.0,31029.75,31034.5,108,2026-10-05T22:30:26+00:00
2026-10-05T09:09:00Z,31032.75,31040.5,31032.5,31034.5,55,2026-10-05T22:30:26+00:00
2026-10-05T09:10:00Z,31033.5,31039.25,31027.75,31033.5,90,2026-10-05T22:30:26+00:00
2026-10-05T09:11:00Z,31036.75,31036.75,31031.0,31033.25,39,2026-10-05T22:30:26+00:00
2026-10-05T09:12:00Z,31035.25,31035.25,31028.5,31030.25,39,2026-10-05T22:30:26+00:00
2026-10-05T09:13:00Z,31029.25,31036.25,31028.75,31032.5,22,2026-10-05T22:30:26+00:00
2026-10-05T09:14:00Z,31031.25,31034.5,31029.0,31030.5,34,2026-10-05T22:30:26+00:00
2026-10-05T09:15:00Z,31030.75,31033.0,31025.75,31031.0,33,2026-10-05T22:30:26+00:00
2026-10-05T09:16:00Z,31029.5,31031.75,31027.25,31029.0,40,2026-10-05T22:30:26+00:00
2026-10-05T09:17:00Z,31029.75,31031.5,31023.75,31024.0,13,2026-10-05T22:30:26+00:00
2026-10-05T09:18:00Z,31027.0,31027.25,31019.0,31022.0,79,2026-10-05T22:30:26+00:00
2026-10-05T09:19:00Z,31021.75,31029.0,31021.75,31026.5,47,2026-10-05T22:30:26+00:00
2026-10-05T09:20:00Z,31028.75,31030.75,31026.5,31028.0,30,2026-10-05T22:30:26+00:00
2026-10-05T09:21:00Z,31027.75,31033.5,31023.25,31024.5,62,2026-10-05T22:30:26+00:00
2026-10-05T09:22:00Z,31026.5,31032.0,31026.5,31031.5,48,2026-10-05T22:30:26+00:00
2026-10-05T09:23:00Z,31032.25,31032.75,31026.25,31028.0,40,2026-10-05T22:30:26+00:00
2026-10-05T09:24:00Z,31026.75,31027.0,31016.25,31017.0,163,2026-10-05T22:30:26+00:00
2026-10-05T09:25:00Z,31017.75,31018.5,31010.0,31010.25,141,2026-10-05T22:30:26+00:00
2026-10-05T09:26:00Z,31011.0,31014.0,31001.0,31001.0,234,2026-10-05T22:30:26+00:00
2026-10-05T09:27:00Z,31002.25,31008.0,30996.0,31004.75,271,2026-10-05T22:30:26+00:00
2026-10-05T09:28:00Z,31005.25,31009.0,31002.5,31003.0,160,2026-10-05T22:30:26+00:00
2026-10-05T09:29:00Z,31004.25,31007.5,31001.0,31002.0,59,2026-10-05T22:30:26+00:00
2026-10-05T09:30:00Z,31003.0,31007.5,31002.0,31006.0,47,2026-10-05T22:30:26+00:00
2026-10-05T09:31:00Z,31006.25,31014.25,31004.25,31012.25,111,2026-10-05T22:30:26+00:00
2026-10-05T09:32:00Z,31013.25,31017.5,31007.5,31011.75,50,2026-10-05T22:30:26+00:00
2026-10-05T09:33:00Z,31013.5,31014.75,31006.75,31006.75,29,2026-10-05T22:30:26+00:00
2026-10-05T09:34:00Z,31005.5,31008.5,31001.25,31006.0,165,2026-10-05T22:30:26+00:00
2026-10-05T09:35:00Z,31004.75,31004.75,30999.25,30999.25,51,2026-10-05T22:30:26+00:00
2026-10-05T09:36:00Z,30998.5,31000.0,30990.75,30991.5,133,2026-10-05T22:30:26+00:00
2026-10-05T09:37:00Z,30992.0,30992.75,30983.25,30984.0,171,2026-10-05T22:30:26+00:00
2026-10-05T09:38:00Z,30984.75,30987.5,30982.25,30986.25,79,2026-10-05T22:30:26+00:00
2026-10-05T09:39:00Z,30986.5,30986.5,30976.5,30978.5,170,2026-10-05T22:30:26+00:00
2026-10-05T09:40:00Z,30978.75,30981.75,30967.0,30974.5,334,2026-10-05T22:30:26+00:00
2026-10-05T09:41:00Z,30974.75,30976.5,30968.5,30973.25,150,2026-10-05T22:30:26+00:00
2026-10-05T09:42:00Z,30972.75,30974.75,30957.5,30962.25,362,2026-10-05T22:30:26+00:00
2026-10-05T09:43:00Z,30962.0,30978.25,30961.25,30977.5,221,2026-10-05T22:30:26+00:00
2026-10-05T09:44:00Z,30978.25,30981.25,30976.25,30980.5,142,2026-10-05T22:30:26+00:00
2026-10-05T09:45:00Z,30980.5,30981.25,30976.0,30977.25,130,2026-10-05T22:30:26+00:00
2026-10-05T09:46:00Z,30976.75,30981.25,30972.0,30977.25,196,2026-10-05T22:30:26+00:00
2026-10-05T09:47:00Z,30978.5,30988.0,30978.25,30985.0,237,2026-10-05T22:30:26+00:00
2026-10-05T09:48:00Z,30984.75,30988.25,30982.75,30986.75,91,2026-10-05T22:30:26+00:00
2026-10-05T09:49:00Z,30986.0,30989.5,30985.25,30986.75,43,2026-10-05T22:30:26+00:00
2026-10-05T09:50:00Z,30988.0,30995.0,30986.0,30990.25,202,2026-10-05T22:30:26+00:00
2026-10-05T09:51:00Z,30992.25,30997.75,30987.0,30991.5,179,2026-10-05T22:30:26+00:00
2026-10-05T09:52:00Z,30993.0,30997.75,30988.5,30991.75,72,2026-10-05T22:30:26+00:00
2026-10-05T09:53:00Z,30992.75,30997.5,30992.0,30992.0,38,2026-10-05T22:30:26+00:00
2026-10-05T09:54:00Z,30990.5,30992.25,30984.0,30988.75,59,2026-10-05T22:30:26+00:00
2026-10-05T09:55:00Z,30990.25,30992.5,30986.0,30988.0,58,2026-10-05T22:30:26+00:00
2026-10-05T09:56:00Z,30985.75,30992.5,30984.75,30989.5,62,2026-10-05T22:30:26+00:00
2026-10-05T09:57:00Z,30990.5,30993.5,30987.5,30989.25,90,2026-10-05T22:30:26+00:00
2026-10-05T09:58:00Z,30989.0,30992.0,30987.0,30990.25,92,2026-10-05T22:30:26+00:00
2026-10-05T09:59:00Z,30990.25,30991.25,30987.25,30990.75,20,2026-10-05T22:30:26+00:00
2026-10-05T10:00:00Z,30988.25,30991.75,30983.5,30986.0,81,2026-10-05T22:30:26+00:00
2026-10-05T10:01:00Z,30987.25,30987.25,30979.75,30980.25,82,2026-10-05T22:30:26+00:00
2026-10-05T10:02:00Z,30981.0,30982.0,30977.5,30980.0,82,2026-10-05T22:30:26+00:00
2026-10-05T10:03:00Z,30980.5,30988.75,30977.5,30985.75,112,2026-10-05T22:30:26+00:00
2026-10-05T10:04:00Z,30985.25,30988.0,30982.0,30986.75,37,2026-10-05T22:30:26+00:00
2026-10-05T10:05:00Z,30986.75,30989.75,30980.75,30983.5,52,2026-10-05T22:30:26+00:00
2026-10-05T10:06:00Z,30983.0,30996.75,30981.5,30996.25,75,2026-10-05T22:30:26+00:00
2026-10-05T10:07:00Z,30996.5,30997.5,30992.0,30995.0,81,2026-10-05T22:30:26+00:00
2026-10-05T10:08:00Z,30989.5,30995.5,30988.75,30995.0,63,2026-10-05T22:30:26+00:00
2026-10-05T10:09:00Z,30993.25,30995.0,30985.0,30987.25,45,2026-10-05T22:30:26+00:00
2026-10-05T10:10:00Z,30986.5,30996.25,30984.0,30992.0,107,2026-10-05T22:30:26+00:00
2026-10-05T10:11:00Z,30991.25,30991.25,30983.25,30988.25,33,2026-10-05T22:30:26+00:00
2026-10-05T10:12:00Z,30987.0,30987.0,30980.25,30982.75,69,2026-10-05T22:30:26+00:00
2026-10-05T10:13:00Z,30982.25,30982.25,30978.0,30979.5,121,2026-10-05T22:30:26+00:00
2026-10-05T10:14:00Z,30981.75,30994.75,30980.0,30993.25,116,2026-10-05T22:30:26+00:00
2026-10-05T10:15:00Z,30993.75,30993.75,30981.25,30988.0,99,2026-10-05T22:30:26+00:00
2026-10-05T10:16:00Z,30989.0,30990.75,30985.0,30986.0,52,2026-10-05T22:30:26+00:00
2026-10-05T10:17:00Z,30984.0,30985.0,30978.5,30981.0,80,2026-10-05T22:30:26+00:00
2026-10-05T10:18:00Z,30981.5,30987.0,30981.5,30984.0,40,2026-10-05T22:30:26+00:00
2026-10-05T10:19:00Z,30982.5,30985.0,30976.75,30980.75,92,2026-10-05T22:30:26+00:00
2026-10-05T10:20:00Z,30979.75,30985.5,30979.5,30985.5,98,2026-10-05T22:30:26+00:00
2026-10-05T10:21:00Z,30985.75,30991.25,30985.5,30988.75,47,2026-10-05T22:30:26+00:00
2026-10-05T10:22:00Z,30989.75,30989.75,30984.25,30986.0,29,2026-10-05T22:30:26+00:00
2026-10-05T10:23:00Z,30987.5,30993.0,30987.25,30990.75,43,2026-10-05T22:30:26+00:00
2026-10-05T10:24:00Z,30991.0,31002.0,30991.0,31000.0,164,2026-10-05T22:30:26+00:00
2026-10-05T10:25:00Z,30999.75,31002.0,30997.75,30998.5,87,2026-10-05T22:30:26+00:00
2026-10-05T10:26:00Z,30997.75,31001.0,30994.0,30997.25,128,2026-10-05T22:30:26+00:00
2026-10-05T10:27:00Z,30995.25,30998.0,30981.5,30982.25,141,2026-10-05T22:30:26+00:00
2026-10-05T10:28:00Z,30984.25,30991.5,30984.0,30985.75,83,2026-10-05T22:30:26+00:00
2026-10-05T10:29:00Z,30988.0,30990.25,30977.25,30978.5,123,2026-10-05T22:30:26+00:00
2026-10-05T10:30:00Z,30978.25,30979.75,30972.25,30974.25,187,2026-10-05T22:30:26+00:00
2026-10-05T10:31:00Z,30974.25,30977.25,30971.0,30972.5,185,2026-10-05T22:30:26+00:00
2026-10-05T10:32:00Z,30971.75,30973.75,30969.0,30972.0,104,2026-10-05T22:30:26+00:00
2026-10-05T10:33:00Z,30972.5,30973.75,30970.0,30971.25,32,2026-10-05T22:30:26+00:00
2026-10-05T10:34:00Z,30971.25,30974.5,30962.0,30967.0,136,2026-10-05T22:30:26+00:00
2026-10-05T10:35:00Z,30967.25,30971.75,30965.25,30969.75,76,2026-10-05T22:30:26+00:00
2026-10-05T10:36:00Z,30968.5,30969.25,30963.5,30965.75,75,2026-10-05T22:30:26+00:00
2026-10-05T10:37:00Z,30967.0,30971.75,30966.0,30967.0,86,2026-10-05T22:30:26+00:00
2026-10-05T10:38:00Z,30969.0,30971.5,30960.0,30964.75,111,2026-10-05T22:30:26+00:00
2026-10-05T10:39:00Z,30965.0,30966.25,30961.25,30965.25,92,2026-10-05T22:30:26+00:00
2026-10-05T10:40:00Z,30963.75,30976.0,30963.75,30971.5,116,2026-10-05T22:30:26+00:00
2026-10-05T10:41:00Z,30971.75,30980.75,30971.5,30973.75,130,2026-10-05T22:30:26+00:00
2026-10-05T10:42:00Z,30972.25,30981.75,30970.75,30978.5,59,2026-10-05T22:30:26+00:00
2026-10-05T10:43:00Z,30979.0,30986.5,30976.25,30982.75,91,2026-10-05T22:30:26+00:00
2026-10-05T10:44:00Z,30983.0,30983.0,30977.75,30977.75,111,2026-10-05T22:30:26+00:00
2026-10-05T10:45:00Z,30978.75,30981.5,30975.0,30977.25,113,2026-10-05T22:30:26+00:00
2026-10-05T10:46:00Z,30979.75,30985.25,30979.75,30984.5,65,2026-10-05T22:30:26+00:00
2026-10-05T10:47:00Z,30985.0,30988.75,30983.75,30988.0,71,2026-10-05T22:30:26+00:00
2026-10-05T10:48:00Z,30988.25,30998.5,30988.25,30998.0,135,2026-10-05T22:30:26+00:00
2026-10-05T10:49:00Z,30996.5,30998.75,30993.25,30995.25,146,2026-10-05T22:30:26+00:00
2026-10-05T10:50:00Z,30995.75,30997.0,30987.25,30988.0,85,2026-10-05T22:30:26+00:00
2026-10-05T10:51:00Z,30988.5,30989.75,30982.5,30983.0,93,2026-10-05T22:30:26+00:00
2026-10-05T10:52:00Z,30981.25,30989.0,30980.5,30987.5,77,2026-10-05T22:30:26+00:00
2026-10-05T10:53:00Z,30987.75,30994.0,30987.25,30991.5,40,2026-10-05T22:30:26+00:00
2026-10-05T10:54:00Z,30989.75,31019.75,30989.75,31010.75,723,2026-10-05T22:30:26+00:00
2026-10-05T10:55:00Z,31011.75,31046.75,31011.75,31035.25,837,2026-10-05T22:30:26+00:00
2026-10-05T10:56:00Z,31037.0,31038.0,31023.5,31028.0,252,2026-10-05T22:30:26+00:00
2026-10-05T10:57:00Z,31027.5,31029.25,31019.75,31021.0,173,2026-10-05T22:30:26+00:00
2026-10-05T10:58:00Z,31021.25,31022.25,31015.25,31022.25,78,2026-10-05T22:30:26+00:00
2026-10-05T10:59:00Z,31021.5,31031.0,31021.25,31028.0,132,2026-10-05T22:30:26+00:00
2026-10-05T11:00:00Z,31029.25,31031.75,30988.5,31018.25,566,2026-10-05T22:30:26+00:00
2026-10-05T11:01:00Z,31018.5,31018.75,31009.0,31011.25,77,2026-10-05T22:30:26+00:00
2026-10-05T11:02:00Z,31009.25,31009.25,30986.0,30991.0,256,2026-10-05T22:30:26+00:00
2026-10-05T11:03:00Z,30992.5,30997.5,30987.75,30996.25,232,2026-10-05T22:30:26+00:00
2026-10-05T11:04:00Z,30995.75,31001.5,30991.5,30991.5,131,2026-10-05T22:30:26+00:00
2026-10-05T11:05:00Z,30993.5,31002.0,30988.75,31001.25,171,2026-10-05T22:30:26+00:00
2026-10-05T11:06:00Z,31000.5,31005.5,30997.25,30999.25,97,2026-10-05T22:30:26+00:00
2026-10-05T11:07:00Z,30998.0,31001.75,30992.0,30992.25,70,2026-10-05T22:30:26+00:00
2026-10-05T11:08:00Z,30993.0,30997.0,30989.5,30990.5,89,2026-10-05T22:30:26+00:00
2026-10-05T11:09:00Z,30990.0,30993.25,30988.75,30991.0,67,2026-10-05T22:30:26+00:00
2026-10-05T11:10:00Z,30990.5,30992.5,30988.0,30991.25,75,2026-10-05T22:30:26+00:00
2026-10-05T11:11:00Z,30991.75,30997.5,30990.0,30994.0,87,2026-10-05T22:30:26+00:00
2026-10-05T11:12:00Z,30993.5,30996.5,30987.25,30996.5,42,2026-10-05T22:30:26+00:00
2026-10-05T11:13:00Z,30995.25,31005.5,30994.0,31004.0,137,2026-10-05T22:30:26+00:00
2026-10-05T11:14:00Z,31005.25,31006.0,31000.0,31003.75,44,2026-10-05T22:30:26+00:00
2026-10-05T11:15:00Z,31003.75,31009.75,31003.25,31006.5,74,2026-10-05T22:30:26+00:00
2026-10-05T11:16:00Z,31007.0,31007.5,30995.75,31005.25,117,2026-10-05T22:30:26+00:00
2026-10-05T11:17:00Z,31006.0,31013.25,31005.0,31011.75,139,2026-10-05T22:30:26+00:00
2026-10-05T11:18:00Z,31009.0,31019.0,31008.25,31018.25,143,2026-10-05T22:30:26+00:00
2026-10-05T11:19:00Z,31019.0,31025.0,31018.25,31019.75,106,2026-10-05T22:30:26+00:00
2026-10-05T11:20:00Z,31019.75,31024.5,31019.0,31023.25,47,2026-10-05T22:30:26+00:00
2026-10-05T11:21:00Z,31022.5,31025.0,31022.0,31022.25,41,2026-10-05T22:30:26+00:00
2026-10-05T11:22:00Z,31021.5,31023.25,31017.0,31022.5,98,2026-10-05T22:30:26+00:00
2026-10-05T11:23:00Z,31022.0,31029.0,31022.0,31023.25,108,2026-10-05T22:30:26+00:00
2026-10-05T11:24:00Z,31022.0,31027.0,31021.0,31022.5,115,2026-10-05T22:30:26+00:00
2026-10-05T11:25:00Z,31023.0,31028.25,31021.5,31023.25,67,2026-10-05T22:30:26+00:00
2026-10-05T11:26:00Z,31023.75,31035.0,31023.0,31028.5,171,2026-10-05T22:30:26+00:00
2026-10-05T11:27:00Z,31027.75,31070.0,31027.0,31051.25,1477,2026-10-05T22:30:26+00:00
2026-10-05T11:28:00Z,31051.25,31058.0,31033.25,31057.0,328,2026-10-05T22:30:26+00:00
2026-10-05T11:29:00Z,31057.0,31059.0,31045.25,31055.0,257,2026-10-05T22:30:26+00:00
2026-10-05T11:30:00Z,31054.5,31070.25,31044.0,31049.5,258,2026-10-05T22:30:26+00:00
2026-10-05T11:31:00Z,31049.5,31054.75,31047.75,31048.75,139,2026-10-05T22:30:26+00:00
2026-10-05T11:32:00Z,31048.75,31051.25,31039.25,31041.5,149,2026-10-05T22:30:26+00:00
2026-10-05T11:33:00Z,31041.5,31045.25,31033.25,31038.75,204,2026-10-05T22:30:26+00:00
2026-10-05T11:34:00Z,31037.5,31039.0,31030.0,31030.0,120,2026-10-05T22:30:26+00:00
2026-10-05T11:35:00Z,31030.75,31032.25,31024.5,31029.75,89,2026-10-05T22:30:26+00:00
2026-10-05T11:36:00Z,31029.0,31038.0,31023.0,31038.0,166,2026-10-05T22:30:26+00:00
2026-10-05T11:37:00Z,31037.25,31039.25,31033.75,31038.25,155,2026-10-05T22:30:26+00:00
2026-10-05T11:38:00Z,31037.0,31042.75,31036.5,31040.75,76,2026-10-05T22:30:26+00:00
2026-10-05T11:39:00Z,31040.0,31043.75,31039.5,31039.5,54,2026-10-05T22:30:26+00:00
2026-10-05T11:40:00Z,31041.25,31045.25,31039.75,31041.75,55,2026-10-05T22:30:26+00:00
2026-10-05T11:41:00Z,31041.0,31041.0,31029.75,31029.75,172,2026-10-05T22:30:26+00:00
2026-10-05T11:42:00Z,31031.0,31031.75,31018.5,31019.0,160,2026-10-05T22:30:26+00:00
2026-10-05T11:43:00Z,31018.5,31020.5,31016.0,31019.75,101,2026-10-05T22:30:26+00:00
2026-10-05T11:44:00Z,31019.0,31020.0,31009.75,31011.5,173,2026-10-05T22:30:26+00:00
2026-10-05T11:45:00Z,31013.25,31013.25,30990.25,31006.75,449,2026-10-05T22:30:26+00:00
2026-10-05T11:46:00Z,31006.25,31006.5,30999.0,31000.0,68,2026-10-05T22:30:26+00:00
2026-10-05T11:47:00Z,30998.75,31010.25,30998.75,31009.25,110,2026-10-05T22:30:26+00:00
2026-10-05T11:48:00Z,31011.25,31013.25,31009.75,31011.25,113,2026-10-05T22:30:26+00:00
2026-10-05T11:49:00Z,31010.5,31014.5,31007.0,31011.5,120,2026-10-05T22:30:26+00:00
2026-10-05T11:50:00Z,31011.25,31017.25,31010.5,31015.75,164,2026-10-05T22:30:26+00:00
2026-10-05T11:51:00Z,31015.0,31020.0,31009.25,31010.75,109,2026-10-05T22:30:26+00:00
2026-10-05T11:52:00Z,31011.75,31019.0,31010.25,31016.25,81,2026-10-05T22:30:26+00:00
2026-10-05T11:53:00Z,31015.75,31016.5,31007.25,31007.75,66,2026-10-05T22:30:26+00:00
2026-10-05T11:54:00Z,31007.5,31011.25,31006.5,31010.5,50,2026-10-05T22:30:26+00:00
2026-10-05T11:55:00Z,31009.25,31017.5,31008.25,31016.75,55,2026-10-05T22:30:26+00:00
2026-10-05T11:56:00Z,31017.75,31027.25,31015.5,31025.75,156,2026-10-05T22:30:26+00:00
2026-10-05T11:57:00Z,31026.25,31027.5,31021.25,31027.5,110,2026-10-05T22:30:26+00:00
2026-10-05T11:58:00Z,31026.5,31031.25,31021.0,31021.0,195,2026-10-05T22:30:26+00:00
2026-10-05T11:59:00Z,31021.5,31024.5,31021.0,31023.0,33,2026-10-05T22:30:26+00:00
2026-10-05T12:00:00Z,31021.5,31024.0,31009.5,31016.25,224,2026-10-05T22:30:26+00:00
2026-10-05T12:01:00Z,31017.0,31023.0,31017.0,31023.0,119,2026-10-05T22:30:26+00:00
2026-10-05T12:02:00Z,31025.5,31027.5,31009.5,31019.5,145,2026-10-05T22:30:26+00:00
2026-10-05T12:03:00Z,31021.25,31024.25,31018.0,31023.0,51,2026-10-05T22:30:26+00:00
2026-10-05T12:04:00Z,31023.5,31031.0,31023.5,31028.75,100,2026-10-05T22:30:26+00:00
2026-10-05T12:05:00Z,31028.75,31035.0,31027.0,31034.0,95,2026-10-05T22:30:26+00:00
2026-10-05T12:06:00Z,31035.5,31037.0,31023.25,31025.0,102,2026-10-05T22:30:26+00:00
2026-10-05T12:07:00Z,31023.5,31024.5,31020.5,31024.5,60,2026-10-05T22:30:26+00:00
2026-10-05T12:08:00Z,31023.5,31023.75,31013.25,31019.75,92,2026-10-05T22:30:26+00:00
2026-10-05T12:09:00Z,31021.25,31023.5,31011.75,31012.0,76,2026-10-05T22:30:26+00:00
2026-10-05T12:10:00Z,31012.0,31024.0,31009.25,31020.0,205,2026-10-05T22:30:26+00:00
2026-10-05T12:11:00Z,31020.25,31028.75,31016.75,31028.25,152,2026-10-05T22:30:26+00:00
2026-10-05T12:12:00Z,31028.25,31031.0,31025.5,31030.0,79,2026-10-05T22:30:26+00:00
2026-10-05T12:13:00Z,31029.0,31032.5,31023.25,31032.25,100,2026-10-05T22:30:26+00:00
2026-10-05T12:14:00Z,31030.5,31032.25,31026.0,31027.25,62,2026-10-05T22:30:26+00:00
2026-10-05T12:15:00Z,31024.5,31027.75,31013.5,31013.5,128,2026-10-05T22:30:26+00:00
2026-10-05T12:16:00Z,31014.25,31028.25,31013.0,31028.25,168,2026-10-05T22:30:26+00:00
2026-10-05T12:17:00Z,31028.25,31031.5,31022.0,31022.0,109,2026-10-05T22:30:26+00:00
2026-10-05T12:18:00Z,31021.0,31021.0,31016.75,31017.25,133,2026-10-05T22:30:26+00:00
2026-10-05T12:19:00Z,31016.75,31017.25,31007.25,31009.0,144,2026-10-05T22:30:26+00:00
2026-10-05T12:20:00Z,31010.25,31013.75,31000.25,31004.0,291,2026-10-05T22:30:26+00:00
2026-10-05T12:21:00Z,31006.5,31009.25,31003.75,31008.0,138,2026-10-05T22:30:26+00:00
2026-10-05T12:22:00Z,31008.25,31011.5,31001.25,31007.75,196,2026-10-05T22:30:26+00:00
2026-10-05T12:23:00Z,31007.25,31007.25,30992.5,30992.5,202,2026-10-05T22:30:26+00:00
2026-10-05T12:24:00Z,30992.25,30995.5,30985.25,30989.5,232,2026-10-05T22:30:26+00:00
2026-10-05T12:25:00Z,30990.0,30992.75,30986.25,30990.25,168,2026-10-05T22:30:26+00:00
2026-10-05T12:26:00Z,30987.75,30991.25,30982.75,30990.5,238,2026-10-05T22:30:26+00:00
2026-10-05T12:27:00Z,30990.75,30992.75,30987.25,30991.5,77,2026-10-05T22:30:26+00:00
2026-10-05T12:28:00Z,30991.75,30998.5,30990.75,30995.0,114,2026-10-05T22:30:26+00:00
2026-10-05T12:29:00Z,30995.0,31000.25,30990.75,31000.25,152,2026-10-05T22:30:26+00:00
2026-10-05T12:30:00Z,31000.25,31001.25,30994.5,30999.5,324,2026-10-05T22:30:26+00:00
2026-10-05T12:31:00Z,30999.5,31000.25,30985.25,30990.25,193,2026-10-05T22:30:26+00:00
2026-10-05T12:32:00Z,30991.5,30994.75,30989.5,30992.0,116,2026-10-05T22:30:26+00:00
2026-10-05T12:33:00Z,30992.75,30995.25,30989.25,30991.5,108,2026-10-05T22:30:26+00:00
2026-10-05T12:34:00Z,30991.0,30991.25,30983.5,30989.5,298,2026-10-05T22:30:26+00:00
2026-10-05T12:35:00Z,30989.5,30996.75,30988.25,30994.75,106,2026-10-05T22:30:26+00:00
2026-10-05T12:36:00Z,30996.0,30997.5,30992.75,30995.5,81,2026-10-05T22:30:26+00:00
2026-10-05T12:37:00Z,30995.5,30998.75,30988.75,30996.0,209,2026-10-05T22:30:26+00:00
2026-10-05T12:38:00Z,30996.75,30998.25,30988.75,30992.25,114,2026-10-05T22:30:26+00:00
2026-10-05T12:39:00Z,30993.25,30996.0,30988.25,30994.5,59,2026-10-05T22:30:26+00:00
2026-10-05T12:40:00Z,30994.25,30994.75,30983.25,30993.5,210,2026-10-05T22:30:26+00:00
2026-10-05T12:41:00Z,30993.25,30994.0,30984.75,30988.0,120,2026-10-05T22:30:26+00:00
2026-10-05T12:42:00Z,30987.0,30988.0,30981.5,30984.25,128,2026-10-05T22:30:26+00:00
2026-10-05T12:43:00Z,30984.75,30988.5,30982.75,30985.25,160,2026-10-05T22:30:26+00:00
2026-10-05T12:44:00Z,30985.75,30989.75,30979.75,30981.75,331,2026-10-05T22:30:26+00:00
2026-10-05T12:45:00Z,30982.5,30991.25,30980.5,30991.0,163,2026-10-05T22:30:26+00:00
2026-10-05T12:46:00Z,30991.75,30998.25,30982.75,30986.5,422,2026-10-05T22:30:26+00:00
2026-10-05T12:47:00Z,30986.0,30987.5,30972.75,30986.0,468,2026-10-05T22:30:26+00:00
2026-10-05T12:48:00Z,30984.75,30985.0,30971.0,30971.0,285,2026-10-05T22:30:26+00:00
2026-10-05T12:49:00Z,30971.25,30975.75,30965.0,30974.0,373,2026-10-05T22:30:26+00:00
2026-10-05T12:50:00Z,30973.75,30980.75,30969.75,30980.75,203,2026-10-05T22:30:26+00:00
2026-10-05T12:51:00Z,30979.75,30984.75,30979.75,30981.75,225,2026-10-05T22:30:26+00:00
2026-10-05T12:52:00Z,30981.75,30997.5,30975.25,30977.25,622,2026-10-05T22:30:26+00:00
2026-10-05T12:53:00Z,30976.5,30997.5,30975.75,30996.25,265,2026-10-05T22:30:26+00:00
2026-10-05T12:54:00Z,30996.0,30999.75,30996.0,30997.25,146,2026-10-05T22:30:26+00:00
2026-10-05T12:55:00Z,30997.0,30997.75,30992.25,30995.5,101,2026-10-05T22:30:26+00:00
2026-10-05T12:56:00Z,30995.75,30999.75,30992.0,30997.5,181,2026-10-05T22:30:26+00:00
2026-10-05T12:57:00Z,30998.0,31001.0,30994.5,31000.25,143,2026-10-05T22:30:26+00:00
2026-10-05T12:58:00Z,30999.75,31006.25,30998.25,31002.75,235,2026-10-05T22:30:26+00:00
2026-10-05T12:59:00Z,31003.25,31003.75,30993.5,30995.75,187,2026-10-05T22:30:26+00:00
2026-10-05T13:00:00Z,30995.5,31010.0,30993.75,31005.0,433,2026-10-05T22:30:26+00:00
2026-10-05T13:01:00Z,31005.25,31007.25,30997.5,31003.25,199,2026-10-05T22:30:26+00:00
2026-10-05T13:02:00Z,31003.25,31004.0,30997.75,31001.5,121,2026-10-05T22:30:26+00:00
2026-10-05T13:03:00Z,31002.5,31005.75,30997.25,30997.75,101,2026-10-05T22:30:26+00:00
2026-10-05T13:04:00Z,30998.75,31003.0,30996.5,30996.5,166,2026-10-05T22:30:26+00:00
2026-10-05T13:05:00Z,30996.5,30999.25,30992.5,30995.0,190,2026-10-05T22:30:26+00:00
2026-10-05T13:06:00Z,30994.25,30998.75,30991.0,30992.25,322,2026-10-05T22:30:26+00:00
2026-10-05T13:07:00Z,30993.0,30996.5,30988.5,30991.75,174,2026-10-05T22:30:26+00:00
2026-10-05T13:08:00Z,30992.25,31003.25,30991.75,31003.25,168,2026-10-05T22:30:26+00:00
2026-10-05T13:09:00Z,31002.75,31007.5,31001.75,31004.0,258,2026-10-05T22:30:26+00:00
2026-10-05T13:10:00Z,31004.25,31013.25,31004.0,31013.0,241,2026-10-05T22:30:26+00:00
2026-10-05T13:11:00Z,31012.5,31016.5,31008.75,31015.25,264,2026-10-05T22:30:26+00:00
2026-10-05T13:12:00Z,31016.0,31018.75,31015.25,31018.0,133,2026-10-05T22:30:26+00:00
2026-10-05T13:13:00Z,31018.75,31018.75,31013.75,31017.0,132,2026-10-05T22:30:26+00:00
2026-10-05T13:14:00Z,31017.0,31021.25,31007.25,31015.5,399,2026-10-05T22:30:26+00:00
2026-10-05T13:15:00Z,31016.5,31018.0,31012.5,31016.0,215,2026-10-05T22:30:26+00:00
2026-10-05T13:16:00Z,31016.0,31020.0,31014.25,31014.5,145,2026-10-05T22:30:26+00:00
2026-10-05T13:17:00Z,31014.25,31020.0,31012.25,31019.25,156,2026-10-05T22:30:26+00:00
2026-10-05T13:18:00Z,31020.0,31023.25,31017.5,31017.5,127,2026-10-05T22:30:26+00:00
2026-10-05T13:19:00Z,31018.0,31020.5,31014.5,31019.25,87,2026-10-05T22:30:26+00:00
2026-10-05T13:20:00Z,31018.25,31024.0,31018.0,31022.75,183,2026-10-05T22:30:26+00:00
2026-10-05T13:21:00Z,31022.75,31026.0,31018.75,31019.75,182,2026-10-05T22:30:26+00:00
2026-10-05T13:22:00Z,31020.0,31022.75,31012.75,31015.25,149,2026-10-05T22:30:26+00:00
2026-10-05T13:23:00Z,31015.75,31019.0,31012.75,31015.5,149,2026-10-05T22:30:26+00:00
2026-10-05T13:24:00Z,31015.75,31016.5,31004.25,31012.0,435,2026-10-05T22:30:26+00:00
2026-10-05T13:25:00Z,31009.75,31025.5,31007.75,31023.75,480,2026-10-05T22:30:26+00:00
2026-10-05T13:26:00Z,31024.75,31026.5,31021.5,31023.75,217,2026-10-05T22:30:26+00:00
2026-10-05T13:27:00Z,31022.75,31039.75,31022.75,31036.75,1329,2026-10-05T22:30:26+00:00
2026-10-05T13:28:00Z,31037.0,31048.0,31036.5,31043.25,1244,2026-10-05T22:30:26+00:00
2026-10-05T13:29:00Z,31044.0,31060.0,31042.5,31056.5,1080,2026-10-05T22:30:26+00:00
2026-10-05T13:30:00Z,31055.0,31069.0,31044.25,31055.75,5817,2026-10-05T22:30:26+00:00
2026-10-05T13:31:00Z,31055.5,31111.75,31054.25,31110.25,4227,2026-10-05T22:30:26+00:00
2026-10-05T13:32:00Z,31110.75,31127.25,31105.5,31120.0,3122,2026-10-05T22:30:26+00:00
2026-10-05T13:33:00Z,31120.0,31145.75,31114.25,31144.0,2661,2026-10-05T22:30:26+00:00
2026-10-05T13:34:00Z,31143.25,31160.0,31141.25,31156.0,2798,2026-10-05T22:30:26+00:00
2026-10-05T13:35:00Z,31156.25,31162.75,31144.25,31162.5,2899,2026-10-05T22:30:26+00:00
2026-10-05T13:36:00Z,31162.5,31163.75,31141.75,31152.0,1943,2026-10-05T22:30:26+00:00
2026-10-05T13:37:00Z,31153.0,31168.5,31152.0,31163.5,2015,2026-10-05T22:30:26+00:00
2026-10-05T13:38:00Z,31164.25,31172.75,31155.75,31165.25,1606,2026-10-05T22:30:26+00:00
2026-10-05T13:39:00Z,31165.0,31175.0,31162.5,31170.75,1211,2026-10-05T22:30:26+00:00
2026-10-05T13:40:00Z,31171.0,31176.75,31165.0,31175.25,1381,2026-10-05T22:30:26+00:00
2026-10-05T13:41:00Z,31176.0,31203.25,31171.75,31199.25,2319,2026-10-05T22:30:26+00:00
2026-10-05T13:42:00Z,31200.0,31207.25,31193.75,31205.25,1866,2026-10-05T22:30:26+00:00
2026-10-05T13:43:00Z,31205.5,31211.5,31188.25,31193.25,1807,2026-10-05T22:30:26+00:00
2026-10-05T13:44:00Z,31193.0,31206.25,31181.5,31204.5,1702,2026-10-05T22:30:26+00:00
2026-10-05T13:45:00Z,31204.0,31229.5,31192.75,31197.75,3515,2026-10-05T22:30:26+00:00
2026-10-05T13:46:00Z,31197.5,31197.5,31161.75,31171.5,2770,2026-10-05T22:30:26+00:00
2026-10-05T13:47:00Z,31170.75,31185.5,31165.25,31178.25,1717,2026-10-05T22:30:26+00:00
2026-10-05T13:48:00Z,31177.75,31186.75,31168.0,31168.75,1587,2026-10-05T22:30:26+00:00
2026-10-05T13:49:00Z,31169.0,31181.5,31156.5,31166.25,1625,2026-10-05T22:30:26+00:00
2026-10-05T13:50:00Z,31167.25,31182.0,31151.25,31180.0,2023,2026-10-05T22:30:26+00:00
2026-10-05T13:51:00Z,31180.25,31192.25,31177.0,31183.25,1502,2026-10-05T22:30:26+00:00
2026-10-05T13:52:00Z,31184.5,31184.75,31167.5,31168.75,1078,2026-10-05T22:30:26+00:00
2026-10-05T13:53:00Z,31169.5,31173.5,31157.25,31161.5,1182,2026-10-05T22:30:26+00:00
2026-10-05T13:54:00Z,31162.25,31184.25,31158.5,31170.25,1518,2026-10-05T22:30:26+00:00
2026-10-05T13:55:00Z,31170.0,31177.5,31165.75,31173.0,1006,2026-10-05T22:30:26+00:00
2026-10-05T13:56:00Z,31172.75,31177.5,31157.5,31170.25,977,2026-10-05T22:30:26+00:00
2026-10-05T13:57:00Z,31170.75,31173.0,31156.5,31165.25,825,2026-10-05T22:30:26+00:00
2026-10-05T13:58:00Z,31164.75,31170.75,31147.25,31148.25,995,2026-10-05T22:30:26+00:00
2026-10-05T13:59:00Z,31147.5,31162.0,31140.5,31155.25,1123,2026-10-05T22:30:26+00:00
2026-10-05T14:00:00Z,31156.5,31157.25,31115.0,31125.25,3621,2026-10-05T22:30:26+00:00
2026-10-05T14:01:00Z,31126.0,31159.0,31119.75,31148.0,2018,2026-10-05T22:30:26+00:00
2026-10-05T14:02:00Z,31148.5,31155.5,31137.0,31143.0,1525,2026-10-05T22:30:26+00:00
2026-10-05T14:03:00Z,31143.0,31151.0,31138.0,31150.0,889,2026-10-05T22:30:26+00:00
2026-10-05T14:04:00Z,31150.25,31167.0,31146.0,31148.5,1776,2026-10-05T22:30:26+00:00
2026-10-05T14:05:00Z,31148.0,31160.25,31146.25,31159.5,1100,2026-10-05T22:30:26+00:00
2026-10-05T14:06:00Z,31158.75,31164.25,31148.25,31151.0,1196,2026-10-05T22:30:26+00:00
2026-10-05T14:07:00Z,31150.75,31159.25,31143.25,31152.0,1197,2026-10-05T22:30:26+00:00
2026-10-05T14:08:00Z,31153.25,31182.25,31144.0,31170.25,2687,2026-10-05T22:30:26+00:00
2026-10-05T14:09:00Z,31170.5,31177.75,31155.25,31177.75,1953,2026-10-05T22:30:26+00:00
2026-10-05T14:10:00Z,31176.75,31183.5,31159.25,31164.0,1676,2026-10-05T22:30:26+00:00
2026-10-05T14:11:00Z,31164.75,31180.75,31161.0,31179.25,910,2026-10-05T22:30:26+00:00
2026-10-05T14:12:00Z,31179.25,31193.5,31177.0,31187.25,1490,2026-10-05T22:30:26+00:00
2026-10-05T14:13:00Z,31186.5,31187.5,31175.25,31186.0,832,2026-10-05T22:30:26+00:00
2026-10-05T14:14:00Z,31184.75,31184.75,31177.25,31179.0,729,2026-10-05T22:30:26+00:00
2026-10-05T14:15:00Z,31179.5,31196.75,31173.5,31193.25,1680,2026-10-05T22:30:26+00:00
2026-10-05T14:16:00Z,31192.5,31211.75,31192.0,31206.5,2376,2026-10-05T22:30:26+00:00
2026-10-05T14:17:00Z,31207.25,31214.75,31198.5,31203.25,1189,2026-10-05T22:30:26+00:00
2026-10-05T14:18:00Z,31203.0,31205.0,31189.75,31195.5,1151,2026-10-05T22:30:26+00:00
2026-10-05T14:19:00Z,31196.25,31207.5,31195.25,31203.25,805,2026-10-05T22:30:26+00:00
2026-10-05T14:20:00Z,31203.25,31219.5,31202.75,31219.0,1097,2026-10-05T22:30:26+00:00
2026-10-05T14:21:00Z,31218.5,31226.75,31213.75,31222.25,1446,2026-10-05T22:30:26+00:00
2026-10-05T14:22:00Z,31221.5,31237.5,31220.5,31227.0,1676,2026-10-05T22:30:26+00:00
2026-10-05T14:23:00Z,31226.75,31234.75,31220.5,31226.5,977,2026-10-05T22:30:26+00:00
2026-10-05T14:24:00Z,31225.75,31232.25,31223.75,31230.75,676,2026-10-05T22:30:26+00:00
2026-10-05T14:25:00Z,31231.25,31240.0,31225.0,31240.0,1383,2026-10-05T22:30:26+00:00
2026-10-05T14:26:00Z,31240.0,31247.75,31235.75,31236.75,1317,2026-10-05T22:30:26+00:00
2026-10-05T14:27:00Z,31236.75,31240.25,31229.75,31232.5,963,2026-10-05T22:30:26+00:00
2026-10-05T14:28:00Z,31232.25,31239.75,31224.0,31225.25,891,2026-10-05T22:30:26+00:00
2026-10-05T14:29:00Z,31225.75,31236.25,31224.75,31232.75,654,2026-10-05T22:30:26+00:00
2026-10-05T14:30:00Z,31232.75,31236.75,31208.25,31212.75,2020,2026-10-05T22:30:26+00:00
2026-10-05T14:31:00Z,31213.5,31213.75,31200.75,31211.5,1092,2026-10-05T22:30:26+00:00
2026-10-05T14:32:00Z,31211.5,31211.5,31197.25,31200.75,809,2026-10-05T22:30:26+00:00
2026-10-05T14:33:00Z,31201.25,31209.0,31192.5,31194.0,899,2026-10-05T22:30:26+00:00
2026-10-05T14:34:00Z,31194.25,31204.75,31194.0,31203.0,934,2026-10-05T22:30:26+00:00
2026-10-05T14:35:00Z,31204.0,31209.0,31200.0,31205.0,663,2026-10-05T22:30:26+00:00
2026-10-05T14:36:00Z,31203.75,31208.5,31193.75,31195.0,665,2026-10-05T22:30:26+00:00
2026-10-05T14:37:00Z,31194.25,31220.0,31192.25,31211.25,1195,2026-10-05T22:30:26+00:00
2026-10-05T14:38:00Z,31212.0,31215.75,31208.0,31213.5,632,2026-10-05T22:30:26+00:00
2026-10-05T14:39:00Z,31213.25,31215.0,31202.5,31211.25,772,2026-10-05T22:30:26+00:00
2026-10-05T14:40:00Z,31211.75,31216.5,31201.75,31215.75,627,2026-10-05T22:30:26+00:00
2026-10-05T14:41:00Z,31215.75,31222.75,31212.0,31217.0,816,2026-10-05T22:30:26+00:00
2026-10-05T14:42:00Z,31217.25,31218.25,31204.75,31213.0,984,2026-10-05T22:30:26+00:00
2026-10-05T14:43:00Z,31212.75,31217.5,31205.5,31207.25,516,2026-10-05T22:30:26+00:00
2026-10-05T14:44:00Z,31207.75,31213.25,31202.75,31205.0,716,2026-10-05T22:30:26+00:00
2026-10-05T14:45:00Z,31205.25,31214.5,31203.0,31213.5,613,2026-10-05T22:30:26+00:00
2026-10-05T14:46:00Z,31213.25,31224.25,31210.25,31218.75,937,2026-10-05T22:30:26+00:00
2026-10-05T14:47:00Z,31219.0,31223.0,31212.25,31223.0,586,2026-10-05T22:30:26+00:00
2026-10-05T14:48:00Z,31223.0,31229.5,31214.75,31219.25,1207,2026-10-05T22:30:26+00:00
2026-10-05T14:49:00Z,31218.75,31230.0,31217.5,31227.0,477,2026-10-05T22:30:26+00:00
2026-10-05T14:50:00Z,31227.0,31231.5,31225.25,31228.25,614,2026-10-05T22:30:26+00:00
2026-10-05T14:51:00Z,31228.25,31232.0,31213.75,31225.0,1150,2026-10-05T22:30:26+00:00
2026-10-05T14:52:00Z,31224.75,31230.5,31222.25,31226.75,497,2026-10-05T22:30:26+00:00
2026-10-05T14:53:00Z,31227.25,31238.5,31227.25,31237.75,741,2026-10-05T22:30:26+00:00
2026-10-05T14:54:00Z,31237.25,31239.25,31230.5,31235.5,561,2026-10-05T22:30:26+00:00
2026-10-05T14:55:00Z,31236.25,31237.5,31218.0,31225.5,694,2026-10-05T22:30:26+00:00
2026-10-05T14:56:00Z,31225.25,31232.0,31225.0,31229.5,402,2026-10-05T22:30:26+00:00
2026-10-05T14:57:00Z,31228.75,31254.75,31228.5,31247.25,1231,2026-10-05T22:30:26+00:00
2026-10-05T14:58:00Z,31247.0,31253.5,31242.75,31244.5,1296,2026-10-05T22:30:26+00:00
2026-10-05T14:59:00Z,31244.5,31249.0,31242.75,31248.25,614,2026-10-05T22:30:26+00:00
2026-10-05T15:00:00Z,31248.0,31254.5,31242.5,31249.75,1197,2026-10-05T22:30:26+00:00
2026-10-05T15:01:00Z,31249.5,31253.25,31247.0,31250.5,695,2026-10-05T22:30:26+00:00
2026-10-05T15:02:00Z,31251.5,31253.75,31241.5,31244.75,693,2026-10-05T22:30:26+00:00
2026-10-05T15:03:00Z,31246.0,31250.25,31235.75,31239.0,812,2026-10-05T22:30:26+00:00
2026-10-05T15:04:00Z,31239.25,31249.25,31237.25,31248.75,523,2026-10-05T22:30:26+00:00
2026-10-05T15:05:00Z,31248.5,31250.0,31237.5,31238.75,592,2026-10-05T22:30:26+00:00
2026-10-05T15:06:00Z,31238.75,31240.0,31229.25,31230.25,1123,2026-10-05T22:30:26+00:00
2026-10-05T15:07:00Z,31230.25,31235.75,31220.25,31234.5,1009,2026-10-05T22:30:26+00:00
2026-10-05T15:08:00Z,31234.75,31238.25,31225.5,31230.0,459,2026-10-05T22:30:26+00:00
2026-10-05T15:09:00Z,31230.5,31230.75,31219.0,31221.25,642,2026-10-05T22:30:26+00:00
2026-10-05T15:10:00Z,31221.5,31227.75,31216.25,31227.75,749,2026-10-05T22:30:26+00:00
2026-10-05T15:11:00Z,31227.75,31230.25,31215.5,31216.5,811,2026-10-05T22:30:26+00:00
2026-10-05T15:12:00Z,31216.5,31223.5,31214.25,31215.75,722,2026-10-05T22:30:26+00:00
2026-10-05T15:13:00Z,31215.5,31218.75,31206.0,31213.5,909,2026-10-05T22:30:26+00:00
2026-10-05T15:14:00Z,31212.75,31228.25,31210.75,31226.75,773,2026-10-05T22:30:26+00:00
2026-10-05T15:15:00Z,31227.5,31231.5,31211.25,31215.5,987,2026-10-05T22:30:26+00:00
2026-10-05T15:16:00Z,31215.25,31222.25,31208.5,31221.5,948,2026-10-05T22:30:26+00:00
2026-10-05T15:17:00Z,31221.0,31233.5,31220.75,31230.75,703,2026-10-05T22:30:26+00:00
2026-10-05T15:18:00Z,31231.0,31233.25,31222.0,31226.25,547,2026-10-05T22:30:26+00:00
2026-10-05T15:19:00Z,31226.5,31232.25,31224.5,31231.5,416,2026-10-05T22:30:26+00:00
2026-10-05T15:20:00Z,31230.75,31237.5,31230.0,31232.75,716,2026-10-05T22:30:26+00:00
2026-10-05T15:21:00Z,31232.0,31233.0,31224.5,31228.0,486,2026-10-05T22:30:26+00:00
2026-10-05T15:22:00Z,31228.0,31232.5,31217.0,31225.5,676,2026-10-05T22:30:26+00:00
2026-10-05T15:23:00Z,31224.75,31233.25,31224.0,31230.0,730,2026-10-05T22:30:26+00:00
2026-10-05T15:24:00Z,31229.25,31242.5,31229.25,31237.0,667,2026-10-05T22:30:26+00:00
2026-10-05T15:25:00Z,31237.25,31239.75,31231.0,31231.75,526,2026-10-05T22:30:26+00:00
2026-10-05T15:26:00Z,31231.75,31232.75,31222.25,31222.75,507,2026-10-05T22:30:26+00:00
2026-10-05T15:27:00Z,31222.5,31223.25,31212.0,31222.25,1076,2026-10-05T22:30:26+00:00
2026-10-05T15:28:00Z,31222.5,31225.25,31220.25,31223.5,509,2026-10-05T22:30:26+00:00
2026-10-05T15:29:00Z,31223.25,31234.5,31222.0,31229.75,759,2026-10-05T22:30:26+00:00
2026-10-05T15:30:00Z,31229.5,31237.25,31229.0,31230.5,723,2026-10-05T22:30:26+00:00
2026-10-05T15:31:00Z,31230.25,31237.25,31224.75,31226.75,493,2026-10-05T22:30:26+00:00
2026-10-05T15:32:00Z,31226.25,31233.0,31223.75,31231.75,462,2026-10-05T22:30:26+00:00
2026-10-05T15:33:00Z,31231.5,31231.5,31220.0,31228.0,619,2026-10-05T22:30:26+00:00
2026-10-05T15:34:00Z,31227.75,31227.75,31216.5,31221.5,658,2026-10-05T22:30:26+00:00
2026-10-05T15:35:00Z,31222.0,31224.75,31213.5,31214.75,665,2026-10-05T22:30:26+00:00
2026-10-05T15:36:00Z,31214.5,31217.75,31210.75,31216.0,574,2026-10-05T22:30:26+00:00
2026-10-05T15:37:00Z,31215.5,31222.75,31211.0,31217.75,766,2026-10-05T22:30:26+00:00
2026-10-05T15:38:00Z,31218.0,31223.0,31216.5,31221.0,352,2026-10-05T22:30:26+00:00
2026-10-05T15:39:00Z,31221.25,31221.75,31216.75,31218.0,318,2026-10-05T22:30:26+00:00
2026-10-05T15:40:00Z,31218.0,31222.25,31211.5,31214.25,412,2026-10-05T22:30:26+00:00
2026-10-05T15:41:00Z,31214.5,31234.5,31213.25,31233.5,1232,2026-10-05T22:30:26+00:00
2026-10-05T15:42:00Z,31234.0,31239.0,31229.25,31235.5,941,2026-10-05T22:30:26+00:00
2026-10-05T15:43:00Z,31235.0,31246.5,31235.0,31244.25,917,2026-10-05T22:30:26+00:00
2026-10-05T15:44:00Z,31244.75,31246.5,31236.25,31240.25,555,2026-10-05T22:30:26+00:00
2026-10-05T15:45:00Z,31239.0,31240.0,31224.75,31226.25,728,2026-10-05T22:30:26+00:00
2026-10-05T15:46:00Z,31226.25,31229.75,31219.0,31226.0,613,2026-10-05T22:30:26+00:00
2026-10-05T15:47:00Z,31226.25,31232.5,31223.75,31232.0,534,2026-10-05T22:30:26+00:00
2026-10-05T15:48:00Z,31231.5,31240.25,31230.5,31236.75,533,2026-10-05T22:30:26+00:00
2026-10-05T15:49:00Z,31237.0,31243.25,31236.5,31241.75,364,2026-10-05T22:30:26+00:00
2026-10-05T15:50:00Z,31241.5,31243.25,31236.25,31241.25,429,2026-10-05T22:30:26+00:00
2026-10-05T15:51:00Z,31241.5,31246.0,31235.5,31245.5,519,2026-10-05T22:30:26+00:00
2026-10-05T15:52:00Z,31244.75,31247.75,31237.25,31239.75,500,2026-10-05T22:30:26+00:00
2026-10-05T15:53:00Z,31239.75,31244.75,31238.5,31240.25,263,2026-10-05T22:30:26+00:00
2026-10-05T15:54:00Z,31240.0,31247.5,31237.0,31241.75,489,2026-10-05T22:30:26+00:00
2026-10-05T15:55:00Z,31242.75,31243.25,31236.0,31238.5,364,2026-10-05T22:30:26+00:00
2026-10-05T15:56:00Z,31239.25,31240.5,31235.0,31239.25,297,2026-10-05T22:30:26+00:00
2026-10-05T15:57:00Z,31239.0,31243.5,31236.5,31239.75,343,2026-10-05T22:30:26+00:00
2026-10-05T15:58:00Z,31239.5,31242.25,31234.25,31241.25,310,2026-10-05T22:30:26+00:00
2026-10-05T15:59:00Z,31240.75,31241.5,31235.25,31236.0,348,2026-10-05T22:30:26+00:00
2026-10-05T16:00:00Z,31235.5,31237.75,31226.25,31228.0,892,2026-10-05T22:30:26+00:00
2026-10-05T16:01:00Z,31227.5,31232.0,31226.5,31231.75,553,2026-10-05T22:30:26+00:00
2026-10-05T16:02:00Z,31230.0,31235.0,31226.0,31226.75,441,2026-10-05T22:30:26+00:00
2026-10-05T16:03:00Z,31226.5,31227.0,31216.0,31218.0,745,2026-10-05T22:30:26+00:00
2026-10-05T16:04:00Z,31218.25,31223.5,31218.25,31221.75,581,2026-10-05T22:30:26+00:00
2026-10-05T16:05:00Z,31222.0,31228.0,31221.5,31227.25,557,2026-10-05T22:30:26+00:00
2026-10-05T16:06:00Z,31227.25,31229.25,31221.0,31225.5,338,2026-10-05T22:30:26+00:00
2026-10-05T16:07:00Z,31225.5,31227.5,31217.25,31218.0,368,2026-10-05T22:30:26+00:00
2026-10-05T16:08:00Z,31218.0,31223.75,31216.25,31223.75,342,2026-10-05T22:30:26+00:00
2026-10-05T16:09:00Z,31224.0,31230.5,31221.25,31228.75,425,2026-10-05T22:30:26+00:00
2026-10-05T16:10:00Z,31229.0,31231.5,31220.75,31221.25,396,2026-10-05T22:30:26+00:00
2026-10-05T16:11:00Z,31222.0,31224.5,31220.25,31220.5,319,2026-10-05T22:30:26+00:00
2026-10-05T16:12:00Z,31221.0,31222.75,31217.75,31222.5,338,2026-10-05T22:30:26+00:00
2026-10-05T16:13:00Z,31222.75,31224.5,31218.5,31221.75,314,2026-10-05T22:30:26+00:00
2026-10-05T16:14:00Z,31221.75,31222.25,31214.75,31216.0,488,2026-10-05T22:30:26+00:00
2026-10-05T16:15:00Z,31215.75,31216.75,31203.75,31207.0,1045,2026-10-05T22:30:26+00:00
2026-10-05T16:16:00Z,31207.0,31212.0,31203.25,31209.0,754,2026-10-05T22:30:26+00:00
2026-10-05T16:17:00Z,31209.75,31212.5,31202.0,31205.5,658,2026-10-05T22:30:26+00:00
2026-10-05T16:18:00Z,31205.0,31207.5,31201.0,31205.5,529,2026-10-05T22:30:26+00:00
2026-10-05T16:19:00Z,31205.5,31210.25,31202.75,31204.0,427,2026-10-05T22:30:26+00:00
2026-10-05T16:20:00Z,31203.75,31208.25,31202.5,31204.0,376,2026-10-05T22:30:26+00:00
2026-10-05T16:21:00Z,31203.75,31210.0,31200.5,31209.5,1012,2026-10-05T22:30:26+00:00
2026-10-05T16:22:00Z,31209.5,31219.5,31209.5,31217.25,823,2026-10-05T22:30:26+00:00
2026-10-05T16:23:00Z,31217.0,31235.25,31214.0,31233.0,1316,2026-10-05T22:30:26+00:00
2026-10-05T16:24:00Z,31232.75,31241.5,31232.5,31237.0,911,2026-10-05T22:30:26+00:00
2026-10-05T16:25:00Z,31237.25,31239.0,31232.25,31235.5,527,2026-10-05T22:30:26+00:00
2026-10-05T16:26:00Z,31235.25,31242.25,31234.25,31239.25,393,2026-10-05T22:30:26+00:00
2026-10-05T16:27:00Z,31238.5,31241.0,31234.5,31239.75,387,2026-10-05T22:30:26+00:00
2026-10-05T16:28:00Z,31238.75,31244.75,31238.75,31240.0,455,2026-10-05T22:30:26+00:00
2026-10-05T16:29:00Z,31240.5,31244.5,31238.25,31239.0,431,2026-10-05T22:30:26+00:00
2026-10-05T16:30:00Z,31238.75,31241.75,31237.5,31238.75,387,2026-10-05T22:30:26+00:00
2026-10-05T16:31:00Z,31239.0,31239.75,31233.25,31234.0,620,2026-10-05T22:30:26+00:00
2026-10-05T16:32:00Z,31233.75,31236.75,31232.0,31235.0,433,2026-10-05T22:30:26+00:00
2026-10-05T16:33:00Z,31234.5,31241.5,31234.25,31241.25,372,2026-10-05T22:30:26+00:00
2026-10-05T16:34:00Z,31242.0,31245.5,31241.5,31244.0,344,2026-10-05T22:30:26+00:00
2026-10-05T16:35:00Z,31245.0,31251.75,31244.25,31249.75,660,2026-10-05T22:30:26+00:00
2026-10-05T16:36:00Z,31249.5,31257.25,31247.25,31248.25,862,2026-10-05T22:30:26+00:00
2026-10-05T16:37:00Z,31248.25,31249.0,31244.0,31245.5,405,2026-10-05T22:30:26+00:00
2026-10-05T16:38:00Z,31244.75,31253.0,31244.5,31250.75,434,2026-10-05T22:30:26+00:00
2026-10-05T16:39:00Z,31251.0,31251.75,31245.0,31247.25,476,2026-10-05T22:30:26+00:00
2026-10-05T16:40:00Z,31247.25,31251.25,31247.25,31250.75,393,2026-10-05T22:30:26+00:00
2026-10-05T16:41:00Z,31251.25,31261.25,31251.0,31255.0,943,2026-10-05T22:30:26+00:00
2026-10-05T16:42:00Z,31254.75,31258.5,31252.5,31258.25,409,2026-10-05T22:30:26+00:00
2026-10-05T16:43:00Z,31258.25,31268.75,31257.25,31267.0,1250,2026-10-05T22:30:26+00:00
2026-10-05T16:44:00Z,31266.5,31271.75,31265.0,31268.25,761,2026-10-05T22:30:26+00:00
2026-10-05T16:45:00Z,31268.5,31269.5,31262.75,31264.5,578,2026-10-05T22:30:26+00:00
2026-10-05T16:46:00Z,31264.25,31265.5,31259.0,31261.0,744,2026-10-05T22:30:26+00:00
2026-10-05T16:47:00Z,31260.75,31261.25,31254.25,31255.25,424,2026-10-05T22:30:26+00:00
2026-10-05T16:48:00Z,31254.5,31257.75,31251.25,31257.25,526,2026-10-05T22:30:26+00:00
2026-10-05T16:49:00Z,31256.75,31263.0,31256.75,31259.75,476,2026-10-05T22:30:26+00:00
2026-10-05T16:50:00Z,31260.25,31266.25,31258.75,31266.25,382,2026-10-05T22:30:26+00:00
2026-10-05T16:51:00Z,31266.25,31270.25,31263.0,31266.0,626,2026-10-05T22:30:26+00:00
2026-10-05T16:52:00Z,31265.75,31267.0,31263.75,31266.5,456,2026-10-05T22:30:26+00:00
2026-10-05T16:53:00Z,31266.25,31273.5,31264.75,31271.0,561,2026-10-05T22:30:26+00:00
2026-10-05T16:54:00Z,31271.0,31274.75,31265.0,31265.0,634,2026-10-05T22:30:26+00:00
2026-10-05T16:55:00Z,31265.25,31266.75,31256.75,31258.5,499,2026-10-05T22:30:26+00:00
2026-10-05T16:56:00Z,31258.5,31266.25,31257.75,31257.75,565,2026-10-05T22:30:26+00:00
2026-10-05T16:57:00Z,31258.25,31260.25,31253.25,31254.0,342,2026-10-05T22:30:26+00:00
2026-10-05T16:58:00Z,31254.0,31256.0,31251.75,31254.75,557,2026-10-05T22:30:26+00:00
2026-10-05T16:59:00Z,31254.75,31257.0,31247.25,31248.5,708,2026-10-05T22:30:26+00:00
2026-10-05T17:00:00Z,31249.75,31252.0,31242.0,31249.5,884,2026-10-05T22:30:26+00:00
2026-10-05T17:01:00Z,31249.0,31255.0,31245.75,31251.5,462,2026-10-05T22:30:26+00:00
2026-10-05T17:02:00Z,31251.75,31252.5,31242.75,31242.75,333,2026-10-05T22:30:26+00:00
2026-10-05T17:03:00Z,31242.75,31245.75,31241.75,31245.0,294,2026-10-05T22:30:26+00:00
2026-10-05T17:04:00Z,31245.5,31248.0,31238.0,31239.0,618,2026-10-05T22:30:26+00:00
2026-10-05T17:05:00Z,31238.5,31242.75,31235.75,31242.25,492,2026-10-05T22:30:26+00:00
2026-10-05T17:06:00Z,31242.5,31247.75,31242.5,31245.75,445,2026-10-05T22:30:26+00:00
2026-10-05T17:07:00Z,31245.75,31251.5,31245.75,31251.0,426,2026-10-05T22:30:26+00:00
2026-10-05T17:08:00Z,31250.75,31252.75,31245.25,31252.0,298,2026-10-05T22:30:26+00:00
2026-10-05T17:09:00Z,31252.0,31258.5,31251.75,31254.5,391,2026-10-05T22:30:26+00:00
2026-10-05T17:10:00Z,31255.0,31261.5,31255.0,31261.0,468,2026-10-05T22:30:26+00:00
2026-10-05T17:11:00Z,31260.75,31262.25,31257.75,31262.25,335,2026-10-05T22:30:26+00:00
2026-10-05T17:12:00Z,31262.25,31265.25,31260.25,31261.75,396,2026-10-05T22:30:26+00:00
2026-10-05T17:13:00Z,31262.0,31267.0,31261.75,31265.0,340,2026-10-05T22:30:26+00:00
2026-10-05T17:14:00Z,31265.0,31265.75,31262.75,31265.0,207,2026-10-05T22:30:26+00:00
2026-10-05T17:15:00Z,31265.0,31274.0,31263.75,31273.75,692,2026-10-05T22:30:26+00:00
2026-10-05T17:16:00Z,31274.0,31280.0,31269.75,31276.5,773,2026-10-05T22:30:26+00:00
2026-10-05T17:17:00Z,31277.0,31278.75,31268.75,31270.5,566,2026-10-05T22:30:26+00:00
2026-10-05T17:18:00Z,31270.0,31273.0,31267.75,31270.25,396,2026-10-05T22:30:26+00:00
2026-10-05T17:19:00Z,31270.25,31271.0,31268.5,31271.0,248,2026-10-05T22:30:26+00:00
2026-10-05T17:20:00Z,31270.5,31276.0,31269.5,31273.5,522,2026-10-05T22:30:26+00:00
2026-10-05T17:21:00Z,31273.25,31274.75,31270.25,31271.75,235,2026-10-05T22:30:26+00:00
2026-10-05T17:22:00Z,31271.25,31277.75,31270.75,31273.75,264,2026-10-05T22:30:26+00:00
2026-10-05T17:23:00Z,31273.75,31278.0,31273.75,31276.25,192,2026-10-05T22:30:26+00:00
2026-10-05T17:24:00Z,31276.0,31279.5,31275.5,31278.25,289,2026-10-05T22:30:26+00:00
2026-10-05T17:25:00Z,31278.75,31288.25,31275.5,31276.75,1414,2026-10-05T22:30:26+00:00
2026-10-05T17:26:00Z,31276.75,31279.25,31272.75,31273.25,554,2026-10-05T22:30:26+00:00
2026-10-05T17:27:00Z,31273.5,31276.75,31271.0,31273.25,361,2026-10-05T22:30:26+00:00
2026-10-05T17:28:00Z,31273.0,31280.0,31272.75,31277.75,277,2026-10-05T22:30:26+00:00
2026-10-05T17:29:00Z,31277.75,31279.0,31275.25,31275.75,277,2026-10-05T22:30:26+00:00
2026-10-05T17:30:00Z,31275.75,31276.5,31266.0,31269.75,597,2026-10-05T22:30:26+00:00
2026-10-05T17:31:00Z,31270.25,31275.0,31269.75,31274.75,449,2026-10-05T22:30:26+00:00
2026-10-05T17:32:00Z,31275.0,31279.75,31273.0,31276.75,453,2026-10-05T22:30:26+00:00
2026-10-05T17:33:00Z,31276.75,31277.25,31272.75,31275.25,278,2026-10-05T22:30:26+00:00
2026-10-05T17:34:00Z,31275.25,31279.5,31274.25,31277.25,297,2026-10-05T22:30:26+00:00
2026-10-05T17:35:00Z,31277.25,31281.25,31275.0,31279.5,362,2026-10-05T22:30:26+00:00
2026-10-05T17:36:00Z,31279.5,31284.5,31279.0,31279.75,510,2026-10-05T22:30:26+00:00
2026-10-05T17:37:00Z,31279.75,31285.0,31279.75,31283.0,329,2026-10-05T22:30:26+00:00
2026-10-05T17:38:00Z,31282.75,31283.25,31279.0,31280.5,546,2026-10-05T22:30:26+00:00
2026-10-05T17:39:00Z,31281.0,31281.75,31273.75,31275.25,422,2026-10-05T22:30:26+00:00
2026-10-05T17:40:00Z,31276.0,31276.25,31271.5,31273.25,332,2026-10-05T22:30:26+00:00
2026-10-05T17:41:00Z,31273.25,31280.75,31272.5,31279.0,288,2026-10-05T22:30:26+00:00
2026-10-05T17:42:00Z,31279.25,31283.75,31278.5,31280.5,372,2026-10-05T22:30:26+00:00
2026-10-05T17:43:00Z,31280.25,31289.5,31279.75,31289.25,765,2026-10-05T22:30:26+00:00
2026-10-05T17:44:00Z,31288.75,31311.75,31288.75,31310.5,2634,2026-10-05T22:30:26+00:00
2026-10-05T17:45:00Z,31310.75,31318.75,31307.5,31307.75,1984,2026-10-05T22:30:26+00:00
2026-10-05T17:46:00Z,31307.5,31307.75,31302.25,31303.5,756,2026-10-05T22:30:26+00:00
2026-10-05T17:47:00Z,31303.5,31303.75,31297.25,31298.75,566,2026-10-05T22:30:26+00:00
2026-10-05T17:48:00Z,31299.75,31304.0,31294.75,31302.0,636,2026-10-05T22:30:26+00:00
2026-10-05T17:49:00Z,31301.5,31301.75,31297.75,31299.75,347,2026-10-05T22:30:26+00:00
2026-10-05T17:50:00Z,31299.75,31305.0,31297.0,31297.75,509,2026-10-05T22:30:26+00:00
2026-10-05T17:51:00Z,31297.25,31302.5,31294.75,31296.0,328,2026-10-05T22:30:26+00:00
2026-10-05T17:52:00Z,31295.5,31299.0,31293.75,31294.75,323,2026-10-05T22:30:26+00:00
2026-10-05T17:53:00Z,31295.5,31306.5,31295.25,31304.75,430,2026-10-05T22:30:26+00:00
2026-10-05T17:54:00Z,31304.25,31304.5,31296.5,31297.0,277,2026-10-05T22:30:26+00:00
2026-10-05T17:55:00Z,31297.0,31299.75,31294.25,31297.75,376,2026-10-05T22:30:26+00:00
2026-10-05T17:56:00Z,31297.75,31301.75,31296.5,31300.5,247,2026-10-05T22:30:26+00:00
2026-10-05T17:57:00Z,31300.5,31302.25,31296.5,31297.5,301,2026-10-05T22:30:26+00:00
2026-10-05T17:58:00Z,31297.75,31300.5,31296.0,31298.0,320,2026-10-05T22:30:26+00:00
2026-10-05T17:59:00Z,31298.5,31299.0,31293.25,31296.0,541,2026-10-05T22:30:26+00:00
2026-10-05T18:00:00Z,31295.5,31298.25,31287.25,31289.75,1023,2026-10-05T22:30:26+00:00
2026-10-05T18:01:00Z,31290.0,31293.5,31288.75,31290.25,565,2026-10-05T22:30:26+00:00
2026-10-05T18:02:00Z,31290.25,31295.5,31286.25,31295.5,553,2026-10-05T22:30:26+00:00
2026-10-05T18:03:00Z,31295.0,31295.25,31289.25,31291.25,270,2026-10-05T22:30:26+00:00
2026-10-05T18:04:00Z,31291.5,31294.75,31289.0,31294.25,351,2026-10-05T22:30:26+00:00
2026-10-05T18:05:00Z,31293.75,31294.5,31273.5,31284.75,1313,2026-10-05T22:30:26+00:00
2026-10-05T18:06:00Z,31285.0,31288.0,31283.75,31285.25,342,2026-10-05T22:30:26+00:00
2026-10-05T18:07:00Z,31285.5,31287.5,31283.5,31285.75,267,2026-10-05T22:30:26+00:00
2026-10-05T18:08:00Z,31285.5,31290.75,31283.75,31287.75,335,2026-10-05T22:30:26+00:00
2026-10-05T18:09:00Z,31288.0,31293.75,31288.0,31293.0,422,2026-10-05T22:30:26+00:00
2026-10-05T18:10:00Z,31292.75,31295.0,31288.25,31288.5,350,2026-10-05T22:30:26+00:00
2026-10-05T18:11:00Z,31288.25,31290.75,31286.75,31289.25,246,2026-10-05T22:30:26+00:00
2026-10-05T18:12:00Z,31288.75,31289.5,31285.0,31286.0,318,2026-10-05T22:30:26+00:00
2026-10-05T18:13:00Z,31287.0,31288.25,31285.0,31288.25,219,2026-10-05T22:30:26+00:00
2026-10-05T18:14:00Z,31289.25,31290.5,31285.5,31290.0,289,2026-10-05T22:30:26+00:00
2026-10-05T18:15:00Z,31290.0,31295.75,31290.0,31295.5,480,2026-10-05T22:30:26+00:00
2026-10-05T18:16:00Z,31295.0,31299.5,31293.5,31297.0,420,2026-10-05T22:30:26+00:00
2026-10-05T18:17:00Z,31297.0,31302.25,31296.75,31300.75,566,2026-10-05T22:30:26+00:00
2026-10-05T18:18:00Z,31301.25,31302.0,31296.0,31298.25,391,2026-10-05T22:30:26+00:00
2026-10-05T18:19:00Z,31298.25,31299.0,31295.0,31295.5,203,2026-10-05T22:30:26+00:00
2026-10-05T18:20:00Z,31295.75,31299.25,31295.75,31297.75,184,2026-10-05T22:30:26+00:00
2026-10-05T18:21:00Z,31298.25,31307.0,31297.5,31304.75,563,2026-10-05T22:30:26+00:00
2026-10-05T18:22:00Z,31304.75,31306.25,31300.25,31301.0,258,2026-10-05T22:30:26+00:00
2026-10-05T18:23:00Z,31301.25,31302.25,31298.5,31300.0,175,2026-10-05T22:30:26+00:00
2026-10-05T18:24:00Z,31300.5,31301.75,31299.5,31301.0,142,2026-10-05T22:30:26+00:00
2026-10-05T18:25:00Z,31301.5,31303.25,31299.75,31300.0,256,2026-10-05T22:30:26+00:00
2026-10-05T18:26:00Z,31299.75,31307.75,31299.5,31306.5,449,2026-10-05T22:30:26+00:00
2026-10-05T18:27:00Z,31306.25,31315.25,31305.0,31313.25,896,2026-10-05T22:30:26+00:00
2026-10-05T18:28:00Z,31313.75,31323.25,31312.25,31317.0,1152,2026-10-05T22:30:26+00:00
2026-10-05T18:29:00Z,31317.25,31319.75,31311.5,31313.5,644,2026-10-05T22:30:26+00:00
2026-10-05T18:30:00Z,31313.25,31317.5,31309.0,31317.5,635,2026-10-05T22:30:26+00:00
2026-10-05T18:31:00Z,31317.25,31317.5,31308.25,31309.25,365,2026-10-05T22:30:26+00:00
2026-10-05T18:32:00Z,31309.0,31313.0,31305.75,31312.25,436,2026-10-05T22:30:26+00:00
2026-10-05T18:33:00Z,31311.75,31313.25,31309.25,31312.5,309,2026-10-05T22:30:26+00:00
2026-10-05T18:34:00Z,31312.25,31313.75,31310.0,31311.5,231,2026-10-05T22:30:26+00:00
2026-10-05T18:35:00Z,31312.0,31317.0,31311.5,31316.5,341,2026-10-05T22:30:26+00:00
2026-10-05T18:36:00Z,31316.75,31318.75,31313.25,31313.5,287,2026-10-05T22:30:26+00:00
2026-10-05T18:37:00Z,31313.25,31313.5,31308.0,31310.75,314,2026-10-05T22:30:26+00:00
2026-10-05T18:38:00Z,31311.0,31311.5,31307.5,31310.25,348,2026-10-05T22:30:26+00:00
2026-10-05T18:39:00Z,31310.5,31316.75,31309.5,31315.5,372,2026-10-05T22:30:26+00:00
2026-10-05T18:40:00Z,31315.25,31316.75,31312.25,31316.75,250,2026-10-05T22:30:26+00:00
2026-10-05T18:41:00Z,31316.25,31320.25,31313.25,31316.0,619,2026-10-05T22:30:26+00:00
2026-10-05T18:42:00Z,31316.0,31318.5,31314.5,31317.75,349,2026-10-05T22:30:26+00:00
2026-10-05T18:43:00Z,31317.5,31317.75,31310.25,31310.75,462,2026-10-05T22:30:26+00:00
2026-10-05T18:44:00Z,31311.0,31312.0,31309.0,31311.25,233,2026-10-05T22:30:26+00:00
2026-10-05T18:45:00Z,31311.5,31313.25,31308.75,31310.75,426,2026-10-05T22:30:26+00:00
2026-10-05T18:46:00Z,31311.25,31314.5,31311.0,31313.0,358,2026-10-05T22:30:26+00:00
2026-10-05T18:47:00Z,31312.5,31313.5,31307.0,31312.0,402,2026-10-05T22:30:26+00:00
2026-10-05T18:48:00Z,31312.25,31313.0,31307.5,31311.0,333,2026-10-05T22:30:26+00:00
2026-10-05T18:49:00Z,31310.75,31312.25,31309.5,31310.75,129,2026-10-05T22:30:26+00:00
2026-10-05T18:50:00Z,31311.25,31313.0,31306.0,31309.75,409,2026-10-05T22:30:26+00:00
2026-10-05T18:51:00Z,31308.75,31315.25,31308.75,31315.25,377,2026-10-05T22:30:26+00:00
2026-10-05T18:52:00Z,31315.25,31316.0,31311.5,31312.25,347,2026-10-05T22:30:26+00:00
2026-10-05T18:53:00Z,31312.0,31315.25,31310.25,31310.5,258,2026-10-05T22:30:26+00:00
2026-10-05T18:54:00Z,31310.25,31311.75,31307.75,31308.75,441,2026-10-05T22:30:26+00:00
2026-10-05T18:55:00Z,31308.25,31313.0,31307.75,31309.75,292,2026-10-05T22:30:26+00:00
2026-10-05T18:56:00Z,31309.5,31315.0,31308.5,31314.5,240,2026-10-05T22:30:26+00:00
2026-10-05T18:57:00Z,31314.75,31323.0,31314.25,31321.75,730,2026-10-05T22:30:26+00:00
2026-10-05T18:58:00Z,31321.5,31325.0,31317.0,31318.75,957,2026-10-05T22:30:26+00:00
2026-10-05T18:59:00Z,31318.75,31323.25,31317.75,31320.5,450,2026-10-05T22:30:26+00:00
2026-10-05T19:00:00Z,31320.75,31328.0,31317.75,31326.25,1063,2026-10-05T22:30:26+00:00
2026-10-05T19:01:00Z,31326.0,31333.25,31323.75,31331.0,1149,2026-10-05T22:30:26+00:00
2026-10-05T19:02:00Z,31331.5,31346.0,31330.5,31342.75,1410,2026-10-05T22:30:26+00:00
2026-10-05T19:03:00Z,31342.75,31345.0,31338.0,31341.25,873,2026-10-05T22:30:26+00:00
2026-10-05T19:04:00Z,31340.5,31343.0,31335.5,31335.5,575,2026-10-05T22:30:26+00:00
2026-10-05T19:05:00Z,31335.5,31339.25,31334.75,31338.0,498,2026-10-05T22:30:26+00:00
2026-10-05T19:06:00Z,31338.75,31340.75,31334.0,31336.0,730,2026-10-05T22:30:26+00:00
2026-10-05T19:07:00Z,31335.75,31336.25,31327.25,31331.75,669,2026-10-05T22:30:26+00:00
2026-10-05T19:08:00Z,31331.75,31332.5,31325.75,31330.5,493,2026-10-05T22:30:26+00:00
2026-10-05T19:09:00Z,31330.0,31339.5,31329.5,31336.5,641,2026-10-05T22:30:26+00:00
2026-10-05T19:10:00Z,31336.5,31343.0,31332.5,31340.25,576,2026-10-05T22:30:26+00:00
2026-10-05T19:11:00Z,31340.25,31343.75,31337.5,31341.25,534,2026-10-05T22:30:26+00:00
2026-10-05T19:12:00Z,31341.25,31344.5,31340.25,31342.75,414,2026-10-05T22:30:26+00:00
2026-10-05T19:13:00Z,31342.75,31349.75,31342.5,31349.75,858,2026-10-05T22:30:26+00:00
2026-10-05T19:14:00Z,31349.5,31363.5,31349.0,31355.75,1845,2026-10-05T22:30:26+00:00
2026-10-05T19:15:00Z,31355.25,31357.75,31351.0,31356.25,672,2026-10-05T22:30:26+00:00
2026-10-05T19:16:00Z,31356.25,31359.5,31348.75,31354.5,912,2026-10-05T22:30:26+00:00
2026-10-05T19:17:00Z,31354.75,31357.5,31351.5,31354.5,613,2026-10-05T22:30:26+00:00
2026-10-05T19:18:00Z,31354.25,31367.75,31354.0,31366.25,1110,2026-10-05T22:30:26+00:00
2026-10-05T19:19:00Z,31366.5,31371.0,31364.75,31365.75,841,2026-10-05T22:30:26+00:00
2026-10-05T19:20:00Z,31366.0,31368.5,31363.25,31367.0,783,2026-10-05T22:30:26+00:00
2026-10-05T19:21:00Z,31366.75,31370.0,31359.75,31360.5,832,2026-10-05T22:30:26+00:00
2026-10-05T19:22:00Z,31360.0,31366.5,31356.75,31361.25,764,2026-10-05T22:30:26+00:00
2026-10-05T19:23:00Z,31361.25,31362.5,31357.5,31361.0,425,2026-10-05T22:30:26+00:00
2026-10-05T19:24:00Z,31360.75,31361.25,31354.25,31360.75,623,2026-10-05T22:30:26+00:00
2026-10-05T19:25:00Z,31360.5,31369.25,31360.5,31364.5,626,2026-10-05T22:30:26+00:00
2026-10-05T19:26:00Z,31364.25,31366.0,31361.25,31365.25,351,2026-10-05T22:30:26+00:00
2026-10-05T19:27:00Z,31365.25,31367.0,31359.0,31359.25,407,2026-10-05T22:30:26+00:00
2026-10-05T19:28:00Z,31359.25,31360.0,31355.25,31357.25,582,2026-10-05T22:30:26+00:00
2026-10-05T19:29:00Z,31357.5,31358.25,31351.25,31355.0,584,2026-10-05T22:30:26+00:00
2026-10-05T19:30:00Z,31354.25,31358.5,31351.25,31357.5,604,2026-10-05T22:30:26+00:00
2026-10-05T19:31:00Z,31358.0,31364.0,31357.75,31362.0,669,2026-10-05T22:30:26+00:00
2026-10-05T19:32:00Z,31361.75,31362.0,31354.75,31355.5,420,2026-10-05T22:30:26+00:00
2026-10-05T19:33:00Z,31355.75,31361.25,31352.75,31355.75,520,2026-10-05T22:30:26+00:00
2026-10-05T19:34:00Z,31355.75,31359.25,31350.5,31350.75,510,2026-10-05T22:30:26+00:00
2026-10-05T19:35:00Z,31350.75,31355.75,31349.5,31353.0,598,2026-10-05T22:30:26+00:00
2026-10-05T19:36:00Z,31353.0,31357.25,31350.75,31356.25,437,2026-10-05T22:30:26+00:00
2026-10-05T19:37:00Z,31356.0,31364.5,31356.0,31362.5,650,2026-10-05T22:30:26+00:00
2026-10-05T19:38:00Z,31362.0,31365.75,31358.75,31359.5,541,2026-10-05T22:30:26+00:00
2026-10-05T19:39:00Z,31358.75,31360.0,31353.0,31355.25,434,2026-10-05T22:30:26+00:00
2026-10-05T19:40:00Z,31355.5,31357.5,31346.75,31349.25,711,2026-10-05T22:30:26+00:00
2026-10-05T19:41:00Z,31349.5,31349.5,31342.25,31342.25,903,2026-10-05T22:30:26+00:00
2026-10-05T19:42:00Z,31342.5,31343.5,31335.25,31341.25,1077,2026-10-05T22:30:26+00:00
2026-10-05T19:43:00Z,31341.75,31345.75,31340.0,31341.75,457,2026-10-05T22:30:26+00:00
2026-10-05T19:44:00Z,31342.0,31345.5,31340.5,31342.5,643,2026-10-05T22:30:26+00:00
2026-10-05T19:45:00Z,31342.75,31342.75,31330.25,31335.25,2690,2026-10-05T22:30:26+00:00
2026-10-05T19:46:00Z,31335.25,31335.5,31324.25,31324.75,987,2026-10-05T22:30:26+00:00
2026-10-05T19:47:00Z,31325.25,31329.75,31324.25,31328.5,1134,2026-10-05T22:30:26+00:00
2026-10-05T19:48:00Z,31328.25,31336.0,31328.0,31333.25,771,2026-10-05T22:30:26+00:00
2026-10-05T19:49:00Z,31333.0,31333.0,31326.25,31327.25,829,2026-10-05T22:30:26+00:00
2026-10-05T19:50:00Z,31327.25,31335.25,31316.0,31318.25,2670,2026-10-05T22:30:26+00:00
2026-10-05T19:51:00Z,31318.0,31323.0,31314.0,31319.75,1198,2026-10-05T22:30:26+00:00
2026-10-05T19:52:00Z,31319.5,31327.75,31312.5,31314.0,1390,2026-10-05T22:30:26+00:00
2026-10-05T19:53:00Z,31313.75,31317.0,31305.25,31313.5,1828,2026-10-05T22:30:26+00:00
2026-10-05T19:54:00Z,31314.0,31314.0,31303.25,31310.25,2048,2026-10-05T22:30:26+00:00
2026-10-05T19:55:00Z,31310.5,31313.75,31291.25,31297.25,2373,2026-10-05T22:30:26+00:00
2026-10-05T19:56:00Z,31297.0,31309.5,31297.0,31302.5,1557,2026-10-05T22:30:26+00:00
2026-10-05T19:57:00Z,31302.5,31314.0,31296.75,31307.25,1511,2026-10-05T22:30:26+00:00
2026-10-05T19:58:00Z,31307.25,31325.5,31302.75,31316.0,2511,2026-10-05T22:30:26+00:00
2026-10-05T19:59:00Z,31316.5,31342.75,31305.0,31338.5,9553,2026-10-05T22:30:26+00:00
2026-10-05T20:00:00Z,31338.0,31342.25,31318.25,31323.0,2576,2026-10-05T22:30:26+00:00
2026-10-05T20:01:00Z,31323.0,31331.0,31322.25,31328.75,869,2026-10-05T22:30:26+00:00
2026-10-05T20:02:00Z,31328.75,31329.75,31325.25,31326.0,693,2026-10-05T22:30:26+00:00
2026-10-05T20:03:00Z,31326.0,31334.75,31323.75,31334.0,645,2026-10-05T22:30:26+00:00
2026-10-05T20:04:00Z,31333.5,31338.25,31329.25,31336.25,615,2026-10-05T22:30:26+00:00
2026-10-05T20:05:00Z,31336.25,31336.25,31328.5,31330.25,373,2026-10-05T22:30:26+00:00
2026-10-05T20:06:00Z,31330.25,31333.25,31328.25,31328.5,184,2026-10-05T22:30:26+00:00
2026-10-05T20:07:00Z,31328.25,31329.75,31323.75,31328.75,253,2026-10-05T22:30:26+00:00
2026-10-05T20:08:00Z,31329.0,31332.75,31325.75,31331.75,252,2026-10-05T22:30:26+00:00
2026-10-05T20:09:00Z,31332.25,31333.75,31322.0,31326.0,387,2026-10-05T22:30:26+00:00
2026-10-05T20:10:00Z,31326.5,31329.0,31324.0,31327.5,195,2026-10-05T22:30:26+00:00
2026-10-05T20:11:00Z,31327.25,31328.0,31324.75,31326.5,113,2026-10-05T22:30:26+00:00
2026-10-05T20:12:00Z,31326.5,31330.0,31325.25,31329.25,142,2026-10-05T22:30:26+00:00
2026-10-05T20:13:00Z,31328.75,31332.0,31328.25,31330.75,205,2026-10-05T22:30:26+00:00
2026-10-05T20:14:00Z,31330.75,31336.25,31330.75,31333.5,433,2026-10-05T22:30:26+00:00
2026-10-05T20:15:00Z,31332.5,31337.5,31331.0,31337.0,187,2026-10-05T22:30:26+00:00
2026-10-05T20:16:00Z,31337.5,31338.25,31329.25,31334.0,144,2026-10-05T22:30:26+00:00
2026-10-05T20:17:00Z,31333.25,31335.25,31333.0,31335.0,72,2026-10-05T22:30:26+00:00
2026-10-05T20:18:00Z,31334.5,31337.0,31334.0,31334.75,118,2026-10-05T22:30:26+00:00
2026-10-05T20:19:00Z,31335.25,31337.0,31331.5,31336.75,108,2026-10-05T22:30:26+00:00
2026-10-05T20:20:00Z,31337.0,31337.25,31333.25,31335.25,105,2026-10-05T22:30:26+00:00
2026-10-05T20:21:00Z,31335.75,31341.75,31335.75,31340.0,127,2026-10-05T22:30:26+00:00
2026-10-05T20:22:00Z,31341.0,31343.75,31339.75,31341.5,109,2026-10-05T22:30:26+00:00
2026-10-05T20:23:00Z,31341.5,31342.75,31340.75,31341.25,71,2026-10-05T22:30:26+00:00
2026-10-05T20:24:00Z,31341.25,31341.5,31338.0,31338.25,107,2026-10-05T22:30:26+00:00
2026-10-05T20:25:00Z,31338.0,31340.0,31337.0,31338.25,80,2026-10-05T22:30:26+00:00
2026-10-05T20:26:00Z,31338.75,31338.75,31335.5,31335.75,84,2026-10-05T22:30:26+00:00
2026-10-05T20:27:00Z,31336.0,31336.0,31333.25,31335.25,79,2026-10-05T22:30:26+00:00
2026-10-05T20:28:00Z,31335.75,31337.0,31335.5,31336.75,30,2026-10-05T22:30:26+00:00
2026-10-05T20:29:00Z,31336.5,31337.5,31335.25,31335.25,47,2026-10-05T22:30:26+00:00
2026-10-05T20:30:00Z,31335.0,31340.0,31334.75,31337.5,144,2026-10-05T22:30:26+00:00
2026-10-05T20:31:00Z,31337.5,31337.5,31335.25,31337.0,64,2026-10-05T22:30:26+00:00
2026-10-05T20:32:00Z,31337.5,31338.0,31336.75,31337.5,32,2026-10-05T22:30:26+00:00
2026-10-05T20:33:00Z,31337.25,31337.75,31334.75,31335.25,91,2026-10-05T22:30:26+00:00
2026-10-05T20:34:00Z,31335.0,31339.0,31335.0,31337.0,74,2026-10-05T22:30:26+00:00
2026-10-05T20:35:00Z,31336.5,31338.0,31335.25,31336.0,84,2026-10-05T22:30:26+00:00
2026-10-05T20:36:00Z,31335.75,31339.75,31335.0,31338.5,178,2026-10-05T22:30:26+00:00
2026-10-05T20:37:00Z,31338.0,31338.25,31334.75,31334.75,39,2026-10-05T22:30:26+00:00
2026-10-05T20:38:00Z,31334.75,31337.25,31334.5,31334.5,70,2026-10-05T22:30:26+00:00
2026-10-05T20:39:00Z,31334.5,31337.5,31334.5,31337.5,29,2026-10-05T22:30:26+00:00
2026-10-05T20:40:00Z,31337.5,31343.5,31337.25,31341.0,146,2026-10-05T22:30:26+00:00
2026-10-05T20:41:00Z,31340.25,31341.5,31339.0,31340.0,59,2026-10-05T22:30:26+00:00
2026-10-05T20:42:00Z,31340.0,31340.0,31338.5,31340.0,34,2026-10-05T22:30:26+00:00
2026-10-05T20:43:00Z,31340.0,31340.0,31335.75,31336.0,102,2026-10-05T22:30:26+00:00
2026-10-05T20:44:00Z,31335.75,31337.75,31335.0,31337.0,94,2026-10-05T22:30:26+00:00
2026-10-05T20:45:00Z,31336.75,31339.5,31336.75,31339.25,190,2026-10-05T22:30:26+00:00
2026-10-05T20:46:00Z,31339.0,31341.25,31337.75,31339.0,94,2026-10-05T22:30:26+00:00
2026-10-05T20:47:00Z,31339.0,31340.25,31338.0,31338.25,72,2026-10-05T22:30:26+00:00
2026-10-05T20:48:00Z,31338.25,31338.5,31336.0,31337.25,55,2026-10-05T22:30:26+00:00
2026-10-05T20:49:00Z,31337.25,31341.5,31336.75,31339.25,91,2026-10-05T22:30:26+00:00
2026-10-05T20:50:00Z,31339.0,31342.0,31338.75,31340.25,54,2026-10-05T22:30:26+00:00
2026-10-05T20:51:00Z,31340.5,31341.75,31339.25,31341.5,33,2026-10-05T22:30:26+00:00
2026-10-05T20:52:00Z,31341.75,31342.0,31341.0,31341.0,23,2026-10-05T22:30:26+00:00
2026-10-05T20:53:00Z,31341.0,31343.0,31341.0,31341.75,34,2026-10-05T22:30:26+00:00
2026-10-05T20:54:00Z,31342.25,31343.25,31340.0,31343.0,118,2026-10-05T22:30:26+00:00
2026-10-05T20:55:00Z,31342.5,31345.0,31341.5,31343.5,141,2026-10-05T22:30:26+00:00
2026-10-05T20:56:00Z,31343.5,31344.75,31340.5,31341.5,167,2026-10-05T22:30:26+00:00
2026-10-05T20:57:00Z,31341.0,31344.25,31341.0,31344.25,79,2026-10-05T22:30:26+00:00
2026-10-05T20:58:00Z,31344.25,31345.0,31340.75,31343.0,118,2026-10-05T22:30:26+00:00
2026-10-05T20:59:00Z,31343.75,31348.0,31338.0,31339.5,184,2026-10-05T22:30:26+00:00
2026-10-05T22:00:00Z,31346.75,31366.75,31344.5,31366.5,0,2026-10-05T22:30:26+00:00
2026-10-05T22:01:00Z,31367.5,31374.75,31346.75,31348.75,477,2026-10-05T22:30:26+00:00
2026-10-05T22:02:00Z,31348.5,31357.25,31346.0,31356.0,163,2026-10-05T22:30:26+00:00
2026-10-05T22:03:00Z,31355.0,31365.0,31353.75,31360.75,102,2026-10-05T22:30:26+00:00
2026-10-05T22:04:00Z,31360.0,31371.0,31360.0,31369.5,162,2026-10-05T22:30:26+00:00
2026-10-05T22:05:00Z,31370.75,31385.25,31358.5,31361.75,468,2026-10-05T22:30:26+00:00
2026-10-05T22:06:00Z,31361.5,31371.75,31359.75,31364.0,109,2026-10-05T22:30:26+00:00
2026-10-05T22:07:00Z,31364.25,31369.75,31359.5,31362.5,233,2026-10-05T22:30:26+00:00
2026-10-05T22:08:00Z,31361.5,31362.5,31359.0,31360.25,59,2026-10-05T22:30:26+00:00
2026-10-05T22:09:00Z,31360.0,31361.25,31349.25,31350.5,190,2026-10-05T22:30:26+00:00
2026-10-05T22:10:00Z,31351.5,31352.0,31347.75,31351.75,67,2026-10-06T22:30:26+00:00
2026-10-05T22:11:00Z,31351.5,31352.25,31350.0,31352.0,27,2026-10-06T22:30:26+00:00
2026-10-05T22:12:00Z,31352.75,31363.75,31350.75,31354.25,169,2026-10-06T22:30:26+00:00
2026-10-05T22:13:00Z,31354.5,31361.25,31354.25,31356.25,75,2026-10-06T22:30:26+00:00
2026-10-05T22:14:00Z,31356.75,31358.5,31356.0,31357.75,45,2026-10-06T22:30:26+00:00
2026-10-05T22:15:00Z,31357.0,31362.5,31356.25,31358.5,140,2026-10-06T22:30:26+00:00
2026-10-05T22:16:00Z,31357.5,31357.75,31352.75,31357.25,88,2026-10-06T22:30:26+00:00
2026-10-05T22:17:00Z,31356.75,31363.5,31356.75,31360.75,51,2026-10-06T22:30:26+00:00
2026-10-05T22:18:00Z,31361.0,31364.5,31359.75,31363.0,29,2026-10-06T22:30:26+00:00
2026-10-05T22:19:00Z,31363.75,31365.0,31360.75,31361.75,38,2026-10-06T22:30:26+00:00
2026-10-05T22:20:00Z,31363.25,31364.0,31357.75,31361.0,31,2026-10-06T22:30:26+00:00
2026-10-05T22:21:00Z,31359.5,31359.5,31356.0,31358.0,49,2026-10-06T22:30:26+00:00
2026-10-05T22:22:00Z,31356.75,31357.5,31353.75,31353.75,27,2026-10-06T22:30:26+00:00
2026-10-05T22:23:00Z,31354.75,31357.5,31354.25,31357.5,27,2026-10-06T22:30:26+00:00
2026-10-05T22:24:00Z,31357.75,31361.25,31357.25,31359.5,26,2026-10-06T22:30:26+00:00
2026-10-05T22:25:00Z,31359.75,31361.5,31359.75,31360.75,13,2026-10-06T22:30:26+00:00
2026-10-05T22:26:00Z,31360.0,31361.5,31359.5,31360.25,16,2026-10-06T22:30:26+00:00
2026-10-05T22:27:00Z,31360.25,31360.5,31359.75,31359.75,11,2026-10-06T22:30:26+00:00
2026-10-05T22:28:00Z,31359.0,31362.5,31359.0,31360.75,15,2026-10-06T22:30:26+00:00
2026-10-05T22:29:00Z,31359.75,31362.0,31359.25,31360.0,20,2026-10-06T22:30:26+00:00
2026-10-05T22:30:00Z,31359.25,31359.5,31351.5,31353.25,91,2026-10-06T22:30:26+00:00
2026-10-05T22:31:00Z,31353.0,31353.0,31346.75,31348.0,126,2026-10-06T22:30:26+00:00
2026-10-05T22:32:00Z,31348.75,31351.5,31347.5,31348.25,56,2026-10-06T22:30:26+00:00
2026-10-05T22:33:00Z,31348.25,31350.5,31347.0,31348.75,31,2026-10-06T22:30:26+00:00
2026-10-05T22:34:00Z,31349.0,31354.0,31349.0,31349.0,86,2026-10-06T22:30:26+00:00
2026-10-05T22:35:00Z,31348.75,31348.75,31339.5,31340.0,304,2026-10-06T22:30:26+00:00
2026-10-05T22:36:00Z,31339.75,31341.75,31329.75,31332.25,226,2026-10-06T22:30:26+00:00
2026-10-05T22:37:00Z,31332.5,31334.25,31327.75,31331.5,188,2026-10-06T22:30:26+00:00
2026-10-05T22:38:00Z,31331.0,31334.25,31327.25,31332.0,77,2026-10-06T22:30:26+00:00
2026-10-05T22:39:00Z,31332.75,31335.0,31331.5,31333.25,34,2026-10-06T22:30:26+00:00
2026-10-05T22:40:00Z,31335.5,31337.0,31334.5,31335.75,29,2026-10-06T22:30:26+00:00
2026-10-05T22:41:00Z,31335.5,31337.25,31334.0,31337.0,26,2026-10-06T22:30:26+00:00
2026-10-05T22:42:00Z,31337.25,31337.25,31334.25,31336.25,24,2026-10-06T22:30:26+00:00
2026-10-05T22:43:00Z,31336.0,31336.0,31332.75,31334.5,34,2026-10-06T22:30:26+00:00
2026-10-05T22:44:00Z,31333.0,31334.25,31328.0,31328.25,57,2026-10-06T22:30:26+00:00
2026-10-05T22:45:00Z,31328.25,31331.75,31326.5,31327.5,76,2026-10-06T22:30:26+00:00
2026-10-05T22:46:00Z,31327.5,31329.5,31325.5,31328.25,68,2026-10-06T22:30:26+00:00
2026-10-05T22:47:00Z,31328.25,31331.75,31326.0,31331.0,114,2026-10-06T22:30:26+00:00
2026-10-05T22:48:00Z,31330.0,31331.75,31329.5,31331.25,105,2026-10-06T22:30:26+00:00
2026-10-05T22:49:00Z,31331.5,31335.25,31331.5,31331.75,90,2026-10-06T22:30:26+00:00
2026-10-05T22:50:00Z,31330.75,31335.0,31330.5,31333.0,42,2026-10-06T22:30:26+00:00
2026-10-05T22:51:00Z,31333.5,31333.5,31330.0,31331.25,52,2026-10-06T22:30:26+00:00
2026-10-05T22:52:00Z,31331.0,31333.25,31331.0,31332.75,18,2026-10-06T22:30:26+00:00
2026-10-05T22:53:00Z,31331.75,31332.5,31331.5,31332.0,9,2026-10-06T22:30:26+00:00
2026-10-05T22:54:00Z,31332.5,31335.0,31330.75,31332.75,82,2026-10-06T22:30:26+00:00
2026-10-05T22:55:00Z,31333.0,31335.75,31332.0,31334.5,53,2026-10-06T22:30:26+00:00
2026-10-05T22:56:00Z,31333.75,31335.5,31333.5,31333.75,27,2026-10-06T22:30:26+00:00
2026-10-05T22:57:00Z,31333.75,31334.75,31332.5,31334.0,15,2026-10-06T22:30:26+00:00
2026-10-05T22:58:00Z,31334.25,31334.25,31330.0,31331.5,40,2026-10-06T22:30:26+00:00
2026-10-05T22:59:00Z,31331.0,31334.25,31331.0,31332.0,20,2026-10-06T22:30:26+00:00
2026-10-05T23:00:00Z,31331.75,31332.75,31328.75,31330.75,85,2026-10-06T22:30:26+00:00
2026-10-05T23:01:00Z,31332.0,31336.75,31330.25,31334.0,51,2026-10-06T22:30:26+00:00
2026-10-05T23:02:00Z,31335.0,31337.0,31333.5,31337.0,45,2026-10-06T22:30:26+00:00
2026-10-05T23:03:00Z,31336.75,31337.75,31334.0,31334.25,39,2026-10-06T22:30:26+00:00
2026-10-05T23:04:00Z,31334.25,31335.75,31331.75,31334.5,47,2026-10-06T22:30:26+00:00
2026-10-05T23:05:00Z,31335.0,31335.0,31332.5,31333.5,14,2026-10-06T22:30:26+00:00
2026-10-05T23:06:00Z,31333.0,31335.5,31332.5,31333.5,18,2026-10-06T22:30:26+00:00
2026-10-05T23:07:00Z,31334.0,31335.25,31334.0,31334.0,14,2026-10-06T22:30:26+00:00
2026-10-05T23:08:00Z,31335.25,31344.25,31335.25,31343.25,142,2026-10-06T22:30:26+00:00
2026-10-05T23:09:00Z,31344.25,31347.25,31341.25,31344.5,100,2026-10-06T22:30:26+00:00
2026-10-05T23:10:00Z,31344.75,31347.25,31344.25,31346.5,80,2026-10-06T22:30:26+00:00
2026-10-05T23:11:00Z,31346.5,31350.0,31345.0,31345.25,77,2026-10-06T22:30:26+00:00
2026-10-05T23:12:00Z,31345.25,31347.25,31344.75,31347.0,21,2026-10-06T22:30:26+00:00
2026-10-05T23:13:00Z,31346.0,31347.0,31344.75,31345.75,35,2026-10-06T22:30:26+00:00
2026-10-05T23:14:00Z,31345.75,31346.25,31344.5,31345.0,25,2026-10-06T22:30:26+00:00
2026-10-05T23:15:00Z,31345.5,31348.0,31345.0,31345.0,18,2026-10-06T22:30:26+00:00
2026-10-05T23:16:00Z,31345.0,31348.75,31343.5,31347.5,72,2026-10-06T22:30:26+00:00
2026-10-05T23:17:00Z,31346.75,31356.75,31346.5,31352.75,173,2026-10-06T22:30:26+00:00
2026-10-05T23:18:00Z,31353.25,31357.25,31353.25,31355.25,52,2026-10-06T22:30:26+00:00
2026-10-05T23:19:00Z,31355.25,31359.0,31352.75,31356.25,50,2026-10-06T22:30:26+00:00
2026-10-05T23:20:00Z,31357.25,31362.5,31357.25,31359.5,119,2026-10-06T22:30:26+00:00
2026-10-05T23:21:00Z,31358.75,31362.0,31358.5,31361.75,48,2026-10-06T22:30:26+00:00
2026-10-05T23:22:00Z,31361.0,31364.5,31360.0,31361.5,79,2026-10-06T22:30:26+00:00
2026-10-05T23:23:00Z,31361.0,31363.0,31360.0,31362.25,27,2026-10-06T22:30:26+00:00
2026-10-05T23:24:00Z,31361.75,31363.0,31360.75,31360.75,26,2026-10-06T22:30:26+00:00
2026-10-05T23:25:00Z,31360.5,31361.5,31354.0,31355.25,81,2026-10-06T22:30:26+00:00
2026-10-05T23:26:00Z,31355.5,31357.0,31350.25,31352.5,81,2026-10-06T22:30:26+00:00
2026-10-05T23:27:00Z,31353.0,31353.75,31349.5,31353.25,51,2026-10-06T22:30:26+00:00
2026-10-05T23:28:00Z,31352.25,31355.25,31352.25,31354.5,26,2026-10-06T22:30:26+00:00
2026-10-05T23:29:00Z,31354.5,31358.5,31354.5,31356.0,41,2026-10-06T22:30:26+00:00
2026-10-05T23:30:00Z,31356.25,31362.0,31356.25,31358.75,100,2026-10-06T22:30:26+00:00
2026-10-05T23:31:00Z,31357.75,31361.5,31357.25,31361.0,53,2026-10-06T22:30:26+00:00
2026-10-05T23:32:00Z,31361.0,31368.25,31360.5,31364.5,103,2026-10-06T22:30:26+00:00
2026-10-05T23:33:00Z,31366.75,31367.5,31364.25,31364.25,35,2026-10-06T22:30:26+00:00
2026-10-05T23:34:00Z,31364.5,31364.5,31358.0,31359.25,68,2026-10-06T22:30:26+00:00
2026-10-05T23:35:00Z,31358.75,31362.25,31358.75,31361.25,62,2026-10-06T22:30:26+00:00
2026-10-05T23:36:00Z,31361.0,31363.5,31361.0,31363.0,25,2026-10-06T22:30:26+00:00
2026-10-05T23:37:00Z,31362.25,31363.0,31360.5,31361.75,24,2026-10-06T22:30:26+00:00
2026-10-05T23:38:00Z,31361.0,31361.25,31359.5,31360.5,14,2026-10-06T22:30:26+00:00
2026-10-05T23:39:00Z,31360.5,31362.25,31359.5,31361.75,30,2026-10-06T22:30:26+00:00
2026-10-05T23:40:00Z,31361.25,31363.75,31360.5,31361.5,28,2026-10-06T22:30:26+00:00
2026-10-05T23:41:00Z,31361.0,31367.25,31361.0,31364.5,48,2026-10-06T22:30:26+00:00
2026-10-05T23:42:00Z,31364.5,31365.75,31362.0,31362.75,47,2026-10-06T22:30:26+00:00
2026-10-05T23:43:00Z,31362.75,31363.75,31360.5,31361.25,56,2026-10-06T22:30:26+00:00
2026-10-05T23:44:00Z,31361.75,31365.25,31361.0,31363.25,72,2026-10-06T22:30:26+00:00
2026-10-05T23:45:00Z,31365.0,31365.25,31352.0,31354.5,170,2026-10-06T22:30:26+00:00
2026-10-05T23:46:00Z,31356.75,31362.75,31354.75,31362.0,66,2026-10-06T22:30:26+00:00
2026-10-05T23:47:00Z,31361.75,31363.25,31353.0,31354.5,62,2026-10-06T22:30:26+00:00
2026-10-05T23:48:00Z,31353.75,31353.75,31349.25,31350.0,80,2026-10-06T22:30:26+00:00
2026-10-05T23:49:00Z,31349.0,31355.5,31348.25,31354.0,58,2026-10-06T22:30:26+00:00
2026-10-05T23:50:00Z,31355.0,31355.25,31351.75,31352.5,54,2026-10-06T22:30:26+00:00
2026-10-05T23:51:00Z,31352.5,31352.75,31346.25,31349.0,107,2026-10-06T22:30:26+00:00
2026-10-05T23:52:00Z,31349.5,31351.0,31348.25,31349.25,37,2026-10-06T22:30:26+00:00
2026-10-05T23:53:00Z,31348.5,31350.0,31346.75,31348.25,38,2026-10-06T22:30:26+00:00
2026-10-05T23:54:00Z,31350.0,31353.75,31348.25,31352.0,70,2026-10-06T22:30:26+00:00
2026-10-05T23:55:00Z,31353.25,31359.75,31352.75,31357.0,105,2026-10-06T22:30:26+00:00
2026-10-05T23:56:00Z,31355.0,31355.0,31345.0,31347.0,174,2026-10-06T22:30:26+00:00
2026-10-05T23:57:00Z,31346.25,31350.25,31346.0,31347.75,67,2026-10-06T22:30:26+00:00
2026-10-05T23:58:00Z,31347.5,31352.0,31347.0,31351.75,56,2026-10-06T22:30:26+00:00
2026-10-05T23:59:00Z,31352.75,31356.25,31348.0,31349.5,55,2026-10-06T22:30:26+00:00
2026-10-06T00:00:00Z,31350.25,31353.25,31337.25,31343.25,277,2026-10-06T22:30:26+00:00
2026-10-06T00:01:00Z,31342.75,31345.25,31337.25,31340.0,176,2026-10-06T22:30:26+00:00
2026-10-06T00:02:00Z,31340.25,31345.0,31338.75,31343.5,93,2026-10-06T22:30:26+00:00
2026-10-06T00:03:00Z,31344.25,31344.25,31339.75,31340.0,52,2026-10-06T22:30:26+00:00
2026-10-06T00:04:00Z,31342.5,31344.0,31338.25,31340.0,75,2026-10-06T22:30:26+00:00
2026-10-06T00:05:00Z,31339.25,31343.25,31338.0,31342.0,89,2026-10-06T22:30:26+00:00
2026-10-06T00:06:00Z,31342.25,31346.25,31340.0,31343.25,93,2026-10-06T22:30:26+00:00
2026-10-06T00:07:00Z,31344.5,31363.5,31344.5,31362.0,310,2026-10-06T22:30:26+00:00
2026-10-06T00:08:00Z,31362.5,31364.75,31357.25,31359.75,146,2026-10-06T22:30:26+00:00
2026-10-06T00:09:00Z,31362.25,31363.0,31354.25,31356.5,77,2026-10-06T22:30:26+00:00
2026-10-06T00:10:00Z,31354.75,31362.5,31352.25,31362.5,101,2026-10-06T22:30:26+00:00
2026-10-06T00:11:00Z,31362.75,31368.5,31362.25,31367.25,271,2026-10-06T22:30:26+00:00
2026-10-06T00:12:00Z,31367.5,31369.5,31361.25,31361.75,74,2026-10-06T22:30:26+00:00
2026-10-06T00:13:00Z,31363.0,31363.0,31353.25,31359.25,117,2026-10-06T22:30:26+00:00
2026-10-06T00:14:00Z,31359.75,31363.75,31356.75,31357.5,109,2026-10-06T22:30:26+00:00
2026-10-06T00:15:00Z,31356.75,31364.75,31355.25,31360.75,148,2026-10-06T22:30:26+00:00
2026-10-06T00:16:00Z,31358.75,31372.5,31358.5,31368.5,280,2026-10-06T22:30:26+00:00
2026-10-06T00:17:00Z,31366.25,31373.5,31366.0,31369.25,133,2026-10-06T22:30:26+00:00
2026-10-06T00:18:00Z,31366.75,31368.5,31359.0,31361.25,211,2026-10-06T22:30:26+00:00
2026-10-06T00:19:00Z,31361.25,31370.5,31361.25,31368.0,155,2026-10-06T22:30:26+00:00
2026-10-06T00:20:00Z,31367.0,31367.5,31361.5,31365.25,47,2026-10-06T22:30:26+00:00
2026-10-06T00:21:00Z,31367.5,31374.25,31367.5,31371.25,120,2026-10-06T22:30:26+00:00
2026-10-06T00:22:00Z,31370.25,31375.5,31369.0,31374.0,93,2026-10-06T22:30:26+00:00
2026-10-06T00:23:00Z,31374.25,31375.75,31371.25,31374.75,61,2026-10-06T22:30:26+00:00
2026-10-06T00:24:00Z,31375.5,31381.5,31369.25,31370.5,267,2026-10-06T22:30:26+00:00
2026-10-06T00:25:00Z,31371.0,31371.25,31356.25,31357.0,247,2026-10-06T22:30:26+00:00
2026-10-06T00:26:00Z,31358.75,31364.75,31353.75,31359.75,177,2026-10-06T22:30:26+00:00
2026-10-06T00:27:00Z,31360.0,31363.5,31360.0,31363.0,20,2026-10-06T22:30:26+00:00
2026-10-06T00:28:00Z,31363.5,31366.25,31361.0,31364.5,84,2026-10-06T22:30:26+00:00
2026-10-06T00:29:00Z,31364.75,31366.5,31361.75,31363.75,46,2026-10-06T22:30:26+00:00
2026-10-06T00:30:00Z,31362.5,31363.25,31353.75,31359.25,117,2026-10-06T22:30:26+00:00
2026-10-06T00:31:00Z,31359.75,31372.75,31359.75,31372.25,154,2026-10-06T22:30:26+00:00
2026-10-06T00:32:00Z,31373.25,31389.75,31372.5,31389.5,392,2026-10-06T22:30:26+00:00
2026-10-06T00:33:00Z,31389.75,31390.0,31382.75,31382.75,214,2026-10-06T22:30:26+00:00
2026-10-06T00:34:00Z,31384.0,31384.0,31379.5,31382.5,90,2026-10-06T22:30:26+00:00
2026-10-06T00:35:00Z,31383.25,31389.75,31383.0,31384.75,123,2026-10-06T22:30:26+00:00
2026-10-06T00:36:00Z,31384.5,31387.5,31382.5,31383.75,81,2026-10-06T22:30:26+00:00
2026-10-06T00:37:00Z,31382.75,31386.0,31380.25,31382.75,120,2026-10-06T22:30:26+00:00
2026-10-06T00:38:00Z,31383.75,31393.5,31383.25,31385.0,140,2026-10-06T22:30:26+00:00
2026-10-06T00:39:00Z,31385.25,31386.75,31376.75,31376.75,138,2026-10-06T22:30:26+00:00
2026-10-06T00:40:00Z,31376.75,31381.25,31374.5,31380.0,81,2026-10-06T22:30:26+00:00
2026-10-06T00:41:00Z,31379.0,31380.75,31376.75,31376.75,60,2026-10-06T22:30:26+00:00
2026-10-06T00:42:00Z,31377.25,31379.25,31374.75,31376.0,34,2026-10-06T22:30:26+00:00
2026-10-06T00:43:00Z,31375.75,31378.25,31373.75,31374.75,98,2026-10-06T22:30:26+00:00
2026-10-06T00:44:00Z,31377.0,31378.0,31375.0,31376.75,43,2026-10-06T22:30:26+00:00
2026-10-06T00:45:00Z,31376.75,31379.5,31372.75,31376.5,134,2026-10-06T22:30:26+00:00
2026-10-06T00:46:00Z,31376.75,31388.25,31375.75,31387.5,148,2026-10-06T22:30:26+00:00
2026-10-06T00:47:00Z,31387.25,31390.5,31384.75,31384.75,66,2026-10-06T22:30:26+00:00
2026-10-06T00:48:00Z,31385.0,31385.75,31379.75,31384.25,50,2026-10-06T22:30:26+00:00
2026-10-06T00:49:00Z,31384.5,31387.0,31379.25,31381.5,74,2026-10-06T22:30:26+00:00
2026-10-06T00:50:00Z,31382.5,31386.0,31382.5,31382.5,60,2026-10-06T22:30:26+00:00
2026-10-06T00:51:00Z,31382.5,31386.75,31380.0,31384.25,108,2026-10-06T22:30:26+00:00
2026-10-06T00:52:00Z,31386.0,31388.5,31383.5,31383.5,91,2026-10-06T22:30:26+00:00
2026-10-06T00:53:00Z,31383.75,31386.75,31382.5,31385.0,129,2026-10-06T22:30:26+00:00
2026-10-06T00:54:00Z,31385.5,31389.25,31383.5,31384.75,139,2026-10-06T22:30:26+00:00
2026-10-06T00:55:00Z,31384.0,31384.75,31377.25,31377.25,116,2026-10-06T22:30:26+00:00
2026-10-06T00:56:00Z,31377.0,31383.25,31375.0,31378.75,128,2026-10-06T22:30:26+00:00
2026-10-06T00:57:00Z,31378.75,31382.75,31378.5,31382.5,44,2026-10-06T22:30:26+00:00
2026-10-06T00:58:00Z,31383.0,31385.5,31381.75,31385.5,80,2026-10-06T22:30:26+00:00
2026-10-06T00:59:00Z,31385.25,31394.75,31384.5,31391.25,166,2026-10-06T22:30:26+00:00
2026-10-06T01:00:00Z,31392.0,31393.25,31387.0,31388.5,139,2026-10-06T22:30:26+00:00
2026-10-06T01:01:00Z,31388.5,31407.5,31388.0,31403.75,613,2026-10-06T22:30:26+00:00
2026-10-06T01:02:00Z,31403.25,31403.75,31391.5,31393.0,249,2026-10-06T22:30:26+00:00
2026-10-06T01:03:00Z,31393.25,31395.25,31383.0,31385.5,137,2026-10-06T22:30:26+00:00
2026-10-06T01:04:00Z,31385.0,31390.75,31384.5,31387.0,73,2026-10-06T22:30:26+00:00
2026-10-06T01:05:00Z,31387.0,31391.0,31381.5,31389.75,167,2026-10-06T22:30:26+00:00
2026-10-06T01:06:00Z,31390.75,31401.25,31390.75,31400.5,209,2026-10-06T22:30:26+00:00
2026-10-06T01:07:00Z,31400.25,31403.0,31397.25,31402.75,151,2026-10-06T22:30:26+00:00
2026-10-06T01:08:00Z,31401.0,31407.0,31400.75,31402.25,257,2026-10-06T22:30:26+00:00
2026-10-06T01:09:00Z,31402.75,31406.75,31402.25,31405.25,75,2026-10-06T22:30:26+00:00
2026-10-06T01:10:00Z,31402.75,31411.25,31402.75,31404.75,245,2026-10-06T22:30:26+00:00
2026-10-06T01:11:00Z,31405.75,31407.75,31402.0,31403.25,144,2026-10-06T22:30:26+00:00
2026-10-06T01:12:00Z,31403.75,31405.25,31400.0,31400.75,107,2026-10-06T22:30:26+00:00
2026-10-06T01:13:00Z,31400.75,31401.5,31395.5,31398.0,170,2026-10-06T22:30:26+00:00
2026-10-06T01:14:00Z,31398.25,31399.5,31395.75,31396.75,65,2026-10-06T22:30:26+00:00
2026-10-06T01:15:00Z,31396.0,31396.0,31374.5,31378.0,412,2026-10-06T22:30:26+00:00
2026-10-06T01:16:00Z,31378.75,31383.25,31374.0,31376.25,149,2026-10-06T22:30:26+00:00
2026-10-06T01:17:00Z,31377.0,31377.25,31368.0,31372.5,283,2026-10-06T22:30:26+00:00
2026-10-06T01:18:00Z,31371.75,31372.0,31361.75,31367.0,237,2026-10-06T22:30:26+00:00
2026-10-06T01:19:00Z,31366.75,31367.5,31350.25,31358.75,426,2026-10-06T22:30:26+00:00
2026-10-06T01:20:00Z,31358.75,31364.25,31355.75,31360.75,309,2026-10-06T22:30:26+00:00
2026-10-06T01:21:00Z,31361.0,31370.25,31360.75,31367.0,222,2026-10-06T22:30:26+00:00
2026-10-06T01:22:00Z,31365.75,31371.25,31362.0,31368.0,126,2026-10-06T22:30:26+00:00
2026-10-06T01:23:00Z,31368.75,31369.0,31365.5,31368.25,54,2026-10-06T22:30:26+00:00
2026-10-06T01:24:00Z,31368.25,31370.25,31362.5,31367.75,106,2026-10-06T22:30:26+00:00
2026-10-06T01:25:00Z,31367.25,31367.5,31361.0,31362.75,79,2026-10-06T22:30:26+00:00
2026-10-06T01:26:00Z,31361.25,31365.0,31361.25,31363.5,51,2026-10-06T22:30:26+00:00
2026-10-06T01:27:00Z,31363.75,31366.25,31362.25,31365.75,45,2026-10-06T22:30:26+00:00
2026-10-06T01:28:00Z,31366.25,31368.75,31363.0,31366.25,76,2026-10-06T22:30:26+00:00
2026-10-06T01:29:00Z,31365.25,31366.75,31362.25,31366.75,57,2026-10-06T22:30:26+00:00
2026-10-06T01:30:00Z,31366.75,31371.0,31360.75,31361.25,197,2026-10-06T22:30:26+00:00
2026-10-06T01:31:00Z,31361.0,31370.5,31359.25,31367.75,125,2026-10-06T22:30:26+00:00
2026-10-06T01:32:00Z,31368.25,31369.0,31365.75,31367.25,45,2026-10-06T22:30:26+00:00
2026-10-06T01:33:00Z,31366.0,31366.0,31359.0,31361.25,65,2026-10-06T22:30:26+00:00
2026-10-06T01:34:00Z,31361.0,31361.0,31353.25,31354.5,196,2026-10-06T22:30:26+00:00
2026-10-06T01:35:00Z,31353.5,31356.0,31343.75,31348.5,432,2026-10-06T22:30:26+00:00
2026-10-06T01:36:00Z,31349.75,31353.25,31346.25,31350.75,171,2026-10-06T22:30:26+00:00
2026-10-06T01:37:00Z,31350.25,31354.75,31350.25,31353.25,53,2026-10-06T22:30:26+00:00
2026-10-06T01:38:00Z,31353.75,31354.0,31345.25,31347.5,89,2026-10-06T22:30:26+00:00
2026-10-06T01:39:00Z,31346.5,31347.5,31343.5,31344.5,134,2026-10-06T22:30:26+00:00
2026-10-06T01:40:00Z,31345.25,31346.5,31332.25,31337.75,326,2026-10-06T22:30:26+00:00
2026-10-06T01:41:00Z,31335.75,31338.5,31335.0,31338.0,117,2026-10-06T22:30:26+00:00
2026-10-06T01:42:00Z,31337.5,31345.0,31337.5,31344.0,165,2026-10-06T22:30:26+00:00
2026-10-06T01:43:00Z,31343.25,31350.5,31343.25,31343.5,185,2026-10-06T22:30:26+00:00
2026-10-06T01:44:00Z,31345.25,31348.5,31339.0,31339.25,96,2026-10-06T22:30:26+00:00
2026-10-06T01:45:00Z,31339.0,31340.25,31334.75,31337.25,141,2026-10-06T22:30:26+00:00
2026-10-06T01:46:00Z,31336.25,31337.25,31330.0,31336.0,210,2026-10-06T22:30:26+00:00
2026-10-06T01:47:00Z,31336.25,31341.25,31335.0,31341.25,135,2026-10-06T22:30:26+00:00
2026-10-06T01:48:00Z,31341.75,31342.75,31338.5,31338.5,77,2026-10-06T22:30:26+00:00
2026-10-06T01:49:00Z,31338.75,31340.5,31335.25,31337.25,45,2026-10-06T22:30:26+00:00
2026-10-06T01:50:00Z,31337.25,31342.75,31336.0,31340.5,69,2026-10-06T22:30:26+00:00
2026-10-06T01:51:00Z,31340.5,31347.0,31340.25,31346.5,94,2026-10-06T22:30:26+00:00
2026-10-06T01:52:00Z,31345.75,31345.75,31337.75,31338.0,65,2026-10-06T22:30:26+00:00
2026-10-06T01:53:00Z,31338.75,31340.75,31338.0,31340.0,63,2026-10-06T22:30:26+00:00
2026-10-06T01:54:00Z,31340.25,31342.0,31338.0,31339.5,50,2026-10-06T22:30:26+00:00
2026-10-06T01:55:00Z,31338.25,31338.25,31334.0,31335.25,70,2026-10-06T22:30:26+00:00
2026-10-06T01:56:00Z,31334.75,31338.75,31332.0,31338.75,52,2026-10-06T22:30:26+00:00
2026-10-06T01:57:00Z,31338.25,31338.25,31335.5,31336.5,19,2026-10-06T22:30:26+00:00
2026-10-06T01:58:00Z,31336.25,31338.75,31335.75,31337.75,43,2026-10-06T22:30:26+00:00
2026-10-06T01:59:00Z,31336.75,31338.0,31333.5,31338.0,59,2026-10-06T22:30:26+00:00
2026-10-06T02:00:00Z,31337.5,31339.5,31335.25,31337.0,68,2026-10-06T22:30:26+00:00
2026-10-06T02:01:00Z,31336.75,31338.0,31332.75,31334.0,71,2026-10-06T22:30:26+00:00
2026-10-06T02:02:00Z,31333.0,31336.5,31327.75,31334.5,138,2026-10-06T22:30:26+00:00
2026-10-06T02:03:00Z,31334.75,31340.5,31334.5,31338.25,81,2026-10-06T22:30:26+00:00
2026-10-06T02:04:00Z,31338.0,31338.75,31331.75,31333.75,71,2026-10-06T22:30:26+00:00
2026-10-06T02:05:00Z,31331.75,31336.0,31331.0,31336.0,64,2026-10-06T22:30:26+00:00
2026-10-06T02:06:00Z,31336.5,31341.0,31336.5,31337.75,121,2026-10-06T22:30:26+00:00
2026-10-06T02:07:00Z,31339.25,31342.75,31336.25,31340.75,100,2026-10-06T22:30:26+00:00
2026-10-06T02:08:00Z,31340.0,31340.5,31335.0,31337.0,59,2026-10-06T22:30:26+00:00
2026-10-06T02:09:00Z,31339.25,31343.0,31337.25,31341.25,51,2026-10-06T22:30:26+00:00
2026-10-06T02:10:00Z,31341.0,31342.0,31338.5,31341.75,41,2026-10-06T22:30:26+00:00
2026-10-06T02:11:00Z,31341.0,31343.25,31339.25,31342.5,40,2026-10-06T22:30:26+00:00
2026-10-06T02:12:00Z,31342.75,31343.5,31334.75,31339.75,83,2026-10-06T22:30:26+00:00
2026-10-06T02:13:00Z,31338.25,31339.5,31335.5,31337.5,64,2026-10-06T22:30:26+00:00
2026-10-06T02:14:00Z,31337.0,31342.0,31336.5,31341.5,59,2026-10-06T22:30:26+00:00
2026-10-06T02:15:00Z,31340.75,31348.25,31340.75,31345.5,209,2026-10-06T22:30:26+00:00
2026-10-06T02:16:00Z,31345.25,31345.75,31343.25,31344.75,47,2026-10-06T22:30:26+00:00
2026-10-06T02:17:00Z,31344.5,31345.5,31340.5,31340.5,55,2026-10-06T22:30:26+00:00
2026-10-06T02:18:00Z,31340.75,31343.25,31340.0,31342.0,37,2026-10-06T22:30:26+00:00
2026-10-06T02:19:00Z,31341.0,31341.0,31337.75,31337.75,58,2026-10-06T22:30:26+00:00
2026-10-06T02:20:00Z,31339.25,31342.0,31338.75,31341.25,30,2026-10-06T22:30:26+00:00
2026-10-06T02:21:00Z,31341.5,31344.5,31340.0,31342.25,51,2026-10-06T22:30:26+00:00
2026-10-06T02:22:00Z,31340.0,31346.5,31340.0,31345.0,40,2026-10-06T22:30:26+00:00
2026-10-06T02:23:00Z,31346.0,31350.0,31345.0,31346.75,105,2026-10-06T22:30:26+00:00
2026-10-06T02:24:00Z,31346.5,31346.5,31342.0,31342.75,27,2026-10-06T22:30:26+00:00
2026-10-06T02:25:00Z,31342.75,31344.75,31342.25,31344.0,27,2026-10-06T22:30:26+00:00
2026-10-06T02:26:00Z,31342.5,31342.5,31338.75,31339.75,43,2026-10-06T22:30:26+00:00
2026-10-06T02:27:00Z,31340.25,31341.25,31336.25,31337.25,96,2026-10-06T22:30:26+00:00
2026-10-06T02:28:00Z,31336.5,31340.0,31335.25,31340.0,47,2026-10-06T22:30:26+00:00
2026-10-06T02:29:00Z,31339.0,31339.25,31336.5,31337.0,24,2026-10-06T22:30:26+00:00
2026-10-06T02:30:00Z,31336.5,31338.75,31329.25,31332.25,249,2026-10-06T22:30:26+00:00
2026-10-06T02:31:00Z,31332.25,31335.0,31330.25,31332.0,95,2026-10-06T22:30:26+00:00
2026-10-06T02:32:00Z,31331.0,31333.25,31325.25,31327.0,128,2026-10-06T22:30:26+00:00
2026-10-06T02:33:00Z,31326.75,31326.75,31322.0,31323.25,153,2026-10-06T22:30:26+00:00
2026-10-06T02:34:00Z,31322.5,31324.0,31317.75,31319.0,266,2026-10-06T22:30:26+00:00
2026-10-06T02:35:00Z,31318.75,31319.25,31309.25,31317.25,313,2026-10-06T22:30:26+00:00
2026-10-06T02:36:00Z,31317.25,31324.0,31316.75,31322.5,177,2026-10-06T22:30:26+00:00
2026-10-06T02:37:00Z,31322.75,31334.75,31322.25,31332.75,169,2026-10-06T22:30:26+00:00
2026-10-06T02:38:00Z,31333.25,31342.0,31333.0,31341.25,225,2026-10-06T22:30:26+00:00
2026-10-06T02:39:00Z,31341.25,31344.25,31339.0,31340.5,224,2026-10-06T22:30:26+00:00
2026-10-06T02:40:00Z,31340.25,31345.25,31337.0,31337.75,135,2026-10-06T22:30:26+00:00
2026-10-06T02:41:00Z,31336.5,31337.25,31327.0,31333.5,154,2026-10-06T22:30:26+00:00
2026-10-06T02:42:00Z,31333.0,31338.25,31331.75,31336.75,64,2026-10-06T22:30:26+00:00
2026-10-06T02:43:00Z,31336.25,31337.5,31334.0,31334.0,37,2026-10-06T22:30:26+00:00
2026-10-06T02:44:00Z,31335.25,31338.0,31335.0,31337.75,30,2026-10-06T22:30:26+00:00
2026-10-06T02:45:00Z,31336.25,31337.75,31332.25,31332.25,35,2026-10-06T22:30:26+00:00
2026-10-06T02:46:00Z,31332.0,31332.25,31326.25,31330.25,77,2026-10-06T22:30:26+00:00
2026-10-06T02:47:00Z,31330.0,31332.0,31329.75,31330.5,21,2026-10-06T22:30:26+00:00
2026-10-06T02:48:00Z,31329.25,31331.25,31327.5,31331.25,33,2026-10-06T22:30:26+00:00
2026-10-06T02:49:00Z,31330.5,31340.0,31330.5,31337.75,107,2026-10-06T22:30:26+00:00
2026-10-06T02:50:00Z,31338.25,31339.0,31332.25,31334.75,52,2026-10-06T22:30:26+00:00
2026-10-06T02:51:00Z,31333.0,31341.5,31333.0,31337.5,56,2026-10-06T22:30:26+00:00
2026-10-06T02:52:00Z,31338.25,31340.5,31336.5,31338.0,52,2026-10-06T22:30:26+00:00
2026-10-06T02:53:00Z,31337.0,31340.5,31335.75,31336.25,48,2026-10-06T22:30:26+00:00
2026-10-06T02:54:00Z,31335.25,31335.5,31331.5,31331.5,35,2026-10-06T22:30:26+00:00
2026-10-06T02:55:00Z,31331.25,31332.75,31329.5,31332.25,50,2026-10-06T22:30:26+00:00
2026-10-06T02:56:00Z,31331.5,31332.75,31328.75,31332.25,50,2026-10-06T22:30:26+00:00
2026-10-06T02:57:00Z,31332.25,31339.0,31331.25,31338.0,77,2026-10-06T22:30:26+00:00
2026-10-06T02:58:00Z,31337.25,31339.75,31337.0,31338.25,70,2026-10-06T22:30:26+00:00
2026-10-06T02:59:00Z,31338.0,31341.25,31337.25,31341.0,50,2026-10-06T22:30:26+00:00
2026-10-06T03:00:00Z,31342.0,31352.25,31341.5,31345.0,510,2026-10-06T22:30:26+00:00
2026-10-06T03:01:00Z,31344.5,31354.0,31341.75,31345.0,169,2026-10-06T22:30:26+00:00
2026-10-06T03:02:00Z,31345.75,31354.0,31345.0,31354.0,85,2026-10-06T22:30:26+00:00
2026-10-06T03:03:00Z,31353.0,31355.75,31351.0,31353.0,70,2026-10-06T22:30:26+00:00
2026-10-06T03:04:00Z,31354.0,31356.25,31351.75,31353.75,55,2026-10-06T22:30:26+00:00
2026-10-06T03:05:00Z,31353.0,31353.0,31346.0,31350.0,61,2026-10-06T22:30:26+00:00
2026-10-06T03:06:00Z,31350.0,31351.5,31348.25,31348.25,18,2026-10-06T22:30:26+00:00
2026-10-06T03:07:00Z,31348.25,31352.5,31347.5,31350.0,44,2026-10-06T22:30:26+00:00
2026-10-06T03:08:00Z,31350.0,31350.25,31347.75,31349.0,35,2026-10-06T22:30:26+00:00
2026-10-06T03:09:00Z,31347.0,31349.75,31345.0,31346.75,59,2026-10-06T22:30:26+00:00
2026-10-06T03:10:00Z,31346.0,31348.0,31342.0,31346.75,65,2026-10-06T22:30:26+00:00
2026-10-06T03:11:00Z,31346.25,31352.75,31346.25,31350.0,100,2026-10-06T22:30:26+00:00
2026-10-06T03:12:00Z,31349.25,31359.25,31349.25,31357.75,189,2026-10-06T22:30:26+00:00
2026-10-06T03:13:00Z,31358.25,31358.5,31353.5,31354.25,40,2026-10-06T22:30:26+00:00
2026-10-06T03:14:00Z,31353.5,31355.5,31349.5,31349.75,70,2026-10-06T22:30:26+00:00
2026-10-06T03:15:00Z,31350.5,31356.75,31350.0,31355.75,41,2026-10-06T22:30:26+00:00
2026-10-06T03:16:00Z,31356.75,31360.5,31356.75,31358.5,98,2026-10-06T22:30:26+00:00
2026-10-06T03:17:00Z,31358.0,31358.5,31352.0,31352.0,54,2026-10-06T22:30:26+00:00
2026-10-06T03:18:00Z,31351.75,31354.25,31351.0,31352.0,36,2026-10-06T22:30:26+00:00
2026-10-06T03:19:00Z,31352.25,31353.5,31350.0,31352.75,24,2026-10-06T22:30:26+00:00
2026-10-06T03:20:00Z,31350.5,31352.25,31350.5,31351.5,20,2026-10-06T22:30:26+00:00
2026-10-06T03:21:00Z,31350.75,31354.5,31350.5,31353.75,35,2026-10-06T22:30:26+00:00
2026-10-06T03:22:00Z,31354.0,31360.0,31354.0,31359.5,88,2026-10-06T22:30:26+00:00
2026-10-06T03:23:00Z,31360.0,31366.25,31359.5,31362.75,182,2026-10-06T22:30:26+00:00
2026-10-06T03:24:00Z,31362.5,31363.25,31359.0,31359.75,77,2026-10-06T22:30:26+00:00
2026-10-06T03:25:00Z,31360.5,31360.5,31356.75,31359.75,68,2026-10-06T22:30:26+00:00
2026-10-06T03:26:00Z,31358.5,31358.5,31355.5,31357.75,34,2026-10-06T22:30:26+00:00
2026-10-06T03:27:00Z,31356.25,31358.5,31354.75,31356.75,22,2026-10-06T22:30:26+00:00
2026-10-06T03:28:00Z,31355.75,31356.75,31355.0,31355.75,21,2026-10-06T22:30:26+00:00
2026-10-06T03:29:00Z,31357.75,31357.75,31355.0,31355.5,19,2026-10-06T22:30:26+00:00
2026-10-06T03:30:00Z,31356.75,31357.0,31346.5,31349.75,224,2026-10-06T22:30:26+00:00
2026-10-06T03:31:00Z,31350.25,31350.25,31344.5,31344.75,79,2026-10-06T22:30:26+00:00
2026-10-06T03:32:00Z,31346.25,31351.25,31344.75,31351.25,67,2026-10-06T22:30:26+00:00
2026-10-06T03:33:00Z,31350.0,31352.5,31349.0,31351.0,30,2026-10-06T22:30:26+00:00
2026-10-06T03:34:00Z,31350.25,31350.25,31343.75,31345.75,38,2026-10-06T22:30:26+00:00
2026-10-06T03:35:00Z,31346.25,31350.0,31343.25,31346.25,72,2026-10-06T22:30:26+00:00
2026-10-06T03:36:00Z,31346.25,31349.25,31342.0,31342.0,33,2026-10-06T22:30:26+00:00
2026-10-06T03:37:00Z,31341.0,31356.0,31339.0,31351.5,189,2026-10-06T22:30:26+00:00
2026-10-06T03:38:00Z,31351.5,31355.25,31350.0,31355.0,59,2026-10-06T22:30:26+00:00
2026-10-06T03:39:00Z,31354.0,31355.0,31347.5,31347.5,53,2026-10-06T22:30:26+00:00
2026-10-06T03:40:00Z,31348.5,31349.0,31340.0,31341.75,64,2026-10-06T22:30:26+00:00
2026-10-06T03:41:00Z,31343.5,31344.5,31342.0,31344.25,43,2026-10-06T22:30:26+00:00
2026-10-06T03:42:00Z,31346.0,31346.5,31343.0,31345.75,23,2026-10-06T22:30:26+00:00
2026-10-06T03:43:00Z,31346.5,31351.0,31346.5,31351.0,25,2026-10-06T22:30:26+00:00
2026-10-06T03:44:00Z,31349.5,31352.0,31348.25,31348.25,21,2026-10-06T22:30:26+00:00
2026-10-06T03:45:00Z,31347.5,31349.5,31346.0,31346.75,25,2026-10-06T22:30:26+00:00
2026-10-06T03:46:00Z,31347.25,31348.75,31346.0,31346.75,22,2026-10-06T22:30:26+00:00
2026-10-06T03:47:00Z,31348.25,31348.5,31347.0,31347.5,12,2026-10-06T22:30:26+00:00
2026-10-06T03:48:00Z,31349.0,31351.5,31347.5,31350.25,13,2026-10-06T22:30:26+00:00
2026-10-06T03:49:00Z,31349.75,31353.0,31348.75,31352.5,27,2026-10-06T22:30:26+00:00
2026-10-06T03:50:00Z,31352.25,31354.25,31351.5,31352.0,44,2026-10-06T22:30:26+00:00
2026-10-06T03:51:00Z,31352.75,31358.5,31352.5,31357.5,65,2026-10-06T22:30:26+00:00
2026-10-06T03:52:00Z,31356.75,31357.0,31354.25,31355.0,51,2026-10-06T22:30:26+00:00
2026-10-06T03:53:00Z,31355.25,31358.75,31354.75,31358.5,45,2026-10-06T22:30:26+00:00
2026-10-06T03:54:00Z,31358.0,31358.0,31345.25,31345.5,93,2026-10-06T22:30:26+00:00
2026-10-06T03:55:00Z,31346.75,31350.5,31345.25,31348.75,38,2026-10-06T22:30:26+00:00
2026-10-06T03:56:00Z,31350.0,31351.5,31345.75,31347.5,37,2026-10-06T22:30:26+00:00
2026-10-06T03:57:00Z,31350.75,31351.0,31347.0,31349.25,17,2026-10-06T22:30:26+00:00
2026-10-06T03:58:00Z,31350.5,31350.5,31347.0,31350.0,21,2026-10-06T22:30:26+00:00
2026-10-06T04:09:00Z,31366.25,31370.0,31365.75,31365.75,25,2026-10-06T22:30:26+00:00
2026-10-06T04:10:00Z,31365.75,31365.75,31359.25,31360.5,63,2026-10-06T22:30:26+00:00
2026-10-06T04:11:00Z,31363.75,31366.25,31363.5,31364.75,38,2026-10-06T22:30:26+00:00
2026-10-06T04:12:00Z,31364.75,31365.0,31359.5,31360.5,20,2026-10-06T22:30:26+00:00
2026-10-06T04:13:00Z,31361.5,31365.25,31361.5,31364.25,23,2026-10-06T22:30:26+00:00
2026-10-06T04:14:00Z,31363.0,31363.0,31356.0,31356.5,53,2026-10-06T22:30:26+00:00
2026-10-06T04:15:00Z,31357.0,31357.0,31353.75,31353.75,28,2026-10-06T22:30:26+00:00
2026-10-06T04:16:00Z,31352.75,31356.75,31351.0,31356.5,51,2026-10-06T22:30:26+00:00
2026-10-06T04:17:00Z,31357.5,31361.25,31357.5,31358.25,24,2026-10-06T22:30:26+00:00
2026-10-06T04:18:00Z,31357.25,31365.25,31357.25,31359.0,137,2026-10-06T22:30:26+00:00
2026-10-06T04:19:00Z,31359.0,31360.0,31358.75,31359.25,21,2026-10-06T22:30:26+00:00
2026-10-06T04:20:00Z,31360.25,31363.0,31360.0,31362.5,15,2026-10-06T22:30:26+00:00
2026-10-06T04:21:00Z,31362.5,31365.0,31361.5,31364.5,30,2026-10-06T22:30:26+00:00
2026-10-06T04:22:00Z,31363.0,31366.75,31362.75,31366.25,48,2026-10-06T22:30:26+00:00
2026-10-06T04:23:00Z,31368.0,31369.25,31366.0,31366.5,48,2026-10-06T22:30:26+00:00
2026-10-06T04:24:00Z,31366.25,31366.5,31364.5,31364.5,9,2026-10-06T22:30:26+00:00
2026-10-06T04:25:00Z,31366.25,31369.5,31366.25,31369.5,80,2026-10-06T22:30:26+00:00
2026-10-06T04:26:00Z,31369.0,31370.0,31366.25,31368.25,37,2026-10-06T22:30:26+00:00
2026-10-06T04:27:00Z,31369.25,31370.0,31365.75,31365.75,12,2026-10-06T22:30:26+00:00
2026-10-06T04:28:00Z,31366.0,31366.75,31361.25,31361.5,54,2026-10-06T22:30:26+00:00
2026-10-06T04:29:00Z,31361.0,31362.5,31360.0,31362.25,28,2026-10-06T22:30:26+00:00
2026-10-06T04:30:00Z,31361.75,31361.75,31357.0,31359.0,40,2026-10-06T22:30:26+00:00
2026-10-06T04:31:00Z,31357.5,31358.75,31355.75,31357.25,23,2026-10-06T22:30:26+00:00
2026-10-06T04:32:00Z,31355.25,31355.25,31350.0,31353.25,93,2026-10-06T22:30:26+00:00
2026-10-06T04:33:00Z,31354.75,31362.25,31354.75,31359.25,46,2026-10-06T22:30:26+00:00
2026-10-06T04:34:00Z,31358.75,31360.25,31358.0,31360.25,18,2026-10-06T22:30:26+00:00
2026-10-06T04:35:00Z,31359.0,31362.25,31359.0,31361.75,25,2026-10-06T22:30:26+00:00
2026-10-06T04:36:00Z,31360.5,31361.25,31359.0,31359.0,14,2026-10-06T22:30:26+00:00
2026-10-06T04:37:00Z,31358.75,31359.25,31357.0,31357.0,13,2026-10-06T22:30:26+00:00
2026-10-06T04:38:00Z,31357.5,31357.5,31348.0,31350.25,81,2026-10-06T22:30:26+00:00
2026-10-06T04:39:00Z,31349.75,31350.5,31347.5,31347.5,53,2026-10-06T22:30:26+00:00
2026-10-06T04:40:00Z,31347.5,31347.5,31340.0,31345.25,153,2026-10-06T22:30:26+00:00
2026-10-06T04:41:00Z,31346.0,31346.0,31340.75,31343.0,43,2026-10-06T22:30:26+00:00
2026-10-06T04:42:00Z,31343.5,31345.0,31337.25,31341.5,120,2026-10-06T22:30:26+00:00
2026-10-06T04:43:00Z,31341.0,31345.0,31341.0,31343.0,41,2026-10-06T22:30:26+00:00
2026-10-06T04:44:00Z,31343.5,31344.5,31341.0,31342.0,47,2026-10-06T22:30:26+00:00
2026-10-06T04:45:00Z,31341.5,31344.25,31339.0,31340.75,44,2026-10-06T22:30:26+00:00
2026-10-06T04:46:00Z,31340.5,31340.5,31335.0,31335.5,84,2026-10-06T22:30:26+00:00
2026-10-06T04:47:00Z,31335.75,31336.25,31332.25,31334.25,49,2026-10-06T22:30:26+00:00
2026-10-06T04:48:00Z,31334.25,31334.25,31333.25,31334.0,18,2026-10-06T22:30:26+00:00
2026-10-06T04:49:00Z,31334.0,31335.5,31333.25,31335.5,41,2026-10-06T22:30:26+00:00
2026-10-06T04:50:00Z,31335.0,31338.75,31334.0,31337.75,55,2026-10-06T22:30:26+00:00
2026-10-06T04:51:00Z,31339.0,31344.25,31337.5,31337.5,128,2026-10-06T22:30:26+00:00
2026-10-06T04:52:00Z,31337.5,31339.0,31335.5,31339.0,82,2026-10-06T22:30:26+00:00
2026-10-06T04:53:00Z,31338.25,31342.0,31338.0,31339.5,58,2026-10-06T22:30:26+00:00
2026-10-06T04:54:00Z,31340.5,31342.75,31340.0,31342.25,24,2026-10-06T22:30:26+00:00
2026-10-06T04:55:00Z,31340.5,31342.5,31339.0,31339.75,37,2026-10-06T22:30:26+00:00
2026-10-06T04:56:00Z,31340.5,31342.25,31336.75,31336.75,36,2026-10-06T22:30:26+00:00
2026-10-06T04:57:00Z,31336.5,31340.75,31336.5,31338.75,53,2026-10-06T22:30:26+00:00
2026-10-06T04:58:00Z,31339.0,31341.75,31339.0,31341.0,26,2026-10-06T22:30:26+00:00
2026-10-06T04:59:00Z,31341.5,31341.5,31339.0,31341.0,18,2026-10-06T22:30:26+00:00
2026-10-06T05:00:00Z,31340.75,31343.0,31338.75,31340.5,123,2026-10-06T22:30:26+00:00
2026-10-06T05:01:00Z,31341.0,31343.0,31336.0,31342.75,76,2026-10-06T22:30:26+00:00
2026-10-06T05:02:00Z,31344.0,31347.75,31340.0,31340.0,210,2026-10-06T22:30:26+00:00
2026-10-06T05:03:00Z,31341.5,31347.0,31338.0,31345.75,73,2026-10-06T22:30:26+00:00
2026-10-06T05:04:00Z,31349.0,31363.0,31349.0,31361.25,207,2026-10-06T22:30:26+00:00
2026-10-06T05:05:00Z,31361.25,31364.75,31359.75,31359.75,61,2026-10-06T22:30:26+00:00
2026-10-06T05:06:00Z,31359.25,31359.75,31353.75,31356.75,63,2026-10-06T22:30:26+00:00
2026-10-06T05:07:00Z,31356.75,31358.75,31356.0,31357.0,27,2026-10-06T22:30:26+00:00
2026-10-06T05:08:00Z,31359.5,31359.5,31355.5,31356.5,19,2026-10-06T22:30:26+00:00
2026-10-06T05:09:00Z,31357.5,31358.5,31355.0,31355.0,21,2026-10-06T22:30:26+00:00
2026-10-06T05:10:00Z,31354.25,31354.25,31349.0,31352.0,48,2026-10-06T22:30:26+00:00
2026-10-06T05:11:00Z,31350.5,31352.75,31350.5,31351.75,15,2026-10-06T22:30:26+00:00
2026-10-06T05:12:00Z,31350.75,31362.0,31349.75,31361.0,40,2026-10-06T22:30:26+00:00
2026-10-06T05:13:00Z,31360.25,31361.5,31359.0,31361.5,25,2026-10-06T22:30:26+00:00
2026-10-06T05:14:00Z,31360.75,31361.0,31358.0,31359.75,39,2026-10-06T22:30:26+00:00
2026-10-06T05:15:00Z,31360.0,31364.25,31359.5,31363.5,63,2026-10-06T22:30:26+00:00
2026-10-06T05:16:00Z,31364.25,31365.25,31360.5,31363.75,64,2026-10-06T22:30:26+00:00
2026-10-06T05:17:00Z,31363.75,31364.75,31358.0,31359.0,41,2026-10-06T22:30:26+00:00
2026-10-06T05:18:00Z,31357.75,31357.75,31352.75,31353.5,37,2026-10-06T22:30:26+00:00
2026-10-06T05:19:00Z,31355.0,31358.0,31354.25,31356.75,24,2026-10-06T22:30:26+00:00
2026-10-06T05:20:00Z,31356.0,31361.0,31356.0,31360.5,15,2026-10-06T22:30:26+00:00
2026-10-06T05:21:00Z,31360.5,31364.5,31360.5,31362.5,22,2026-10-06T22:30:26+00:00
2026-10-06T05:22:00Z,31363.5,31364.25,31360.0,31362.25,26,2026-10-06T22:30:26+00:00
2026-10-06T05:23:00Z,31360.0,31366.75,31360.0,31365.75,41,2026-10-06T22:30:26+00:00
2026-10-06T05:24:00Z,31366.25,31368.75,31364.75,31368.5,56,2026-10-06T22:30:26+00:00
2026-10-06T05:25:00Z,31368.0,31372.0,31366.0,31366.0,116,2026-10-06T22:30:26+00:00
2026-10-06T05:26:00Z,31364.25,31364.75,31360.75,31361.25,45,2026-10-06T22:30:26+00:00
2026-10-06T05:27:00Z,31361.25,31361.75,31353.0,31353.0,67,2026-10-06T22:30:26+00:00
2026-10-06T05:28:00Z,31352.5,31358.25,31351.0,31358.25,73,2026-10-06T22:30:26+00:00
2026-10-06T05:29:00Z,31357.75,31360.5,31356.5,31359.0,20,2026-10-06T22:30:26+00:00
2026-10-06T05:30:00Z,31358.0,31361.0,31356.0,31357.25,31,2026-10-06T22:30:26+00:00
2026-10-06T05:31:00Z,31359.0,31362.5,31359.0,31360.25,32,2026-10-06T22:30:26+00:00
2026-10-06T05:32:00Z,31360.75,31368.5,31360.75,31367.25,44,2026-10-06T22:30:26+00:00
2026-10-06T05:33:00Z,31368.0,31377.25,31364.75,31367.0,188,2026-10-06T22:30:26+00:00
2026-10-06T05:34:00Z,31367.0,31371.25,31366.0,31366.0,39,2026-10-06T22:30:26+00:00
2026-10-06T05:35:00Z,31366.0,31368.25,31363.75,31368.0,40,2026-10-06T22:30:26+00:00
2026-10-06T05:36:00Z,31368.25,31371.75,31366.5,31367.75,44,2026-10-06T22:30:26+00:00
2026-10-06T05:37:00Z,31367.75,31368.75,31366.25,31366.75,29,2026-10-06T22:30:26+00:00
2026-10-06T05:38:00Z,31368.25,31370.75,31365.5,31366.25,26,2026-10-06T22:30:26+00:00
2026-10-06T05:39:00Z,31366.75,31366.75,31363.75,31364.5,17,2026-10-06T22:30:26+00:00
2026-10-06T05:40:00Z,31364.5,31364.5,31351.5,31352.25,241,2026-10-06T22:30:26+00:00
2026-10-06T05:41:00Z,31353.25,31355.75,31352.0,31352.5,77,2026-10-06T22:30:26+00:00
2026-10-06T05:42:00Z,31354.25,31356.0,31350.75,31352.0,25,2026-10-06T22:30:26+00:00
2026-10-06T05:43:00Z,31353.5,31353.75,31350.5,31351.0,20,2026-10-06T22:30:26+00:00
2026-10-06T05:44:00Z,31351.5,31358.0,31350.0,31354.75,111,2026-10-06T22:30:26+00:00
2026-10-06T05:45:00Z,31356.25,31358.75,31355.0,31358.75,47,2026-10-06T22:30:26+00:00
2026-10-06T05:46:00Z,31357.0,31359.25,31356.5,31359.25,9,2026-10-06T22:30:26+00:00
2026-10-06T05:47:00Z,31358.25,31360.25,31357.25,31358.5,12,2026-10-06T22:30:26+00:00
2026-10-06T05:48:00Z,31360.0,31362.25,31356.5,31356.5,24,2026-10-06T22:30:26+00:00
2026-10-06T05:49:00Z,31358.0,31363.0,31358.0,31363.0,32,2026-10-06T22:30:26+00:00
2026-10-06T05:50:00Z,31363.25,31367.5,31361.25,31364.0,57,2026-10-06T22:30:26+00:00
2026-10-06T05:51:00Z,31364.0,31369.25,31364.0,31368.25,25,2026-10-06T22:30:26+00:00
2026-10-06T05:52:00Z,31368.0,31368.5,31363.25,31363.75,75,2026-10-06T22:30:26+00:00
2026-10-06T05:53:00Z,31363.5,31364.75,31362.0,31364.5,44,2026-10-06T22:30:26+00:00
2026-10-06T05:54:00Z,31366.5,31374.75,31365.25,31373.75,114,2026-10-06T22:30:26+00:00
2026-10-06T05:55:00Z,31373.5,31378.25,31372.25,31377.0,149,2026-10-06T22:30:26+00:00
2026-10-06T05:56:00Z,31377.25,31379.25,31376.25,31377.75,67,2026-10-06T22:30:26+00:00
2026-10-06T05:57:00Z,31377.25,31378.0,31372.5,31375.25,52,2026-10-06T22:30:26+00:00
2026-10-06T05:58:00Z,31374.0,31379.25,31374.0,31378.5,24,2026-10-06T22:30:26+00:00
2026-10-06T05:59:00Z,31378.5,31380.25,31376.5,31377.75,84,2026-10-06T22:30:26+00:00
2026-10-06T06:00:00Z,31378.75,31381.75,31370.75,31371.0,148,2026-10-06T22:30:26+00:00
2026-10-06T06:01:00Z,31371.25,31374.25,31368.5,31369.75,125,2026-10-06T22:30:26+00:00
2026-10-06T06:02:00Z,31371.25,31375.5,31367.75,31373.75,63,2026-10-06T22:30:26+00:00
2026-10-06T06:03:00Z,31373.0,31375.0,31369.5,31372.25,54,2026-10-06T22:30:26+00:00
2026-10-06T06:04:00Z,31372.5,31375.0,31372.5,31374.5,56,2026-10-06T22:30:26+00:00
2026-10-06T06:05:00Z,31374.25,31377.5,31371.5,31375.5,56,2026-10-06T22:30:26+00:00
2026-10-06T06:06:00Z,31375.5,31378.0,31372.0,31372.5,74,2026-10-06T22:30:26+00:00
2026-10-06T06:07:00Z,31371.75,31374.5,31370.5,31372.25,16,2026-10-06T22:30:26+00:00
2026-10-06T06:08:00Z,31374.0,31375.0,31363.5,31367.25,107,2026-10-06T22:30:26+00:00
2026-10-06T06:09:00Z,31366.5,31370.25,31365.5,31369.75,56,2026-10-06T22:30:26+00:00
2026-10-06T06:10:00Z,31369.25,31371.25,31365.0,31367.75,25,2026-10-06T22:30:26+00:00
2026-10-06T06:11:00Z,31369.0,31376.75,31366.5,31376.0,92,2026-10-06T22:30:26+00:00
2026-10-06T06:12:00Z,31375.75,31384.5,31375.25,31378.5,185,2026-10-06T22:30:26+00:00
2026-10-06T06:13:00Z,31378.5,31379.0,31374.5,31376.0,64,2026-10-06T22:30:26+00:00
2026-10-06T06:14:00Z,31376.0,31378.75,31373.0,31378.25,45,2026-10-06T22:30:26+00:00
2026-10-06T06:15:00Z,31378.25,31385.75,31375.75,31382.5,116,2026-10-06T22:30:26+00:00
2026-10-06T06:16:00Z,31382.75,31393.25,31381.75,31389.75,334,2026-10-06T22:30:26+00:00
2026-10-06T06:17:00Z,31389.25,31395.0,31387.25,31388.75,173,2026-10-06T22:30:26+00:00
2026-10-06T06:18:00Z,31389.75,31396.0,31389.75,31391.25,108,2026-10-06T22:30:26+00:00
2026-10-06T06:19:00Z,31390.5,31392.75,31389.0,31391.5,65,2026-10-06T22:30:26+00:00
2026-10-06T06:20:00Z,31390.75,31393.0,31389.5,31392.0,46,2026-10-06T22:30:26+00:00
2026-10-06T06:21:00Z,31391.75,31393.75,31390.0,31392.25,56,2026-10-06T22:30:26+00:00
2026-10-06T06:22:00Z,31393.5,31394.75,31390.5,31393.0,53,2026-10-06T22:30:26+00:00
2026-10-06T06:23:00Z,31391.75,31391.75,31386.75,31391.0,49,2026-10-06T22:30:26+00:00
2026-10-06T06:24:00Z,31391.5,31391.5,31388.25,31390.0,56,2026-10-06T22:30:26+00:00
2026-10-06T06:25:00Z,31389.0,31390.0,31384.0,31387.0,92,2026-10-06T22:30:26+00:00
2026-10-06T06:26:00Z,31388.5,31391.0,31386.25,31389.0,42,2026-10-06T22:30:26+00:00
2026-10-06T06:27:00Z,31388.5,31392.75,31388.0,31390.75,87,2026-10-06T22:30:26+00:00
2026-10-06T06:28:00Z,31390.5,31390.75,31383.0,31385.25,63,2026-10-06T22:30:26+00:00
2026-10-06T06:29:00Z,31386.5,31387.0,31380.75,31383.5,90,2026-10-06T22:30:26+00:00
2026-10-06T06:30:00Z,31383.5,31386.75,31378.0,31380.5,102,2026-10-06T22:30:26+00:00
2026-10-06T06:31:00Z,31381.25,31384.25,31381.25,31384.0,84,2026-10-06T22:30:26+00:00
2026-10-06T06:32:00Z,31384.5,31388.25,31384.25,31388.0,75,2026-10-06T22:30:26+00:00
2026-10-06T06:33:00Z,31387.75,31391.0,31387.25,31390.25,44,2026-10-06T22:30:26+00:00
2026-10-06T06:34:00Z,31389.5,31390.25,31385.75,31387.25,77,2026-10-06T22:30:26+00:00
2026-10-06T06:35:00Z,31387.5,31393.0,31386.5,31389.75,62,2026-10-06T22:30:26+00:00
2026-10-06T06:36:00Z,31389.25,31392.5,31388.5,31392.25,51,2026-10-06T22:30:26+00:00
2026-10-06T06:37:00Z,31391.5,31393.75,31389.75,31393.25,41,2026-10-06T22:30:26+00:00
2026-10-06T06:38:00Z,31394.75,31396.0,31393.5,31393.75,78,2026-10-06T22:30:26+00:00
2026-10-06T06:39:00Z,31393.5,31396.0,31391.5,31392.5,58,2026-10-06T22:30:26+00:00
2026-10-06T06:40:00Z,31391.75,31392.25,31386.25,31388.0,78,2026-10-06T22:30:26+00:00
2026-10-06T06:41:00Z,31387.25,31387.5,31382.25,31383.0,91,2026-10-06T22:30:26+00:00
2026-10-06T06:42:00Z,31382.75,31385.75,31381.5,31385.75,34,2026-10-06T22:30:26+00:00
2026-10-06T06:43:00Z,31386.25,31387.75,31383.0,31386.0,40,2026-10-06T22:30:26+00:00
2026-10-06T06:44:00Z,31387.25,31388.5,31386.25,31388.0,15,2026-10-06T22:30:26+00:00
2026-10-06T06:45:00Z,31388.75,31398.25,31388.5,31397.25,145,2026-10-06T22:30:26+00:00
2026-10-06T06:46:00Z,31397.25,31399.0,31396.25,31397.25,157,2026-10-06T22:30:26+00:00
2026-10-06T06:47:00Z,31397.5,31397.5,31395.0,31396.0,33,2026-10-06T22:30:26+00:00
2026-10-06T06:48:00Z,31395.5,31395.5,31393.0,31393.5,26,2026-10-06T22:30:26+00:00
2026-10-06T06:49:00Z,31393.25,31393.25,31390.5,31390.5,42,2026-10-06T22:30:26+00:00
2026-10-06T06:50:00Z,31390.5,31392.75,31389.25,31392.25,31,2026-10-06T22:30:26+00:00
2026-10-06T06:51:00Z,31392.0,31392.0,31389.0,31391.75,43,2026-10-06T22:30:26+00:00
2026-10-06T06:52:00Z,31392.25,31393.0,31389.75,31391.5,30,2026-10-06T22:30:26+00:00
2026-10-06T06:53:00Z,31391.75,31392.25,31390.25,31390.25,17,2026-10-06T22:30:26+00:00
2026-10-06T06:54:00Z,31390.25,31391.25,31387.0,31388.5,44,2026-10-06T22:30:26+00:00
2026-10-06T06:55:00Z,31388.75,31388.75,31383.5,31385.5,72,2026-10-06T22:30:26+00:00
2026-10-06T06:56:00Z,31386.25,31388.0,31385.5,31386.0,38,2026-10-06T22:30:26+00:00
2026-10-06T06:57:00Z,31386.0,31388.25,31385.25,31388.25,22,2026-10-06T22:30:26+00:00
2026-10-06T06:58:00Z,31388.0,31389.5,31385.75,31386.75,27,2026-10-06T22:30:26+00:00
2026-10-06T06:59:00Z,31386.0,31386.75,31382.0,31382.75,43,2026-10-06T22:30:26+00:00
2026-10-06T07:00:00Z,31383.0,31384.25,31369.25,31374.5,287,2026-10-06T22:30:26+00:00
2026-10-06T07:01:00Z,31374.25,31376.5,31370.75,31372.0,84,2026-10-06T22:30:26+00:00
2026-10-06T07:02:00Z,31373.0,31378.75,31371.5,31371.5,62,2026-10-06T22:30:26+00:00
2026-10-06T07:03:00Z,31371.25,31376.25,31362.25,31362.75,312,2026-10-06T22:30:26+00:00
2026-10-06T07:04:00Z,31362.75,31366.75,31361.75,31364.0,157,2026-10-06T22:30:26+00:00
2026-10-06T07:05:00Z,31362.75,31364.5,31360.25,31361.25,86,2026-10-06T22:30:26+00:00
2026-10-06T07:06:00Z,31360.75,31361.0,31354.75,31356.25,108,2026-10-06T22:30:26+00:00
2026-10-06T07:07:00Z,31355.25,31358.0,31340.25,31340.5,355,2026-10-06T22:30:26+00:00
2026-10-06T07:08:00Z,31340.75,31352.25,31340.0,31349.5,210,2026-10-06T22:30:26+00:00
2026-10-06T07:09:00Z,31349.75,31354.0,31348.75,31353.0,115,2026-10-06T22:30:26+00:00
2026-10-06T07:10:00Z,31352.75,31356.5,31351.25,31352.5,99,2026-10-06T22:30:26+00:00
2026-10-06T07:11:00Z,31352.75,31359.5,31351.5,31359.5,120,2026-10-06T22:30:26+00:00
2026-10-06T07:12:00Z,31358.75,31359.75,31354.75,31356.5,78,2026-10-06T22:30:26+00:00
2026-10-06T07:13:00Z,31355.25,31371.75,31355.25,31371.0,261,2026-10-06T22:30:26+00:00
2026-10-06T07:14:00Z,31371.5,31383.5,31371.0,31380.5,201,2026-10-06T22:30:26+00:00
2026-10-06T07:15:00Z,31381.0,31390.5,31378.5,31384.75,246,2026-10-06T22:30:26+00:00
2026-10-06T07:16:00Z,31384.0,31392.25,31382.5,31387.5,109,2026-10-06T22:30:26+00:00
2026-10-06T07:17:00Z,31388.25,31388.75,31377.5,31377.5,133,2026-10-06T22:30:26+00:00
2026-10-06T07:18:00Z,31377.75,31379.0,31374.75,31377.75,79,2026-10-06T22:30:26+00:00
2026-10-06T07:19:00Z,31378.0,31378.25,31373.5,31374.0,54,2026-10-06T22:30:26+00:00
2026-10-06T07:20:00Z,31374.5,31376.75,31372.5,31376.5,43,2026-10-06T22:30:26+00:00
2026-10-06T07:21:00Z,31376.5,31377.75,31371.25,31371.25,91,2026-10-06T22:30:26+00:00
2026-10-06T07:22:00Z,31370.5,31372.5,31368.5,31370.25,72,2026-10-06T22:30:26+00:00
2026-10-06T07:23:00Z,31370.0,31370.75,31365.0,31370.5,77,2026-10-06T22:30:26+00:00
2026-10-06T07:24:00Z,31371.0,31373.5,31369.75,31369.75,76,2026-10-06T22:30:26+00:00
2026-10-06T07:25:00Z,31370.25,31374.0,31368.5,31372.0,78,2026-10-06T22:30:26+00:00
2026-10-06T07:26:00Z,31370.25,31375.0,31368.75,31375.0,35,2026-10-06T22:30:26+00:00
2026-10-06T07:27:00Z,31374.5,31376.25,31371.5,31373.25,48,2026-10-06T22:30:26+00:00
2026-10-06T07:28:00Z,31372.25,31374.0,31369.0,31371.25,69,2026-10-06T22:30:26+00:00
2026-10-06T07:29:00Z,31370.0,31375.0,31367.5,31369.25,61,2026-10-06T22:30:26+00:00
2026-10-06T07:30:00Z,31369.0,31371.5,31360.5,31361.5,119,2026-10-06T22:30:26+00:00
2026-10-06T07:31:00Z,31360.75,31361.0,31348.5,31353.5,198,2026-10-06T22:30:26+00:00
2026-10-06T07:32:00Z,31352.75,31357.0,31349.5,31357.0,152,2026-10-06T22:30:26+00:00
2026-10-06T07:33:00Z,31356.25,31375.25,31356.25,31372.5,145,2026-10-06T22:30:26+00:00
2026-10-06T07:34:00Z,31372.25,31372.25,31365.5,31369.0,105,2026-10-06T22:30:26+00:00
2026-10-06T07:35:00Z,31370.0,31372.5,31367.5,31369.75,51,2026-10-06T22:30:26+00:00
2026-10-06T07:36:00Z,31370.75,31376.0,31369.25,31374.75,98,2026-10-06T22:30:26+00:00
2026-10-06T07:37:00Z,31375.0,31379.0,31373.5,31377.5,63,2026-10-06T22:30:26+00:00
2026-10-06T07:38:00Z,31377.5,31381.25,31374.0,31380.25,82,2026-10-06T22:30:26+00:00
2026-10-06T07:39:00Z,31379.25,31380.25,31375.75,31376.25,72,2026-10-06T22:30:26+00:00
2026-10-06T07:40:00Z,31376.25,31381.0,31374.5,31380.5,81,2026-10-06T22:30:26+00:00
2026-10-06T07:41:00Z,31381.0,31382.0,31378.75,31381.0,25,2026-10-06T22:30:26+00:00
2026-10-06T07:42:00Z,31381.75,31382.75,31372.75,31375.5,91,2026-10-06T22:30:26+00:00
2026-10-06T07:43:00Z,31376.0,31383.5,31374.75,31383.5,92,2026-10-06T22:30:26+00:00
2026-10-06T07:44:00Z,31384.0,31389.25,31383.25,31386.0,87,2026-10-06T22:30:26+00:00
2026-10-06T07:45:00Z,31386.25,31391.5,31385.0,31386.0,80,2026-10-06T22:30:26+00:00
2026-10-06T07:46:00Z,31385.0,31385.0,31380.5,31384.0,83,2026-10-06T22:30:26+00:00
2026-10-06T07:47:00Z,31384.75,31385.25,31382.25,31384.5,39,2026-10-06T22:30:26+00:00
2026-10-06T07:48:00Z,31383.75,31384.0,31378.0,31378.75,40,2026-10-06T22:30:26+00:00
2026-10-06T07:49:00Z,31379.0,31380.5,31373.0,31373.5,43,2026-10-06T22:30:26+00:00
2026-10-06T07:50:00Z,31372.25,31383.0,31371.0,31375.0,81,2026-10-06T22:30:26+00:00
2026-10-06T07:51:00Z,31376.75,31376.75,31369.75,31369.75,98,2026-10-06T22:30:26+00:00
2026-10-06T07:52:00Z,31370.5,31375.0,31368.5,31374.75,81,2026-10-06T22:30:26+00:00
2026-10-06T07:53:00Z,31375.0,31378.25,31374.0,31377.0,33,2026-10-06T22:30:26+00:00
2026-10-06T07:54:00Z,31375.0,31376.75,31372.25,31375.5,46,2026-10-06T22:30:26+00:00
2026-10-06T07:55:00Z,31375.25,31378.25,31374.0,31378.25,58,2026-10-06T22:30:26+00:00
2026-10-06T07:56:00Z,31377.5,31378.75,31370.75,31371.75,34,2026-10-06T22:30:26+00:00
2026-10-06T07:57:00Z,31371.75,31379.75,31371.75,31376.0,44,2026-10-06T22:30:26+00:00
2026-10-06T07:58:00Z,31375.75,31379.5,31371.25,31377.25,76,2026-10-06T22:30:26+00:00
2026-10-06T07:59:00Z,31378.0,31381.25,31377.0,31380.75,42,2026-10-06T22:30:26+00:00
2026-10-06T08:00:00Z,31380.5,31390.0,31376.25,31389.0,284,2026-10-06T22:30:26+00:00
2026-10-06T08:01:00Z,31389.5,31398.0,31389.5,31393.25,156,2026-10-06T22:30:26+00:00
2026-10-06T08:02:00Z,31393.25,31395.5,31387.25,31389.5,101,2026-10-06T22:30:26+00:00
2026-10-06T08:03:00Z,31390.5,31400.25,31387.25,31396.5,258,2026-10-06T22:30:26+00:00
2026-10-06T08:04:00Z,31397.0,31397.75,31386.5,31387.75,122,2026-10-06T22:30:26+00:00
2026-10-06T08:05:00Z,31389.0,31394.25,31386.5,31390.25,77,2026-10-06T22:30:26+00:00
2026-10-06T08:06:00Z,31388.0,31404.5,31387.25,31403.5,307,2026-10-06T22:30:26+00:00
2026-10-06T08:07:00Z,31404.0,31408.25,31399.0,31399.5,184,2026-10-06T22:30:26+00:00
2026-10-06T08:08:00Z,31398.75,31401.0,31390.0,31392.75,172,2026-10-06T22:30:26+00:00
2026-10-06T08:09:00Z,31393.25,31399.0,31392.0,31398.5,93,2026-10-06T22:30:26+00:00
2026-10-06T08:10:00Z,31398.25,31398.5,31387.5,31388.0,119,2026-10-06T22:30:26+00:00
2026-10-06T08:11:00Z,31387.75,31392.5,31387.5,31389.5,100,2026-10-06T22:30:26+00:00
2026-10-06T08:12:00Z,31389.5,31396.25,31386.75,31395.0,128,2026-10-06T22:30:26+00:00
2026-10-06T08:13:00Z,31395.5,31397.25,31391.5,31392.25,89,2026-10-06T22:30:26+00:00
2026-10-06T08:14:00Z,31392.5,31393.5,31383.0,31385.25,106,2026-10-06T22:30:26+00:00
2026-10-06T08:15:00Z,31385.0,31398.75,31384.25,31398.75,122,2026-10-06T22:30:26+00:00
2026-10-06T08:16:00Z,31399.0,31404.25,31397.0,31403.25,122,2026-10-06T22:30:26+00:00
2026-10-06T08:17:00Z,31404.0,31404.25,31389.5,31390.25,123,2026-10-06T22:30:26+00:00
2026-10-06T08:18:00Z,31389.0,31394.0,31387.5,31392.0,87,2026-10-06T22:30:26+00:00
2026-10-06T08:19:00Z,31391.25,31391.5,31386.25,31389.25,55,2026-10-06T22:30:26+00:00
2026-10-06T08:20:00Z,31388.75,31389.0,31380.25,31383.5,173,2026-10-06T22:30:26+00:00
2026-10-06T08:21:00Z,31383.25,31385.75,31381.0,31383.5,69,2026-10-06T22:30:26+00:00
2026-10-06T08:22:00Z,31384.5,31386.5,31381.75,31386.5,35,2026-10-06T22:30:26+00:00
2026-10-06T08:23:00Z,31385.5,31387.5,31382.25,31384.75,98,2026-10-06T22:30:26+00:00
2026-10-06T08:24:00Z,31384.5,31385.0,31380.0,31384.0,88,2026-10-06T22:30:26+00:00
2026-10-06T08:25:00Z,31384.75,31387.5,31380.0,31383.0,102,2026-10-06T22:30:26+00:00
2026-10-06T08:26:00Z,31383.25,31383.75,31379.25,31382.5,70,2026-10-06T22:30:26+00:00
2026-10-06T08:27:00Z,31381.5,31385.5,31375.0,31384.25,153,2026-10-06T22:30:26+00:00
2026-10-06T08:28:00Z,31384.25,31387.0,31377.0,31377.0,131,2026-10-06T22:30:26+00:00
2026-10-06T08:29:00Z,31375.75,31376.25,31368.5,31371.0,135,2026-10-06T22:30:26+00:00
2026-10-06T08:30:00Z,31371.25,31372.25,31367.0,31369.5,92,2026-10-06T22:30:26+00:00
2026-10-06T08:31:00Z,31371.0,31371.0,31364.25,31369.75,80,2026-10-06T22:30:26+00:00
2026-10-06T08:32:00Z,31370.25,31372.25,31364.5,31365.5,96,2026-10-06T22:30:26+00:00
2026-10-06T08:33:00Z,31365.75,31370.25,31362.5,31369.25,134,2026-10-06T22:30:26+00:00
2026-10-06T08:34:00Z,31369.5,31375.75,31367.5,31371.75,69,2026-10-06T22:30:26+00:00
2026-10-06T08:35:00Z,31372.5,31372.5,31364.0,31367.25,105,2026-10-06T22:30:26+00:00
2026-10-06T08:36:00Z,31368.5,31369.5,31365.25,31366.5,64,2026-10-06T22:30:26+00:00
2026-10-06T08:37:00Z,31368.25,31377.5,31366.0,31368.75,196,2026-10-06T22:30:26+00:00
2026-10-06T08:38:00Z,31368.5,31369.5,31364.5,31367.25,82,2026-10-06T22:30:26+00:00
2026-10-06T08:39:00Z,31369.0,31372.75,31364.75,31365.5,78,2026-10-06T22:30:26+00:00
2026-10-06T08:40:00Z,31365.0,31366.0,31361.0,31362.0,105,2026-10-06T22:30:26+00:00
2026-10-06T08:41:00Z,31361.0,31370.25,31361.0,31370.25,110,2026-10-06T22:30:26+00:00
2026-10-06T08:42:00Z,31369.75,31377.5,31369.75,31375.75,131,2026-10-06T22:30:26+00:00
2026-10-06T08:43:00Z,31375.5,31380.25,31373.75,31379.75,77,2026-10-06T22:30:26+00:00
2026-10-06T08:44:00Z,31380.75,31384.5,31380.75,31382.5,147,2026-10-06T22:30:26+00:00
2026-10-06T08:45:00Z,31383.75,31386.0,31380.75,31384.5,68,2026-10-06T22:30:26+00:00
2026-10-06T08:46:00Z,31383.75,31388.25,31379.25,31387.75,115,2026-10-06T22:30:26+00:00
2026-10-06T08:47:00Z,31387.75,31391.5,31385.25,31391.5,152,2026-10-06T22:30:26+00:00
2026-10-06T08:48:00Z,31391.75,31393.5,31389.75,31391.5,64,2026-10-06T22:30:26+00:00
2026-10-06T08:49:00Z,31392.0,31392.5,31383.25,31390.75,140,2026-10-06T22:30:26+00:00
2026-10-06T08:50:00Z,31391.25,31397.0,31389.25,31397.0,171,2026-10-06T22:30:26+00:00
2026-10-06T08:51:00Z,31397.0,31401.0,31396.5,31399.5,121,2026-10-06T22:30:26+00:00
2026-10-06T08:52:00Z,31399.25,31402.5,31394.5,31400.0,126,2026-10-06T22:30:26+00:00
2026-10-06T08:53:00Z,31400.0,31402.0,31396.5,31397.5,72,2026-10-06T22:30:26+00:00
2026-10-06T08:54:00Z,31397.0,31399.25,31390.75,31391.25,84,2026-10-06T22:30:26+00:00
2026-10-06T08:55:00Z,31391.75,31394.25,31386.0,31392.25,93,2026-10-06T22:30:26+00:00
2026-10-06T08:56:00Z,31391.0,31397.75,31390.25,31397.25,92,2026-10-06T22:30:26+00:00
2026-10-06T08:57:00Z,31397.75,31401.5,31396.0,31398.25,75,2026-10-06T22:30:26+00:00
2026-10-06T08:58:00Z,31396.5,31398.25,31392.75,31395.5,52,2026-10-06T22:30:26+00:00
2026-10-06T08:59:00Z,31393.75,31395.75,31387.75,31390.75,92,2026-10-06T22:30:26+00:00
2026-10-06T09:00:00Z,31390.25,31395.25,31388.25,31392.75,108,2026-10-06T22:30:26+00:00
2026-10-06T09:01:00Z,31393.0,31402.75,31391.75,31401.5,138,2026-10-06T22:30:26+00:00
2026-10-06T09:02:00Z,31402.25,31410.25,31399.75,31410.25,165,2026-10-06T22:30:26+00:00
2026-10-06T09:03:00Z,31410.5,31410.5,31402.0,31408.25,199,2026-10-06T22:30:26+00:00
2026-10-06T09:04:00Z,31408.75,31413.5,31404.75,31405.0,183,2026-10-06T22:30:26+00:00
2026-10-06T09:05:00Z,31406.0,31410.25,31403.0,31410.0,120,2026-10-06T22:30:26+00:00
2026-10-06T09:06:00Z,31408.75,31413.5,31407.5,31412.75,101,2026-10-06T22:30:26+00:00
2026-10-06T09:07:00Z,31413.0,31416.0,31411.0,31411.5,153,2026-10-06T22:30:26+00:00
2026-10-06T09:08:00Z,31411.75,31414.75,31404.75,31409.75,119,2026-10-06T22:30:26+00:00
2026-10-06T09:09:00Z,31409.75,31411.25,31403.75,31405.75,80,2026-10-06T22:30:26+00:00
2026-10-06T09:10:00Z,31406.5,31406.5,31396.25,31396.25,145,2026-10-06T22:30:26+00:00
2026-10-06T09:11:00Z,31396.0,31412.75,31389.25,31403.25,513,2026-10-06T22:30:26+00:00
2026-10-06T09:12:00Z,31402.0,31402.0,31388.5,31388.5,107,2026-10-06T22:30:26+00:00
2026-10-06T09:13:00Z,31389.5,31393.0,31387.25,31388.5,94,2026-10-06T22:30:26+00:00
2026-10-06T09:14:00Z,31390.0,31404.5,31390.0,31403.75,238,2026-10-06T22:30:26+00:00
2026-10-06T09:15:00Z,31403.25,31412.5,31402.5,31411.0,158,2026-10-06T22:30:26+00:00
2026-10-06T09:16:00Z,31411.0,31416.0,31410.5,31413.5,100,2026-10-06T22:30:26+00:00
2026-10-06T09:17:00Z,31415.0,31418.0,31413.5,31416.75,94,2026-10-06T22:30:26+00:00
2026-10-06T09:18:00Z,31416.5,31416.5,31412.0,31413.25,65,2026-10-06T22:30:26+00:00
2026-10-06T09:19:00Z,31412.25,31413.25,31405.5,31410.5,118,2026-10-06T22:30:26+00:00
2026-10-06T09:20:00Z,31411.5,31414.5,31410.75,31411.0,58,2026-10-06T22:30:26+00:00
2026-10-06T09:21:00Z,31411.0,31414.0,31411.0,31411.5,39,2026-10-06T22:30:26+00:00
2026-10-06T09:22:00Z,31411.0,31412.0,31409.0,31409.0,72,2026-10-06T22:30:26+00:00
2026-10-06T09:23:00Z,31409.5,31411.0,31406.75,31410.25,161,2026-10-06T22:30:26+00:00
2026-10-06T09:24:00Z,31410.25,31416.0,31409.75,31414.5,75,2026-10-06T22:30:26+00:00
2026-10-06T09:25:00Z,31414.0,31417.25,31410.0,31411.0,57,2026-10-06T22:30:26+00:00
2026-10-06T09:26:00Z,31411.5,31414.25,31410.25,31413.25,40,2026-10-06T22:30:26+00:00
2026-10-06T09:27:00Z,31412.5,31414.25,31410.25,31411.75,52,2026-10-06T22:30:26+00:00
2026-10-06T09:28:00Z,31412.5,31413.0,31408.75,31408.75,29,2026-10-06T22:30:26+00:00
2026-10-06T09:29:00Z,31408.25,31413.25,31408.0,31412.75,45,2026-10-06T22:30:26+00:00
2026-10-06T09:30:00Z,31413.0,31413.0,31406.25,31408.75,75,2026-10-06T22:30:26+00:00
2026-10-06T09:31:00Z,31408.25,31410.25,31402.5,31406.0,78,2026-10-06T22:30:26+00:00
2026-10-06T09:32:00Z,31405.0,31407.25,31403.75,31406.5,56,2026-10-06T22:30:26+00:00
2026-10-06T09:33:00Z,31407.25,31409.5,31406.0,31407.0,33,2026-10-06T22:30:26+00:00
2026-10-06T09:34:00Z,31407.5,31423.5,31405.25,31419.25,409,2026-10-06T22:30:26+00:00
2026-10-06T09:35:00Z,31418.25,31418.25,31409.5,31411.5,138,2026-10-06T22:30:26+00:00
2026-10-06T09:36:00Z,31411.75,31420.0,31411.25,31419.25,101,2026-10-06T22:30:26+00:00
2026-10-06T09:37:00Z,31419.5,31421.75,31417.75,31419.0,58,2026-10-06T22:30:26+00:00
2026-10-06T09:38:00Z,31418.25,31422.75,31417.75,31420.75,65,2026-10-06T22:30:26+00:00
2026-10-06T09:39:00Z,31421.0,31421.5,31419.0,31420.5,69,2026-10-06T22:30:26+00:00
2026-10-06T09:40:00Z,31420.0,31421.5,31414.5,31415.75,55,2026-10-06T22:30:26+00:00
2026-10-06T09:41:00Z,31414.75,31419.0,31414.75,31416.75,48,2026-10-06T22:30:26+00:00
2026-10-06T09:42:00Z,31416.25,31416.75,31412.75,31414.5,59,2026-10-06T22:30:26+00:00
2026-10-06T09:43:00Z,31415.0,31416.75,31412.25,31412.75,43,2026-10-06T22:30:26+00:00
2026-10-06T09:44:00Z,31413.25,31413.5,31407.5,31413.25,99,2026-10-06T22:30:26+00:00
2026-10-06T09:45:00Z,31413.0,31417.0,31411.0,31413.5,81,2026-10-06T22:30:26+00:00
2026-10-06T09:46:00Z,31414.25,31415.0,31406.25,31407.75,57,2026-10-06T22:30:26+00:00
2026-10-06T09:47:00Z,31408.25,31413.0,31406.75,31412.0,42,2026-10-06T22:30:26+00:00
2026-10-06T09:48:00Z,31411.75,31417.0,31411.25,31417.0,34,2026-10-06T22:30:26+00:00
2026-10-06T09:49:00Z,31416.0,31418.75,31416.0,31417.5,31,2026-10-06T22:30:26+00:00
2026-10-06T09:50:00Z,31417.75,31420.75,31417.25,31420.5,54,2026-10-06T22:30:26+00:00
2026-10-06T09:51:00Z,31421.0,31427.75,31418.75,31422.5,181,2026-10-06T22:30:26+00:00
2026-10-06T09:52:00Z,31420.75,31421.25,31411.25,31412.75,122,2026-10-06T22:30:26+00:00
2026-10-06T09:53:00Z,31413.0,31416.0,31411.5,31415.25,101,2026-10-06T22:30:26+00:00
2026-10-06T09:54:00Z,31414.5,31415.5,31411.0,31411.25,34,2026-10-06T22:30:26+00:00
2026-10-06T09:55:00Z,31411.5,31412.0,31410.0,31411.5,78,2026-10-06T22:30:26+00:00
2026-10-06T09:56:00Z,31410.75,31412.0,31407.75,31407.75,83,2026-10-06T22:30:26+00:00
2026-10-06T09:57:00Z,31407.0,31411.75,31406.25,31408.75,52,2026-10-06T22:30:26+00:00
2026-10-06T09:58:00Z,31408.25,31408.75,31406.5,31407.5,36,2026-10-06T22:30:26+00:00
2026-10-06T09:59:00Z,31408.0,31408.75,31405.75,31407.5,27,2026-10-06T22:30:26+00:00
2026-10-06T10:00:00Z,31407.5,31409.5,31407.0,31407.25,54,2026-10-06T22:30:26+00:00
2026-10-06T10:01:00Z,31409.0,31409.25,31405.0,31407.25,51,2026-10-06T22:30:26+00:00
2026-10-06T10:02:00Z,31405.75,31406.5,31401.0,31402.75,115,2026-10-06T22:30:26+00:00
2026-10-06T10:03:00Z,31403.0,31405.5,31394.0,31397.25,139,2026-10-06T22:30:26+00:00
2026-10-06T10:04:00Z,31397.5,31400.0,31393.0,31399.25,130,2026-10-06T22:30:26+00:00
2026-10-06T10:05:00Z,31399.75,31406.25,31399.5,31404.75,134,2026-10-06T22:30:26+00:00
2026-10-06T10:06:00Z,31406.25,31413.5,31405.5,31406.0,108,2026-10-06T22:30:26+00:00
2026-10-06T10:07:00Z,31406.0,31413.25,31405.5,31412.25,71,2026-10-06T22:30:26+00:00
2026-10-06T10:08:00Z,31412.25,31416.75,31411.5,31416.75,85,2026-10-06T22:30:26+00:00
2026-10-06T10:09:00Z,31417.0,31421.25,31416.25,31417.25,90,2026-10-06T22:30:26+00:00
2026-10-06T10:10:00Z,31419.25,31420.5,31416.5,31419.25,72,2026-10-06T22:30:26+00:00
2026-10-06T10:11:00Z,31420.25,31425.0,31420.25,31424.5,68,2026-10-06T22:30:26+00:00
2026-10-06T10:12:00Z,31423.0,31430.0,31419.25,31420.75,242,2026-10-06T22:30:26+00:00
2026-10-06T10:13:00Z,31421.75,31425.0,31419.5,31423.75,35,2026-10-06T22:30:26+00:00
2026-10-06T10:14:00Z,31424.0,31427.25,31423.0,31427.25,30,2026-10-06T22:30:26+00:00
2026-10-06T10:15:00Z,31427.25,31435.0,31424.5,31431.75,242,2026-10-06T22:30:26+00:00
2026-10-06T10:16:00Z,31432.0,31433.5,31425.75,31427.5,130,2026-10-06T22:30:26+00:00
2026-10-06T10:17:00Z,31428.75,31429.5,31426.0,31428.0,125,2026-10-06T22:30:26+00:00
2026-10-06T10:18:00Z,31427.25,31429.5,31425.5,31429.5,69,2026-10-06T22:30:26+00:00
2026-10-06T10:19:00Z,31429.5,31433.0,31427.75,31433.0,59,2026-10-06T22:30:26+00:00
2026-10-06T10:20:00Z,31433.25,31435.0,31431.0,31433.5,75,2026-10-06T22:30:26+00:00
2026-10-06T10:21:00Z,31433.5,31444.25,31433.0,31444.0,244,2026-10-06T22:30:26+00:00
2026-10-06T10:22:00Z,31444.0,31450.0,31442.5,31449.0,302,2026-10-06T22:30:26+00:00
2026-10-06T10:23:00Z,31448.5,31455.0,31447.0,31451.0,248,2026-10-06T22:30:26+00:00
2026-10-06T10:24:00Z,31452.0,31453.75,31449.75,31453.75,136,2026-10-06T22:30:26+00:00
2026-10-06T10:25:00Z,31453.75,31455.25,31445.5,31448.5,343,2026-10-06T22:30:26+00:00
2026-10-06T10:26:00Z,31449.25,31449.25,31439.0,31440.75,233,2026-10-06T22:30:26+00:00
2026-10-06T10:27:00Z,31440.75,31443.0,31439.75,31440.5,92,2026-10-06T22:30:26+00:00
2026-10-06T10:28:00Z,31439.5,31443.0,31438.75,31438.75,73,2026-10-06T22:30:26+00:00
2026-10-06T10:29:00Z,31439.0,31441.75,31436.5,31439.25,122,2026-10-06T22:30:26+00:00
2026-10-06T10:30:00Z,31439.75,31441.75,31437.25,31437.75,56,2026-10-06T22:30:26+00:00
2026-10-06T10:31:00Z,31438.25,31441.5,31435.0,31437.25,149,2026-10-06T22:30:26+00:00
2026-10-06T10:32:00Z,31438.25,31444.25,31438.0,31442.5,120,2026-10-06T22:30:26+00:00
2026-10-06T10:33:00Z,31442.5,31442.5,31437.75,31437.75,42,2026-10-06T22:30:26+00:00
2026-10-06T10:34:00Z,31437.75,31438.0,31433.25,31436.0,188,2026-10-06T22:30:26+00:00
2026-10-06T10:35:00Z,31435.5,31446.0,31435.5,31445.25,80,2026-10-06T22:30:26+00:00
2026-10-06T10:36:00Z,31446.5,31446.75,31442.75,31442.75,95,2026-10-06T22:30:26+00:00
2026-10-06T10:37:00Z,31442.75,31445.0,31441.0,31442.5,87,2026-10-06T22:30:26+00:00
2026-10-06T10:38:00Z,31443.25,31443.5,31441.0,31442.75,78,2026-10-06T22:30:26+00:00
2026-10-06T10:39:00Z,31442.25,31442.25,31437.5,31437.5,72,2026-10-06T22:30:26+00:00
2026-10-06T10:40:00Z,31437.75,31441.75,31437.0,31441.75,42,2026-10-06T22:30:26+00:00
2026-10-06T10:41:00Z,31441.5,31445.25,31441.0,31444.75,75,2026-10-06T22:30:26+00:00
2026-10-06T10:42:00Z,31444.75,31446.0,31439.0,31443.25,70,2026-10-06T22:30:26+00:00
2026-10-06T10:43:00Z,31443.5,31447.0,31443.5,31445.75,226,2026-10-06T22:30:26+00:00
2026-10-06T10:44:00Z,31446.0,31462.75,31446.0,31452.25,429,2026-10-06T22:30:26+00:00
2026-10-06T10:45:00Z,31451.5,31455.0,31451.5,31454.25,266,2026-10-06T22:30:26+00:00
2026-10-06T10:46:00Z,31454.5,31455.0,31449.25,31452.0,174,2026-10-06T22:30:26+00:00
2026-10-06T10:47:00Z,31451.75,31453.0,31450.25,31450.75,86,2026-10-06T22:30:26+00:00
2026-10-06T10:48:00Z,31451.5,31452.75,31446.5,31449.75,90,2026-10-06T22:30:26+00:00
2026-10-06T10:49:00Z,31450.5,31451.5,31448.75,31449.75,54,2026-10-06T22:30:26+00:00
2026-10-06T10:50:00Z,31450.5,31451.75,31445.5,31446.0,49,2026-10-06T22:30:26+00:00
2026-10-06T10:51:00Z,31448.5,31450.25,31445.75,31450.0,37,2026-10-06T22:30:26+00:00
2026-10-06T10:52:00Z,31449.5,31449.5,31445.75,31446.75,16,2026-10-06T22:30:26+00:00
2026-10-06T10:53:00Z,31449.75,31452.75,31449.25,31450.0,60,2026-10-06T22:30:26+00:00
2026-10-06T10:54:00Z,31450.0,31450.75,31449.75,31450.0,6,2026-10-06T22:30:26+00:00
2026-10-06T10:55:00Z,31451.5,31452.25,31448.75,31449.75,38,2026-10-06T22:30:26+00:00
2026-10-06T10:56:00Z,31450.25,31450.5,31446.0,31447.5,45,2026-10-06T22:30:26+00:00
2026-10-06T10:57:00Z,31448.0,31448.0,31440.0,31443.25,122,2026-10-06T22:30:26+00:00
2026-10-06T10:58:00Z,31442.25,31444.25,31438.25,31442.25,130,2026-10-06T22:30:26+00:00
2026-10-06T10:59:00Z,31441.5,31445.25,31441.5,31443.75,46,2026-10-06T22:30:26+00:00
2026-10-06T11:00:00Z,31443.5,31450.0,31440.25,31441.5,187,2026-10-06T22:30:26+00:00
2026-10-06T11:01:00Z,31442.0,31452.5,31440.25,31451.75,138,2026-10-06T22:30:26+00:00
2026-10-06T11:02:00Z,31452.75,31453.5,31446.5,31449.0,89,2026-10-06T22:30:26+00:00
2026-10-06T11:03:00Z,31448.5,31453.5,31448.0,31450.0,61,2026-10-06T22:30:26+00:00
2026-10-06T11:04:00Z,31450.25,31450.25,31444.0,31444.0,65,2026-10-06T22:30:26+00:00
2026-10-06T11:05:00Z,31444.25,31448.0,31441.25,31448.0,156,2026-10-06T22:30:26+00:00
2026-10-06T11:06:00Z,31447.0,31448.0,31443.75,31447.5,54,2026-10-06T22:30:26+00:00
2026-10-06T11:07:00Z,31446.5,31460.5,31446.5,31454.5,338,2026-10-06T22:30:26+00:00
2026-10-06T11:08:00Z,31455.0,31457.0,31448.5,31451.5,104,2026-10-06T22:30:26+00:00
2026-10-06T11:09:00Z,31453.5,31456.25,31453.25,31454.5,78,2026-10-06T22:30:26+00:00
2026-10-06T11:10:00Z,31453.5,31455.75,31448.75,31449.0,62,2026-10-06T22:30:26+00:00
2026-10-06T11:11:00Z,31450.25,31465.0,31450.25,31462.75,269,2026-10-06T22:30:26+00:00
2026-10-06T11:12:00Z,31463.0,31463.25,31459.75,31462.25,112,2026-10-06T22:30:26+00:00
2026-10-06T11:13:00Z,31461.5,31471.0,31461.0,31470.75,601,2026-10-06T22:30:26+00:00
2026-10-06T11:14:00Z,31470.75,31483.75,31470.0,31482.0,578,2026-10-06T22:30:26+00:00
2026-10-06T11:15:00Z,31482.5,31509.5,31482.0,31493.25,1202,2026-10-06T22:30:26+00:00
2026-10-06T11:16:00Z,31492.0,31494.75,31484.25,31491.5,340,2026-10-06T22:30:26+00:00
2026-10-06T11:17:00Z,31492.0,31499.75,31491.5,31499.0,252,2026-10-06T22:30:26+00:00
2026-10-06T11:18:00Z,31500.0,31500.0,31494.25,31494.5,480,2026-10-06T22:30:26+00:00
2026-10-06T11:19:00Z,31495.5,31497.0,31492.5,31495.0,230,2026-10-06T22:30:26+00:00
2026-10-06T11:20:00Z,31494.75,31498.75,31490.0,31498.25,280,2026-10-06T22:30:26+00:00
2026-10-06T11:21:00Z,31497.75,31505.25,31496.75,31504.5,665,2026-10-06T22:30:26+00:00
2026-10-06T11:22:00Z,31505.0,31517.75,31504.75,31517.75,335,2026-10-06T22:30:26+00:00
2026-10-06T11:23:00Z,31515.75,31532.0,31514.0,31527.5,704,2026-10-06T22:30:26+00:00
2026-10-06T11:24:00Z,31529.0,31534.5,31523.75,31526.75,398,2026-10-06T22:30:26+00:00
2026-10-06T11:25:00Z,31527.75,31530.0,31525.5,31529.5,381,2026-10-06T22:30:26+00:00
2026-10-06T11:26:00Z,31529.5,31535.75,31522.75,31525.25,428,2026-10-06T22:30:26+00:00
2026-10-06T11:27:00Z,31525.0,31526.25,31517.0,31517.0,221,2026-10-06T22:30:26+00:00
2026-10-06T11:28:00Z,31518.25,31521.75,31513.5,31514.0,156,2026-10-06T22:30:26+00:00
2026-10-06T11:29:00Z,31513.5,31513.75,31507.75,31512.25,243,2026-10-06T22:30:26+00:00
2026-10-06T11:30:00Z,31512.5,31521.5,31505.25,31507.5,485,2026-10-06T22:30:26+00:00
2026-10-06T11:31:00Z,31506.25,31510.25,31500.5,31510.0,244,2026-10-06T22:30:26+00:00
2026-10-06T11:32:00Z,31510.5,31514.25,31508.5,31509.5,264,2026-10-06T22:30:26+00:00
2026-10-06T11:33:00Z,31509.25,31513.5,31507.75,31513.5,108,2026-10-06T22:30:26+00:00
2026-10-06T11:34:00Z,31513.0,31517.75,31510.0,31514.0,154,2026-10-06T22:30:26+00:00
2026-10-06T11:35:00Z,31514.5,31514.75,31510.0,31512.0,82,2026-10-06T22:30:26+00:00
2026-10-06T11:36:00Z,31513.25,31513.25,31500.0,31500.0,181,2026-10-06T22:30:26+00:00
2026-10-06T11:37:00Z,31500.0,31503.0,31498.25,31502.25,130,2026-10-06T22:30:26+00:00
2026-10-06T11:38:00Z,31502.25,31514.75,31501.75,31509.75,185,2026-10-06T22:30:26+00:00
2026-10-06T11:39:00Z,31510.0,31518.0,31508.0,31512.5,196,2026-10-06T22:30:26+00:00
2026-10-06T11:40:00Z,31512.5,31515.0,31507.5,31508.25,139,2026-10-06T22:30:26+00:00
2026-10-06T11:41:00Z,31508.5,31511.25,31503.25,31511.25,200,2026-10-06T22:30:26+00:00
2026-10-06T11:42:00Z,31509.25,31511.25,31504.0,31511.25,99,2026-10-06T22:30:26+00:00
2026-10-06T11:43:00Z,31511.75,31513.5,31506.5,31510.0,88,2026-10-06T22:30:26+00:00
2026-10-06T11:44:00Z,31510.0,31513.0,31509.5,31511.25,63,2026-10-06T22:30:26+00:00
2026-10-06T11:45:00Z,31510.5,31516.25,31509.5,31515.25,135,2026-10-06T22:30:26+00:00
2026-10-06T11:46:00Z,31514.5,31516.25,31511.25,31512.75,114,2026-10-06T22:30:26+00:00
2026-10-06T11:47:00Z,31513.25,31523.0,31512.0,31519.5,222,2026-10-06T22:30:26+00:00
2026-10-06T11:48:00Z,31519.25,31519.25,31510.25,31512.0,157,2026-10-06T22:30:26+00:00
2026-10-06T11:49:00Z,31512.25,31515.75,31508.25,31515.75,146,2026-10-06T22:30:26+00:00
2026-10-06T11:50:00Z,31514.5,31518.5,31511.5,31516.0,92,2026-10-06T22:30:26+00:00
2026-10-06T11:51:00Z,31515.25,31519.75,31514.5,31517.75,118,2026-10-06T22:30:26+00:00
2026-10-06T11:52:00Z,31518.25,31519.0,31514.75,31516.5,39,2026-10-06T22:30:26+00:00
2026-10-06T11:53:00Z,31516.0,31518.5,31510.5,31517.0,186,2026-10-06T22:30:26+00:00
2026-10-06T11:54:00Z,31518.0,31519.0,31511.0,31513.0,108,2026-10-06T22:30:26+00:00
2026-10-06T11:55:00Z,31513.0,31513.5,31509.25,31510.25,121,2026-10-06T22:30:26+00:00
2026-10-06T11:56:00Z,31512.0,31514.5,31508.5,31509.75,83,2026-10-06T22:30:26+00:00
2026-10-06T11:57:00Z,31510.0,31514.5,31510.0,31511.5,97,2026-10-06T22:30:26+00:00
2026-10-06T11:58:00Z,31513.5,31516.0,31511.75,31512.5,52,2026-10-06T22:30:26+00:00
2026-10-06T11:59:00Z,31512.75,31512.75,31507.0,31509.5,78,2026-10-06T22:30:26+00:00
2026-10-06T12:00:00Z,31509.25,31520.75,31503.5,31505.25,388,2026-10-06T22:30:26+00:00
2026-10-06T12:01:00Z,31505.5,31507.0,31502.25,31506.25,232,2026-10-06T22:30:26+00:00
2026-10-06T12:02:00Z,31505.75,31517.75,31505.0,31516.0,109,2026-10-06T22:30:26+00:00
2026-10-06T12:03:00Z,31515.5,31526.75,31514.5,31521.25,276,2026-10-06T22:30:26+00:00
2026-10-06T12:04:00Z,31521.25,31525.75,31521.25,31523.5,126,2026-10-06T22:30:26+00:00
2026-10-06T12:05:00Z,31523.0,31526.0,31519.5,31525.5,170,2026-10-06T22:30:26+00:00
2026-10-06T12:06:00Z,31524.5,31525.25,31517.0,31521.0,167,2026-10-06T22:30:26+00:00
2026-10-06T12:07:00Z,31520.5,31523.75,31518.25,31519.75,136,2026-10-06T22:30:26+00:00
2026-10-06T12:08:00Z,31519.75,31525.5,31514.75,31525.5,183,2026-10-06T22:30:26+00:00
2026-10-06T12:09:00Z,31526.5,31527.25,31520.0,31520.25,116,2026-10-06T22:30:26+00:00
2026-10-06T12:10:00Z,31520.25,31522.75,31518.25,31522.5,80,2026-10-06T22:30:26+00:00
2026-10-06T12:11:00Z,31522.25,31525.5,31520.0,31524.25,84,2026-10-06T22:30:26+00:00
2026-10-06T12:12:00Z,31525.0,31528.25,31522.5,31525.5,201,2026-10-06T22:30:26+00:00
2026-10-06T12:13:00Z,31526.0,31529.25,31524.0,31526.75,159,2026-10-06T22:30:26+00:00
2026-10-06T12:14:00Z,31527.0,31532.75,31525.25,31532.0,134,2026-10-06T22:30:26+00:00
2026-10-06T12:15:00Z,31531.25,31535.0,31524.75,31533.25,285,2026-10-06T22:30:26+00:00
2026-10-06T12:16:00Z,31533.5,31539.0,31533.0,31537.0,369,2026-10-06T22:30:26+00:00
2026-10-06T12:17:00Z,31536.25,31536.25,31523.75,31524.75,170,2026-10-06T22:30:26+00:00
2026-10-06T12:18:00Z,31524.5,31529.25,31521.5,31525.5,160,2026-10-06T22:30:26+00:00
2026-10-06T12:19:00Z,31525.5,31534.25,31524.5,31531.5,152,2026-10-06T22:30:26+00:00
2026-10-06T12:20:00Z,31531.25,31531.5,31522.75,31526.25,153,2026-10-06T22:30:26+00:00
2026-10-06T12:21:00Z,31526.5,31531.75,31521.5,31521.75,146,2026-10-06T22:30:26+00:00
2026-10-06T12:22:00Z,31522.25,31522.25,31509.0,31518.25,379,2026-10-06T22:30:26+00:00
2026-10-06T12:23:00Z,31518.0,31520.5,31513.75,31516.5,171,2026-10-06T22:30:26+00:00
2026-10-06T12:24:00Z,31516.0,31517.5,31510.5,31511.5,155,2026-10-06T22:30:26+00:00
2026-10-06T12:25:00Z,31510.5,31516.0,31509.0,31515.5,187,2026-10-06T22:30:26+00:00
2026-10-06T12:26:00Z,31515.5,31515.75,31495.75,31511.5,727,2026-10-06T22:30:26+00:00
2026-10-06T12:27:00Z,31511.25,31511.25,31503.25,31503.25,188,2026-10-06T22:30:26+00:00
2026-10-06T12:28:00Z,31504.0,31504.25,31494.75,31499.0,345,2026-10-06T22:30:26+00:00
2026-10-06T12:29:00Z,31499.0,31499.5,31494.75,31496.0,107,2026-10-06T22:30:26+00:00
2026-10-06T12:30:00Z,31495.5,31499.0,31485.25,31486.25,334,2026-10-06T22:30:26+00:00
2026-10-06T12:31:00Z,31485.5,31487.0,31481.75,31482.25,232,2026-10-06T22:30:26+00:00
2026-10-06T12:32:00Z,31482.25,31484.0,31478.25,31481.0,251,2026-10-06T22:30:26+00:00
2026-10-06T12:33:00Z,31480.0,31481.75,31473.0,31475.5,197,2026-10-06T22:30:26+00:00
2026-10-06T12:34:00Z,31474.25,31478.0,31473.0,31473.5,210,2026-10-06T22:30:26+00:00
2026-10-06T12:35:00Z,31473.0,31479.25,31471.0,31478.5,219,2026-10-06T22:30:26+00:00
2026-10-06T12:36:00Z,31479.0,31481.5,31469.75,31472.5,242,2026-10-06T22:30:26+00:00
2026-10-06T12:37:00Z,31473.25,31475.0,31469.5,31474.25,193,2026-10-06T22:30:26+00:00
2026-10-06T12:38:00Z,31474.75,31480.5,31473.5,31478.75,135,2026-10-06T22:30:26+00:00
2026-10-06T12:39:00Z,31478.5,31484.0,31475.5,31478.25,310,2026-10-06T22:30:26+00:00
2026-10-06T12:40:00Z,31476.5,31483.0,31474.0,31480.5,129,2026-10-06T22:30:26+00:00
2026-10-06T12:41:00Z,31482.5,31483.75,31468.5,31470.25,250,2026-10-06T22:30:26+00:00
2026-10-06T12:42:00Z,31470.25,31473.25,31466.0,31471.5,205,2026-10-06T22:30:26+00:00
2026-10-06T12:43:00Z,31469.5,31471.0,31466.25,31468.0,181,2026-10-06T22:30:26+00:00
2026-10-06T12:44:00Z,31469.75,31473.5,31469.25,31469.75,133,2026-10-06T22:30:26+00:00
2026-10-06T12:45:00Z,31469.0,31472.75,31466.5,31468.75,134,2026-10-06T22:30:26+00:00
2026-10-06T12:46:00Z,31468.75,31476.5,31465.5,31470.5,318,2026-10-06T22:30:26+00:00
2026-10-06T12:47:00Z,31470.0,31474.0,31465.25,31467.25,177,2026-10-06T22:30:26+00:00
2026-10-06T12:48:00Z,31467.5,31469.0,31463.0,31465.25,160,2026-10-06T22:30:26+00:00
2026-10-06T12:49:00Z,31466.25,31467.0,31455.0,31464.0,403,2026-10-06T22:30:26+00:00
2026-10-06T12:50:00Z,31463.5,31492.25,31463.25,31480.5,1426,2026-10-06T22:30:26+00:00
2026-10-06T12:51:00Z,31479.75,31495.5,31474.5,31493.75,683,2026-10-06T22:30:26+00:00
2026-10-06T12:52:00Z,31493.75,31496.75,31485.5,31492.75,498,2026-10-06T22:30:26+00:00
2026-10-06T12:53:00Z,31493.0,31494.0,31488.75,31492.25,200,2026-10-06T22:30:26+00:00
2026-10-06T12:54:00Z,31492.75,31493.0,31484.0,31485.5,203,2026-10-06T22:30:26+00:00
2026-10-06T12:55:00Z,31486.5,31487.25,31481.5,31485.5,172,2026-10-06T22:30:26+00:00
2026-10-06T12:56:00Z,31485.0,31487.5,31479.5,31479.75,132,2026-10-06T22:30:26+00:00
2026-10-06T12:57:00Z,31478.25,31490.25,31478.25,31489.75,154,2026-10-06T22:30:26+00:00
2026-10-06T12:58:00Z,31488.75,31493.5,31486.25,31491.5,94,2026-10-06T22:30:26+00:00
2026-10-06T12:59:00Z,31491.75,31496.5,31490.5,31490.5,170,2026-10-06T22:30:26+00:00
2026-10-06T13:00:00Z,31491.25,31497.75,31486.0,31497.0,202,2026-10-06T22:30:26+00:00
2026-10-06T13:01:00Z,31497.0,31502.5,31495.5,31500.5,305,2026-10-06T22:30:26+00:00
2026-10-06T13:02:00Z,31500.0,31503.25,31497.75,31497.75,181,2026-10-06T22:30:26+00:00
2026-10-06T13:03:00Z,31498.0,31505.0,31497.75,31504.25,201,2026-10-06T22:30:26+00:00
2026-10-06T13:04:00Z,31504.25,31510.75,31503.75,31507.75,442,2026-10-06T22:30:26+00:00
2026-10-06T13:05:00Z,31507.5,31512.75,31506.75,31512.5,245,2026-10-06T22:30:26+00:00
2026-10-06T13:06:00Z,31512.0,31518.5,31510.75,31516.5,303,2026-10-06T22:30:26+00:00
2026-10-06T13:07:00Z,31516.5,31516.5,31510.75,31513.0,135,2026-10-06T22:30:26+00:00
2026-10-06T13:08:00Z,31512.25,31512.25,31506.0,31509.0,188,2026-10-06T22:30:26+00:00
2026-10-06T13:09:00Z,31509.5,31516.5,31509.5,31512.75,184,2026-10-06T22:30:26+00:00
2026-10-06T13:10:00Z,31513.0,31514.5,31511.25,31514.5,142,2026-10-06T22:30:26+00:00
2026-10-06T13:11:00Z,31514.5,31518.75,31511.75,31516.25,222,2026-10-06T22:30:26+00:00
2026-10-06T13:12:00Z,31517.0,31521.0,31514.0,31519.0,326,2026-10-06T22:30:26+00:00
2026-10-06T13:13:00Z,31519.0,31519.0,31507.5,31508.5,323,2026-10-06T22:30:26+00:00
2026-10-06T13:14:00Z,31508.5,31508.5,31502.25,31505.5,328,2026-10-06T22:30:26+00:00
2026-10-06T13:15:00Z,31505.0,31507.0,31500.5,31503.0,286,2026-10-06T22:30:26+00:00
2026-10-06T13:16:00Z,31502.75,31506.5,31498.5,31502.0,330,2026-10-06T22:30:26+00:00
2026-10-06T13:17:00Z,31502.25,31502.25,31495.25,31497.25,310,2026-10-06T22:30:26+00:00
2026-10-06T13:18:00Z,31497.5,31502.25,31493.0,31499.0,354,2026-10-06T22:30:26+00:00
2026-10-06T13:19:00Z,31499.0,31505.0,31498.5,31503.0,234,2026-10-06T22:30:26+00:00
2026-10-06T13:20:00Z,31502.5,31512.0,31498.75,31502.75,528,2026-10-06T22:30:26+00:00
2026-10-06T13:21:00Z,31503.25,31509.5,31501.25,31507.25,231,2026-10-06T22:30:26+00:00
2026-10-06T13:22:00Z,31508.0,31510.0,31492.0,31492.75,489,2026-10-06T22:30:26+00:00
2026-10-06T13:23:00Z,31493.0,31493.5,31488.25,31491.25,314,2026-10-06T22:30:26+00:00
2026-10-06T13:24:00Z,31492.25,31509.0,31491.0,31508.0,480,2026-10-06T22:30:26+00:00
2026-10-06T13:25:00Z,31508.0,31532.0,31508.0,31523.0,1581,2026-10-06T22:30:26+00:00
2026-10-06T13:26:00Z,31523.0,31526.75,31517.25,31522.0,411,2026-10-06T22:30:26+00:00
2026-10-06T13:27:00Z,31522.5,31528.0,31511.75,31526.25,799,2026-10-06T22:30:26+00:00
2026-10-06T13:28:00Z,31525.0,31525.5,31515.75,31524.75,636,2026-10-06T22:30:26+00:00
2026-10-06T13:29:00Z,31523.25,31524.0,31512.5,31513.75,1036,2026-10-06T22:30:26+00:00
2026-10-06T13:30:00Z,31513.25,31565.5,31498.25,31553.5,7259,2026-10-06T22:30:26+00:00
2026-10-06T13:31:00Z,31554.0,31567.0,31501.25,31505.25,6161,2026-10-06T22:30:26+00:00
2026-10-06T13:32:00Z,31505.5,31520.0,31485.5,31493.25,4622,2026-10-06T22:30:26+00:00
2026-10-06T13:33:00Z,31493.25,31493.75,31476.0,31491.0,3140,2026-10-06T22:30:26+00:00
2026-10-06T13:34:00Z,31491.0,31500.0,31477.5,31487.0,2714,2026-10-06T22:30:26+00:00
2026-10-06T13:35:00Z,31487.0,31513.0,31478.25,31483.5,3328,2026-10-06T22:30:26+00:00
2026-10-06T13:36:00Z,31482.5,31491.5,31457.75,31488.0,3525,2026-10-06T22:30:26+00:00
2026-10-06T13:37:00Z,31489.0,31492.75,31471.5,31482.5,1802,2026-10-06T22:30:26+00:00
2026-10-06T13:38:00Z,31483.25,31513.0,31480.0,31509.25,2460,2026-10-06T22:30:26+00:00
2026-10-06T13:39:00Z,31509.75,31519.0,31506.75,31509.5,1848,2026-10-06T22:30:26+00:00
2026-10-06T13:40:00Z,31509.0,31513.75,31501.5,31513.25,1765,2026-10-06T22:30:26+00:00
2026-10-06T13:41:00Z,31514.0,31520.0,31504.25,31508.75,2040,2026-10-06T22:30:26+00:00
2026-10-06T13:42:00Z,31508.25,31514.75,31485.25,31501.0,2261,2026-10-06T22:30:26+00:00
2026-10-06T13:43:00Z,31501.5,31517.75,31498.25,31510.75,1138,2026-10-06T22:30:26+00:00
2026-10-06T13:44:00Z,31511.0,31517.0,31504.75,31517.0,1088,2026-10-06T22:30:26+00:00
2026-10-06T13:45:00Z,31516.5,31520.0,31487.25,31491.25,2173,2026-10-06T22:30:26+00:00
2026-10-06T13:46:00Z,31491.75,31519.25,31488.75,31518.5,1784,2026-10-06T22:30:26+00:00
2026-10-06T13:47:00Z,31517.75,31524.75,31511.5,31516.75,1403,2026-10-06T22:30:26+00:00
2026-10-06T13:48:00Z,31516.0,31523.5,31507.75,31519.75,1253,2026-10-06T22:30:26+00:00
2026-10-06T13:49:00Z,31519.75,31524.0,31506.25,31512.0,1234,2026-10-06T22:30:26+00:00
2026-10-06T13:50:00Z,31511.75,31516.0,31501.0,31509.5,1494,2026-10-06T22:30:26+00:00
2026-10-06T13:51:00Z,31509.5,31519.0,31504.75,31517.0,1072,2026-10-06T22:30:26+00:00
2026-10-06T13:52:00Z,31517.75,31522.75,31507.75,31519.75,1143,2026-10-06T22:30:26+00:00
2026-10-06T13:53:00Z,31519.25,31520.0,31502.75,31510.75,1097,2026-10-06T22:30:26+00:00
2026-10-06T13:54:00Z,31510.25,31523.25,31509.25,31521.75,1036,2026-10-06T22:30:26+00:00
2026-10-06T13:55:00Z,31521.75,31536.25,31518.0,31536.25,1921,2026-10-06T22:30:26+00:00
2026-10-06T13:56:00Z,31536.0,31538.0,31525.25,31534.75,1427,2026-10-06T22:30:26+00:00
2026-10-06T13:57:00Z,31534.5,31555.5,31533.0,31549.0,2081,2026-10-06T22:30:26+00:00
2026-10-06T13:58:00Z,31548.5,31557.25,31543.5,31549.25,1657,2026-10-06T22:30:26+00:00
2026-10-06T13:59:00Z,31549.0,31553.0,31541.5,31548.0,1446,2026-10-06T22:30:26+00:00
2026-10-06T14:00:00Z,31548.5,31561.5,31545.25,31556.75,2095,2026-10-06T22:30:26+00:00
2026-10-06T14:01:00Z,31557.25,31560.5,31547.0,31551.0,1240,2026-10-06T22:30:26+00:00
2026-10-06T14:02:00Z,31551.0,31555.5,31542.75,31546.5,1001,2026-10-06T22:30:26+00:00
2026-10-06T14:03:00Z,31546.25,31546.25,31523.5,31534.75,1906,2026-10-06T22:30:26+00:00
2026-10-06T14:04:00Z,31535.0,31551.5,31531.75,31550.0,1858,2026-10-06T22:30:26+00:00
2026-10-06T14:05:00Z,31550.5,31562.25,31541.0,31545.75,1792,2026-10-06T22:30:26+00:00
2026-10-06T14:06:00Z,31546.0,31546.5,31536.0,31540.75,1251,2026-10-06T22:30:26+00:00
2026-10-06T14:07:00Z,31540.25,31574.75,31540.0,31562.75,2795,2026-10-06T22:30:26+00:00
2026-10-06T14:08:00Z,31562.75,31575.5,31561.25,31572.0,1675,2026-10-06T22:30:26+00:00
2026-10-06T14:09:00Z,31572.0,31579.0,31562.5,31577.25,1515,2026-10-06T22:30:26+00:00
2026-10-06T14:10:00Z,31577.25,31583.75,31564.25,31570.25,2064,2026-10-06T22:30:26+00:00
2026-10-06T14:11:00Z,31570.0,31570.5,31558.5,31560.5,1062,2026-10-06T22:30:26+00:00
2026-10-06T14:12:00Z,31560.5,31561.75,31545.75,31548.0,1601,2026-10-06T22:30:26+00:00
2026-10-06T14:13:00Z,31548.25,31554.75,31541.0,31542.5,1434,2026-10-06T22:30:26+00:00
2026-10-06T14:14:00Z,31543.0,31552.25,31538.0,31552.25,1017,2026-10-06T22:30:26+00:00
2026-10-06T14:15:00Z,31552.0,31564.75,31548.5,31560.5,1686,2026-10-06T22:30:26+00:00
2026-10-06T14:16:00Z,31560.25,31563.75,31556.0,31558.75,718,2026-10-06T22:30:26+00:00
2026-10-06T14:17:00Z,31559.0,31567.75,31550.75,31565.0,1440,2026-10-06T22:30:26+00:00
2026-10-06T14:18:00Z,31565.25,31570.5,31549.75,31550.5,1554,2026-10-06T22:30:26+00:00
2026-10-06T14:19:00Z,31551.0,31562.0,31546.75,31551.75,1068,2026-10-06T22:30:26+00:00
2026-10-06T14:20:00Z,31551.75,31555.25,31541.75,31549.0,1233,2026-10-06T22:30:26+00:00
2026-10-06T14:21:00Z,31549.0,31554.25,31541.25,31552.25,850,2026-10-06T22:30:26+00:00
2026-10-06T14:22:00Z,31552.0,31562.25,31547.75,31558.0,919,2026-10-06T22:30:26+00:00
2026-10-06T14:23:00Z,31557.75,31557.75,31525.25,31531.0,1866,2026-10-06T22:30:26+00:00
2026-10-06T14:24:00Z,31531.0,31543.5,31525.5,31541.25,1579,2026-10-06T22:30:26+00:00
2026-10-06T14:25:00Z,31541.5,31541.75,31522.0,31529.0,1595,2026-10-06T22:30:26+00:00
2026-10-06T14:26:00Z,31529.0,31533.75,31523.0,31525.0,867,2026-10-06T22:30:26+00:00
2026-10-06T14:27:00Z,31524.75,31536.75,31519.0,31522.5,1199,2026-10-06T22:30:26+00:00
2026-10-06T14:28:00Z,31524.25,31529.5,31521.0,31524.5,789,2026-10-06T22:30:26+00:00
2026-10-06T14:29:00Z,31524.5,31525.0,31500.0,31501.25,1448,2026-10-06T22:30:26+00:00
2026-10-06T14:30:00Z,31501.0,31507.25,31480.0,31488.5,2940,2026-10-06T22:30:26+00:00
2026-10-06T14:31:00Z,31488.75,31505.0,31488.75,31500.0,1459,2026-10-06T22:30:26+00:00
2026-10-06T14:32:00Z,31500.0,31507.0,31495.0,31499.0,1127,2026-10-06T22:30:26+00:00
2026-10-06T14:33:00Z,31498.5,31512.25,31488.75,31509.25,1450,2026-10-06T22:30:26+00:00
2026-10-06T14:34:00Z,31509.5,31520.75,31504.25,31516.0,1401,2026-10-06T22:30:26+00:00
2026-10-06T14:35:00Z,31516.25,31519.25,31510.0,31518.75,915,2026-10-06T22:30:26+00:00
2026-10-06T14:36:00Z,31518.5,31525.5,31511.75,31520.25,925,2026-10-06T22:30:26+00:00
2026-10-06T14:37:00Z,31521.0,31527.0,31515.25,31515.25,999,2026-10-06T22:30:26+00:00
2026-10-06T14:38:00Z,31515.0,31527.5,31501.25,31525.75,1548,2026-10-06T22:30:26+00:00
2026-10-06T14:39:00Z,31526.0,31536.25,31523.75,31535.5,1222,2026-10-06T22:30:26+00:00
2026-10-06T14:40:00Z,31535.0,31536.25,31526.5,31530.5,1002,2026-10-06T22:30:26+00:00
2026-10-06T14:41:00Z,31530.25,31551.5,31526.0,31551.5,1309,2026-10-06T22:30:26+00:00
2026-10-06T14:42:00Z,31551.25,31561.75,31545.75,31561.25,1640,2026-10-06T22:30:26+00:00
2026-10-06T14:43:00Z,31561.75,31570.0,31559.5,31567.0,1221,2026-10-06T22:30:26+00:00
2026-10-06T14:44:00Z,31567.25,31577.0,31564.0,31572.75,1273,2026-10-06T22:30:26+00:00
2026-10-06T14:45:00Z,31572.75,31573.75,31558.75,31567.75,1412,2026-10-06T22:30:26+00:00
2026-10-06T14:46:00Z,31567.75,31568.0,31556.5,31559.75,929,2026-10-06T22:30:26+00:00
2026-10-06T14:47:00Z,31559.75,31565.5,31554.75,31559.75,889,2026-10-06T22:30:26+00:00
2026-10-06T14:48:00Z,31559.0,31563.0,31551.25,31557.25,1030,2026-10-06T22:30:26+00:00
2026-10-06T14:49:00Z,31558.0,31566.5,31557.0,31562.0,737,2026-10-06T22:30:26+00:00
2026-10-06T14:50:00Z,31562.0,31575.75,31561.5,31573.75,1049,2026-10-06T22:30:26+00:00
2026-10-06T14:51:00Z,31573.5,31578.5,31566.0,31574.75,945,2026-10-06T22:30:26+00:00
2026-10-06T14:52:00Z,31574.5,31576.0,31568.0,31571.5,640,2026-10-06T22:30:26+00:00
2026-10-06T14:53:00Z,31572.0,31589.25,31570.25,31584.0,1714,2026-10-06T22:30:26+00:00
2026-10-06T14:54:00Z,31583.5,31586.25,31576.75,31584.0,1198,2026-10-06T22:30:26+00:00
2026-10-06T14:55:00Z,31584.0,31586.25,31576.25,31576.25,858,2026-10-06T22:30:26+00:00
2026-10-06T14:56:00Z,31576.5,31588.75,31574.75,31586.25,797,2026-10-06T22:30:26+00:00
2026-10-06T14:57:00Z,31586.25,31586.25,31576.25,31577.75,731,2026-10-06T22:30:26+00:00
2026-10-06T14:58:00Z,31577.75,31585.0,31571.5,31580.25,1072,2026-10-06T22:30:26+00:00
2026-10-06T14:59:00Z,31581.0,31590.75,31579.75,31583.5,1091,2026-10-06T22:30:26+00:00
2026-10-06T15:00:00Z,31583.75,31597.25,31581.75,31596.0,1567,2026-10-06T22:30:26+00:00
2026-10-06T15:01:00Z,31595.75,31596.5,31584.5,31591.25,1021,2026-10-06T22:30:26+00:00
2026-10-06T15:02:00Z,31591.5,31595.25,31580.0,31589.5,1574,2026-10-06T22:30:26+00:00
2026-10-06T15:03:00Z,31589.75,31595.5,31588.25,31594.75,589,2026-10-06T22:30:26+00:00
2026-10-06T15:04:00Z,31594.75,31595.5,31589.5,31591.25,408,2026-10-06T22:30:26+00:00
2026-10-06T15:05:00Z,31591.0,31600.0,31589.75,31598.0,1558,2026-10-06T22:30:26+00:00
2026-10-06T15:06:00Z,31597.75,31606.5,31595.75,31606.0,1411,2026-10-06T22:30:26+00:00
2026-10-06T15:07:00Z,31606.5,31608.25,31600.75,31606.0,879,2026-10-06T22:30:26+00:00
2026-10-06T15:08:00Z,31606.25,31611.25,31602.5,31604.5,1014,2026-10-06T22:30:26+00:00
2026-10-06T15:09:00Z,31605.0,31614.5,31604.25,31610.5,1122,2026-10-06T22:30:26+00:00
2026-10-06T15:10:00Z,31610.25,31615.0,31606.25,31610.25,1324,2026-10-06T22:30:26+00:00
2026-10-06T15:11:00Z,31610.0,31611.5,31604.0,31610.75,727,2026-10-06T22:30:26+00:00
2026-10-06T15:12:00Z,31610.25,31611.25,31601.75,31610.0,747,2026-10-06T22:30:26+00:00
2026-10-06T15:13:00Z,31609.5,31612.75,31605.5,31611.0,691,2026-10-06T22:30:26+00:00
2026-10-06T15:14:00Z,31611.0,31614.0,31608.0,31611.75,574,2026-10-06T22:30:26+00:00
2026-10-06T15:15:00Z,31611.75,31616.5,31609.75,31613.25,896,2026-10-06T22:30:26+00:00
2026-10-06T15:16:00Z,31613.0,31613.0,31606.0,31607.25,681,2026-10-06T22:30:26+00:00
2026-10-06T15:17:00Z,31607.5,31609.0,31602.25,31607.25,752,2026-10-06T22:30:26+00:00
2026-10-06T15:18:00Z,31607.0,31609.75,31598.5,31607.5,1004,2026-10-06T22:30:26+00:00
2026-10-06T15:19:00Z,31608.0,31611.5,31603.25,31610.5,560,2026-10-06T22:30:26+00:00
2026-10-06T15:20:00Z,31610.75,31611.25,31601.25,31603.5,662,2026-10-06T22:30:26+00:00
2026-10-06T15:21:00Z,31603.0,31608.75,31602.5,31605.0,716,2026-10-06T22:30:26+00:00
2026-10-06T15:22:00Z,31605.5,31608.25,31599.75,31601.75,714,2026-10-06T22:30:26+00:00
2026-10-06T15:23:00Z,31601.25,31604.0,31594.0,31598.0,1028,2026-10-06T22:30:26+00:00
2026-10-06T15:24:00Z,31598.0,31603.0,31594.5,31599.25,786,2026-10-06T22:30:26+00:00
2026-10-06T15:25:00Z,31599.0,31600.5,31592.5,31592.75,567,2026-10-06T22:30:26+00:00
2026-10-06T15:26:00Z,31592.5,31604.75,31590.75,31600.75,858,2026-10-06T22:30:26+00:00
2026-10-06T15:27:00Z,31600.75,31604.0,31593.75,31603.25,689,2026-10-06T22:30:26+00:00
2026-10-06T15:28:00Z,31603.75,31606.25,31593.5,31598.0,722,2026-10-06T22:30:26+00:00
2026-10-06T15:29:00Z,31597.75,31599.5,31585.0,31591.75,1141,2026-10-06T22:30:26+00:00
2026-10-06T15:30:00Z,31591.5,31593.25,31577.0,31580.5,1495,2026-10-06T22:30:26+00:00
2026-10-06T15:31:00Z,31581.25,31587.75,31577.75,31587.0,768,2026-10-06T22:30:26+00:00
2026-10-06T15:32:00Z,31588.25,31592.5,31583.25,31589.5,801,2026-10-06T22:30:26+00:00
2026-10-06T15:33:00Z,31589.75,31591.0,31580.75,31583.0,429,2026-10-06T22:30:26+00:00
2026-10-06T15:34:00Z,31582.5,31587.75,31580.75,31581.5,589,2026-10-06T22:30:26+00:00
2026-10-06T15:35:00Z,31582.0,31585.25,31574.5,31580.25,1046,2026-10-06T22:30:26+00:00
2026-10-06T15:36:00Z,31580.25,31585.0,31575.25,31578.5,650,2026-10-06T22:30:26+00:00
2026-10-06T15:37:00Z,31578.25,31581.75,31576.0,31578.5,493,2026-10-06T22:30:26+00:00
2026-10-06T15:38:00Z,31578.75,31586.0,31577.25,31585.0,809,2026-10-06T22:30:26+00:00
2026-10-06T15:39:00Z,31585.0,31587.75,31578.0,31583.5,562,2026-10-06T22:30:26+00:00
2026-10-06T15:40:00Z,31583.75,31586.0,31576.0,31585.5,675,2026-10-06T22:30:26+00:00
2026-10-06T15:41:00Z,31586.0,31593.5,31582.75,31587.5,908,2026-10-06T22:30:26+00:00
2026-10-06T15:42:00Z,31587.75,31589.0,31582.0,31586.25,562,2026-10-06T22:30:26+00:00
2026-10-06T15:43:00Z,31586.0,31592.5,31579.0,31588.25,761,2026-10-06T22:30:26+00:00
2026-10-06T15:44:00Z,31588.25,31588.75,31582.75,31584.5,366,2026-10-06T22:30:26+00:00
2026-10-06T15:45:00Z,31584.5,31585.5,31570.0,31573.25,1147,2026-10-06T22:30:26+00:00
2026-10-06T15:46:00Z,31573.0,31585.75,31571.75,31581.75,780,2026-10-06T22:30:26+00:00
2026-10-06T15:47:00Z,31581.5,31587.25,31579.75,31584.5,505,2026-10-06T22:30:26+00:00
2026-10-06T15:48:00Z,31584.75,31588.75,31582.0,31582.0,470,2026-10-06T22:30:26+00:00
2026-10-06T15:49:00Z,31582.0,31588.5,31581.75,31583.75,373,2026-10-06T22:30:26+00:00
2026-10-06T15:50:00Z,31584.75,31588.5,31581.25,31583.0,362,2026-10-06T22:30:26+00:00
2026-10-06T15:51:00Z,31582.75,31589.25,31580.75,31583.0,388,2026-10-06T22:30:26+00:00
2026-10-06T15:52:00Z,31582.75,31586.0,31581.5,31584.25,318,2026-10-06T22:30:26+00:00
2026-10-06T15:53:00Z,31584.5,31584.75,31579.25,31580.5,297,2026-10-06T22:30:26+00:00
2026-10-06T15:54:00Z,31580.25,31580.75,31573.5,31574.0,561,2026-10-06T22:30:26+00:00
2026-10-06T15:55:00Z,31573.75,31576.25,31565.0,31568.5,902,2026-10-06T22:30:26+00:00
2026-10-06T15:56:00Z,31569.0,31576.5,31565.75,31574.25,733,2026-10-06T22:30:26+00:00
2026-10-06T15:57:00Z,31574.0,31575.0,31566.0,31567.0,454,2026-10-06T22:30:26+00:00
2026-10-06T15:58:00Z,31567.0,31568.75,31563.0,31566.75,665,2026-10-06T22:30:26+00:00
2026-10-06T15:59:00Z,31567.0,31569.75,31564.5,31569.0,406,2026-10-06T22:30:26+00:00
2026-10-06T16:00:00Z,31568.75,31573.25,31565.0,31566.5,808,2026-10-06T22:30:26+00:00
2026-10-06T16:01:00Z,31566.5,31573.5,31561.5,31563.25,693,2026-10-06T22:30:26+00:00
2026-10-06T16:02:00Z,31563.5,31571.5,31563.25,31563.75,651,2026-10-06T22:30:26+00:00
2026-10-06T16:03:00Z,31564.5,31571.25,31562.5,31563.75,563,2026-10-06T22:30:26+00:00
2026-10-06T16:04:00Z,31563.75,31563.75,31554.0,31562.0,1102,2026-10-06T22:30:26+00:00
2026-10-06T16:05:00Z,31562.25,31567.75,31560.5,31566.5,569,2026-10-06T22:30:26+00:00
2026-10-06T16:06:00Z,31566.5,31566.75,31560.0,31560.5,769,2026-10-06T22:30:26+00:00
2026-10-06T16:07:00Z,31561.25,31564.25,31556.0,31561.0,536,2026-10-06T22:30:26+00:00
2026-10-06T16:08:00Z,31560.75,31561.25,31540.5,31542.75,1421,2026-10-06T22:30:26+00:00
2026-10-06T16:09:00Z,31541.25,31549.25,31535.5,31542.75,1337,2026-10-06T22:30:26+00:00
2026-10-06T16:10:00Z,31542.5,31547.25,31540.0,31546.25,741,2026-10-06T22:30:26+00:00
2026-10-06T16:11:00Z,31546.5,31553.25,31543.5,31553.25,649,2026-10-06T22:30:26+00:00
2026-10-06T16:12:00Z,31552.5,31552.75,31544.75,31548.75,688,2026-10-06T22:30:26+00:00
2026-10-06T16:13:00Z,31548.5,31554.0,31546.0,31550.0,652,2026-10-06T22:30:26+00:00
2026-10-06T16:14:00Z,31550.25,31553.0,31543.5,31543.75,490,2026-10-06T22:30:26+00:00
2026-10-06T16:15:00Z,31544.5,31544.5,31534.5,31536.25,888,2026-10-06T22:30:26+00:00
2026-10-06T16:16:00Z,31536.75,31540.5,31527.75,31529.75,1137,2026-10-06T22:30:26+00:00
2026-10-06T16:17:00Z,31530.0,31534.5,31526.25,31532.75,783,2026-10-06T22:30:26+00:00
2026-10-06T16:18:00Z,31532.0,31534.25,31529.25,31532.5,540,2026-10-06T22:30:26+00:00
2026-10-06T16:19:00Z,31532.5,31537.0,31531.75,31534.0,549,2026-10-06T22:30:26+00:00
2026-10-06T16:20:00Z,31533.75,31538.25,31528.75,31533.75,585,2026-10-06T22:30:26+00:00
2026-10-06T16:21:00Z,31534.0,31538.0,31530.5,31535.25,450,2026-10-06T22:30:26+00:00
2026-10-06T16:22:00Z,31535.5,31543.0,31535.5,31536.25,659,2026-10-06T22:30:26+00:00
2026-10-06T16:23:00Z,31535.75,31537.0,31530.5,31535.5,532,2026-10-06T22:30:26+00:00
2026-10-06T16:24:00Z,31536.0,31540.0,31531.5,31537.5,534,2026-10-06T22:30:26+00:00
2026-10-06T16:25:00Z,31537.5,31540.75,31534.5,31539.75,418,2026-10-06T22:30:26+00:00
2026-10-06T16:26:00Z,31540.25,31541.25,31535.25,31536.5,367,2026-10-06T22:30:26+00:00
2026-10-06T16:27:00Z,31536.0,31537.0,31531.25,31531.75,453,2026-10-06T22:30:26+00:00
2026-10-06T16:28:00Z,31531.75,31533.0,31525.25,31525.75,506,2026-10-06T22:30:26+00:00
2026-10-06T16:29:00Z,31525.75,31529.75,31518.25,31523.75,1007,2026-10-06T22:30:26+00:00
2026-10-06T16:30:00Z,31523.25,31526.25,31515.75,31524.5,826,2026-10-06T22:30:26+00:00
2026-10-06T16:31:00Z,31524.75,31529.75,31522.75,31527.5,592,2026-10-06T22:30:26+00:00
2026-10-06T16:32:00Z,31527.5,31535.5,31526.75,31533.0,813,2026-10-06T22:30:26+00:00
2026-10-06T16:33:00Z,31533.25,31541.75,31531.0,31535.75,772,2026-10-06T22:30:26+00:00
2026-10-06T16:34:00Z,31535.75,31543.25,31535.0,31541.75,688,2026-10-06T22:30:26+00:00
2026-10-06T16:35:00Z,31541.0,31543.75,31536.25,31536.5,554,2026-10-06T22:30:26+00:00
2026-10-06T16:36:00Z,31536.25,31537.0,31531.25,31534.25,510,2026-10-06T22:30:26+00:00
2026-10-06T16:37:00Z,31534.0,31537.5,31526.25,31529.25,511,2026-10-06T22:30:26+00:00
2026-10-06T16:38:00Z,31529.0,31532.5,31523.75,31531.0,604,2026-10-06T22:30:26+00:00
2026-10-06T16:39:00Z,31530.5,31536.5,31528.75,31536.0,460,2026-10-06T22:30:26+00:00
2026-10-06T16:40:00Z,31536.25,31537.5,31532.5,31537.5,427,2026-10-06T22:30:26+00:00
2026-10-06T16:41:00Z,31537.25,31539.75,31529.5,31534.25,576,2026-10-06T22:30:26+00:00
2026-10-06T16:42:00Z,31534.25,31534.25,31527.25,31528.0,279,2026-10-06T22:30:26+00:00
2026-10-06T16:43:00Z,31528.0,31536.25,31527.0,31534.0,393,2026-10-06T22:30:26+00:00
2026-10-06T16:44:00Z,31533.5,31547.25,31532.5,31541.25,936,2026-10-06T22:30:26+00:00
2026-10-06T16:45:00Z,31541.5,31549.0,31539.75,31544.5,666,2026-10-06T22:30:26+00:00
2026-10-06T16:46:00Z,31544.0,31547.0,31542.0,31543.75,366,2026-10-06T22:30:26+00:00
2026-10-06T16:47:00Z,31543.5,31544.25,31536.75,31536.75,534,2026-10-06T22:30:26+00:00
2026-10-06T16:48:00Z,31536.75,31540.25,31522.0,31526.0,991,2026-10-06T22:30:26+00:00
2026-10-06T16:49:00Z,31525.5,31536.0,31525.25,31535.75,488,2026-10-06T22:30:26+00:00
2026-10-06T16:50:00Z,31536.0,31538.5,31534.5,31535.75,333,2026-10-06T22:30:26+00:00
2026-10-06T16:51:00Z,31535.75,31537.5,31531.5,31536.5,280,2026-10-06T22:30:26+00:00
2026-10-06T16:52:00Z,31536.5,31544.25,31534.25,31541.75,510,2026-10-06T22:30:26+00:00
2026-10-06T16:53:00Z,31542.5,31544.25,31538.0,31541.25,450,2026-10-06T22:30:26+00:00
2026-10-06T16:54:00Z,31541.5,31542.5,31528.5,31532.5,708,2026-10-06T22:30:26+00:00
2026-10-06T16:55:00Z,31531.75,31534.5,31525.0,31534.0,744,2026-10-06T22:30:26+00:00
2026-10-06T16:56:00Z,31533.5,31537.25,31529.0,31535.75,334,2026-10-06T22:30:26+00:00
2026-10-06T16:57:00Z,31536.25,31537.5,31530.5,31531.25,240,2026-10-06T22:30:26+00:00
2026-10-06T16:58:00Z,31531.25,31533.5,31528.5,31531.0,317,2026-10-06T22:30:26+00:00
2026-10-06T16:59:00Z,31531.25,31534.25,31528.75,31529.5,261,2026-10-06T22:30:26+00:00
2026-10-06T17:00:00Z,31529.25,31534.5,31524.25,31528.25,594,2026-10-06T22:30:26+00:00
2026-10-06T17:01:00Z,31528.75,31530.75,31524.5,31525.25,306,2026-10-06T22:30:26+00:00
2026-10-06T17:02:00Z,31525.25,31525.75,31508.0,31511.5,1478,2026-10-06T22:30:26+00:00
2026-10-06T17:03:00Z,31511.0,31520.5,31509.5,31519.5,623,2026-10-06T22:30:26+00:00
2026-10-06T17:04:00Z,31519.5,31520.0,31512.75,31518.75,476,2026-10-06T22:30:26+00:00
2026-10-06T17:05:00Z,31518.5,31521.0,31515.5,31518.75,416,2026-10-06T22:30:26+00:00
2026-10-06T17:06:00Z,31519.25,31520.5,31510.5,31516.0,472,2026-10-06T22:30:26+00:00
2026-10-06T17:07:00Z,31515.75,31517.25,31508.5,31513.0,647,2026-10-06T22:30:26+00:00
2026-10-06T17:08:00Z,31513.5,31516.5,31511.25,31514.25,345,2026-10-06T22:30:26+00:00
2026-10-06T17:09:00Z,31515.25,31519.25,31511.75,31518.0,358,2026-10-06T22:30:26+00:00
2026-10-06T17:10:00Z,31517.5,31518.75,31509.5,31511.0,436,2026-10-06T22:30:26+00:00
2026-10-06T17:11:00Z,31511.5,31513.75,31507.25,31508.75,350,2026-10-06T22:30:26+00:00
2026-10-06T17:12:00Z,31509.0,31510.5,31492.25,31499.0,1435,2026-10-06T22:30:26+00:00
2026-10-06T17:13:00Z,31499.0,31500.0,31491.0,31497.75,1019,2026-10-06T22:30:26+00:00
2026-10-06T17:14:00Z,31498.5,31507.25,31496.5,31506.5,646,2026-10-06T22:30:26+00:00
2026-10-06T17:15:00Z,31506.5,31509.25,31502.5,31505.25,482,2026-10-06T22:30:26+00:00
2026-10-06T17:16:00Z,31505.75,31505.75,31498.25,31502.25,445,2026-10-06T22:30:26+00:00
2026-10-06T17:17:00Z,31502.0,31505.0,31493.5,31494.25,599,2026-10-06T22:30:26+00:00
2026-10-06T17:18:00Z,31493.25,31498.0,31491.25,31495.5,684,2026-10-06T22:30:26+00:00
2026-10-06T17:19:00Z,31495.5,31501.0,31487.0,31490.25,708,2026-10-06T22:30:26+00:00
2026-10-06T17:20:00Z,31490.5,31501.75,31484.5,31501.25,1567,2026-10-06T22:30:26+00:00
2026-10-06T17:21:00Z,31501.25,31503.75,31480.75,31492.0,1258,2026-10-06T22:30:26+00:00
2026-10-06T17:22:00Z,31492.25,31497.5,31481.0,31490.75,1470,2026-10-06T22:30:26+00:00
2026-10-06T17:23:00Z,31491.0,31494.0,31483.25,31491.25,835,2026-10-06T22:30:26+00:00
2026-10-06T17:24:00Z,31491.25,31503.0,31490.75,31498.75,893,2026-10-06T22:30:26+00:00
2026-10-06T17:25:00Z,31498.75,31507.25,31498.75,31506.25,689,2026-10-06T22:30:26+00:00
2026-10-06T17:26:00Z,31506.75,31511.0,31502.0,31508.25,816,2026-10-06T22:30:26+00:00
2026-10-06T17:27:00Z,31508.25,31512.75,31506.25,31511.0,547,2026-10-06T22:30:26+00:00
2026-10-06T17:28:00Z,31511.0,31521.75,31511.0,31521.5,1032,2026-10-06T22:30:26+00:00
2026-10-06T17:29:00Z,31521.5,31522.0,31513.5,31517.5,694,2026-10-06T22:30:26+00:00
2026-10-06T17:30:00Z,31518.0,31518.5,31507.5,31510.0,798,2026-10-06T22:30:26+00:00
2026-10-06T17:31:00Z,31510.5,31517.5,31510.0,31516.5,356,2026-10-06T22:30:26+00:00
2026-10-06T17:32:00Z,31516.5,31518.0,31511.75,31515.25,335,2026-10-06T22:30:26+00:00
2026-10-06T17:33:00Z,31514.75,31520.5,31514.25,31518.5,297,2026-10-06T22:30:26+00:00
2026-10-06T17:34:00Z,31517.75,31531.25,31517.25,31530.75,1032,2026-10-06T22:30:26+00:00
2026-10-06T17:35:00Z,31530.75,31535.0,31528.75,31534.0,783,2026-10-06T22:30:26+00:00
2026-10-06T17:36:00Z,31533.5,31535.0,31523.25,31533.75,1463,2026-10-06T22:30:26+00:00
2026-10-06T17:37:00Z,31534.0,31537.75,31531.0,31532.75,572,2026-10-06T22:30:26+00:00
2026-10-06T17:38:00Z,31532.75,31536.0,31529.75,31533.75,401,2026-10-06T22:30:26+00:00
2026-10-06T17:39:00Z,31533.75,31534.5,31529.25,31531.5,430,2026-10-06T22:30:26+00:00
2026-10-06T17:40:00Z,31531.5,31534.0,31527.5,31531.75,358,2026-10-06T22:30:26+00:00
2026-10-06T17:41:00Z,31532.0,31532.0,31523.5,31530.0,419,2026-10-06T22:30:26+00:00
2026-10-06T17:42:00Z,31530.0,31531.75,31527.5,31530.5,500,2026-10-06T22:30:26+00:00
2026-10-06T17:43:00Z,31530.25,31534.0,31529.75,31530.75,381,2026-10-06T22:30:26+00:00
2026-10-06T17:44:00Z,31531.25,31534.25,31529.5,31530.25,341,2026-10-06T22:30:26+00:00
2026-10-06T17:45:00Z,31530.5,31534.0,31526.25,31533.25,335,2026-10-06T22:30:26+00:00
2026-10-06T17:46:00Z,31533.0,31534.5,31530.0,31532.0,233,2026-10-06T22:30:26+00:00
2026-10-06T17:47:00Z,31531.25,31532.75,31529.5,31531.0,140,2026-10-06T22:30:26+00:00
2026-10-06T17:48:00Z,31531.0,31533.75,31529.25,31531.25,187,2026-10-06T22:30:26+00:00
2026-10-06T17:49:00Z,31531.75,31534.0,31529.0,31532.75,255,2026-10-06T22:30:26+00:00
2026-10-06T17:50:00Z,31533.0,31546.0,31531.75,31543.75,956,2026-10-06T22:30:26+00:00
2026-10-06T17:51:00Z,31544.0,31545.25,31537.75,31540.0,517,2026-10-06T22:30:26+00:00
2026-10-06T17:52:00Z,31539.75,31544.0,31538.5,31540.0,338,2026-10-06T22:30:26+00:00
2026-10-06T17:53:00Z,31540.25,31545.0,31540.25,31544.25,353,2026-10-06T22:30:26+00:00
2026-10-06T17:54:00Z,31544.0,31544.0,31530.75,31532.25,693,2026-10-06T22:30:26+00:00
2026-10-06T17:55:00Z,31533.0,31534.0,31521.5,31522.5,766,2026-10-06T22:30:26+00:00
2026-10-06T17:56:00Z,31522.25,31526.5,31515.5,31519.25,860,2026-10-06T22:30:26+00:00
2026-10-06T17:57:00Z,31518.75,31524.5,31516.5,31522.0,463,2026-10-06T22:30:26+00:00
2026-10-06T17:58:00Z,31522.0,31524.0,31514.5,31523.5,610,2026-10-06T22:30:26+00:00
2026-10-06T17:59:00Z,31523.25,31528.75,31520.75,31526.0,545,2026-10-06T22:30:26+00:00
2026-10-06T18:00:00Z,31526.25,31532.25,31522.5,31531.5,524,2026-10-06T22:30:26+00:00
2026-10-06T18:01:00Z,31532.0,31542.0,31529.75,31539.0,716,2026-10-06T22:30:26+00:00
2026-10-06T18:02:00Z,31539.0,31545.25,31538.5,31543.5,623,2026-10-06T22:30:26+00:00
2026-10-06T18:03:00Z,31543.5,31551.75,31543.25,31551.5,939,2026-10-06T22:30:26+00:00
2026-10-06T18:04:00Z,31551.5,31557.0,31550.5,31554.5,984,2026-10-06T22:30:26+00:00
2026-10-06T18:05:00Z,31554.0,31555.75,31548.75,31552.0,706,2026-10-06T22:30:26+00:00
2026-10-06T18:06:00Z,31552.0,31554.25,31548.5,31554.25,415,2026-10-06T22:30:26+00:00
2026-10-06T18:07:00Z,31553.75,31557.5,31549.5,31551.25,489,2026-10-06T22:30:26+00:00
2026-10-06T18:08:00Z,31551.0,31557.0,31549.0,31552.0,383,2026-10-06T22:30:26+00:00
2026-10-06T18:09:00Z,31552.0,31552.0,31548.0,31551.0,313,2026-10-06T22:30:26+00:00
2026-10-06T18:10:00Z,31551.25,31553.75,31548.0,31552.5,555,2026-10-06T22:30:26+00:00
2026-10-06T18:11:00Z,31552.75,31556.75,31551.5,31554.5,325,2026-10-06T22:30:26+00:00
2026-10-06T18:12:00Z,31554.25,31555.25,31549.5,31550.75,386,2026-10-06T22:30:26+00:00
2026-10-06T18:13:00Z,31550.0,31551.25,31543.25,31550.25,687,2026-10-06T22:30:26+00:00
2026-10-06T18:14:00Z,31550.0,31551.25,31545.25,31548.0,392,2026-10-06T22:30:26+00:00
2026-10-06T18:15:00Z,31548.5,31549.0,31544.0,31545.75,617,2026-10-06T22:30:26+00:00
2026-10-06T18:16:00Z,31545.75,31548.25,31543.25,31545.0,396,2026-10-06T22:30:26+00:00
2026-10-06T18:17:00Z,31544.5,31545.5,31540.25,31542.0,653,2026-10-06T22:30:26+00:00
2026-10-06T18:18:00Z,31541.25,31543.75,31536.5,31539.75,627,2026-10-06T22:30:26+00:00
2026-10-06T18:19:00Z,31539.5,31541.5,31535.25,31535.75,425,2026-10-06T22:30:26+00:00
2026-10-06T18:20:00Z,31536.0,31538.75,31528.0,31532.0,1065,2026-10-06T22:30:26+00:00
2026-10-06T18:21:00Z,31531.5,31534.25,31528.0,31531.0,645,2026-10-06T22:30:26+00:00
2026-10-06T18:22:00Z,31531.5,31532.0,31524.0,31527.75,685,2026-10-06T22:30:26+00:00
2026-10-06T18:23:00Z,31528.0,31530.25,31523.5,31524.0,663,2026-10-06T22:30:26+00:00
2026-10-06T18:24:00Z,31524.5,31527.25,31519.25,31525.5,813,2026-10-06T22:30:26+00:00
2026-10-06T18:25:00Z,31525.5,31526.5,31515.75,31519.25,670,2026-10-06T22:30:26+00:00
2026-10-06T18:26:00Z,31519.25,31527.0,31518.75,31526.5,590,2026-10-06T22:30:26+00:00
2026-10-06T18:27:00Z,31526.5,31531.25,31525.75,31526.75,453,2026-10-06T22:30:26+00:00
2026-10-06T18:28:00Z,31527.75,31532.75,31525.5,31531.0,529,2026-10-06T22:30:26+00:00
2026-10-06T18:29:00Z,31531.0,31531.25,31526.0,31528.0,552,2026-10-06T22:30:26+00:00
2026-10-06T18:30:00Z,31528.0,31531.75,31519.25,31519.75,835,2026-10-06T22:30:26+00:00
2026-10-06T18:31:00Z,31520.25,31520.25,31512.75,31518.0,989,2026-10-06T22:30:26+00:00
2026-10-06T18:32:00Z,31517.5,31524.0,31517.5,31519.25,366,2026-10-06T22:30:26+00:00
2026-10-06T18:33:00Z,31518.75,31527.5,31517.5,31522.75,495,2026-10-06T22:30:26+00:00
2026-10-06T18:34:00Z,31522.0,31523.25,31515.25,31515.5,431,2026-10-06T22:30:26+00:00
2026-10-06T18:35:00Z,31516.25,31517.75,31512.25,31516.25,599,2026-10-06T22:30:26+00:00
2026-10-06T18:36:00Z,31516.5,31519.25,31506.0,31512.75,1034,2026-10-06T22:30:26+00:00
2026-10-06T18:37:00Z,31513.25,31514.0,31505.25,31513.75,535,2026-10-06T22:30:26+00:00
2026-10-06T18:38:00Z,31514.0,31519.0,31513.75,31517.0,345,2026-10-06T22:30:26+00:00
2026-10-06T18:39:00Z,31517.5,31518.0,31510.5,31513.25,463,2026-10-06T22:30:26+00:00
2026-10-06T18:40:00Z,31512.5,31517.25,31512.0,31515.0,261,2026-10-06T22:30:26+00:00
2026-10-06T18:41:00Z,31514.5,31515.75,31507.25,31512.25,442,2026-10-06T22:30:26+00:00
2026-10-06T18:42:00Z,31511.5,31519.25,31509.75,31516.5,608,2026-10-06T22:30:26+00:00
2026-10-06T18:43:00Z,31517.0,31519.25,31514.25,31517.25,297,2026-10-06T22:30:26+00:00
2026-10-06T18:44:00Z,31517.5,31520.25,31514.75,31516.5,299,2026-10-06T22:30:26+00:00
2026-10-06T18:45:00Z,31516.5,31521.0,31516.0,31517.0,392,2026-10-06T22:30:26+00:00
2026-10-06T18:46:00Z,31517.25,31520.75,31510.75,31513.5,655,2026-10-06T22:30:26+00:00
2026-10-06T18:47:00Z,31513.75,31523.0,31513.25,31521.25,333,2026-10-06T22:30:26+00:00
2026-10-06T18:48:00Z,31521.25,31526.25,31520.75,31523.25,427,2026-10-06T22:30:26+00:00
2026-10-06T18:49:00Z,31523.25,31526.5,31522.5,31525.75,255,2026-10-06T22:30:26+00:00
2026-10-06T18:50:00Z,31525.5,31528.0,31522.0,31524.75,414,2026-10-06T22:30:26+00:00
2026-10-06T18:51:00Z,31524.75,31528.5,31524.0,31527.25,305,2026-10-06T22:30:26+00:00
2026-10-06T18:52:00Z,31527.5,31528.0,31523.5,31525.25,305,2026-10-06T22:30:26+00:00
2026-10-06T18:53:00Z,31525.0,31529.25,31523.75,31526.5,365,2026-10-06T22:30:26+00:00
2026-10-06T18:54:00Z,31526.5,31528.0,31525.0,31526.25,297,2026-10-06T22:30:26+00:00
2026-10-06T18:55:00Z,31526.5,31535.25,31526.25,31533.0,652,2026-10-06T22:30:26+00:00
2026-10-06T18:56:00Z,31533.25,31533.75,31528.0,31533.0,449,2026-10-06T22:30:26+00:00
2026-10-06T18:57:00Z,31533.25,31533.75,31528.25,31528.25,529,2026-10-06T22:30:26+00:00
2026-10-06T18:58:00Z,31528.25,31531.75,31526.75,31530.0,291,2026-10-06T22:30:26+00:00
2026-10-06T18:59:00Z,31530.25,31533.5,31528.5,31533.0,310,2026-10-06T22:30:26+00:00
2026-10-06T19:00:00Z,31532.75,31537.5,31530.5,31531.5,720,2026-10-06T22:30:26+00:00
2026-10-06T19:01:00Z,31531.25,31531.25,31526.0,31526.75,471,2026-10-06T22:30:26+00:00
2026-10-06T19:02:00Z,31526.5,31530.5,31526.5,31529.25,384,2026-10-06T22:30:26+00:00
2026-10-06T19:03:00Z,31529.25,31531.0,31527.25,31529.75,324,2026-10-06T22:30:26+00:00
2026-10-06T19:04:00Z,31529.75,31533.5,31529.0,31532.75,206,2026-10-06T22:30:26+00:00
2026-10-06T19:05:00Z,31533.0,31536.5,31531.5,31535.75,367,2026-10-06T22:30:26+00:00
2026-10-06T19:06:00Z,31536.25,31536.5,31519.75,31520.5,719,2026-10-06T22:30:26+00:00
2026-10-06T19:07:00Z,31520.5,31521.5,31516.25,31518.25,476,2026-10-06T22:30:26+00:00
2026-10-06T19:08:00Z,31518.0,31520.25,31511.75,31512.0,608,2026-10-06T22:30:26+00:00
2026-10-06T19:09:00Z,31512.25,31513.0,31506.5,31508.25,715,2026-10-06T22:30:26+00:00
2026-10-06T19:10:00Z,31508.0,31514.25,31507.25,31512.0,510,2026-10-06T22:30:26+00:00
2026-10-06T19:11:00Z,31512.0,31515.75,31510.75,31513.5,669,2026-10-06T22:30:26+00:00
2026-10-06T19:12:00Z,31513.75,31522.25,31513.25,31520.25,669,2026-10-06T22:30:26+00:00
2026-10-06T19:13:00Z,31520.0,31523.75,31515.5,31520.75,845,2026-10-06T22:30:26+00:00
2026-10-06T19:14:00Z,31520.25,31525.25,31518.25,31523.0,477,2026-10-06T22:30:26+00:00
2026-10-06T19:15:00Z,31522.75,31528.0,31522.0,31526.25,562,2026-10-06T22:30:26+00:00
2026-10-06T19:16:00Z,31526.25,31529.75,31526.25,31528.75,424,2026-10-06T22:30:26+00:00
2026-10-06T19:17:00Z,31529.0,31530.25,31526.0,31526.5,482,2026-10-06T22:30:26+00:00
2026-10-06T19:18:00Z,31526.25,31527.25,31519.0,31522.75,631,2026-10-06T22:30:26+00:00
2026-10-06T19:19:00Z,31522.75,31525.0,31520.5,31524.25,319,2026-10-06T22:30:26+00:00
2026-10-06T19:20:00Z,31524.75,31526.0,31519.75,31520.0,406,2026-10-06T22:30:26+00:00
2026-10-06T19:21:00Z,31519.75,31523.0,31518.5,31521.75,285,2026-10-06T22:30:26+00:00
2026-10-06T19:22:00Z,31521.5,31521.5,31513.75,31515.5,539,2026-10-06T22:30:26+00:00
2026-10-06T19:23:00Z,31515.5,31519.75,31514.0,31515.5,286,2026-10-06T22:30:26+00:00
2026-10-06T19:24:00Z,31515.75,31519.0,31515.75,31516.0,272,2026-10-06T22:30:26+00:00
2026-10-06T19:25:00Z,31516.25,31517.5,31513.0,31514.5,482,2026-10-06T22:30:26+00:00
2026-10-06T19:26:00Z,31514.5,31521.0,31514.0,31520.75,417,2026-10-06T22:30:26+00:00
2026-10-06T19:27:00Z,31520.5,31525.75,31520.25,31524.75,389,2026-10-06T22:30:26+00:00
2026-10-06T19:28:00Z,31525.25,31532.0,31524.75,31526.75,700,2026-10-06T22:30:26+00:00
2026-10-06T19:29:00Z,31526.75,31527.25,31523.75,31525.25,365,2026-10-06T22:30:26+00:00
2026-10-06T19:30:00Z,31525.25,31526.25,31517.25,31518.25,839,2026-10-06T22:30:26+00:00
2026-10-06T19:31:00Z,31518.75,31525.5,31515.25,31524.0,505,2026-10-06T22:30:26+00:00
2026-10-06T19:32:00Z,31524.0,31525.5,31518.5,31518.5,523,2026-10-06T22:30:26+00:00
2026-10-06T19:33:00Z,31519.0,31522.75,31515.5,31516.75,472,2026-10-06T22:30:26+00:00
2026-10-06T19:34:00Z,31516.75,31518.0,31511.5,31514.75,488,2026-10-06T22:30:26+00:00
2026-10-06T19:35:00Z,31514.5,31517.25,31508.5,31516.5,576,2026-10-06T22:30:26+00:00
2026-10-06T19:36:00Z,31516.0,31516.5,31505.75,31506.25,649,2026-10-06T22:30:26+00:00
2026-10-06T19:37:00Z,31506.25,31506.75,31500.5,31503.0,799,2026-10-06T22:30:26+00:00
2026-10-06T19:38:00Z,31503.0,31506.75,31499.25,31501.25,634,2026-10-06T22:30:26+00:00
2026-10-06T19:39:00Z,31500.5,31506.25,31498.0,31504.25,603,2026-10-06T22:30:26+00:00
2026-10-06T19:40:00Z,31504.25,31507.0,31498.75,31505.75,754,2026-10-06T22:30:26+00:00
2026-10-06T19:41:00Z,31506.0,31508.75,31504.25,31506.0,599,2026-10-06T22:30:26+00:00
2026-10-06T19:42:00Z,31506.0,31507.75,31498.25,31498.25,501,2026-10-06T22:30:26+00:00
2026-10-06T19:43:00Z,31498.5,31503.0,31496.5,31501.0,839,2026-10-06T22:30:26+00:00
2026-10-06T19:44:00Z,31501.25,31508.5,31501.25,31506.5,535,2026-10-06T22:30:26+00:00
2026-10-06T19:45:00Z,31506.5,31508.75,31502.75,31507.0,601,2026-10-06T22:30:26+00:00
2026-10-06T19:46:00Z,31507.0,31507.5,31500.75,31501.75,510,2026-10-06T22:30:26+00:00
2026-10-06T19:47:00Z,31502.0,31512.0,31502.0,31511.5,768,2026-10-06T22:30:26+00:00
2026-10-06T19:48:00Z,31511.5,31512.25,31506.5,31510.0,403,2026-10-06T22:30:26+00:00
2026-10-06T19:49:00Z,31510.5,31511.25,31506.0,31509.75,567,2026-10-06T22:30:26+00:00
2026-10-06T19:50:00Z,31509.0,31509.0,31495.5,31502.0,1495,2026-10-06T22:30:26+00:00
2026-10-06T19:51:00Z,31502.0,31503.0,31495.5,31495.75,744,2026-10-06T22:30:26+00:00
2026-10-06T19:52:00Z,31496.5,31502.0,31492.5,31494.25,1098,2026-10-06T22:30:26+00:00
2026-10-06T19:53:00Z,31493.75,31493.75,31482.0,31483.5,1535,2026-10-06T22:30:26+00:00
2026-10-06T19:54:00Z,31483.5,31487.5,31471.0,31473.5,2031,2026-10-06T22:30:26+00:00
2026-10-06T19:55:00Z,31474.0,31483.5,31472.25,31480.0,1683,2026-10-06T22:30:26+00:00
2026-10-06T19:56:00Z,31480.25,31480.25,31471.25,31471.75,1178,2026-10-06T22:30:26+00:00
2026-10-06T19:57:00Z,31471.25,31476.25,31467.75,31472.5,1365,2026-10-06T22:30:26+00:00
2026-10-06T19:58:00Z,31472.25,31488.0,31471.75,31483.25,1950,2026-10-06T22:30:26+00:00
2026-10-06T19:59:00Z,31482.75,31489.5,31475.5,31480.75,9219,2026-10-06T22:30:26+00:00
2026-10-06T20:00:00Z,31480.5,31486.0,31476.75,31485.75,1650,2026-10-06T22:30:26+00:00
2026-10-06T20:01:00Z,31485.75,31488.0,31482.75,31484.5,529,2026-10-06T22:30:26+00:00
2026-10-06T20:02:00Z,31484.75,31488.75,31484.5,31487.75,431,2026-10-06T22:30:26+00:00
2026-10-06T20:03:00Z,31488.0,31490.0,31486.25,31487.0,300,2026-10-06T22:30:26+00:00
2026-10-06T20:04:00Z,31487.0,31493.75,31486.0,31490.75,377,2026-10-06T22:30:26+00:00
2026-10-06T20:05:00Z,31490.5,31496.5,31490.0,31495.75,459,2026-10-06T22:30:26+00:00
2026-10-06T20:06:00Z,31496.0,31500.25,31494.5,31500.25,354,2026-10-06T22:30:26+00:00
2026-10-06T20:07:00Z,31500.25,31501.5,31497.5,31500.0,252,2026-10-06T22:30:26+00:00
2026-10-06T20:08:00Z,31500.0,31501.5,31496.75,31496.75,187,2026-10-06T22:30:26+00:00
2026-10-06T20:09:00Z,31497.0,31500.0,31494.25,31499.0,254,2026-10-06T22:30:26+00:00
2026-10-06T20:10:00Z,31499.0,31501.0,31498.75,31499.25,227,2026-10-06T22:30:26+00:00
2026-10-06T20:11:00Z,31498.75,31498.75,31492.0,31492.25,253,2026-10-06T22:30:26+00:00
2026-10-06T20:12:00Z,31493.0,31495.5,31491.25,31492.75,222,2026-10-06T22:30:26+00:00
2026-10-06T20:13:00Z,31493.0,31497.0,31492.25,31496.75,144,2026-10-06T22:30:26+00:00
2026-10-06T20:14:00Z,31497.0,31497.75,31493.5,31494.25,256,2026-10-06T22:30:26+00:00
2026-10-06T20:15:00Z,31494.5,31497.75,31494.0,31495.75,103,2026-10-06T22:30:26+00:00
2026-10-06T20:16:00Z,31496.0,31500.25,31495.75,31499.0,124,2026-10-06T22:30:26+00:00
2026-10-06T20:17:00Z,31499.25,31501.5,31498.0,31498.75,140,2026-10-06T22:30:26+00:00
2026-10-06T20:18:00Z,31498.5,31502.5,31498.25,31502.25,159,2026-10-06T22:30:26+00:00
2026-10-06T20:19:00Z,31502.25,31504.25,31501.5,31502.0,173,2026-10-06T22:30:26+00:00
2026-10-06T20:20:00Z,31501.5,31503.5,31501.0,31503.25,88,2026-10-06T22:30:26+00:00
2026-10-06T20:21:00Z,31503.5,31503.5,31499.0,31499.0,93,2026-10-06T22:30:26+00:00
2026-10-06T20:22:00Z,31499.25,31501.5,31499.0,31501.5,69,2026-10-06T22:30:26+00:00
2026-10-06T20:23:00Z,31500.75,31502.25,31498.0,31498.25,109,2026-10-06T22:30:26+00:00
2026-10-06T20:24:00Z,31498.25,31500.0,31498.25,31499.25,30,2026-10-06T22:30:26+00:00
2026-10-06T20:25:00Z,31500.0,31500.75,31499.0,31499.25,68,2026-10-06T22:30:26+00:00
2026-10-06T20:26:00Z,31499.25,31501.0,31494.25,31494.75,127,2026-10-06T22:30:26+00:00
2026-10-06T20:27:00Z,31495.0,31495.0,31489.75,31489.75,173,2026-10-06T22:30:26+00:00
2026-10-06T20:28:00Z,31490.25,31493.5,31489.5,31492.5,105,2026-10-06T22:30:26+00:00
2026-10-06T20:29:00Z,31492.75,31494.75,31492.25,31492.75,63,2026-10-06T22:30:26+00:00
2026-10-06T20:30:00Z,31493.25,31493.75,31486.25,31489.25,132,2026-10-06T22:30:26+00:00
2026-10-06T20:31:00Z,31489.75,31493.0,31489.0,31492.25,45,2026-10-06T22:30:26+00:00
2026-10-06T20:32:00Z,31493.0,31493.75,31491.5,31492.0,51,2026-10-06T22:30:26+00:00
2026-10-06T20:33:00Z,31492.0,31492.0,31488.25,31490.0,88,2026-10-06T22:30:26+00:00
2026-10-06T20:34:00Z,31490.25,31493.25,31490.0,31491.5,57,2026-10-06T22:30:26+00:00
2026-10-06T20:35:00Z,31491.25,31491.75,31490.0,31491.5,54,2026-10-06T22:30:26+00:00
2026-10-06T20:36:00Z,31491.5,31494.5,31491.25,31493.0,79,2026-10-06T22:30:26+00:00
2026-10-06T20:37:00Z,31492.75,31493.5,31491.75,31493.25,29,2026-10-06T22:30:26+00:00
2026-10-06T20:38:00Z,31493.25,31494.5,31492.75,31493.25,43,2026-10-06T22:30:26+00:00
2026-10-06T20:39:00Z,31493.25,31495.0,31493.25,31494.25,71,2026-10-06T22:30:26+00:00
2026-10-06T20:40:00Z,31494.0,31494.25,31492.0,31493.75,73,2026-10-06T22:30:26+00:00
2026-10-06T20:41:00Z,31493.5,31494.25,31493.25,31494.0,24,2026-10-06T22:30:26+00:00
2026-10-06T20:42:00Z,31493.5,31495.5,31493.0,31494.0,86,2026-10-06T22:30:26+00:00
2026-10-06T20:43:00Z,31494.0,31494.25,31492.75,31492.75,31,2026-10-06T22:30:26+00:00
2026-10-06T20:44:00Z,31493.5,31494.5,31492.5,31493.75,46,2026-10-06T22:30:26+00:00
2026-10-06T20:45:00Z,31493.25,31493.75,31492.0,31492.0,123,2026-10-06T22:30:26+00:00
2026-10-06T20:46:00Z,31492.0,31493.5,31488.75,31492.75,110,2026-10-06T22:30:26+00:00
2026-10-06T20:47:00Z,31492.5,31495.0,31492.25,31495.0,89,2026-10-06T22:30:26+00:00
2026-10-06T20:48:00Z,31495.0,31498.75,31495.0,31497.0,133,2026-10-06T22:30:26+00:00
2026-10-06T20:49:00Z,31497.0,31497.75,31495.75,31496.0,55,2026-10-06T22:30:26+00:00
2026-10-06T20:50:00Z,31496.5,31499.75,31496.25,31499.25,74,2026-10-06T22:30:26+00:00
2026-10-06T20:51:00Z,31499.0,31503.5,31499.0,31503.5,123,2026-10-06T22:30:26+00:00
2026-10-06T20:52:00Z,31503.5,31504.0,31501.25,31501.5,46,2026-10-06T22:30:26+00:00
2026-10-06T20:53:00Z,31501.25,31502.0,31500.0,31500.0,39,2026-10-06T22:30:26+00:00
2026-10-06T20:54:00Z,31500.25,31500.5,31499.25,31500.0,66,2026-10-06T22:30:26+00:00
2026-10-06T20:55:00Z,31500.25,31502.5,31499.0,31502.25,194,2026-10-06T22:30:26+00:00
2026-10-06T20:56:00Z,31502.25,31502.25,31499.5,31500.25,71,2026-10-06T22:30:26+00:00
2026-10-06T20:57:00Z,31500.75,31502.5,31500.25,31501.0,66,2026-10-06T22:30:26+00:00
2026-10-06T20:58:00Z,31500.75,31501.25,31499.0,31500.75,66,2026-10-06T22:30:26+00:00
2026-10-06T20:59:00Z,31501.0,31502.5,31500.5,31500.5,199,2026-10-06T22:30:26+00:00
2026-10-06T21:00:00Z,31501.0,31501.0,31501.0,31501.0,1,2026-10-06T22:30:26+00:00
2026-10-06T22:00:00Z,31510.0,31514.75,31496.0,31501.5,0,2026-10-06T22:30:26+00:00
2026-10-06T22:01:00Z,31502.0,31509.75,31497.75,31508.25,133,2026-10-06T22:30:26+00:00
2026-10-06T22:02:00Z,31507.5,31510.0,31504.25,31507.25,64,2026-10-06T22:30:26+00:00
2026-10-06T22:03:00Z,31509.0,31511.0,31506.0,31510.0,64,2026-10-06T22:30:26+00:00
2026-10-06T22:04:00Z,31510.25,31514.5,31509.0,31513.0,98,2026-10-06T22:30:26+00:00
2026-10-06T22:05:00Z,31513.0,31518.5,31512.25,31516.75,160,2026-10-06T22:30:26+00:00
2026-10-06T22:06:00Z,31516.75,31518.25,31514.75,31516.25,95,2026-10-06T22:30:26+00:00
2026-10-06T22:07:00Z,31515.0,31515.75,31513.75,31515.25,61,2026-10-06T22:30:26+00:00
2026-10-06T22:08:00Z,31515.25,31518.75,31515.25,31515.25,45,2026-10-06T22:30:26+00:00
2026-10-06T22:09:00Z,31515.0,31516.75,31513.75,31516.5,31,2026-10-06T22:30:26+00:00
2026-10-06T22:10:00Z,31515.5,31516.5,31513.5,31514.0,28,2026-10-07T22:30:25+00:00
2026-10-06T22:11:00Z,31513.75,31515.25,31512.5,31512.75,22,2026-10-07T22:30:25+00:00
2026-10-06T22:12:00Z,31513.75,31521.0,31513.75,31519.5,128,2026-10-07T22:30:25+00:00
2026-10-06T22:13:00Z,31518.75,31519.5,31514.75,31515.25,53,2026-10-07T22:30:25+00:00
2026-10-06T22:14:00Z,31515.5,31516.0,31512.5,31512.75,42,2026-10-07T22:30:25+00:00
2026-10-06T22:15:00Z,31513.75,31514.25,31512.0,31512.0,40,2026-10-07T22:30:25+00:00
2026-10-06T22:16:00Z,31512.0,31512.5,31508.25,31511.5,102,2026-10-07T22:30:25+00:00
2026-10-06T22:17:00Z,31511.5,31512.75,31510.5,31510.5,20,2026-10-07T22:30:25+00:00
2026-10-06T22:18:00Z,31510.75,31517.5,31510.5,31516.25,71,2026-10-07T22:30:25+00:00
2026-10-06T22:19:00Z,31516.5,31518.0,31515.25,31516.75,42,2026-10-07T22:30:25+00:00
2026-10-06T22:20:00Z,31516.75,31516.75,31511.5,31512.5,72,2026-10-07T22:30:25+00:00
2026-10-06T22:21:00Z,31512.5,31514.25,31511.25,31512.5,40,2026-10-07T22:30:25+00:00
2026-10-06T22:22:00Z,31512.5,31513.5,31511.75,31513.5,19,2026-10-07T22:30:25+00:00
2026-10-06T22:23:00Z,31513.5,31514.0,31513.5,31514.0,6,2026-10-07T22:30:25+00:00
2026-10-06T22:24:00Z,31515.0,31515.0,31511.5,31511.5,28,2026-10-07T22:30:25+00:00
2026-10-06T22:25:00Z,31511.75,31513.5,31508.5,31510.25,100,2026-10-07T22:30:25+00:00
2026-10-06T22:26:00Z,31510.0,31510.25,31505.5,31506.25,194,2026-10-07T22:30:25+00:00
2026-10-06T22:27:00Z,31506.75,31508.25,31504.0,31506.25,82,2026-10-07T22:30:25+00:00
2026-10-06T22:28:00Z,31506.75,31506.75,31503.5,31503.5,47,2026-10-07T22:30:25+00:00
2026-10-06T22:29:00Z,31504.5,31508.75,31501.75,31503.75,133,2026-10-07T22:30:25+00:00
2026-10-06T22:30:00Z,31502.75,31506.5,31500.0,31501.75,110,2026-10-07T22:30:25+00:00
2026-10-06T22:31:00Z,31500.5,31505.25,31500.0,31504.5,49,2026-10-07T22:30:25+00:00
2026-10-06T22:32:00Z,31504.0,31508.0,31501.0,31501.0,110,2026-10-07T22:30:25+00:00
2026-10-06T22:33:00Z,31501.5,31503.75,31496.5,31498.25,129,2026-10-07T22:30:25+00:00
2026-10-06T22:34:00Z,31498.75,31498.75,31491.0,31494.75,159,2026-10-07T22:30:25+00:00
2026-10-06T22:35:00Z,31493.75,31495.75,31484.75,31494.75,303,2026-10-07T22:30:25+00:00
2026-10-06T22:36:00Z,31494.0,31502.0,31493.25,31495.5,188,2026-10-07T22:30:25+00:00
2026-10-06T22:37:00Z,31494.75,31497.0,31493.75,31494.75,57,2026-10-07T22:30:25+00:00
2026-10-06T22:38:00Z,31494.5,31495.25,31493.0,31493.25,31,2026-10-07T22:30:25+00:00
2026-10-06T22:39:00Z,31493.25,31495.5,31490.75,31491.75,56,2026-10-07T22:30:25+00:00
2026-10-06T22:40:00Z,31492.0,31492.75,31487.0,31490.75,115,2026-10-07T22:30:25+00:00
2026-10-06T22:41:00Z,31489.5,31491.0,31485.75,31486.75,83,2026-10-07T22:30:25+00:00
2026-10-06T22:42:00Z,31486.75,31491.0,31485.75,31490.25,149,2026-10-07T22:30:25+00:00
2026-10-06T22:43:00Z,31489.0,31499.25,31488.5,31497.0,165,2026-10-07T22:30:25+00:00
2026-10-06T22:44:00Z,31496.0,31498.0,31493.0,31494.5,98,2026-10-07T22:30:25+00:00
2026-10-06T22:45:00Z,31494.0,31499.25,31492.75,31496.25,89,2026-10-07T22:30:25+00:00
2026-10-06T22:46:00Z,31496.0,31496.5,31491.25,31495.75,76,2026-10-07T22:30:25+00:00
2026-10-06T22:47:00Z,31495.25,31500.0,31495.25,31496.5,55,2026-10-07T22:30:25+00:00
2026-10-06T22:48:00Z,31496.0,31496.75,31492.0,31493.5,99,2026-10-07T22:30:25+00:00
2026-10-06T22:49:00Z,31493.0,31495.25,31488.5,31490.75,94,2026-10-07T22:30:25+00:00
2026-10-06T22:50:00Z,31490.75,31492.5,31486.0,31490.0,98,2026-10-07T22:30:25+00:00
2026-10-06T22:51:00Z,31490.25,31496.0,31490.25,31493.75,92,2026-10-07T22:30:25+00:00
2026-10-06T22:52:00Z,31492.5,31493.75,31490.0,31491.75,42,2026-10-07T22:30:25+00:00
2026-10-06T22:53:00Z,31491.5,31492.25,31490.5,31490.5,23,2026-10-07T22:30:25+00:00
2026-10-06T22:54:00Z,31491.75,31492.25,31490.25,31492.0,19,2026-10-07T22:30:25+00:00
2026-10-06T22:55:00Z,31492.75,31496.25,31492.75,31492.75,29,2026-10-07T22:30:25+00:00
2026-10-06T22:56:00Z,31492.0,31496.75,31490.25,31494.25,30,2026-10-07T22:30:25+00:00
2026-10-06T22:57:00Z,31494.75,31494.75,31493.5,31493.5,8,2026-10-07T22:30:25+00:00
2026-10-06T22:58:00Z,31492.5,31493.25,31490.5,31491.75,16,2026-10-07T22:30:25+00:00
2026-10-06T22:59:00Z,31490.75,31494.25,31490.5,31492.0,50,2026-10-07T22:30:25+00:00
2026-10-06T23:00:00Z,31491.75,31495.25,31491.25,31493.5,34,2026-10-07T22:30:25+00:00
2026-10-06T23:01:00Z,31494.75,31501.25,31494.75,31498.0,102,2026-10-07T22:30:25+00:00
2026-10-06T23:02:00Z,31497.0,31500.0,31496.5,31499.0,35,2026-10-07T22:30:25+00:00
2026-10-06T23:03:00Z,31499.25,31505.25,31497.25,31497.25,151,2026-10-07T22:30:25+00:00
2026-10-06T23:04:00Z,31497.75,31504.5,31497.0,31501.25,95,2026-10-07T22:30:25+00:00
2026-10-06T23:05:00Z,31501.0,31503.5,31500.0,31502.5,100,2026-10-07T22:30:25+00:00
2026-10-06T23:06:00Z,31503.75,31504.0,31500.0,31502.5,106,2026-10-07T22:30:25+00:00
2026-10-06T23:07:00Z,31501.25,31501.25,31495.25,31495.25,63,2026-10-07T22:30:25+00:00
2026-10-06T23:08:00Z,31496.0,31496.5,31493.5,31495.0,38,2026-10-07T22:30:25+00:00
2026-10-06T23:09:00Z,31495.75,31497.75,31495.25,31496.5,30,2026-10-07T22:30:25+00:00
2026-10-06T23:10:00Z,31497.75,31504.5,31497.75,31504.0,59,2026-10-07T22:30:25+00:00
2026-10-06T23:11:00Z,31503.0,31503.25,31499.25,31499.25,28,2026-10-07T22:30:25+00:00
2026-10-06T23:12:00Z,31500.25,31502.0,31499.5,31500.75,15,2026-10-07T22:30:25+00:00
2026-10-06T23:13:00Z,31500.5,31501.5,31498.75,31500.25,18,2026-10-07T22:30:25+00:00
2026-10-06T23:14:00Z,31500.25,31500.75,31499.5,31500.25,25,2026-10-07T22:30:25+00:00
2026-10-06T23:15:00Z,31500.25,31502.75,31498.75,31499.75,27,2026-10-07T22:30:25+00:00
2026-10-06T23:16:00Z,31499.25,31504.5,31499.25,31502.75,63,2026-10-07T22:30:25+00:00
2026-10-06T23:17:00Z,31503.25,31506.0,31503.0,31503.25,47,2026-10-07T22:30:25+00:00
2026-10-06T23:18:00Z,31503.0,31505.75,31503.0,31504.0,41,2026-10-07T22:30:25+00:00
2026-10-06T23:19:00Z,31503.75,31509.5,31503.5,31506.0,96,2026-10-07T22:30:25+00:00
2026-10-06T23:20:00Z,31505.25,31505.5,31502.25,31503.0,40,2026-10-07T22:30:25+00:00
2026-10-06T23:21:00Z,31503.25,31505.25,31501.75,31504.75,31,2026-10-07T22:30:25+00:00
2026-10-06T23:22:00Z,31504.0,31504.75,31503.25,31503.25,22,2026-10-07T22:30:25+00:00
2026-10-06T23:23:00Z,31503.0,31505.5,31502.75,31505.5,15,2026-10-07T22:30:25+00:00
2026-10-06T23:24:00Z,31505.75,31510.5,31505.75,31508.0,75,2026-10-07T22:30:25+00:00
2026-10-06T23:25:00Z,31507.25,31509.0,31506.5,31509.0,30,2026-10-07T22:30:25+00:00
2026-10-06T23:26:00Z,31509.0,31510.25,31507.0,31507.0,16,2026-10-07T22:30:25+00:00
2026-10-06T23:27:00Z,31507.75,31508.5,31502.25,31503.0,59,2026-10-07T22:30:25+00:00
2026-10-06T23:28:00Z,31502.5,31503.0,31499.5,31501.75,71,2026-10-07T22:30:25+00:00
2026-10-06T23:29:00Z,31502.0,31503.0,31502.0,31502.0,17,2026-10-07T22:30:25+00:00
2026-10-06T23:30:00Z,31502.75,31506.25,31502.5,31503.5,75,2026-10-07T22:30:25+00:00
2026-10-06T23:31:00Z,31502.5,31503.0,31500.75,31501.0,24,2026-10-07T22:30:25+00:00
2026-10-06T23:32:00Z,31501.75,31501.75,31496.75,31497.5,81,2026-10-07T22:30:25+00:00
2026-10-06T23:33:00Z,31497.5,31498.0,31494.75,31496.0,72,2026-10-07T22:30:25+00:00
2026-10-06T23:34:00Z,31495.0,31496.0,31488.75,31489.25,150,2026-10-07T22:30:25+00:00
2026-10-06T23:35:00Z,31489.5,31490.75,31488.75,31488.75,25,2026-10-07T22:30:25+00:00
2026-10-06T23:36:00Z,31488.75,31493.25,31488.0,31493.25,49,2026-10-07T22:30:25+00:00
2026-10-06T23:37:00Z,31492.25,31492.75,31490.0,31491.0,38,2026-10-07T22:30:25+00:00
2026-10-06T23:38:00Z,31491.0,31491.0,31489.5,31490.5,11,2026-10-07T22:30:25+00:00
2026-10-06T23:39:00Z,31490.25,31491.5,31487.25,31490.0,80,2026-10-07T22:30:25+00:00
2026-10-06T23:40:00Z,31490.25,31490.25,31486.75,31486.75,24,2026-10-07T22:30:25+00:00
2026-10-06T23:41:00Z,31486.75,31492.75,31486.5,31492.75,59,2026-10-07T22:30:25+00:00
2026-10-06T23:42:00Z,31492.0,31495.75,31491.75,31493.5,97,2026-10-07T22:30:25+00:00
2026-10-06T23:43:00Z,31495.25,31495.25,31492.5,31494.75,31,2026-10-07T22:30:25+00:00
2026-10-06T23:44:00Z,31495.25,31500.25,31491.75,31492.0,110,2026-10-07T22:30:25+00:00
2026-10-06T23:45:00Z,31494.25,31497.5,31493.75,31495.0,67,2026-10-07T22:30:25+00:00
2026-10-06T23:46:00Z,31495.75,31496.5,31491.75,31493.5,48,2026-10-07T22:30:25+00:00
2026-10-06T23:47:00Z,31491.75,31493.0,31490.0,31492.5,40,2026-10-07T22:30:25+00:00
2026-10-06T23:48:00Z,31492.5,31493.0,31491.25,31492.0,19,2026-10-07T22:30:25+00:00
2026-10-06T23:49:00Z,31492.5,31494.0,31492.25,31492.5,20,2026-10-07T22:30:25+00:00
2026-10-06T23:50:00Z,31494.0,31497.0,31493.0,31497.0,53,2026-10-07T22:30:25+00:00
2026-10-06T23:51:00Z,31496.75,31496.75,31493.0,31493.75,25,2026-10-07T22:30:25+00:00
2026-10-06T23:52:00Z,31494.25,31495.0,31492.0,31492.25,17,2026-10-07T22:30:25+00:00
2026-10-06T23:53:00Z,31492.75,31493.5,31492.75,31492.75,6,2026-10-07T22:30:25+00:00
2026-10-06T23:54:00Z,31494.25,31495.5,31494.25,31495.5,16,2026-10-07T22:30:25+00:00
2026-10-06T23:55:00Z,31495.75,31495.75,31489.75,31490.0,70,2026-10-07T22:30:25+00:00
2026-10-06T23:56:00Z,31491.0,31492.75,31490.75,31492.75,15,2026-10-07T22:30:25+00:00
2026-10-06T23:57:00Z,31492.75,31495.25,31491.75,31491.75,25,2026-10-07T22:30:25+00:00
2026-10-06T23:58:00Z,31491.5,31495.0,31491.25,31491.5,20,2026-10-07T22:30:25+00:00
2026-10-06T23:59:00Z,31492.25,31492.25,31486.25,31487.0,70,2026-10-07T22:30:25+00:00
2026-10-07T00:00:00Z,31486.25,31493.25,31483.25,31493.25,257,2026-10-07T22:30:25+00:00
2026-10-07T00:01:00Z,31493.5,31495.25,31488.75,31492.0,103,2026-10-07T22:30:25+00:00
2026-10-07T00:02:00Z,31491.0,31500.5,31491.0,31496.5,163,2026-10-07T22:30:25+00:00
2026-10-07T00:03:00Z,31497.75,31499.0,31491.5,31492.0,90,2026-10-07T22:30:25+00:00
2026-10-07T00:04:00Z,31495.75,31497.25,31493.75,31495.5,37,2026-10-07T22:30:25+00:00
2026-10-07T00:05:00Z,31494.5,31494.5,31488.25,31492.25,99,2026-10-07T22:30:25+00:00
2026-10-07T00:06:00Z,31492.0,31496.75,31490.0,31492.25,72,2026-10-07T22:30:25+00:00
2026-10-07T00:07:00Z,31491.75,31495.5,31488.0,31488.5,78,2026-10-07T22:30:25+00:00
2026-10-07T00:08:00Z,31488.25,31494.0,31488.0,31488.25,73,2026-10-07T22:30:25+00:00
2026-10-07T00:09:00Z,31488.5,31490.5,31487.0,31487.5,49,2026-10-07T22:30:25+00:00
2026-10-07T00:10:00Z,31487.75,31495.0,31487.75,31494.0,110,2026-10-07T22:30:25+00:00
2026-10-07T00:11:00Z,31493.0,31497.5,31491.5,31492.25,139,2026-10-07T22:30:25+00:00
2026-10-07T00:12:00Z,31493.25,31503.0,31490.0,31501.0,148,2026-10-07T22:30:25+00:00
2026-10-07T00:13:00Z,31499.5,31500.25,31494.5,31500.25,72,2026-10-07T22:30:25+00:00
2026-10-07T00:14:00Z,31500.75,31502.0,31498.5,31502.0,74,2026-10-07T22:30:25+00:00
2026-10-07T00:15:00Z,31501.25,31503.25,31497.5,31502.75,133,2026-10-07T22:30:25+00:00
2026-10-07T00:16:00Z,31502.75,31506.0,31502.25,31504.5,159,2026-10-07T22:30:25+00:00
2026-10-07T00:17:00Z,31503.5,31503.5,31496.25,31501.0,130,2026-10-07T22:30:25+00:00
2026-10-07T00:18:00Z,31502.25,31506.25,31500.0,31501.25,137,2026-10-07T22:30:25+00:00
2026-10-07T00:19:00Z,31501.25,31502.25,31499.0,31501.25,50,2026-10-07T22:30:25+00:00
2026-10-07T00:20:00Z,31500.5,31501.75,31496.25,31500.25,88,2026-10-07T22:30:25+00:00
2026-10-07T00:21:00Z,31501.25,31507.75,31500.75,31506.75,114,2026-10-07T22:30:25+00:00
2026-10-07T00:22:00Z,31506.0,31507.5,31502.5,31504.25,100,2026-10-07T22:30:25+00:00
2026-10-07T00:23:00Z,31503.25,31503.5,31499.75,31501.5,57,2026-10-07T22:30:25+00:00
2026-10-07T00:24:00Z,31501.25,31505.25,31499.75,31504.5,125,2026-10-07T22:30:25+00:00
2026-10-07T00:25:00Z,31506.0,31509.0,31504.75,31506.0,111,2026-10-07T22:30:25+00:00
2026-10-07T00:26:00Z,31506.25,31509.25,31504.75,31509.25,26,2026-10-07T22:30:25+00:00
2026-10-07T00:27:00Z,31509.25,31511.75,31506.0,31510.0,190,2026-10-07T22:30:25+00:00
2026-10-07T00:28:00Z,31511.0,31512.5,31507.0,31507.0,95,2026-10-07T22:30:25+00:00
2026-10-07T00:29:00Z,31506.5,31506.5,31503.25,31505.5,84,2026-10-07T22:30:25+00:00
2026-10-07T00:30:00Z,31506.25,31510.0,31505.5,31508.0,70,2026-10-07T22:30:25+00:00
2026-10-07T00:31:00Z,31508.5,31512.75,31507.5,31509.75,129,2026-10-07T22:30:25+00:00
2026-10-07T00:32:00Z,31509.5,31509.75,31503.5,31507.0,129,2026-10-07T22:30:25+00:00
2026-10-07T00:33:00Z,31506.75,31510.5,31506.75,31509.5,58,2026-10-07T22:30:25+00:00
2026-10-07T00:34:00Z,31510.25,31510.25,31502.5,31504.0,149,2026-10-07T22:30:25+00:00
2026-10-07T00:35:00Z,31504.25,31508.0,31503.75,31507.25,84,2026-10-07T22:30:25+00:00
2026-10-07T00:36:00Z,31508.25,31515.75,31506.75,31514.75,194,2026-10-07T22:30:25+00:00
2026-10-07T00:37:00Z,31513.75,31514.0,31510.5,31512.5,91,2026-10-07T22:30:25+00:00
2026-10-07T00:38:00Z,31512.25,31516.75,31512.25,31513.5,136,2026-10-07T22:30:25+00:00
2026-10-07T00:39:00Z,31513.5,31515.25,31511.0,31512.0,120,2026-10-07T22:30:25+00:00
2026-10-07T00:40:00Z,31511.5,31512.0,31507.25,31511.75,151,2026-10-07T22:30:25+00:00
2026-10-07T00:41:00Z,31511.75,31511.75,31507.5,31508.5,60,2026-10-07T22:30:25+00:00
2026-10-07T00:42:00Z,31509.25,31514.75,31509.25,31513.75,60,2026-10-07T22:30:25+00:00
2026-10-07T00:43:00Z,31513.75,31513.75,31508.75,31510.0,103,2026-10-07T22:30:25+00:00
2026-10-07T00:44:00Z,31508.75,31511.0,31507.75,31511.0,51,2026-10-07T22:30:25+00:00
2026-10-07T00:45:00Z,31512.75,31517.25,31510.5,31512.75,189,2026-10-07T22:30:25+00:00
2026-10-07T00:46:00Z,31512.25,31515.0,31509.75,31510.5,75,2026-10-07T22:30:25+00:00
2026-10-07T00:47:00Z,31510.25,31512.25,31505.25,31508.0,170,2026-10-07T22:30:25+00:00
2026-10-07T00:48:00Z,31508.0,31511.5,31504.25,31506.0,206,2026-10-07T22:30:25+00:00
2026-10-07T00:49:00Z,31506.0,31506.0,31497.5,31501.25,178,2026-10-07T22:30:25+00:00
2026-10-07T00:50:00Z,31502.5,31502.75,31490.25,31493.5,453,2026-10-07T22:30:25+00:00
2026-10-07T00:51:00Z,31492.75,31496.0,31487.25,31495.75,235,2026-10-07T22:30:25+00:00
2026-10-07T00:52:00Z,31495.75,31496.0,31478.75,31489.75,506,2026-10-07T22:30:25+00:00
2026-10-07T00:53:00Z,31490.0,31494.75,31488.25,31491.0,192,2026-10-07T22:30:25+00:00
2026-10-07T00:54:00Z,31491.25,31491.25,31481.75,31488.75,119,2026-10-07T22:30:25+00:00
2026-10-07T00:55:00Z,31488.25,31491.0,31485.75,31488.75,90,2026-10-07T22:30:25+00:00
2026-10-07T00:56:00Z,31488.25,31490.5,31487.5,31489.75,121,2026-10-07T22:30:25+00:00
2026-10-07T00:57:00Z,31488.0,31491.0,31486.5,31491.0,67,2026-10-07T22:30:25+00:00
2026-10-07T00:58:00Z,31491.25,31492.5,31488.25,31490.75,105,2026-10-07T22:30:25+00:00
2026-10-07T00:59:00Z,31490.25,31493.5,31490.25,31493.5,86,2026-10-07T22:30:25+00:00
2026-10-07T01:00:00Z,31492.75,31494.0,31482.75,31483.5,199,2026-10-07T22:30:25+00:00
2026-10-07T01:01:00Z,31484.0,31490.75,31483.0,31488.75,130,2026-10-07T22:30:25+00:00
2026-10-07T01:02:00Z,31488.5,31492.75,31487.25,31489.5,104,2026-10-07T22:30:25+00:00
2026-10-07T01:03:00Z,31489.25,31491.5,31488.25,31491.25,26,2026-10-07T22:30:25+00:00
2026-10-07T01:04:00Z,31491.0,31493.25,31483.75,31485.0,108,2026-10-07T22:30:25+00:00
2026-10-07T01:05:00Z,31485.75,31487.5,31478.0,31479.75,245,2026-10-07T22:30:25+00:00
2026-10-07T01:06:00Z,31479.5,31490.0,31478.75,31488.0,171,2026-10-07T22:30:25+00:00
2026-10-07T01:07:00Z,31489.0,31489.5,31485.0,31485.0,65,2026-10-07T22:30:25+00:00
2026-10-07T01:08:00Z,31486.75,31493.0,31486.75,31491.5,92,2026-10-07T22:30:25+00:00
2026-10-07T01:09:00Z,31490.25,31493.75,31487.25,31493.5,84,2026-10-07T22:30:25+00:00
2026-10-07T01:10:00Z,31493.0,31493.25,31486.75,31487.25,50,2026-10-07T22:30:25+00:00
2026-10-07T01:11:00Z,31487.5,31487.5,31484.25,31484.75,47,2026-10-07T22:30:25+00:00
2026-10-07T01:12:00Z,31485.5,31492.75,31485.5,31492.75,79,2026-10-07T22:30:25+00:00
2026-10-07T01:13:00Z,31491.75,31495.0,31489.75,31491.5,143,2026-10-07T22:30:25+00:00
2026-10-07T01:14:00Z,31493.75,31496.25,31492.25,31492.25,130,2026-10-07T22:30:25+00:00
2026-10-07T01:15:00Z,31492.25,31492.25,31487.25,31489.75,76,2026-10-07T22:30:25+00:00
2026-10-07T01:16:00Z,31490.0,31494.0,31488.0,31490.5,79,2026-10-07T22:30:25+00:00
2026-10-07T01:17:00Z,31490.0,31494.75,31488.0,31494.25,99,2026-10-07T22:30:25+00:00
2026-10-07T01:18:00Z,31492.5,31495.75,31491.75,31494.75,71,2026-10-07T22:30:25+00:00
2026-10-07T01:19:00Z,31494.25,31495.75,31492.0,31494.25,50,2026-10-07T22:30:25+00:00
2026-10-07T01:20:00Z,31494.25,31500.75,31494.25,31498.25,246,2026-10-07T22:30:25+00:00
2026-10-07T01:21:00Z,31497.75,31499.5,31490.0,31492.0,183,2026-10-07T22:30:25+00:00
2026-10-07T01:22:00Z,31491.25,31491.5,31487.0,31491.25,94,2026-10-07T22:30:25+00:00
2026-10-07T01:23:00Z,31489.75,31490.5,31483.75,31483.75,109,2026-10-07T22:30:25+00:00
2026-10-07T01:24:00Z,31484.5,31488.5,31484.5,31486.0,39,2026-10-07T22:30:25+00:00
2026-10-07T01:25:00Z,31487.5,31487.75,31485.75,31486.0,23,2026-10-07T22:30:25+00:00
2026-10-07T01:26:00Z,31488.0,31491.75,31486.75,31490.25,79,2026-10-07T22:30:25+00:00
2026-10-07T01:27:00Z,31490.0,31490.5,31486.0,31486.0,35,2026-10-07T22:30:25+00:00
2026-10-07T01:28:00Z,31486.0,31488.75,31484.75,31488.75,40,2026-10-07T22:30:25+00:00
2026-10-07T01:29:00Z,31489.75,31491.5,31486.75,31488.5,31,2026-10-07T22:30:25+00:00
2026-10-07T01:30:00Z,31488.75,31504.5,31488.25,31503.0,237,2026-10-07T22:30:25+00:00
2026-10-07T01:31:00Z,31502.5,31505.75,31500.5,31505.25,125,2026-10-07T22:30:25+00:00
2026-10-07T01:32:00Z,31504.5,31506.0,31499.5,31501.5,117,2026-10-07T22:30:25+00:00
2026-10-07T01:33:00Z,31503.25,31505.0,31501.75,31501.75,60,2026-10-07T22:30:25+00:00
2026-10-07T01:34:00Z,31501.25,31502.0,31496.0,31500.75,84,2026-10-07T22:30:25+00:00
2026-10-07T01:35:00Z,31501.0,31502.5,31499.0,31501.0,32,2026-10-07T22:30:25+00:00
2026-10-07T01:36:00Z,31502.25,31503.5,31501.5,31503.5,37,2026-10-07T22:30:25+00:00
2026-10-07T01:37:00Z,31502.25,31502.25,31495.0,31495.25,68,2026-10-07T22:30:25+00:00
2026-10-07T01:38:00Z,31495.5,31500.0,31493.75,31498.0,61,2026-10-07T22:30:25+00:00
2026-10-07T01:39:00Z,31497.75,31503.5,31497.5,31503.0,51,2026-10-07T22:30:25+00:00
2026-10-07T01:40:00Z,31503.0,31510.5,31501.25,31507.0,300,2026-10-07T22:30:25+00:00
2026-10-07T01:41:00Z,31507.0,31507.0,31503.25,31504.5,46,2026-10-07T22:30:25+00:00
2026-10-07T01:42:00Z,31504.5,31505.5,31500.0,31503.0,69,2026-10-07T22:30:25+00:00
2026-10-07T01:43:00Z,31501.75,31502.0,31494.0,31495.5,219,2026-10-07T22:30:25+00:00
2026-10-07T01:44:00Z,31496.0,31501.25,31492.0,31494.75,242,2026-10-07T22:30:25+00:00
2026-10-07T01:45:00Z,31494.75,31499.0,31491.75,31492.5,61,2026-10-07T22:30:25+00:00
2026-10-07T01:46:00Z,31492.75,31493.25,31484.0,31484.75,160,2026-10-07T22:30:25+00:00
2026-10-07T01:47:00Z,31485.75,31489.25,31485.5,31487.25,47,2026-10-07T22:30:25+00:00
2026-10-07T01:48:00Z,31487.75,31489.5,31481.75,31482.25,102,2026-10-07T22:30:25+00:00
2026-10-07T01:49:00Z,31483.25,31486.25,31480.5,31485.75,141,2026-10-07T22:30:25+00:00
2026-10-07T01:50:00Z,31486.0,31487.5,31481.25,31484.5,148,2026-10-07T22:30:25+00:00
2026-10-07T01:51:00Z,31484.25,31486.0,31483.0,31485.5,66,2026-10-07T22:30:25+00:00
2026-10-07T01:52:00Z,31486.5,31488.0,31485.25,31486.75,85,2026-10-07T22:30:25+00:00
2026-10-07T01:53:00Z,31486.75,31487.25,31485.5,31487.25,19,2026-10-07T22:30:25+00:00
2026-10-07T01:54:00Z,31487.0,31488.0,31484.0,31486.25,37,2026-10-07T22:30:25+00:00
2026-10-07T01:55:00Z,31487.0,31490.25,31485.5,31488.0,46,2026-10-07T22:30:25+00:00
2026-10-07T01:56:00Z,31486.5,31489.0,31486.0,31486.75,30,2026-10-07T22:30:25+00:00
2026-10-07T01:57:00Z,31487.0,31490.5,31486.25,31489.5,40,2026-10-07T22:30:25+00:00
2026-10-07T01:58:00Z,31487.75,31488.25,31486.0,31487.0,23,2026-10-07T22:30:25+00:00
2026-10-07T01:59:00Z,31486.25,31486.25,31481.0,31481.0,110,2026-10-07T22:30:25+00:00
2026-10-07T02:00:00Z,31480.75,31483.0,31473.25,31473.25,261,2026-10-07T22:30:25+00:00
2026-10-07T02:01:00Z,31473.25,31473.25,31461.25,31463.75,420,2026-10-07T22:30:25+00:00
2026-10-07T02:02:00Z,31463.75,31465.5,31457.5,31458.25,226,2026-10-07T22:30:25+00:00
2026-10-07T02:03:00Z,31458.5,31460.0,31453.5,31453.5,270,2026-10-07T22:30:25+00:00
2026-10-07T02:04:00Z,31454.0,31458.25,31445.75,31448.0,363,2026-10-07T22:30:25+00:00
2026-10-07T02:05:00Z,31447.75,31448.0,31440.25,31446.5,334,2026-10-07T22:30:25+00:00
2026-10-07T02:06:00Z,31447.0,31448.5,31440.75,31443.25,277,2026-10-07T22:30:25+00:00
2026-10-07T02:07:00Z,31442.25,31448.75,31438.75,31446.25,290,2026-10-07T22:30:25+00:00
2026-10-07T02:08:00Z,31446.0,31450.0,31443.0,31448.5,149,2026-10-07T22:30:25+00:00
2026-10-07T02:09:00Z,31448.75,31450.0,31434.25,31435.75,333,2026-10-07T22:30:25+00:00
2026-10-07T02:10:00Z,31437.25,31444.5,31434.75,31443.75,229,2026-10-07T22:30:25+00:00
2026-10-07T02:11:00Z,31444.0,31462.5,31444.0,31450.0,508,2026-10-07T22:30:25+00:00
2026-10-07T02:12:00Z,31450.0,31451.0,31445.0,31446.25,194,2026-10-07T22:30:25+00:00
2026-10-07T02:13:00Z,31446.75,31452.25,31442.0,31450.0,165,2026-10-07T22:30:25+00:00
2026-10-07T02:14:00Z,31450.25,31451.25,31440.75,31440.75,91,2026-10-07T22:30:25+00:00
2026-10-07T02:15:00Z,31440.5,31446.5,31437.0,31437.0,155,2026-10-07T22:30:25+00:00
2026-10-07T02:16:00Z,31436.75,31442.5,31434.75,31440.5,131,2026-10-07T22:30:25+00:00
2026-10-07T02:17:00Z,31440.0,31445.25,31435.0,31445.25,88,2026-10-07T22:30:25+00:00
2026-10-07T02:18:00Z,31445.5,31451.0,31443.25,31445.25,144,2026-10-07T22:30:25+00:00
2026-10-07T02:19:00Z,31444.0,31448.0,31440.75,31444.5,66,2026-10-07T22:30:25+00:00
2026-10-07T02:20:00Z,31445.5,31446.25,31437.5,31442.0,90,2026-10-07T22:30:25+00:00
2026-10-07T02:21:00Z,31441.25,31446.5,31435.5,31436.75,101,2026-10-07T22:30:25+00:00
2026-10-07T02:22:00Z,31436.75,31439.5,31434.75,31436.5,113,2026-10-07T22:30:25+00:00
2026-10-07T02:23:00Z,31436.25,31436.5,31432.0,31434.0,132,2026-10-07T22:30:25+00:00
2026-10-07T02:24:00Z,31433.75,31435.75,31430.0,31432.25,110,2026-10-07T22:30:25+00:00
2026-10-07T02:25:00Z,31433.5,31443.0,31433.5,31442.25,129,2026-10-07T22:30:25+00:00
2026-10-07T02:26:00Z,31442.75,31444.75,31438.0,31440.75,105,2026-10-07T22:30:25+00:00
2026-10-07T02:27:00Z,31438.75,31443.5,31438.0,31442.75,45,2026-10-07T22:30:25+00:00
2026-10-07T02:28:00Z,31442.0,31447.0,31440.25,31443.0,122,2026-10-07T22:30:25+00:00
2026-10-07T02:29:00Z,31442.75,31448.75,31442.75,31446.25,94,2026-10-07T22:30:25+00:00
2026-10-07T02:30:00Z,31445.5,31451.25,31441.75,31443.5,182,2026-10-07T22:30:25+00:00
2026-10-07T02:31:00Z,31444.0,31451.75,31444.0,31450.75,82,2026-10-07T22:30:25+00:00
2026-10-07T02:32:00Z,31450.0,31456.0,31450.0,31455.0,173,2026-10-07T22:30:25+00:00
2026-10-07T02:33:00Z,31455.0,31461.25,31454.75,31460.0,178,2026-10-07T22:30:25+00:00
2026-10-07T02:34:00Z,31459.0,31461.25,31457.0,31459.0,93,2026-10-07T22:30:25+00:00
2026-10-07T02:35:00Z,31459.0,31460.5,31457.5,31459.5,107,2026-10-07T22:30:25+00:00
2026-10-07T02:36:00Z,31459.25,31461.0,31458.0,31458.75,69,2026-10-07T22:30:25+00:00
2026-10-07T02:37:00Z,31459.0,31460.0,31456.25,31458.25,73,2026-10-07T22:30:25+00:00
2026-10-07T02:38:00Z,31459.0,31460.0,31455.75,31456.75,54,2026-10-07T22:30:25+00:00
2026-10-07T02:39:00Z,31456.75,31459.0,31456.0,31458.25,26,2026-10-07T22:30:25+00:00
2026-10-07T02:40:00Z,31458.25,31458.25,31451.75,31455.0,89,2026-10-07T22:30:25+00:00
2026-10-07T02:41:00Z,31455.25,31457.25,31453.75,31454.0,51,2026-10-07T22:30:25+00:00
2026-10-07T02:42:00Z,31453.75,31454.75,31451.25,31453.0,57,2026-10-07T22:30:25+00:00
2026-10-07T02:43:00Z,31452.75,31456.5,31451.5,31454.0,58,2026-10-07T22:30:25+00:00
2026-10-07T02:44:00Z,31453.75,31455.5,31452.0,31452.5,27,2026-10-07T22:30:25+00:00
2026-10-07T02:45:00Z,31453.25,31460.75,31453.0,31459.75,106,2026-10-07T22:30:25+00:00
2026-10-07T02:46:00Z,31458.5,31465.0,31458.5,31461.25,156,2026-10-07T22:30:25+00:00
2026-10-07T02:47:00Z,31460.75,31463.25,31460.5,31462.5,86,2026-10-07T22:30:25+00:00
2026-10-07T02:48:00Z,31462.75,31467.75,31461.75,31463.25,128,2026-10-07T22:30:25+00:00
2026-10-07T02:49:00Z,31463.0,31465.5,31462.25,31464.5,39,2026-10-07T22:30:25+00:00
2026-10-07T02:50:00Z,31464.25,31467.5,31464.0,31466.0,68,2026-10-07T22:30:25+00:00
2026-10-07T02:51:00Z,31466.75,31467.25,31460.0,31464.75,79,2026-10-07T22:30:25+00:00
2026-10-07T02:52:00Z,31465.25,31466.5,31463.75,31465.25,46,2026-10-07T22:30:25+00:00
2026-10-07T02:53:00Z,31463.25,31464.25,31460.0,31462.75,76,2026-10-07T22:30:25+00:00
2026-10-07T02:54:00Z,31463.0,31463.5,31461.0,31461.0,15,2026-10-07T22:30:25+00:00
2026-10-07T02:55:00Z,31462.25,31464.0,31460.5,31462.25,32,2026-10-07T22:30:25+00:00
2026-10-07T02:56:00Z,31461.25,31462.0,31458.25,31462.0,52,2026-10-07T22:30:25+00:00
2026-10-07T02:57:00Z,31461.5,31461.5,31458.0,31458.0,37,2026-10-07T22:30:25+00:00
2026-10-07T02:58:00Z,31457.75,31459.75,31457.25,31457.5,60,2026-10-07T22:30:25+00:00
2026-10-07T02:59:00Z,31458.25,31461.75,31458.25,31460.75,44,2026-10-07T22:30:25+00:00
2026-10-07T03:00:00Z,31460.25,31460.75,31455.5,31460.25,96,2026-10-07T22:30:25+00:00
2026-10-07T03:01:00Z,31460.25,31466.5,31460.0,31463.5,108,2026-10-07T22:30:25+00:00
2026-10-07T03:02:00Z,31464.0,31468.25,31462.25,31467.5,79,2026-10-07T22:30:25+00:00
2026-10-07T03:03:00Z,31468.25,31469.0,31465.75,31467.0,114,2026-10-07T22:30:25+00:00
2026-10-07T03:04:00Z,31467.5,31467.75,31464.5,31466.25,63,2026-10-07T22:30:25+00:00
2026-10-07T03:05:00Z,31465.75,31470.0,31464.75,31469.75,60,2026-10-07T22:30:25+00:00
2026-10-07T03:06:00Z,31469.75,31470.75,31468.25,31469.25,40,2026-10-07T22:30:25+00:00
2026-10-07T03:07:00Z,31469.0,31469.25,31465.5,31466.75,68,2026-10-07T22:30:25+00:00
2026-10-07T03:08:00Z,31466.75,31472.5,31466.75,31470.25,89,2026-10-07T22:30:25+00:00
2026-10-07T03:09:00Z,31469.5,31472.25,31466.0,31467.75,133,2026-10-07T22:30:25+00:00
2026-10-07T03:10:00Z,31468.25,31469.75,31466.75,31467.0,47,2026-10-07T22:30:25+00:00
2026-10-07T03:11:00Z,31468.0,31469.0,31466.5,31466.75,25,2026-10-07T22:30:25+00:00
2026-10-07T03:12:00Z,31467.0,31467.5,31460.0,31460.25,103,2026-10-07T22:30:25+00:00
2026-10-07T03:13:00Z,31460.25,31462.0,31456.25,31457.5,94,2026-10-07T22:30:25+00:00
2026-10-07T03:14:00Z,31457.75,31457.75,31445.0,31452.0,418,2026-10-07T22:30:25+00:00
2026-10-07T03:15:00Z,31452.0,31453.75,31450.75,31452.0,86,2026-10-07T22:30:25+00:00
2026-10-07T03:16:00Z,31452.5,31460.0,31452.5,31458.25,110,2026-10-07T22:30:25+00:00
2026-10-07T03:17:00Z,31460.0,31465.25,31458.75,31463.75,99,2026-10-07T22:30:25+00:00
2026-10-07T03:18:00Z,31463.75,31464.5,31461.75,31462.5,38,2026-10-07T22:30:25+00:00
2026-10-07T03:19:00Z,31463.0,31463.25,31459.75,31463.25,41,2026-10-07T22:30:25+00:00
2026-10-07T03:20:00Z,31464.5,31466.5,31462.0,31462.0,58,2026-10-07T22:30:25+00:00
2026-10-07T03:21:00Z,31462.0,31465.0,31458.75,31459.75,33,2026-10-07T22:30:25+00:00
2026-10-07T03:22:00Z,31458.75,31462.25,31457.25,31462.0,42,2026-10-07T22:30:25+00:00
2026-10-07T03:23:00Z,31462.5,31463.75,31461.25,31463.75,28,2026-10-07T22:30:25+00:00
2026-10-07T03:24:00Z,31463.25,31464.75,31462.25,31464.25,38,2026-10-07T22:30:25+00:00
2026-10-07T03:25:00Z,31464.5,31469.0,31463.75,31467.75,74,2026-10-07T22:30:25+00:00
2026-10-07T03:26:00Z,31467.25,31470.75,31467.25,31470.25,76,2026-10-07T22:30:25+00:00
2026-10-07T03:27:00Z,31469.25,31473.0,31468.75,31471.0,125,2026-10-07T22:30:25+00:00
2026-10-07T03:28:00Z,31470.25,31471.0,31463.75,31465.5,54,2026-10-07T22:30:25+00:00
2026-10-07T03:29:00Z,31466.25,31469.0,31466.25,31468.25,37,2026-10-07T22:30:25+00:00
2026-10-07T03:30:00Z,31468.75,31469.75,31465.5,31469.75,64,2026-10-07T22:30:25+00:00
2026-10-07T03:31:00Z,31469.75,31469.75,31465.0,31466.5,30,2026-10-07T22:30:25+00:00
2026-10-07T03:32:00Z,31465.5,31470.0,31465.5,31468.75,52,2026-10-07T22:30:25+00:00
2026-10-07T03:33:00Z,31469.25,31471.25,31468.25,31470.5,56,2026-10-07T22:30:25+00:00
2026-10-07T03:34:00Z,31469.75,31471.25,31467.0,31468.0,48,2026-10-07T22:30:25+00:00
2026-10-07T03:35:00Z,31468.5,31468.5,31464.5,31466.5,38,2026-10-07T22:30:25+00:00
2026-10-07T03:36:00Z,31468.0,31470.0,31466.0,31466.0,34,2026-10-07T22:30:25+00:00
2026-10-07T03:37:00Z,31467.25,31468.0,31462.25,31463.25,48,2026-10-07T22:30:25+00:00
2026-10-07T03:38:00Z,31464.5,31465.0,31462.5,31464.0,30,2026-10-07T22:30:25+00:00
2026-10-07T03:39:00Z,31464.25,31470.0,31464.25,31468.75,44,2026-10-07T22:30:25+00:00
2026-10-07T03:40:00Z,31469.0,31477.5,31469.0,31470.75,270,2026-10-07T22:30:25+00:00
2026-10-07T03:41:00Z,31470.0,31472.5,31468.0,31471.0,52,2026-10-07T22:30:25+00:00
2026-10-07T03:42:00Z,31471.0,31471.25,31468.5,31469.0,40,2026-10-07T22:30:25+00:00
2026-10-07T03:43:00Z,31468.0,31470.25,31467.5,31468.0,24,2026-10-07T22:30:25+00:00
2026-10-07T03:44:00Z,31467.5,31467.5,31465.5,31467.5,51,2026-10-07T22:30:25+00:00
2026-10-07T03:45:00Z,31467.0,31470.0,31467.0,31467.0,41,2026-10-07T22:30:25+00:00
2026-10-07T03:46:00Z,31466.75,31468.75,31465.0,31465.0,44,2026-10-07T22:30:25+00:00
2026-10-07T03:47:00Z,31465.25,31471.0,31464.25,31471.0,56,2026-10-07T22:30:25+00:00
2026-10-07T03:48:00Z,31471.5,31477.5,31471.5,31474.5,121,2026-10-07T22:30:25+00:00
2026-10-07T03:49:00Z,31475.5,31477.0,31474.0,31475.25,37,2026-10-07T22:30:25+00:00
2026-10-07T03:50:00Z,31475.5,31476.5,31473.5,31474.25,46,2026-10-07T22:30:25+00:00
2026-10-07T03:51:00Z,31473.25,31479.5,31473.0,31478.25,61,2026-10-07T22:30:25+00:00
2026-10-07T03:52:00Z,31478.5,31481.5,31478.5,31480.5,91,2026-10-07T22:30:25+00:00
2026-10-07T03:53:00Z,31480.0,31480.25,31477.25,31478.5,50,2026-10-07T22:30:25+00:00
2026-10-07T03:54:00Z,31478.5,31482.0,31477.5,31482.0,35,2026-10-07T22:30:25+00:00
2026-10-07T03:55:00Z,31481.25,31481.75,31480.0,31480.75,23,2026-10-07T22:30:25+00:00
2026-10-07T03:56:00Z,31480.5,31482.75,31477.75,31482.0,94,2026-10-07T22:30:25+00:00
2026-10-07T03:57:00Z,31482.5,31483.75,31480.5,31480.5,41,2026-10-07T22:30:25+00:00
2026-10-07T03:58:00Z,31480.25,31480.75,31479.5,31480.25,35,2026-10-07T22:30:25+00:00
2026-10-07T04:09:00Z,31472.25,31477.75,31472.25,31477.5,27,2026-10-07T22:30:25+00:00
2026-10-07T04:10:00Z,31478.0,31481.25,31477.0,31480.0,63,2026-10-07T22:30:25+00:00
2026-10-07T04:11:00Z,31480.25,31483.25,31477.75,31479.5,69,2026-10-07T22:30:25+00:00
2026-10-07T04:12:00Z,31479.0,31480.0,31476.75,31476.75,28,2026-10-07T22:30:25+00:00
2026-10-07T04:13:00Z,31477.75,31479.75,31477.25,31478.0,26,2026-10-07T22:30:25+00:00
2026-10-07T04:14:00Z,31478.0,31480.75,31478.0,31478.75,14,2026-10-07T22:30:25+00:00
2026-10-07T04:15:00Z,31479.25,31482.0,31479.25,31481.25,38,2026-10-07T22:30:25+00:00
2026-10-07T04:16:00Z,31480.5,31480.75,31473.75,31473.75,70,2026-10-07T22:30:25+00:00
2026-10-07T04:17:00Z,31474.0,31476.0,31472.0,31474.0,71,2026-10-07T22:30:25+00:00
2026-10-07T04:18:00Z,31475.75,31476.0,31471.5,31474.75,40,2026-10-07T22:30:25+00:00
2026-10-07T04:19:00Z,31475.0,31478.25,31475.0,31477.0,16,2026-10-07T22:30:25+00:00
2026-10-07T04:20:00Z,31477.5,31479.75,31476.5,31478.75,24,2026-10-07T22:30:25+00:00
2026-10-07T04:21:00Z,31478.25,31481.25,31478.25,31481.0,28,2026-10-07T22:30:25+00:00
2026-10-07T04:22:00Z,31480.25,31481.0,31479.5,31480.25,20,2026-10-07T22:30:25+00:00
2026-10-07T04:23:00Z,31479.0,31482.25,31479.0,31481.75,55,2026-10-07T22:30:25+00:00
2026-10-07T04:24:00Z,31482.25,31482.75,31479.0,31479.5,46,2026-10-07T22:30:25+00:00
2026-10-07T04:25:00Z,31479.5,31481.25,31478.75,31481.0,15,2026-10-07T22:30:25+00:00
2026-10-07T04:26:00Z,31480.25,31485.5,31478.5,31484.5,63,2026-10-07T22:30:25+00:00
2026-10-07T04:27:00Z,31483.75,31484.0,31482.25,31484.0,35,2026-10-07T22:30:25+00:00
2026-10-07T04:28:00Z,31483.75,31485.0,31480.5,31480.5,42,2026-10-07T22:30:25+00:00
2026-10-07T04:29:00Z,31480.0,31480.5,31478.75,31480.25,36,2026-10-07T22:30:25+00:00
2026-10-07T04:30:00Z,31480.25,31480.25,31477.75,31479.25,34,2026-10-07T22:30:25+00:00
2026-10-07T04:31:00Z,31479.5,31480.5,31478.75,31479.25,19,2026-10-07T22:30:25+00:00
2026-10-07T04:32:00Z,31478.75,31482.75,31478.75,31482.25,29,2026-10-07T22:30:25+00:00
2026-10-07T04:33:00Z,31481.75,31482.0,31479.75,31480.5,14,2026-10-07T22:30:25+00:00
2026-10-07T04:34:00Z,31481.0,31482.0,31479.5,31479.75,13,2026-10-07T22:30:25+00:00
2026-10-07T04:35:00Z,31479.5,31480.0,31479.5,31479.75,12,2026-10-07T22:30:25+00:00
2026-10-07T04:36:00Z,31478.75,31480.0,31477.5,31478.0,32,2026-10-07T22:30:25+00:00
2026-10-07T04:37:00Z,31477.75,31477.75,31474.0,31477.5,50,2026-10-07T22:30:25+00:00
2026-10-07T04:38:00Z,31479.0,31482.5,31479.0,31480.75,36,2026-10-07T22:30:25+00:00
2026-10-07T04:39:00Z,31480.0,31483.75,31476.5,31478.75,137,2026-10-07T22:30:25+00:00
2026-10-07T04:40:00Z,31478.5,31479.0,31475.0,31478.5,63,2026-10-07T22:30:25+00:00
2026-10-07T04:41:00Z,31479.25,31479.25,31477.75,31477.75,13,2026-10-07T22:30:25+00:00
2026-10-07T04:42:00Z,31477.5,31478.5,31475.75,31476.0,30,2026-10-07T22:30:25+00:00
2026-10-07T04:43:00Z,31476.0,31477.25,31474.75,31475.5,24,2026-10-07T22:30:25+00:00
2026-10-07T04:44:00Z,31474.25,31476.5,31473.75,31476.5,20,2026-10-07T22:30:25+00:00
2026-10-07T04:45:00Z,31477.0,31480.0,31475.75,31480.0,41,2026-10-07T22:30:25+00:00
2026-10-07T04:46:00Z,31479.0,31482.0,31477.5,31477.5,46,2026-10-07T22:30:25+00:00
2026-10-07T04:47:00Z,31477.75,31480.75,31477.75,31478.0,28,2026-10-07T22:30:25+00:00
2026-10-07T04:48:00Z,31480.5,31481.25,31479.0,31479.75,13,2026-10-07T22:30:25+00:00
2026-10-07T04:49:00Z,31479.5,31483.5,31479.5,31483.25,40,2026-10-07T22:30:25+00:00
2026-10-07T04:50:00Z,31483.75,31487.5,31482.25,31484.75,100,2026-10-07T22:30:25+00:00
2026-10-07T04:51:00Z,31485.75,31486.75,31482.5,31484.0,62,2026-10-07T22:30:25+00:00
2026-10-07T04:52:00Z,31483.75,31483.75,31473.25,31475.25,97,2026-10-07T22:30:25+00:00
2026-10-07T04:53:00Z,31474.75,31478.5,31472.25,31476.25,111,2026-10-07T22:30:25+00:00
2026-10-07T04:54:00Z,31476.25,31478.5,31475.25,31477.75,41,2026-10-07T22:30:25+00:00
2026-10-07T04:55:00Z,31477.25,31479.75,31476.25,31478.0,32,2026-10-07T22:30:25+00:00
2026-10-07T04:56:00Z,31478.5,31479.0,31473.5,31473.5,60,2026-10-07T22:30:25+00:00
2026-10-07T04:57:00Z,31473.5,31475.25,31470.25,31472.5,61,2026-10-07T22:30:25+00:00
2026-10-07T04:58:00Z,31472.5,31472.75,31469.75,31471.0,64,2026-10-07T22:30:25+00:00
2026-10-07T04:59:00Z,31471.0,31473.0,31465.25,31472.5,156,2026-10-07T22:30:25+00:00
2026-10-07T05:00:00Z,31473.25,31474.75,31469.75,31471.75,113,2026-10-07T22:30:25+00:00
2026-10-07T05:01:00Z,31471.75,31475.0,31471.5,31475.0,40,2026-10-07T22:30:25+00:00
2026-10-07T05:02:00Z,31475.25,31480.0,31475.25,31478.75,79,2026-10-07T22:30:25+00:00
2026-10-07T05:03:00Z,31480.0,31480.75,31477.25,31478.5,45,2026-10-07T22:30:25+00:00
2026-10-07T05:04:00Z,31477.75,31479.5,31476.5,31476.5,19,2026-10-07T22:30:25+00:00
2026-10-07T05:05:00Z,31477.5,31481.0,31476.5,31476.5,32,2026-10-07T22:30:25+00:00
2026-10-07T05:06:00Z,31476.75,31481.5,31475.0,31481.5,47,2026-10-07T22:30:25+00:00
2026-10-07T05:07:00Z,31481.0,31483.25,31477.0,31478.25,64,2026-10-07T22:30:25+00:00
2026-10-07T05:08:00Z,31478.75,31479.5,31475.25,31475.25,24,2026-10-07T22:30:25+00:00
2026-10-07T05:09:00Z,31476.0,31476.75,31474.0,31476.5,34,2026-10-07T22:30:25+00:00
2026-10-07T05:10:00Z,31476.25,31476.75,31474.25,31475.0,25,2026-10-07T22:30:25+00:00
2026-10-07T05:11:00Z,31474.5,31478.25,31474.5,31475.75,24,2026-10-07T22:30:25+00:00
2026-10-07T05:12:00Z,31475.25,31475.25,31472.0,31473.75,49,2026-10-07T22:30:25+00:00
2026-10-07T05:13:00Z,31473.0,31473.75,31470.75,31472.5,27,2026-10-07T22:30:25+00:00
2026-10-07T05:14:00Z,31474.0,31474.0,31470.75,31471.0,37,2026-10-07T22:30:25+00:00
2026-10-07T05:15:00Z,31471.0,31471.5,31468.0,31469.25,43,2026-10-07T22:30:25+00:00
2026-10-07T05:16:00Z,31468.75,31469.0,31461.5,31461.75,226,2026-10-07T22:30:25+00:00
2026-10-07T05:17:00Z,31461.0,31463.25,31456.25,31456.75,377,2026-10-07T22:30:25+00:00
2026-10-07T05:18:00Z,31456.75,31459.25,31451.0,31457.25,332,2026-10-07T22:30:25+00:00
2026-10-07T05:19:00Z,31458.0,31461.25,31457.75,31460.5,87,2026-10-07T22:30:25+00:00
2026-10-07T05:20:00Z,31460.5,31462.25,31456.25,31456.25,50,2026-10-07T22:30:25+00:00
2026-10-07T05:21:00Z,31456.75,31457.75,31453.5,31455.0,66,2026-10-07T22:30:25+00:00
2026-10-07T05:22:00Z,31454.75,31459.25,31454.25,31458.75,63,2026-10-07T22:30:25+00:00
2026-10-07T05:23:00Z,31458.5,31467.5,31458.5,31465.0,163,2026-10-07T22:30:25+00:00
2026-10-07T05:24:00Z,31465.0,31465.75,31463.25,31464.0,56,2026-10-07T22:30:25+00:00
2026-10-07T05:25:00Z,31466.0,31472.75,31466.0,31471.75,74,2026-10-07T22:30:25+00:00
2026-10-07T05:26:00Z,31472.5,31478.5,31471.25,31478.25,271,2026-10-07T22:30:25+00:00
2026-10-07T05:27:00Z,31478.75,31480.25,31476.75,31478.75,171,2026-10-07T22:30:25+00:00
2026-10-07T05:28:00Z,31479.0,31486.75,31478.75,31486.75,118,2026-10-07T22:30:25+00:00
2026-10-07T05:29:00Z,31486.5,31486.5,31483.0,31484.0,125,2026-10-07T22:30:25+00:00
2026-10-07T05:30:00Z,31484.5,31484.5,31475.0,31476.75,131,2026-10-07T22:30:25+00:00
2026-10-07T05:31:00Z,31475.75,31481.5,31475.5,31480.0,102,2026-10-07T22:30:25+00:00
2026-10-07T05:32:00Z,31482.0,31488.5,31481.25,31484.0,182,2026-10-07T22:30:25+00:00
2026-10-07T05:33:00Z,31483.5,31483.5,31475.5,31480.25,113,2026-10-07T22:30:25+00:00
2026-10-07T05:34:00Z,31480.75,31480.75,31474.25,31475.25,55,2026-10-07T22:30:25+00:00
2026-10-07T05:35:00Z,31475.5,31476.5,31473.0,31474.5,48,2026-10-07T22:30:25+00:00
2026-10-07T05:36:00Z,31473.0,31475.0,31469.75,31474.5,65,2026-10-07T22:30:25+00:00
2026-10-07T05:37:00Z,31476.25,31478.75,31475.5,31476.5,33,2026-10-07T22:30:25+00:00
2026-10-07T05:38:00Z,31476.0,31480.75,31476.0,31478.0,35,2026-10-07T22:30:25+00:00
2026-10-07T05:39:00Z,31477.75,31485.75,31477.75,31484.5,44,2026-10-07T22:30:25+00:00
2026-10-07T05:40:00Z,31485.25,31485.75,31481.0,31481.75,55,2026-10-07T22:30:25+00:00
2026-10-07T05:41:00Z,31482.0,31485.75,31481.25,31483.0,34,2026-10-07T22:30:25+00:00
2026-10-07T05:42:00Z,31482.25,31483.75,31480.75,31482.25,28,2026-10-07T22:30:25+00:00
2026-10-07T05:43:00Z,31481.5,31481.75,31476.75,31479.0,55,2026-10-07T22:30:25+00:00
2026-10-07T05:44:00Z,31477.25,31480.75,31477.25,31480.5,28,2026-10-07T22:30:25+00:00
2026-10-07T05:45:00Z,31481.5,31484.25,31480.25,31481.25,50,2026-10-07T22:30:25+00:00
2026-10-07T05:46:00Z,31481.5,31486.75,31480.0,31481.75,80,2026-10-07T22:30:25+00:00
2026-10-07T05:47:00Z,31482.5,31487.75,31481.25,31485.75,61,2026-10-07T22:30:25+00:00
2026-10-07T05:48:00Z,31486.5,31497.75,31478.0,31481.25,434,2026-10-07T22:30:25+00:00
2026-10-07T05:49:00Z,31481.5,31483.0,31478.25,31482.75,62,2026-10-07T22:30:25+00:00
2026-10-07T05:50:00Z,31483.5,31485.75,31480.0,31483.25,43,2026-10-07T22:30:25+00:00
2026-10-07T05:51:00Z,31483.0,31486.75,31482.5,31483.75,50,2026-10-07T22:30:25+00:00
2026-10-07T05:52:00Z,31483.75,31485.75,31483.0,31484.25,68,2026-10-07T22:30:25+00:00
2026-10-07T05:53:00Z,31484.0,31484.0,31475.75,31476.0,47,2026-10-07T22:30:25+00:00
2026-10-07T05:54:00Z,31478.0,31481.25,31476.5,31479.75,59,2026-10-07T22:30:25+00:00
2026-10-07T05:55:00Z,31479.75,31481.75,31478.25,31479.5,13,2026-10-07T22:30:25+00:00
2026-10-07T05:56:00Z,31481.0,31482.0,31480.5,31481.5,19,2026-10-07T22:30:25+00:00
2026-10-07T05:57:00Z,31482.0,31483.5,31480.75,31480.75,22,2026-10-07T22:30:25+00:00
2026-10-07T05:58:00Z,31480.75,31483.5,31480.75,31482.5,16,2026-10-07T22:30:25+00:00
2026-10-07T05:59:00Z,31482.5,31482.5,31473.25,31476.5,80,2026-10-07T22:30:25+00:00
2026-10-07T06:00:00Z,31477.75,31480.75,31472.25,31474.25,112,2026-10-07T22:30:25+00:00
2026-10-07T06:01:00Z,31474.0,31474.5,31466.0,31466.75,145,2026-10-07T22:30:25+00:00
2026-10-07T06:02:00Z,31467.5,31472.0,31466.25,31468.75,109,2026-10-07T22:30:25+00:00
2026-10-07T06:03:00Z,31469.25,31469.25,31462.75,31464.5,100,2026-10-07T22:30:25+00:00
2026-10-07T06:04:00Z,31465.0,31466.0,31461.75,31463.75,62,2026-10-07T22:30:25+00:00
2026-10-07T06:05:00Z,31464.0,31467.75,31463.25,31464.5,72,2026-10-07T22:30:25+00:00
2026-10-07T06:06:00Z,31463.75,31465.75,31461.5,31464.75,53,2026-10-07T22:30:25+00:00
2026-10-07T06:07:00Z,31464.25,31468.5,31464.25,31465.75,51,2026-10-07T22:30:25+00:00
2026-10-07T06:08:00Z,31465.25,31468.5,31464.75,31467.75,27,2026-10-07T22:30:25+00:00
2026-10-07T06:09:00Z,31468.75,31469.75,31466.0,31466.0,48,2026-10-07T22:30:25+00:00
2026-10-07T06:10:00Z,31466.0,31469.5,31465.75,31468.5,46,2026-10-07T22:30:25+00:00
2026-10-07T06:11:00Z,31468.25,31471.25,31467.0,31467.0,38,2026-10-07T22:30:25+00:00
2026-10-07T06:12:00Z,31467.25,31467.5,31463.25,31467.25,37,2026-10-07T22:30:25+00:00
2026-10-07T06:13:00Z,31464.75,31465.75,31461.75,31462.25,42,2026-10-07T22:30:25+00:00
2026-10-07T06:14:00Z,31462.25,31463.5,31459.75,31461.75,80,2026-10-07T22:30:25+00:00
2026-10-07T06:15:00Z,31462.5,31463.5,31459.0,31462.25,58,2026-10-07T22:30:25+00:00
2026-10-07T06:16:00Z,31462.5,31468.0,31462.5,31466.75,81,2026-10-07T22:30:25+00:00
2026-10-07T06:17:00Z,31466.75,31468.0,31463.25,31464.0,66,2026-10-07T22:30:25+00:00
2026-10-07T06:18:00Z,31461.5,31467.75,31458.25,31467.25,129,2026-10-07T22:30:25+00:00
2026-10-07T06:19:00Z,31466.75,31468.25,31464.5,31464.75,29,2026-10-07T22:30:25+00:00
2026-10-07T06:20:00Z,31465.5,31465.5,31461.0,31462.0,39,2026-10-07T22:30:25+00:00
2026-10-07T06:21:00Z,31461.75,31463.5,31460.5,31462.25,29,2026-10-07T22:30:25+00:00
2026-10-07T06:22:00Z,31461.0,31462.0,31457.5,31460.5,95,2026-10-07T22:30:25+00:00
2026-10-07T06:23:00Z,31460.0,31461.75,31456.75,31458.75,108,2026-10-07T22:30:25+00:00
2026-10-07T06:24:00Z,31459.0,31461.25,31458.25,31459.25,58,2026-10-07T22:30:25+00:00
2026-10-07T06:25:00Z,31460.5,31460.75,31456.5,31459.0,63,2026-10-07T22:30:25+00:00
2026-10-07T06:26:00Z,31458.25,31461.75,31457.5,31457.5,88,2026-10-07T22:30:25+00:00
2026-10-07T06:27:00Z,31457.5,31460.75,31456.5,31459.25,81,2026-10-07T22:30:25+00:00
2026-10-07T06:28:00Z,31460.0,31466.0,31460.0,31465.0,84,2026-10-07T22:30:25+00:00
2026-10-07T06:29:00Z,31464.25,31469.0,31462.0,31466.5,109,2026-10-07T22:30:25+00:00
2026-10-07T06:30:00Z,31465.0,31465.75,31458.0,31460.5,163,2026-10-07T22:30:25+00:00
2026-10-07T06:31:00Z,31461.0,31464.75,31458.0,31460.0,97,2026-10-07T22:30:25+00:00
2026-10-07T06:32:00Z,31461.5,31461.5,31456.0,31456.0,143,2026-10-07T22:30:25+00:00
2026-10-07T06:33:00Z,31456.5,31469.0,31455.75,31467.75,75,2026-10-07T22:30:25+00:00
2026-10-07T06:34:00Z,31467.0,31471.5,31467.0,31470.75,104,2026-10-07T22:30:25+00:00
2026-10-07T06:35:00Z,31471.25,31473.0,31469.25,31471.25,75,2026-10-07T22:30:25+00:00
2026-10-07T06:36:00Z,31470.25,31472.75,31466.25,31467.0,49,2026-10-07T22:30:25+00:00
2026-10-07T06:37:00Z,31467.25,31472.25,31467.25,31471.0,29,2026-10-07T22:30:25+00:00
2026-10-07T06:38:00Z,31470.0,31471.0,31460.75,31463.25,83,2026-10-07T22:30:25+00:00
2026-10-07T06:39:00Z,31463.5,31464.75,31460.75,31461.75,37,2026-10-07T22:30:25+00:00
2026-10-07T06:40:00Z,31461.25,31465.5,31460.0,31464.5,46,2026-10-07T22:30:25+00:00
2026-10-07T06:41:00Z,31464.75,31466.5,31460.5,31462.0,56,2026-10-07T22:30:25+00:00
2026-10-07T06:42:00Z,31461.75,31464.5,31460.75,31463.0,40,2026-10-07T22:30:25+00:00
2026-10-07T06:43:00Z,31462.75,31462.75,31459.0,31461.75,33,2026-10-07T22:30:25+00:00
2026-10-07T06:44:00Z,31461.25,31467.0,31460.5,31463.0,113,2026-10-07T22:30:25+00:00
2026-10-07T06:45:00Z,31465.0,31466.75,31464.25,31464.25,20,2026-10-07T22:30:25+00:00
2026-10-07T06:46:00Z,31463.75,31466.5,31463.75,31464.75,14,2026-10-07T22:30:25+00:00
2026-10-07T06:47:00Z,31464.25,31465.75,31458.25,31459.25,74,2026-10-07T22:30:25+00:00
2026-10-07T06:48:00Z,31458.75,31461.25,31453.75,31454.75,142,2026-10-07T22:30:25+00:00
2026-10-07T06:49:00Z,31455.25,31456.75,31452.25,31454.0,121,2026-10-07T22:30:25+00:00
2026-10-07T06:50:00Z,31453.0,31455.5,31452.75,31455.25,54,2026-10-07T22:30:25+00:00
2026-10-07T06:51:00Z,31455.75,31459.25,31454.0,31456.5,78,2026-10-07T22:30:25+00:00
2026-10-07T06:52:00Z,31457.5,31459.75,31455.0,31455.0,35,2026-10-07T22:30:25+00:00
2026-10-07T06:53:00Z,31454.0,31454.75,31451.25,31452.0,103,2026-10-07T22:30:25+00:00
2026-10-07T06:54:00Z,31452.75,31455.25,31450.0,31453.0,91,2026-10-07T22:30:25+00:00
2026-10-07T06:55:00Z,31453.25,31455.0,31452.25,31454.75,24,2026-10-07T22:30:25+00:00
2026-10-07T06:56:00Z,31454.75,31456.75,31453.25,31456.75,40,2026-10-07T22:30:25+00:00
2026-10-07T06:57:00Z,31456.5,31457.0,31453.75,31455.75,68,2026-10-07T22:30:25+00:00
2026-10-07T06:58:00Z,31455.25,31458.75,31453.5,31453.5,53,2026-10-07T22:30:25+00:00
2026-10-07T06:59:00Z,31453.75,31456.0,31451.75,31456.0,46,2026-10-07T22:30:25+00:00
2026-10-07T07:00:00Z,31455.0,31463.5,31452.0,31460.75,203,2026-10-07T22:30:25+00:00
2026-10-07T07:01:00Z,31463.5,31467.5,31458.25,31465.5,276,2026-10-07T22:30:25+00:00
2026-10-07T07:02:00Z,31464.0,31467.0,31459.25,31467.0,97,2026-10-07T22:30:25+00:00
2026-10-07T07:03:00Z,31466.75,31469.25,31461.0,31462.0,43,2026-10-07T22:30:25+00:00
2026-10-07T07:04:00Z,31464.0,31475.25,31463.75,31474.5,99,2026-10-07T22:30:25+00:00
2026-10-07T07:05:00Z,31474.0,31475.5,31470.0,31474.75,91,2026-10-07T22:30:25+00:00
2026-10-07T07:06:00Z,31473.25,31480.25,31472.25,31477.75,148,2026-10-07T22:30:25+00:00
2026-10-07T07:07:00Z,31478.0,31478.75,31474.5,31476.5,65,2026-10-07T22:30:25+00:00
2026-10-07T07:08:00Z,31477.25,31478.25,31474.5,31477.5,56,2026-10-07T22:30:25+00:00
2026-10-07T07:09:00Z,31475.75,31475.75,31471.0,31474.25,58,2026-10-07T22:30:25+00:00
2026-10-07T07:10:00Z,31475.5,31482.0,31475.25,31482.0,94,2026-10-07T22:30:25+00:00
2026-10-07T07:11:00Z,31481.75,31481.75,31468.75,31471.75,93,2026-10-07T22:30:25+00:00
2026-10-07T07:12:00Z,31472.0,31476.5,31464.5,31465.75,149,2026-10-07T22:30:25+00:00
2026-10-07T07:13:00Z,31465.0,31467.75,31462.5,31465.5,89,2026-10-07T22:30:25+00:00
2026-10-07T07:14:00Z,31465.75,31466.0,31458.25,31461.25,79,2026-10-07T22:30:25+00:00
2026-10-07T07:15:00Z,31460.0,31462.5,31445.75,31445.75,210,2026-10-07T22:30:25+00:00
2026-10-07T07:16:00Z,31446.25,31448.0,31443.0,31445.0,159,2026-10-07T22:30:25+00:00
2026-10-07T07:17:00Z,31444.0,31445.75,31439.75,31441.5,184,2026-10-07T22:30:25+00:00
2026-10-07T07:18:00Z,31442.25,31444.25,31439.75,31444.25,73,2026-10-07T22:30:25+00:00
2026-10-07T07:19:00Z,31443.25,31451.25,31442.5,31450.75,184,2026-10-07T22:30:25+00:00
2026-10-07T07:20:00Z,31449.75,31451.25,31446.0,31447.0,86,2026-10-07T22:30:25+00:00
2026-10-07T07:21:00Z,31445.75,31446.25,31440.5,31444.5,116,2026-10-07T22:30:25+00:00
2026-10-07T07:22:00Z,31443.25,31451.75,31443.0,31450.5,106,2026-10-07T22:30:25+00:00
2026-10-07T07:23:00Z,31449.5,31452.5,31445.25,31445.5,64,2026-10-07T22:30:25+00:00
2026-10-07T07:24:00Z,31446.25,31446.25,31439.75,31442.75,101,2026-10-07T22:30:25+00:00
2026-10-07T07:25:00Z,31442.75,31449.0,31442.75,31444.5,99,2026-10-07T22:30:25+00:00
2026-10-07T07:26:00Z,31443.75,31443.75,31438.25,31442.0,184,2026-10-07T22:30:25+00:00
2026-10-07T07:27:00Z,31442.5,31451.75,31442.25,31451.25,99,2026-10-07T22:30:25+00:00
2026-10-07T07:28:00Z,31450.25,31451.5,31444.5,31448.5,80,2026-10-07T22:30:25+00:00
2026-10-07T07:29:00Z,31446.25,31446.25,31436.25,31438.5,248,2026-10-07T22:30:25+00:00
2026-10-07T07:30:00Z,31438.5,31439.5,31434.75,31436.0,186,2026-10-07T22:30:25+00:00
2026-10-07T07:31:00Z,31436.0,31439.0,31432.75,31436.25,199,2026-10-07T22:30:25+00:00
2026-10-07T07:32:00Z,31437.25,31441.5,31436.75,31439.5,114,2026-10-07T22:30:25+00:00
2026-10-07T07:33:00Z,31440.0,31441.75,31433.5,31434.25,158,2026-10-07T22:30:25+00:00
2026-10-07T07:34:00Z,31433.25,31433.75,31426.0,31431.0,409,2026-10-07T22:30:25+00:00
2026-10-07T07:35:00Z,31431.0,31439.75,31430.0,31436.0,204,2026-10-07T22:30:25+00:00
2026-10-07T07:36:00Z,31436.0,31441.75,31432.5,31439.5,110,2026-10-07T22:30:25+00:00
2026-10-07T07:37:00Z,31440.5,31441.0,31435.0,31437.25,187,2026-10-07T22:30:25+00:00
2026-10-07T07:38:00Z,31438.25,31439.0,31428.5,31433.0,158,2026-10-07T22:30:25+00:00
2026-10-07T07:39:00Z,31430.25,31437.75,31423.0,31435.5,305,2026-10-07T22:30:25+00:00
2026-10-07T07:40:00Z,31435.5,31436.0,31431.25,31431.5,112,2026-10-07T22:30:25+00:00
2026-10-07T07:41:00Z,31431.25,31440.25,31428.75,31436.25,142,2026-10-07T22:30:25+00:00
2026-10-07T07:42:00Z,31436.5,31445.75,31435.25,31443.5,210,2026-10-07T22:30:25+00:00
2026-10-07T07:43:00Z,31443.75,31448.25,31441.75,31447.25,102,2026-10-07T22:30:25+00:00
2026-10-07T07:44:00Z,31446.75,31450.0,31443.0,31448.0,196,2026-10-07T22:30:25+00:00
2026-10-07T07:45:00Z,31448.0,31450.25,31443.0,31447.5,100,2026-10-07T22:30:25+00:00
2026-10-07T07:46:00Z,31447.25,31452.75,31446.75,31448.75,116,2026-10-07T22:30:25+00:00
2026-10-07T07:47:00Z,31448.5,31450.25,31438.75,31438.75,102,2026-10-07T22:30:25+00:00
2026-10-07T07:48:00Z,31439.25,31440.75,31431.0,31433.75,153,2026-10-07T22:30:25+00:00
2026-10-07T07:49:00Z,31434.5,31435.5,31426.0,31429.25,133,2026-10-07T22:30:25+00:00
2026-10-07T07:50:00Z,31428.5,31428.75,31422.0,31425.25,152,2026-10-07T22:30:25+00:00
2026-10-07T07:51:00Z,31426.5,31427.0,31416.0,31425.0,350,2026-10-07T22:30:25+00:00
2026-10-07T07:52:00Z,31424.5,31424.5,31413.75,31415.75,204,2026-10-07T22:30:25+00:00
2026-10-07T07:53:00Z,31416.0,31416.5,31410.25,31410.75,360,2026-10-07T22:30:25+00:00
2026-10-07T07:54:00Z,31410.25,31410.75,31403.5,31406.0,301,2026-10-07T22:30:25+00:00
2026-10-07T07:55:00Z,31405.0,31407.5,31401.5,31402.75,276,2026-10-07T22:30:25+00:00
2026-10-07T07:56:00Z,31401.75,31409.0,31401.5,31408.25,274,2026-10-07T22:30:25+00:00
2026-10-07T07:57:00Z,31407.25,31416.75,31406.5,31412.25,272,2026-10-07T22:30:25+00:00
2026-10-07T07:58:00Z,31413.0,31425.25,31409.0,31425.25,239,2026-10-07T22:30:25+00:00
2026-10-07T07:59:00Z,31426.0,31430.75,31420.5,31429.5,194,2026-10-07T22:30:25+00:00
2026-10-07T08:00:00Z,31430.0,31434.0,31422.5,31430.75,257,2026-10-07T22:30:25+00:00
2026-10-07T08:01:00Z,31430.5,31430.5,31421.0,31428.25,130,2026-10-07T22:30:25+00:00
2026-10-07T08:02:00Z,31427.75,31428.5,31415.5,31423.0,175,2026-10-07T22:30:25+00:00
2026-10-07T08:03:00Z,31423.0,31436.0,31419.25,31433.5,249,2026-10-07T22:30:25+00:00
2026-10-07T08:04:00Z,31433.0,31438.0,31429.25,31434.5,104,2026-10-07T22:30:25+00:00
2026-10-07T08:05:00Z,31433.0,31440.5,31427.75,31431.75,184,2026-10-07T22:30:25+00:00
2026-10-07T08:06:00Z,31431.25,31431.75,31416.75,31417.5,239,2026-10-07T22:30:25+00:00
2026-10-07T08:07:00Z,31417.25,31425.25,31414.5,31424.25,140,2026-10-07T22:30:25+00:00
2026-10-07T08:08:00Z,31424.25,31430.75,31422.75,31425.25,111,2026-10-07T22:30:25+00:00
2026-10-07T08:09:00Z,31424.75,31425.0,31416.25,31423.5,152,2026-10-07T22:30:25+00:00
2026-10-07T08:10:00Z,31423.25,31433.0,31423.0,31431.75,75,2026-10-07T22:30:25+00:00
2026-10-07T08:11:00Z,31431.25,31434.75,31428.5,31433.0,81,2026-10-07T22:30:25+00:00
2026-10-07T08:12:00Z,31433.0,31439.0,31430.0,31433.25,133,2026-10-07T22:30:25+00:00
2026-10-07T08:13:00Z,31432.5,31432.75,31422.25,31430.5,128,2026-10-07T22:30:25+00:00
2026-10-07T08:14:00Z,31432.5,31432.5,31422.25,31429.25,106,2026-10-07T22:30:25+00:00
2026-10-07T08:15:00Z,31429.75,31431.0,31426.75,31430.0,29,2026-10-07T22:30:25+00:00
2026-10-07T08:16:00Z,31429.5,31430.0,31423.5,31428.0,94,2026-10-07T22:30:25+00:00
2026-10-07T08:17:00Z,31428.5,31433.5,31426.75,31432.25,85,2026-10-07T22:30:25+00:00
2026-10-07T08:18:00Z,31432.75,31439.25,31432.5,31437.5,131,2026-10-07T22:30:25+00:00
2026-10-07T08:19:00Z,31437.75,31443.75,31436.0,31443.5,152,2026-10-07T22:30:25+00:00
2026-10-07T08:20:00Z,31442.5,31445.0,31437.0,31443.0,99,2026-10-07T22:30:25+00:00
2026-10-07T08:21:00Z,31443.75,31447.5,31443.0,31443.5,118,2026-10-07T22:30:25+00:00
2026-10-07T08:22:00Z,31443.25,31445.5,31439.25,31443.5,91,2026-10-07T22:30:25+00:00
2026-10-07T08:23:00Z,31444.5,31446.25,31439.0,31440.0,99,2026-10-07T22:30:25+00:00
2026-10-07T08:24:00Z,31440.5,31444.0,31438.5,31438.5,84,2026-10-07T22:30:25+00:00
2026-10-07T08:25:00Z,31438.25,31441.0,31437.25,31438.75,64,2026-10-07T22:30:25+00:00
2026-10-07T08:26:00Z,31439.25,31441.25,31437.25,31439.0,62,2026-10-07T22:30:25+00:00
2026-10-07T08:27:00Z,31438.5,31438.75,31436.0,31437.5,69,2026-10-07T22:30:25+00:00
2026-10-07T08:28:00Z,31437.0,31437.25,31427.25,31429.75,149,2026-10-07T22:30:25+00:00
2026-10-07T08:29:00Z,31428.25,31434.75,31424.0,31425.0,163,2026-10-07T22:30:25+00:00
2026-10-07T08:30:00Z,31426.25,31428.0,31417.5,31425.5,194,2026-10-07T22:30:25+00:00
2026-10-07T08:31:00Z,31425.0,31425.5,31420.25,31424.25,94,2026-10-07T22:30:25+00:00
2026-10-07T08:32:00Z,31425.0,31432.5,31424.5,31428.5,125,2026-10-07T22:30:25+00:00
2026-10-07T08:33:00Z,31428.5,31429.75,31422.75,31425.75,58,2026-10-07T22:30:25+00:00
2026-10-07T08:34:00Z,31425.5,31428.0,31424.25,31425.0,53,2026-10-07T22:30:25+00:00
2026-10-07T08:35:00Z,31424.5,31427.0,31422.75,31426.25,45,2026-10-07T22:30:25+00:00
2026-10-07T08:36:00Z,31425.75,31425.75,31418.75,31419.75,81,2026-10-07T22:30:25+00:00
2026-10-07T08:37:00Z,31420.5,31424.5,31415.5,31417.25,129,2026-10-07T22:30:25+00:00
2026-10-07T08:38:00Z,31418.25,31420.5,31418.25,31418.75,35,2026-10-07T22:30:25+00:00
2026-10-07T08:39:00Z,31419.5,31421.5,31417.5,31419.0,37,2026-10-07T22:30:25+00:00
2026-10-07T08:40:00Z,31419.5,31422.25,31418.25,31419.0,34,2026-10-07T22:30:25+00:00
2026-10-07T08:41:00Z,31418.75,31419.5,31415.5,31416.25,39,2026-10-07T22:30:25+00:00
2026-10-07T08:42:00Z,31417.25,31420.75,31417.25,31420.25,27,2026-10-07T22:30:25+00:00
2026-10-07T08:43:00Z,31420.5,31426.5,31419.75,31422.0,206,2026-10-07T22:30:25+00:00
2026-10-07T08:44:00Z,31422.0,31424.0,31418.5,31421.0,89,2026-10-07T22:30:25+00:00
2026-10-07T08:45:00Z,31421.25,31423.25,31419.5,31419.5,29,2026-10-07T22:30:25+00:00
2026-10-07T08:46:00Z,31420.5,31421.25,31418.75,31420.25,29,2026-10-07T22:30:25+00:00
2026-10-07T08:47:00Z,31422.0,31426.5,31421.25,31425.75,37,2026-10-07T22:30:25+00:00
2026-10-07T08:48:00Z,31426.25,31426.25,31422.75,31423.25,41,2026-10-07T22:30:25+00:00
2026-10-07T08:49:00Z,31422.75,31424.25,31419.5,31419.5,42,2026-10-07T22:30:25+00:00
2026-10-07T08:50:00Z,31419.75,31421.5,31414.5,31416.25,109,2026-10-07T22:30:25+00:00
2026-10-07T08:51:00Z,31416.25,31419.25,31413.25,31416.0,61,2026-10-07T22:30:25+00:00
2026-10-07T08:52:00Z,31416.25,31417.25,31411.75,31414.0,83,2026-10-07T22:30:25+00:00
2026-10-07T08:53:00Z,31414.25,31415.0,31409.5,31413.0,93,2026-10-07T22:30:25+00:00
2026-10-07T08:54:00Z,31413.25,31416.0,31412.5,31413.25,93,2026-10-07T22:30:25+00:00
2026-10-07T08:55:00Z,31413.0,31420.25,31411.75,31411.75,131,2026-10-07T22:30:25+00:00
2026-10-07T08:56:00Z,31412.25,31416.25,31410.25,31413.0,150,2026-10-07T22:30:25+00:00
2026-10-07T08:57:00Z,31413.0,31415.0,31411.0,31413.75,45,2026-10-07T22:30:25+00:00
2026-10-07T08:58:00Z,31413.5,31414.5,31405.5,31409.5,138,2026-10-07T22:30:25+00:00
2026-10-07T08:59:00Z,31409.75,31414.25,31409.75,31411.75,60,2026-10-07T22:30:25+00:00
2026-10-07T09:00:00Z,31411.5,31413.5,31408.25,31410.25,73,2026-10-07T22:30:25+00:00
2026-10-07T09:01:00Z,31409.5,31409.5,31402.25,31407.0,194,2026-10-07T22:30:25+00:00
2026-10-07T09:02:00Z,31407.25,31407.5,31402.0,31405.0,122,2026-10-07T22:30:25+00:00
2026-10-07T09:03:00Z,31405.25,31405.5,31394.0,31400.5,528,2026-10-07T22:30:25+00:00
2026-10-07T09:04:00Z,31398.5,31399.5,31393.0,31395.5,181,2026-10-07T22:30:25+00:00
2026-10-07T09:05:00Z,31396.25,31396.5,31392.25,31395.0,143,2026-10-07T22:30:25+00:00
2026-10-07T09:06:00Z,31395.5,31395.75,31386.0,31390.25,212,2026-10-07T22:30:25+00:00
2026-10-07T09:07:00Z,31390.75,31390.75,31381.75,31382.75,242,2026-10-07T22:30:25+00:00
2026-10-07T09:08:00Z,31383.0,31386.5,31376.75,31379.25,246,2026-10-07T22:30:25+00:00
2026-10-07T09:09:00Z,31379.75,31387.75,31375.25,31386.25,282,2026-10-07T22:30:25+00:00
2026-10-07T09:10:00Z,31385.25,31391.25,31384.5,31386.25,144,2026-10-07T22:30:25+00:00
2026-10-07T09:11:00Z,31387.0,31388.5,31375.75,31379.0,196,2026-10-07T22:30:25+00:00
2026-10-07T09:12:00Z,31378.25,31393.5,31378.0,31389.0,161,2026-10-07T22:30:25+00:00
2026-10-07T09:13:00Z,31388.75,31392.0,31385.0,31386.5,78,2026-10-07T22:30:25+00:00
2026-10-07T09:14:00Z,31386.0,31386.0,31381.0,31382.25,108,2026-10-07T22:30:25+00:00
2026-10-07T09:15:00Z,31382.75,31384.5,31379.0,31379.25,113,2026-10-07T22:30:25+00:00
2026-10-07T09:16:00Z,31378.5,31381.75,31375.0,31376.25,195,2026-10-07T22:30:25+00:00
2026-10-07T09:17:00Z,31376.0,31376.75,31370.0,31370.0,203,2026-10-07T22:30:25+00:00
2026-10-07T09:18:00Z,31370.5,31375.75,31367.75,31374.25,210,2026-10-07T22:30:25+00:00
2026-10-07T09:19:00Z,31373.0,31378.5,31360.25,31361.5,428,2026-10-07T22:30:25+00:00
2026-10-07T09:20:00Z,31361.75,31364.75,31350.0,31351.25,642,2026-10-07T22:30:25+00:00
2026-10-07T09:21:00Z,31352.0,31355.5,31345.75,31346.0,287,2026-10-07T22:30:25+00:00
2026-10-07T09:22:00Z,31346.75,31362.0,31346.25,31360.25,268,2026-10-07T22:30:25+00:00
2026-10-07T09:23:00Z,31359.25,31365.0,31356.75,31363.75,130,2026-10-07T22:30:25+00:00
2026-10-07T09:24:00Z,31365.0,31372.5,31364.75,31370.0,223,2026-10-07T22:30:25+00:00
2026-10-07T09:25:00Z,31371.0,31371.0,31365.25,31369.0,128,2026-10-07T22:30:25+00:00
2026-10-07T09:26:00Z,31368.0,31372.5,31367.0,31368.0,136,2026-10-07T22:30:25+00:00
2026-10-07T09:27:00Z,31369.0,31375.75,31367.0,31372.5,223,2026-10-07T22:30:25+00:00
2026-10-07T09:28:00Z,31372.0,31380.75,31371.75,31375.75,160,2026-10-07T22:30:25+00:00
2026-10-07T09:29:00Z,31376.5,31380.0,31372.75,31374.25,162,2026-10-07T22:30:25+00:00
2026-10-07T09:30:00Z,31373.75,31376.5,31369.75,31372.5,126,2026-10-07T22:30:25+00:00
2026-10-07T09:31:00Z,31372.5,31377.5,31369.0,31369.75,173,2026-10-07T22:30:25+00:00
2026-10-07T09:32:00Z,31369.75,31372.5,31363.5,31372.0,132,2026-10-07T22:30:25+00:00
2026-10-07T09:33:00Z,31372.0,31376.0,31367.5,31367.5,73,2026-10-07T22:30:25+00:00
2026-10-07T09:34:00Z,31367.75,31367.75,31359.75,31364.25,143,2026-10-07T22:30:25+00:00
2026-10-07T09:35:00Z,31363.5,31365.75,31359.75,31363.75,81,2026-10-07T22:30:25+00:00
2026-10-07T09:36:00Z,31363.0,31363.0,31358.0,31362.5,62,2026-10-07T22:30:25+00:00
2026-10-07T09:37:00Z,31362.0,31366.75,31360.5,31366.25,103,2026-10-07T22:30:25+00:00
2026-10-07T09:38:00Z,31365.75,31366.5,31362.75,31364.5,51,2026-10-07T22:30:25+00:00
2026-10-07T09:39:00Z,31366.75,31368.25,31359.75,31366.0,93,2026-10-07T22:30:25+00:00
2026-10-07T09:40:00Z,31365.5,31365.5,31352.0,31353.0,158,2026-10-07T22:30:25+00:00
2026-10-07T09:41:00Z,31352.0,31352.5,31338.0,31342.0,355,2026-10-07T22:30:25+00:00
2026-10-07T09:42:00Z,31341.25,31342.75,31339.0,31340.5,119,2026-10-07T22:30:25+00:00
2026-10-07T09:43:00Z,31341.5,31342.5,31336.5,31341.5,197,2026-10-07T22:30:25+00:00
2026-10-07T09:44:00Z,31341.0,31347.0,31340.5,31343.0,229,2026-10-07T22:30:25+00:00
2026-10-07T09:45:00Z,31343.25,31345.75,31341.75,31345.0,67,2026-10-07T22:30:25+00:00
2026-10-07T09:46:00Z,31344.0,31348.0,31343.0,31347.0,108,2026-10-07T22:30:25+00:00
2026-10-07T09:47:00Z,31348.0,31348.0,31338.75,31342.75,93,2026-10-07T22:30:25+00:00
2026-10-07T09:48:00Z,31341.25,31344.25,31336.5,31337.25,145,2026-10-07T22:30:25+00:00
2026-10-07T09:49:00Z,31337.25,31345.5,31336.5,31345.0,115,2026-10-07T22:30:25+00:00
2026-10-07T09:50:00Z,31344.25,31351.75,31341.5,31351.25,167,2026-10-07T22:30:25+00:00
2026-10-07T09:51:00Z,31351.75,31354.25,31349.75,31351.25,179,2026-10-07T22:30:25+00:00
2026-10-07T09:52:00Z,31349.5,31350.25,31342.25,31343.25,86,2026-10-07T22:30:25+00:00
2026-10-07T09:53:00Z,31344.75,31345.25,31338.75,31343.25,69,2026-10-07T22:30:25+00:00
2026-10-07T09:54:00Z,31342.0,31349.0,31341.0,31348.25,158,2026-10-07T22:30:25+00:00
2026-10-07T09:55:00Z,31348.5,31350.0,31334.25,31336.25,283,2026-10-07T22:30:25+00:00
2026-10-07T09:56:00Z,31335.75,31335.75,31325.0,31331.5,550,2026-10-07T22:30:25+00:00
2026-10-07T09:57:00Z,31331.75,31346.75,31331.25,31346.25,222,2026-10-07T22:30:25+00:00
2026-10-07T09:58:00Z,31346.75,31351.75,31344.25,31350.5,165,2026-10-07T22:30:25+00:00
2026-10-07T09:59:00Z,31349.75,31360.25,31346.5,31359.0,231,2026-10-07T22:30:25+00:00
2026-10-07T10:00:00Z,31359.0,31360.25,31351.25,31354.5,108,2026-10-07T22:30:25+00:00
2026-10-07T10:01:00Z,31354.75,31356.5,31350.25,31353.5,96,2026-10-07T22:30:25+00:00
2026-10-07T10:02:00Z,31352.5,31357.75,31352.5,31357.75,35,2026-10-07T22:30:25+00:00
2026-10-07T10:03:00Z,31357.5,31368.5,31357.25,31362.5,324,2026-10-07T22:30:25+00:00
2026-10-07T10:04:00Z,31362.25,31365.5,31357.75,31362.25,409,2026-10-07T22:30:25+00:00
2026-10-07T10:05:00Z,31361.25,31363.0,31357.75,31361.0,532,2026-10-07T22:30:25+00:00
2026-10-07T10:06:00Z,31359.0,31364.5,31347.0,31364.25,321,2026-10-07T22:30:25+00:00
2026-10-07T10:07:00Z,31362.75,31368.25,31358.25,31361.25,148,2026-10-07T22:30:25+00:00
2026-10-07T10:08:00Z,31360.25,31362.75,31349.0,31352.5,328,2026-10-07T22:30:25+00:00
2026-10-07T10:09:00Z,31353.25,31356.25,31350.0,31350.25,65,2026-10-07T22:30:25+00:00
2026-10-07T10:10:00Z,31350.5,31354.0,31349.5,31351.75,43,2026-10-07T22:30:25+00:00
2026-10-07T10:11:00Z,31352.25,31353.5,31350.5,31352.25,43,2026-10-07T22:30:25+00:00
2026-10-07T10:12:00Z,31351.5,31354.25,31350.0,31352.5,35,2026-10-07T22:30:25+00:00
2026-10-07T10:13:00Z,31352.75,31353.75,31341.75,31348.0,150,2026-10-07T22:30:25+00:00
2026-10-07T10:14:00Z,31347.0,31350.0,31345.25,31348.0,54,2026-10-07T22:30:25+00:00
2026-10-07T10:15:00Z,31347.75,31351.0,31347.75,31349.75,43,2026-10-07T22:30:25+00:00
2026-10-07T10:16:00Z,31349.75,31350.5,31339.25,31339.5,159,2026-10-07T22:30:25+00:00
2026-10-07T10:17:00Z,31339.5,31345.0,31339.25,31340.75,30,2026-10-07T22:30:25+00:00
2026-10-07T10:18:00Z,31341.0,31341.0,31332.25,31338.0,173,2026-10-07T22:30:25+00:00
2026-10-07T10:19:00Z,31337.0,31343.25,31337.0,31338.5,69,2026-10-07T22:30:25+00:00
2026-10-07T10:20:00Z,31339.0,31341.0,31329.0,31331.5,137,2026-10-07T22:30:25+00:00
2026-10-07T10:21:00Z,31331.5,31334.75,31330.25,31334.0,61,2026-10-07T22:30:25+00:00
2026-10-07T10:22:00Z,31333.5,31339.0,31333.0,31338.0,75,2026-10-07T22:30:25+00:00
2026-10-07T10:23:00Z,31336.25,31338.25,31334.25,31337.75,91,2026-10-07T22:30:25+00:00
2026-10-07T10:24:00Z,31336.75,31343.75,31336.25,31342.25,80,2026-10-07T22:30:25+00:00
2026-10-07T10:25:00Z,31342.75,31348.5,31341.25,31347.25,122,2026-10-07T22:30:25+00:00
2026-10-07T10:26:00Z,31347.0,31354.0,31346.25,31350.25,138,2026-10-07T22:30:25+00:00
2026-10-07T10:27:00Z,31349.75,31354.5,31347.5,31347.75,76,2026-10-07T22:30:25+00:00
2026-10-07T10:28:00Z,31347.75,31352.25,31341.0,31348.0,196,2026-10-07T22:30:25+00:00
2026-10-07T10:29:00Z,31347.5,31347.75,31337.75,31340.75,96,2026-10-07T22:30:25+00:00
2026-10-07T10:30:00Z,31339.75,31342.25,31335.75,31337.75,77,2026-10-07T22:30:25+00:00
2026-10-07T10:31:00Z,31337.25,31337.5,31328.75,31328.75,232,2026-10-07T22:30:25+00:00
2026-10-07T10:32:00Z,31328.75,31329.0,31320.0,31324.5,306,2026-10-07T22:30:25+00:00
2026-10-07T10:33:00Z,31325.5,31333.25,31324.5,31325.25,261,2026-10-07T22:30:25+00:00
2026-10-07T10:34:00Z,31324.75,31330.5,31322.0,31327.5,156,2026-10-07T22:30:25+00:00
2026-10-07T10:35:00Z,31327.75,31329.0,31324.5,31326.0,73,2026-10-07T22:30:25+00:00
2026-10-07T10:36:00Z,31327.0,31327.75,31322.25,31322.25,113,2026-10-07T22:30:25+00:00
2026-10-07T10:37:00Z,31322.75,31328.25,31317.25,31327.5,323,2026-10-07T22:30:25+00:00
2026-10-07T10:38:00Z,31327.25,31331.5,31325.25,31326.0,135,2026-10-07T22:30:25+00:00
2026-10-07T10:39:00Z,31326.5,31328.5,31324.75,31325.75,52,2026-10-07T22:30:25+00:00
2026-10-07T10:40:00Z,31325.75,31327.75,31320.25,31325.75,94,2026-10-07T22:30:25+00:00
2026-10-07T10:41:00Z,31327.0,31329.0,31319.0,31322.25,194,2026-10-07T22:30:25+00:00
2026-10-07T10:42:00Z,31322.75,31323.75,31300.5,31308.75,584,2026-10-07T22:30:25+00:00
2026-10-07T10:43:00Z,31310.0,31316.0,31308.0,31311.5,251,2026-10-07T22:30:25+00:00
2026-10-07T10:44:00Z,31311.0,31312.25,31303.5,31306.75,274,2026-10-07T22:30:25+00:00
2026-10-07T10:45:00Z,31307.25,31308.25,31295.0,31299.25,581,2026-10-07T22:30:25+00:00
2026-10-07T10:46:00Z,31298.5,31299.75,31282.25,31286.5,975,2026-10-07T22:30:25+00:00
2026-10-07T10:47:00Z,31286.75,31296.25,31285.0,31292.0,281,2026-10-07T22:30:25+00:00
2026-10-07T10:48:00Z,31292.0,31300.0,31291.5,31299.0,153,2026-10-07T22:30:25+00:00
2026-10-07T10:49:00Z,31298.0,31298.5,31284.25,31284.75,278,2026-10-07T22:30:25+00:00
2026-10-07T10:50:00Z,31284.75,31306.25,31280.5,31303.75,480,2026-10-07T22:30:25+00:00
2026-10-07T10:51:00Z,31304.0,31312.75,31304.0,31306.0,243,2026-10-07T22:30:25+00:00
2026-10-07T10:52:00Z,31306.0,31307.25,31300.25,31306.0,110,2026-10-07T22:30:25+00:00
2026-10-07T10:53:00Z,31304.75,31305.25,31300.0,31301.75,86,2026-10-07T22:30:25+00:00
2026-10-07T10:54:00Z,31301.75,31309.75,31300.5,31305.0,121,2026-10-07T22:30:25+00:00
2026-10-07T10:55:00Z,31305.25,31309.0,31301.25,31301.25,90,2026-10-07T22:30:25+00:00
2026-10-07T10:56:00Z,31300.0,31305.0,31300.0,31302.75,94,2026-10-07T22:30:25+00:00
2026-10-07T10:57:00Z,31304.25,31307.25,31300.5,31303.25,139,2026-10-07T22:30:25+00:00
2026-10-07T10:58:00Z,31303.75,31305.75,31302.0,31303.75,94,2026-10-07T22:30:25+00:00
2026-10-07T10:59:00Z,31302.75,31305.75,31298.5,31299.5,195,2026-10-07T22:30:25+00:00
2026-10-07T11:00:00Z,31298.75,31304.0,31265.0,31272.25,1078,2026-10-07T22:30:25+00:00
2026-10-07T11:01:00Z,31273.0,31273.0,31263.0,31265.5,405,2026-10-07T22:30:25+00:00
2026-10-07T11:02:00Z,31266.25,31269.75,31258.75,31260.25,556,2026-10-07T22:30:25+00:00
2026-10-07T11:03:00Z,31260.75,31269.25,31259.75,31264.75,218,2026-10-07T22:30:25+00:00
2026-10-07T11:04:00Z,31266.0,31271.5,31259.0,31264.25,358,2026-10-07T22:30:25+00:00
2026-10-07T11:05:00Z,31264.25,31269.0,31251.0,31258.5,599,2026-10-07T22:30:25+00:00
2026-10-07T11:06:00Z,31258.5,31258.75,31251.5,31254.25,153,2026-10-07T22:30:25+00:00
2026-10-07T11:07:00Z,31253.5,31268.25,31253.25,31267.0,414,2026-10-07T22:30:25+00:00
2026-10-07T11:08:00Z,31267.25,31267.75,31258.0,31260.0,148,2026-10-07T22:30:25+00:00
2026-10-07T11:09:00Z,31260.0,31261.75,31252.0,31257.0,188,2026-10-07T22:30:25+00:00
2026-10-07T11:10:00Z,31255.25,31260.75,31251.0,31259.25,202,2026-10-07T22:30:25+00:00
2026-10-07T11:11:00Z,31259.5,31272.5,31259.5,31272.0,251,2026-10-07T22:30:25+00:00
2026-10-07T11:12:00Z,31271.75,31274.25,31267.5,31270.0,193,2026-10-07T22:30:25+00:00
2026-10-07T11:13:00Z,31270.0,31277.5,31267.5,31269.5,216,2026-10-07T22:30:25+00:00
2026-10-07T11:14:00Z,31269.75,31273.75,31265.5,31273.75,116,2026-10-07T22:30:25+00:00
2026-10-07T11:15:00Z,31273.5,31273.75,31265.5,31268.75,114,2026-10-07T22:30:25+00:00
2026-10-07T11:16:00Z,31268.5,31270.0,31262.75,31266.0,110,2026-10-07T22:30:25+00:00
2026-10-07T11:17:00Z,31265.75,31266.25,31254.25,31258.5,216,2026-10-07T22:30:25+00:00
2026-10-07T11:18:00Z,31258.5,31267.5,31258.5,31265.0,132,2026-10-07T22:30:25+00:00
2026-10-07T11:19:00Z,31264.75,31265.0,31248.75,31250.0,349,2026-10-07T22:30:25+00:00
2026-10-07T11:20:00Z,31250.25,31252.25,31239.0,31240.25,381,2026-10-07T22:30:25+00:00
2026-10-07T11:21:00Z,31240.5,31256.25,31239.25,31250.25,412,2026-10-07T22:30:25+00:00
2026-10-07T11:22:00Z,31250.25,31256.75,31247.5,31255.0,176,2026-10-07T22:30:25+00:00
2026-10-07T11:23:00Z,31255.25,31259.75,31250.0,31256.25,173,2026-10-07T22:30:25+00:00
2026-10-07T11:24:00Z,31256.0,31259.5,31252.75,31254.5,138,2026-10-07T22:30:25+00:00
2026-10-07T11:25:00Z,31254.5,31267.75,31247.25,31258.5,557,2026-10-07T22:30:25+00:00
2026-10-07T11:26:00Z,31258.25,31260.25,31252.25,31254.25,153,2026-10-07T22:30:25+00:00
2026-10-07T11:27:00Z,31254.75,31256.0,31244.25,31245.75,181,2026-10-07T22:30:25+00:00
2026-10-07T11:28:00Z,31243.0,31254.0,31241.75,31253.25,271,2026-10-07T22:30:25+00:00
2026-10-07T11:29:00Z,31253.25,31269.5,31246.5,31249.5,824,2026-10-07T22:30:25+00:00
2026-10-07T11:30:00Z,31248.75,31248.75,31217.25,31238.0,1274,2026-10-07T22:30:25+00:00
2026-10-07T11:31:00Z,31238.0,31252.75,31228.75,31242.5,919,2026-10-07T22:30:25+00:00
2026-10-07T11:32:00Z,31241.0,31241.25,31225.25,31230.0,353,2026-10-07T22:30:25+00:00
2026-10-07T11:33:00Z,31231.0,31244.0,31230.25,31243.5,318,2026-10-07T22:30:25+00:00
2026-10-07T11:34:00Z,31244.0,31253.0,31242.75,31244.5,279,2026-10-07T22:30:25+00:00
2026-10-07T11:35:00Z,31244.25,31249.75,31239.75,31247.0,182,2026-10-07T22:30:25+00:00
2026-10-07T11:36:00Z,31246.75,31253.75,31240.25,31249.0,225,2026-10-07T22:30:25+00:00
2026-10-07T11:37:00Z,31247.75,31249.0,31241.25,31244.0,111,2026-10-07T22:30:25+00:00
2026-10-07T11:38:00Z,31243.25,31246.5,31232.25,31233.0,198,2026-10-07T22:30:25+00:00
2026-10-07T11:39:00Z,31234.0,31235.25,31226.0,31229.0,203,2026-10-07T22:30:25+00:00
2026-10-07T11:40:00Z,31228.75,31228.75,31219.5,31226.0,292,2026-10-07T22:30:25+00:00
2026-10-07T11:41:00Z,31226.5,31234.5,31226.5,31231.25,195,2026-10-07T22:30:25+00:00
2026-10-07T11:42:00Z,31230.75,31235.25,31228.5,31234.75,174,2026-10-07T22:30:25+00:00
2026-10-07T11:43:00Z,31235.25,31236.0,31229.0,31234.75,135,2026-10-07T22:30:25+00:00
2026-10-07T11:44:00Z,31234.75,31238.75,31232.75,31238.25,114,2026-10-07T22:30:25+00:00
2026-10-07T11:45:00Z,31238.5,31238.5,31229.0,31231.75,164,2026-10-07T22:30:25+00:00
2026-10-07T11:46:00Z,31232.0,31237.75,31224.25,31234.25,230,2026-10-07T22:30:25+00:00
2026-10-07T11:47:00Z,31234.5,31244.5,31234.25,31238.75,254,2026-10-07T22:30:25+00:00
2026-10-07T11:48:00Z,31238.75,31250.0,31238.75,31248.5,276,2026-10-07T22:30:25+00:00
2026-10-07T11:49:00Z,31248.5,31252.25,31244.75,31249.0,220,2026-10-07T22:30:25+00:00
2026-10-07T11:50:00Z,31248.0,31253.5,31235.0,31235.75,201,2026-10-07T22:30:25+00:00
2026-10-07T11:51:00Z,31235.5,31238.5,31221.75,31230.75,360,2026-10-07T22:30:25+00:00
2026-10-07T11:52:00Z,31231.0,31233.75,31226.5,31226.5,157,2026-10-07T22:30:25+00:00
2026-10-07T11:53:00Z,31226.25,31233.5,31223.75,31229.5,189,2026-10-07T22:30:25+00:00
2026-10-07T11:54:00Z,31230.25,31252.25,31229.75,31252.25,286,2026-10-07T22:30:25+00:00
2026-10-07T11:55:00Z,31251.0,31260.25,31247.75,31259.0,418,2026-10-07T22:30:25+00:00
2026-10-07T11:56:00Z,31257.75,31261.25,31253.5,31254.25,371,2026-10-07T22:30:25+00:00
2026-10-07T11:57:00Z,31253.75,31259.75,31248.5,31257.0,240,2026-10-07T22:30:25+00:00
2026-10-07T11:58:00Z,31256.25,31273.0,31252.5,31269.25,690,2026-10-07T22:30:25+00:00
2026-10-07T11:59:00Z,31269.0,31282.25,31261.5,31267.5,793,2026-10-07T22:30:25+00:00
2026-10-07T12:00:00Z,31266.75,31270.0,31261.25,31262.75,283,2026-10-07T22:30:25+00:00
2026-10-07T12:01:00Z,31263.75,31273.0,31260.75,31270.75,167,2026-10-07T22:30:25+00:00
2026-10-07T12:02:00Z,31272.75,31274.0,31265.25,31266.5,152,2026-10-07T22:30:25+00:00
2026-10-07T12:03:00Z,31267.0,31276.0,31266.25,31271.25,170,2026-10-07T22:30:25+00:00
2026-10-07T12:04:00Z,31271.0,31273.25,31266.25,31271.75,86,2026-10-07T22:30:25+00:00
2026-10-07T12:05:00Z,31270.0,31271.0,31264.75,31269.75,129,2026-10-07T22:30:25+00:00
2026-10-07T12:06:00Z,31268.5,31277.0,31262.25,31270.25,197,2026-10-07T22:30:25+00:00
2026-10-07T12:07:00Z,31271.0,31273.5,31262.75,31269.5,173,2026-10-07T22:30:25+00:00
2026-10-07T12:08:00Z,31269.5,31274.5,31266.0,31267.25,92,2026-10-07T22:30:25+00:00
2026-10-07T12:09:00Z,31268.75,31269.5,31264.25,31265.0,50,2026-10-07T22:30:25+00:00
2026-10-07T12:10:00Z,31265.25,31266.0,31261.5,31265.25,86,2026-10-07T22:30:25+00:00
2026-10-07T12:11:00Z,31264.75,31272.0,31264.75,31269.0,133,2026-10-07T22:30:25+00:00
2026-10-07T12:12:00Z,31268.75,31272.0,31262.5,31264.25,133,2026-10-07T22:30:25+00:00
2026-10-07T12:13:00Z,31264.75,31275.25,31262.5,31271.75,168,2026-10-07T22:30:25+00:00
2026-10-07T12:14:00Z,31272.5,31273.75,31266.25,31268.75,98,2026-10-07T22:30:25+00:00
2026-10-07T12:15:00Z,31267.5,31270.5,31262.25,31264.5,124,2026-10-07T22:30:25+00:00
2026-10-07T12:16:00Z,31264.0,31274.5,31259.75,31273.0,219,2026-10-07T22:30:25+00:00
2026-10-07T12:17:00Z,31273.5,31280.75,31262.25,31264.0,290,2026-10-07T22:30:25+00:00
2026-10-07T12:18:00Z,31265.0,31269.75,31247.0,31247.25,472,2026-10-07T22:30:25+00:00
2026-10-07T12:19:00Z,31247.5,31250.75,31242.25,31243.25,338,2026-10-07T22:30:25+00:00
2026-10-07T12:20:00Z,31242.25,31270.25,31241.5,31251.25,760,2026-10-07T22:30:25+00:00
2026-10-07T12:21:00Z,31250.25,31251.5,31240.25,31242.5,318,2026-10-07T22:30:25+00:00
2026-10-07T12:22:00Z,31243.0,31243.25,31237.0,31240.0,230,2026-10-07T22:30:25+00:00
2026-10-07T12:23:00Z,31240.0,31250.75,31237.75,31244.5,197,2026-10-07T22:30:25+00:00
2026-10-07T12:24:00Z,31244.75,31247.75,31242.25,31247.0,168,2026-10-07T22:30:25+00:00
2026-10-07T12:25:00Z,31246.75,31250.25,31235.0,31236.0,277,2026-10-07T22:30:25+00:00
2026-10-07T12:26:00Z,31235.5,31236.0,31222.25,31223.25,452,2026-10-07T22:30:25+00:00
2026-10-07T12:27:00Z,31223.0,31223.5,31212.5,31216.0,531,2026-10-07T22:30:25+00:00
2026-10-07T12:28:00Z,31216.25,31216.5,31206.25,31211.0,539,2026-10-07T22:30:25+00:00
2026-10-07T12:29:00Z,31211.0,31228.75,31209.75,31228.0,411,2026-10-07T22:30:25+00:00
2026-10-07T12:30:00Z,31227.5,31234.5,31220.5,31226.25,451,2026-10-07T22:30:25+00:00
2026-10-07T12:31:00Z,31226.5,31244.0,31223.5,31239.75,519,2026-10-07T22:30:25+00:00
2026-10-07T12:32:00Z,31240.5,31242.0,31233.25,31235.0,305,2026-10-07T22:30:25+00:00
2026-10-07T12:33:00Z,31235.5,31245.0,31233.75,31235.5,243,2026-10-07T22:30:25+00:00
2026-10-07T12:34:00Z,31235.0,31246.0,31233.5,31243.0,224,2026-10-07T22:30:25+00:00
2026-10-07T12:35:00Z,31243.25,31249.0,31240.75,31248.0,172,2026-10-07T22:30:25+00:00
2026-10-07T12:36:00Z,31247.25,31259.75,31247.25,31259.25,413,2026-10-07T22:30:25+00:00
2026-10-07T12:37:00Z,31259.5,31268.75,31258.75,31264.25,304,2026-10-07T22:30:25+00:00
2026-10-07T12:38:00Z,31263.75,31267.5,31261.0,31265.5,283,2026-10-07T22:30:25+00:00
2026-10-07T12:39:00Z,31265.0,31269.25,31259.0,31264.0,202,2026-10-07T22:30:25+00:00
2026-10-07T12:40:00Z,31263.25,31266.0,31259.0,31260.75,257,2026-10-07T22:30:25+00:00
2026-10-07T12:41:00Z,31260.25,31265.25,31257.5,31258.0,182,2026-10-07T22:30:25+00:00
2026-10-07T12:42:00Z,31258.0,31261.25,31253.25,31261.0,185,2026-10-07T22:30:25+00:00
2026-10-07T12:43:00Z,31260.75,31264.25,31255.75,31258.5,126,2026-10-07T22:30:25+00:00
2026-10-07T12:44:00Z,31256.75,31259.25,31250.75,31252.0,274,2026-10-07T22:30:25+00:00
2026-10-07T12:45:00Z,31253.0,31253.25,31239.25,31241.75,355,2026-10-07T22:30:25+00:00
2026-10-07T12:46:00Z,31240.5,31246.25,31235.5,31241.5,371,2026-10-07T22:30:25+00:00
2026-10-07T12:47:00Z,31241.25,31255.0,31238.0,31248.0,652,2026-10-07T22:30:25+00:00
2026-10-07T12:48:00Z,31247.25,31257.0,31247.25,31254.25,297,2026-10-07T22:30:25+00:00
2026-10-07T12:49:00Z,31255.5,31266.0,31251.25,31263.25,250,2026-10-07T22:30:25+00:00
2026-10-07T12:50:00Z,31263.25,31267.75,31259.0,31262.5,361,2026-10-07T22:30:25+00:00
2026-10-07T12:51:00Z,31262.5,31266.5,31255.0,31259.5,251,2026-10-07T22:30:25+00:00
2026-10-07T12:52:00Z,31259.5,31261.25,31257.0,31261.25,116,2026-10-07T22:30:25+00:00
2026-10-07T12:53:00Z,31261.75,31264.0,31260.5,31263.0,128,2026-10-07T22:30:25+00:00
2026-10-07T12:54:00Z,31263.5,31271.5,31262.0,31262.75,349,2026-10-07T22:30:25+00:00
2026-10-07T12:55:00Z,31262.25,31269.0,31260.25,31267.25,162,2026-10-07T22:30:25+00:00
2026-10-07T12:56:00Z,31267.5,31267.5,31259.0,31265.5,136,2026-10-07T22:30:25+00:00
2026-10-07T12:57:00Z,31265.5,31266.0,31260.0,31262.25,155,2026-10-07T22:30:25+00:00
2026-10-07T12:58:00Z,31262.0,31264.75,31256.5,31258.25,125,2026-10-07T22:30:25+00:00
2026-10-07T12:59:00Z,31257.5,31260.0,31251.25,31259.25,185,2026-10-07T22:30:25+00:00
2026-10-07T13:00:00Z,31259.25,31261.0,31251.5,31255.0,338,2026-10-07T22:30:25+00:00
2026-10-07T13:01:00Z,31254.75,31266.0,31254.0,31262.75,218,2026-10-07T22:30:25+00:00
2026-10-07T13:02:00Z,31262.25,31267.5,31260.25,31267.25,281,2026-10-07T22:30:25+00:00
2026-10-07T13:03:00Z,31267.75,31269.0,31263.5,31266.5,155,2026-10-07T22:30:25+00:00
2026-10-07T13:04:00Z,31267.25,31273.75,31248.0,31251.75,498,2026-10-07T22:30:25+00:00
2026-10-07T13:05:00Z,31251.5,31259.0,31250.25,31259.0,281,2026-10-07T22:30:25+00:00
2026-10-07T13:06:00Z,31259.25,31266.25,31258.75,31262.25,202,2026-10-07T22:30:25+00:00
2026-10-07T13:07:00Z,31262.75,31264.25,31258.0,31263.25,124,2026-10-07T22:30:25+00:00
2026-10-07T13:08:00Z,31263.25,31264.5,31259.75,31261.0,114,2026-10-07T22:30:25+00:00
2026-10-07T13:09:00Z,31261.0,31265.0,31258.25,31259.5,154,2026-10-07T22:30:25+00:00
2026-10-07T13:10:00Z,31259.75,31263.0,31257.5,31259.5,183,2026-10-07T22:30:25+00:00
2026-10-07T13:11:00Z,31260.0,31262.25,31255.5,31258.25,180,2026-10-07T22:30:25+00:00
2026-10-07T13:12:00Z,31258.5,31260.75,31256.25,31258.75,150,2026-10-07T22:30:25+00:00
2026-10-07T13:13:00Z,31257.5,31258.75,31251.0,31253.25,178,2026-10-07T22:30:25+00:00
2026-10-07T13:14:00Z,31253.5,31255.5,31249.25,31255.0,185,2026-10-07T22:30:25+00:00
2026-10-07T13:15:00Z,31254.5,31256.75,31249.5,31250.5,187,2026-10-07T22:30:25+00:00
2026-10-07T13:16:00Z,31251.25,31260.5,31251.25,31257.5,290,2026-10-07T22:30:25+00:00
2026-10-07T13:17:00Z,31258.25,31258.25,31251.0,31253.25,134,2026-10-07T22:30:25+00:00
2026-10-07T13:18:00Z,31252.5,31257.25,31251.0,31256.5,192,2026-10-07T22:30:25+00:00
2026-10-07T13:19:00Z,31256.5,31257.5,31253.25,31257.5,124,2026-10-07T22:30:25+00:00
2026-10-07T13:20:00Z,31257.0,31258.75,31251.5,31252.5,183,2026-10-07T22:30:25+00:00
2026-10-07T13:21:00Z,31252.75,31253.0,31245.25,31246.75,341,2026-10-07T22:30:25+00:00
2026-10-07T13:22:00Z,31247.0,31249.5,31234.0,31235.5,599,2026-10-07T22:30:25+00:00
2026-10-07T13:23:00Z,31235.5,31253.0,31231.0,31253.0,605,2026-10-07T22:30:25+00:00
2026-10-07T13:24:00Z,31252.75,31253.5,31234.75,31236.5,550,2026-10-07T22:30:25+00:00
2026-10-07T13:25:00Z,31236.5,31243.5,31233.0,31235.5,650,2026-10-07T22:30:25+00:00
2026-10-07T13:26:00Z,31235.75,31239.75,31233.25,31236.5,274,2026-10-07T22:30:25+00:00
2026-10-07T13:27:00Z,31236.75,31241.5,31231.5,31241.25,696,2026-10-07T22:30:25+00:00
2026-10-07T13:28:00Z,31240.0,31240.0,31227.25,31232.0,822,2026-10-07T22:30:25+00:00
2026-10-07T13:29:00Z,31231.75,31245.0,31228.75,31234.0,1401,2026-10-07T22:30:25+00:00
2026-10-07T13:30:00Z,31233.75,31257.75,31215.25,31244.0,7356,2026-10-07T22:30:25+00:00
2026-10-07T13:31:00Z,31243.75,31272.0,31242.5,31261.75,4849,2026-10-07T22:30:25+00:00
2026-10-07T13:32:00Z,31262.5,31263.0,31230.0,31255.0,3672,2026-10-07T22:30:25+00:00
2026-10-07T13:33:00Z,31254.75,31275.5,31247.25,31264.25,3087,2026-10-07T22:30:25+00:00
2026-10-07T13:34:00Z,31263.25,31273.25,31253.5,31255.75,2670,2026-10-07T22:30:25+00:00
2026-10-07T13:35:00Z,31255.5,31259.25,31228.25,31239.25,3273,2026-10-07T22:30:25+00:00
2026-10-07T13:36:00Z,31240.25,31247.75,31227.75,31236.0,2234,2026-10-07T22:30:25+00:00
2026-10-07T13:37:00Z,31235.75,31237.5,31202.25,31204.5,3183,2026-10-07T22:30:25+00:00
2026-10-07T13:38:00Z,31204.75,31213.75,31163.0,31166.25,4614,2026-10-07T22:30:25+00:00
2026-10-07T13:39:00Z,31165.75,31182.25,31150.0,31180.0,4229,2026-10-07T22:30:25+00:00
2026-10-07T13:40:00Z,31180.25,31189.0,31164.5,31181.0,3433,2026-10-07T22:30:25+00:00
2026-10-07T13:41:00Z,31181.25,31192.0,31165.75,31171.25,2317,2026-10-07T22:30:25+00:00
2026-10-07T13:42:00Z,31171.0,31193.75,31167.25,31190.25,2577,2026-10-07T22:30:25+00:00
2026-10-07T13:43:00Z,31191.0,31191.5,31172.25,31177.75,1692,2026-10-07T22:30:25+00:00
2026-10-07T13:44:00Z,31177.75,31211.5,31174.0,31192.5,2627,2026-10-07T22:30:25+00:00
2026-10-07T13:45:00Z,31193.25,31207.25,31184.25,31194.25,2276,2026-10-07T22:30:25+00:00
2026-10-07T13:46:00Z,31195.25,31199.75,31169.5,31173.0,2207,2026-10-07T22:30:25+00:00
2026-10-07T13:47:00Z,31172.75,31175.5,31143.0,31148.0,2749,2026-10-07T22:30:25+00:00
2026-10-07T13:48:00Z,31147.75,31178.0,31144.75,31173.25,2302,2026-10-07T22:30:25+00:00
2026-10-07T13:49:00Z,31173.25,31188.0,31168.25,31177.5,1733,2026-10-07T22:30:25+00:00
2026-10-07T13:50:00Z,31177.5,31202.75,31174.75,31201.25,2133,2026-10-07T22:30:25+00:00
2026-10-07T13:51:00Z,31201.0,31204.5,31193.25,31198.5,1693,2026-10-07T22:30:25+00:00
2026-10-07T13:52:00Z,31198.75,31202.0,31190.75,31195.75,1263,2026-10-07T22:30:25+00:00
2026-10-07T13:53:00Z,31195.5,31222.75,31195.5,31203.75,2585,2026-10-07T22:30:25+00:00
2026-10-07T13:54:00Z,31203.0,31225.0,31201.5,31213.75,1773,2026-10-07T22:30:25+00:00
2026-10-07T13:55:00Z,31213.75,31220.5,31204.5,31206.0,1327,2026-10-07T22:30:25+00:00
2026-10-07T13:56:00Z,31206.25,31223.75,31205.5,31222.75,1122,2026-10-07T22:30:25+00:00
2026-10-07T13:57:00Z,31223.0,31223.5,31214.75,31220.0,1308,2026-10-07T22:30:25+00:00
2026-10-07T13:58:00Z,31220.0,31246.75,31217.75,31245.0,2329,2026-10-07T22:30:25+00:00
2026-10-07T13:59:00Z,31246.0,31247.75,31234.25,31238.0,1579,2026-10-07T22:30:25+00:00
2026-10-07T14:00:00Z,31238.75,31243.5,31218.25,31228.75,2649,2026-10-07T22:30:25+00:00
2026-10-07T14:01:00Z,31228.5,31230.75,31221.0,31225.25,1414,2026-10-07T22:30:25+00:00
2026-10-07T14:02:00Z,31224.75,31224.75,31199.25,31208.25,2173,2026-10-07T22:30:25+00:00
2026-10-07T14:03:00Z,31208.75,31218.25,31206.25,31212.5,1194,2026-10-07T22:30:25+00:00
2026-10-07T14:04:00Z,31212.75,31215.25,31199.0,31205.25,1148,2026-10-07T22:30:25+00:00
2026-10-07T14:05:00Z,31206.25,31215.75,31199.5,31213.75,1272,2026-10-07T22:30:25+00:00
2026-10-07T14:06:00Z,31213.5,31218.0,31194.75,31203.0,1320,2026-10-07T22:30:25+00:00
2026-10-07T14:07:00Z,31203.75,31211.0,31197.75,31202.0,772,2026-10-07T22:30:25+00:00
2026-10-07T14:08:00Z,31202.25,31218.75,31191.25,31215.0,1335,2026-10-07T22:30:25+00:00
2026-10-07T14:09:00Z,31215.0,31226.0,31205.0,31221.75,1258,2026-10-07T22:30:25+00:00
2026-10-07T14:10:00Z,31222.75,31224.75,31200.0,31207.0,1361,2026-10-07T22:30:25+00:00
2026-10-07T14:11:00Z,31206.75,31211.5,31200.25,31210.5,843,2026-10-07T22:30:25+00:00
2026-10-07T14:12:00Z,31210.25,31216.25,31199.5,31200.25,886,2026-10-07T22:30:25+00:00
2026-10-07T14:13:00Z,31200.25,31211.5,31200.25,31204.5,773,2026-10-07T22:30:25+00:00
2026-10-07T14:14:00Z,31205.0,31224.75,31204.75,31219.5,1254,2026-10-07T22:30:25+00:00
2026-10-07T14:15:00Z,31219.0,31224.75,31209.75,31209.75,976,2026-10-07T22:30:25+00:00
2026-10-07T14:16:00Z,31209.25,31229.0,31200.5,31228.5,1239,2026-10-07T22:30:25+00:00
2026-10-07T14:17:00Z,31228.25,31236.5,31224.0,31225.75,1480,2026-10-07T22:30:25+00:00
2026-10-07T14:18:00Z,31226.25,31232.75,31219.0,31229.25,1032,2026-10-07T22:30:25+00:00
2026-10-07T14:19:00Z,31228.75,31245.5,31227.75,31242.5,1271,2026-10-07T22:30:25+00:00
2026-10-07T14:20:00Z,31243.25,31255.25,31237.25,31252.75,1853,2026-10-07T22:30:25+00:00
2026-10-07T14:21:00Z,31252.5,31266.25,31252.0,31264.75,1710,2026-10-07T22:30:25+00:00
2026-10-07T14:22:00Z,31265.0,31268.0,31261.0,31265.0,1007,2026-10-07T22:30:25+00:00
2026-10-07T14:23:00Z,31264.0,31268.0,31256.25,31263.5,1009,2026-10-07T22:30:25+00:00
2026-10-07T14:24:00Z,31263.25,31273.0,31261.75,31270.75,1058,2026-10-07T22:30:25+00:00
2026-10-07T14:25:00Z,31270.25,31288.25,31267.25,31269.75,2398,2026-10-07T22:30:25+00:00
2026-10-07T14:26:00Z,31270.0,31270.0,31258.25,31264.75,1207,2026-10-07T22:30:25+00:00
2026-10-07T14:27:00Z,31264.25,31264.25,31247.0,31248.5,1127,2026-10-07T22:30:25+00:00
2026-10-07T14:28:00Z,31249.25,31251.75,31238.5,31249.25,1323,2026-10-07T22:30:25+00:00
2026-10-07T14:29:00Z,31249.25,31257.0,31244.5,31254.75,987,2026-10-07T22:30:25+00:00
2026-10-07T14:30:00Z,31254.75,31256.5,31234.25,31235.25,1781,2026-10-07T22:30:25+00:00
2026-10-07T14:31:00Z,31235.0,31263.5,31233.75,31262.5,1519,2026-10-07T22:30:25+00:00
2026-10-07T14:32:00Z,31263.0,31266.75,31253.75,31258.0,1174,2026-10-07T22:30:25+00:00
2026-10-07T14:33:00Z,31258.0,31264.5,31242.75,31243.75,1023,2026-10-07T22:30:25+00:00
2026-10-07T14:34:00Z,31243.75,31246.0,31233.0,31239.75,1015,2026-10-07T22:30:25+00:00
2026-10-07T14:35:00Z,31240.25,31252.25,31234.25,31249.75,878,2026-10-07T22:30:25+00:00
2026-10-07T14:36:00Z,31249.5,31267.0,31249.25,31255.0,1328,2026-10-07T22:30:25+00:00
2026-10-07T14:37:00Z,31255.75,31258.25,31248.75,31255.0,502,2026-10-07T22:30:25+00:00
2026-10-07T14:38:00Z,31255.5,31257.25,31244.25,31253.75,614,2026-10-07T22:30:25+00:00
2026-10-07T14:39:00Z,31254.25,31265.25,31249.75,31265.25,846,2026-10-07T22:30:25+00:00
2026-10-07T14:40:00Z,31265.5,31276.0,31263.25,31269.5,1285,2026-10-07T22:30:25+00:00
2026-10-07T14:41:00Z,31269.5,31280.75,31268.25,31277.0,1358,2026-10-07T22:30:25+00:00
2026-10-07T14:42:00Z,31276.5,31277.75,31268.5,31270.5,995,2026-10-07T22:30:25+00:00
2026-10-07T14:43:00Z,31270.75,31272.75,31250.0,31251.5,1488,2026-10-07T22:30:25+00:00
2026-10-07T14:44:00Z,31251.5,31261.5,31245.0,31248.5,1868,2026-10-07T22:30:25+00:00
2026-10-07T14:45:00Z,31248.75,31259.0,31243.75,31248.75,1031,2026-10-07T22:30:25+00:00
2026-10-07T14:46:00Z,31249.0,31253.5,31243.75,31249.25,656,2026-10-07T22:30:25+00:00
2026-10-07T14:47:00Z,31249.25,31255.25,31247.25,31247.75,1021,2026-10-07T22:30:25+00:00
2026-10-07T14:48:00Z,31247.75,31252.75,31238.0,31239.5,1164,2026-10-07T22:30:25+00:00
2026-10-07T14:49:00Z,31239.25,31243.5,31230.5,31237.75,1063,2026-10-07T22:30:25+00:00
2026-10-07T14:50:00Z,31238.25,31242.25,31223.75,31232.0,1392,2026-10-07T22:30:25+00:00
2026-10-07T14:51:00Z,31232.25,31237.0,31220.25,31229.75,1129,2026-10-07T22:30:25+00:00
2026-10-07T14:52:00Z,31229.75,31231.0,31219.25,31222.25,800,2026-10-07T22:30:25+00:00
2026-10-07T14:53:00Z,31222.0,31225.75,31204.0,31208.75,1259,2026-10-07T22:30:25+00:00
2026-10-07T14:54:00Z,31209.5,31230.75,31208.25,31228.5,1071,2026-10-07T22:30:25+00:00
2026-10-07T14:55:00Z,31228.0,31233.0,31220.25,31231.75,926,2026-10-07T22:30:25+00:00
2026-10-07T14:56:00Z,31231.5,31237.5,31226.25,31230.25,1277,2026-10-07T22:30:25+00:00
2026-10-07T14:57:00Z,31229.5,31238.5,31224.5,31236.0,1149,2026-10-07T22:30:25+00:00
2026-10-07T14:58:00Z,31235.75,31246.75,31229.25,31246.25,749,2026-10-07T22:30:25+00:00
2026-10-07T14:59:00Z,31246.25,31257.75,31241.75,31253.5,1346,2026-10-07T22:30:25+00:00
2026-10-07T15:00:00Z,31254.0,31256.5,31242.25,31242.5,1409,2026-10-07T22:30:25+00:00
2026-10-07T15:01:00Z,31242.75,31246.5,31228.5,31234.0,1104,2026-10-07T22:30:25+00:00
2026-10-07T15:02:00Z,31233.5,31243.75,31230.5,31234.75,865,2026-10-07T22:30:25+00:00
2026-10-07T15:03:00Z,31234.75,31239.25,31228.5,31236.25,706,2026-10-07T22:30:25+00:00
2026-10-07T15:04:00Z,31235.75,31248.25,31230.75,31246.5,660,2026-10-07T22:30:25+00:00
2026-10-07T15:05:00Z,31247.25,31259.0,31246.25,31247.5,1018,2026-10-07T22:30:25+00:00
2026-10-07T15:06:00Z,31247.25,31255.75,31247.25,31253.25,563,2026-10-07T22:30:25+00:00
2026-10-07T15:07:00Z,31253.5,31268.75,31249.5,31263.75,1005,2026-10-07T22:30:25+00:00
2026-10-07T15:08:00Z,31264.5,31270.0,31263.25,31266.75,966,2026-10-07T22:30:25+00:00
2026-10-07T15:09:00Z,31266.5,31269.75,31262.75,31268.5,765,2026-10-07T22:30:25+00:00
2026-10-07T15:10:00Z,31268.75,31273.75,31263.75,31270.75,793,2026-10-07T22:30:25+00:00
2026-10-07T15:11:00Z,31270.75,31277.5,31266.25,31272.5,782,2026-10-07T22:30:25+00:00
2026-10-07T15:12:00Z,31272.25,31276.0,31263.25,31264.75,608,2026-10-07T22:30:25+00:00
2026-10-07T15:13:00Z,31265.0,31305.5,31264.5,31296.25,3861,2026-10-07T22:30:25+00:00
2026-10-07T15:14:00Z,31296.5,31300.25,31286.5,31286.5,1450,2026-10-07T22:30:25+00:00
2026-10-07T15:15:00Z,31286.5,31299.25,31285.0,31293.75,1142,2026-10-07T22:30:25+00:00
2026-10-07T15:16:00Z,31293.25,31307.25,31289.75,31307.0,1097,2026-10-07T22:30:25+00:00
2026-10-07T15:17:00Z,31307.0,31307.25,31296.0,31297.5,1024,2026-10-07T22:30:25+00:00
2026-10-07T15:18:00Z,31297.0,31299.25,31282.25,31284.25,1038,2026-10-07T22:30:25+00:00
2026-10-07T15:19:00Z,31284.25,31285.75,31277.25,31285.75,982,2026-10-07T22:30:25+00:00
2026-10-07T15:20:00Z,31285.25,31294.0,31283.0,31291.25,828,2026-10-07T22:30:25+00:00
2026-10-07T15:21:00Z,31291.5,31293.5,31271.0,31272.0,1104,2026-10-07T22:30:25+00:00
2026-10-07T15:22:00Z,31272.25,31281.0,31265.25,31278.25,1701,2026-10-07T22:30:25+00:00
2026-10-07T15:23:00Z,31279.0,31279.75,31269.75,31270.0,729,2026-10-07T22:30:25+00:00
2026-10-07T15:24:00Z,31270.0,31273.75,31268.0,31272.0,583,2026-10-07T22:30:25+00:00
2026-10-07T15:25:00Z,31272.25,31278.25,31268.5,31275.25,743,2026-10-07T22:30:25+00:00
2026-10-07T15:26:00Z,31275.75,31283.25,31267.25,31278.25,807,2026-10-07T22:30:25+00:00
2026-10-07T15:27:00Z,31279.25,31283.75,31273.0,31273.0,600,2026-10-07T22:30:25+00:00
2026-10-07T15:28:00Z,31273.5,31276.5,31268.5,31272.75,429,2026-10-07T22:30:25+00:00
2026-10-07T15:29:00Z,31273.5,31281.5,31272.25,31277.75,563,2026-10-07T22:30:25+00:00
2026-10-07T15:30:00Z,31278.75,31282.25,31272.0,31276.5,955,2026-10-07T22:30:25+00:00
2026-10-07T15:31:00Z,31277.25,31286.75,31276.25,31285.5,697,2026-10-07T22:30:25+00:00
2026-10-07T15:32:00Z,31285.5,31295.0,31282.5,31282.5,1361,2026-10-07T22:30:25+00:00
2026-10-07T15:33:00Z,31282.25,31292.25,31281.75,31282.5,1378,2026-10-07T22:30:25+00:00
2026-10-07T15:34:00Z,31283.25,31296.25,31282.75,31294.25,805,2026-10-07T22:30:25+00:00
2026-10-07T15:35:00Z,31294.5,31317.75,31294.0,31316.75,1893,2026-10-07T22:30:25+00:00
2026-10-07T15:36:00Z,31317.25,31323.75,31312.75,31323.5,1369,2026-10-07T22:30:25+00:00
2026-10-07T15:37:00Z,31323.5,31330.25,31322.5,31328.25,1466,2026-10-07T22:30:25+00:00
2026-10-07T15:38:00Z,31328.25,31334.25,31326.75,31332.75,978,2026-10-07T22:30:25+00:00
2026-10-07T15:39:00Z,31333.0,31334.75,31324.75,31325.0,1025,2026-10-07T22:30:25+00:00
2026-10-07T15:40:00Z,31325.0,31338.0,31324.75,31334.0,1091,2026-10-07T22:30:25+00:00
2026-10-07T15:41:00Z,31334.0,31343.5,31328.75,31341.75,914,2026-10-07T22:30:25+00:00
2026-10-07T15:42:00Z,31341.75,31342.75,31333.0,31335.0,735,2026-10-07T22:30:25+00:00
2026-10-07T15:43:00Z,31335.25,31335.25,31327.5,31332.75,600,2026-10-07T22:30:25+00:00
2026-10-07T15:44:00Z,31332.5,31353.0,31331.25,31345.25,1406,2026-10-07T22:30:25+00:00
2026-10-07T15:45:00Z,31345.75,31351.75,31342.75,31351.0,948,2026-10-07T22:30:25+00:00
2026-10-07T15:46:00Z,31350.75,31356.25,31345.75,31352.25,1053,2026-10-07T22:30:25+00:00
2026-10-07T15:47:00Z,31351.75,31358.5,31349.25,31357.5,1106,2026-10-07T22:30:25+00:00
2026-10-07T15:48:00Z,31358.0,31364.25,31354.75,31364.0,960,2026-10-07T22:30:25+00:00
2026-10-07T15:49:00Z,31364.0,31367.0,31350.5,31354.0,1246,2026-10-07T22:30:25+00:00
2026-10-07T15:50:00Z,31354.25,31371.0,31353.75,31365.25,1172,2026-10-07T22:30:25+00:00
2026-10-07T15:51:00Z,31365.25,31372.5,31364.75,31366.0,1002,2026-10-07T22:30:25+00:00
2026-10-07T15:52:00Z,31366.5,31373.0,31361.25,31366.5,1148,2026-10-07T22:30:25+00:00
2026-10-07T15:53:00Z,31366.0,31367.5,31358.0,31359.25,551,2026-10-07T22:30:25+00:00
2026-10-07T15:54:00Z,31359.75,31362.0,31353.25,31353.75,737,2026-10-07T22:30:25+00:00
2026-10-07T15:55:00Z,31354.0,31354.5,31345.25,31349.0,1472,2026-10-07T22:30:25+00:00
2026-10-07T15:56:00Z,31349.0,31350.0,31342.75,31346.5,880,2026-10-07T22:30:25+00:00
2026-10-07T15:57:00Z,31345.75,31352.5,31341.5,31343.5,1006,2026-10-07T22:30:25+00:00
2026-10-07T15:58:00Z,31343.25,31343.25,31336.75,31339.75,882,2026-10-07T22:30:25+00:00
2026-10-07T15:59:00Z,31340.0,31340.75,31331.75,31338.5,816,2026-10-07T22:30:25+00:00
2026-10-07T16:00:00Z,31338.25,31344.25,31334.5,31341.0,793,2026-10-07T22:30:25+00:00
2026-10-07T16:01:00Z,31341.25,31347.75,31316.0,31322.25,2388,2026-10-07T22:30:25+00:00
2026-10-07T16:02:00Z,31322.25,31336.0,31313.25,31330.75,1933,2026-10-07T22:30:25+00:00
2026-10-07T16:03:00Z,31331.25,31340.25,31330.25,31339.25,823,2026-10-07T22:30:25+00:00
2026-10-07T16:04:00Z,31339.25,31340.5,31334.5,31338.75,470,2026-10-07T22:30:25+00:00
2026-10-07T16:05:00Z,31338.25,31347.0,31337.0,31343.75,835,2026-10-07T22:30:25+00:00
2026-10-07T16:06:00Z,31344.0,31356.75,31343.5,31356.25,1084,2026-10-07T22:30:25+00:00
2026-10-07T16:07:00Z,31356.75,31359.75,31349.0,31357.0,941,2026-10-07T22:30:25+00:00
2026-10-07T16:08:00Z,31357.25,31358.0,31344.0,31348.75,776,2026-10-07T22:30:25+00:00
2026-10-07T16:09:00Z,31348.5,31355.25,31346.5,31352.25,454,2026-10-07T22:30:25+00:00
2026-10-07T16:10:00Z,31352.25,31357.25,31351.25,31354.0,473,2026-10-07T22:30:25+00:00
2026-10-07T16:11:00Z,31353.75,31355.25,31349.25,31352.75,499,2026-10-07T22:30:25+00:00
2026-10-07T16:12:00Z,31353.0,31355.5,31350.0,31350.5,489,2026-10-07T22:30:25+00:00
2026-10-07T16:13:00Z,31350.25,31358.0,31344.75,31356.25,631,2026-10-07T22:30:25+00:00
2026-10-07T16:14:00Z,31355.75,31356.25,31350.5,31354.5,351,2026-10-07T22:30:25+00:00
2026-10-07T16:15:00Z,31354.25,31356.5,31350.75,31351.5,451,2026-10-07T22:30:25+00:00
2026-10-07T16:16:00Z,31352.25,31352.25,31340.25,31342.25,737,2026-10-07T22:30:25+00:00
2026-10-07T16:17:00Z,31343.0,31344.25,31338.75,31343.25,439,2026-10-07T22:30:25+00:00
2026-10-07T16:18:00Z,31343.5,31347.75,31340.5,31344.0,408,2026-10-07T22:30:25+00:00
2026-10-07T16:19:00Z,31343.5,31349.5,31340.75,31349.0,350,2026-10-07T22:30:25+00:00
2026-10-07T16:20:00Z,31349.0,31353.25,31346.5,31348.5,333,2026-10-07T22:30:25+00:00
2026-10-07T16:21:00Z,31348.25,31348.75,31342.25,31343.0,251,2026-10-07T22:30:25+00:00
2026-10-07T16:22:00Z,31343.75,31356.75,31343.5,31353.0,535,2026-10-07T22:30:25+00:00
2026-10-07T16:23:00Z,31352.25,31355.0,31350.0,31352.75,274,2026-10-07T22:30:25+00:00
2026-10-07T16:24:00Z,31352.75,31355.5,31344.0,31345.5,362,2026-10-07T22:30:25+00:00
2026-10-07T16:25:00Z,31345.75,31346.0,31337.25,31337.75,507,2026-10-07T22:30:25+00:00
2026-10-07T16:26:00Z,31338.0,31341.5,31333.5,31339.25,468,2026-10-07T22:30:25+00:00
2026-10-07T16:27:00Z,31339.0,31341.75,31335.75,31339.5,277,2026-10-07T22:30:25+00:00
2026-10-07T16:28:00Z,31338.75,31341.75,31336.0,31341.25,224,2026-10-07T22:30:25+00:00
2026-10-07T16:29:00Z,31340.25,31341.5,31330.25,31331.5,477,2026-10-07T22:30:25+00:00
2026-10-07T16:30:00Z,31331.5,31334.25,31323.5,31331.0,882,2026-10-07T22:30:25+00:00
2026-10-07T16:31:00Z,31331.5,31339.0,31330.5,31337.5,379,2026-10-07T22:30:25+00:00
2026-10-07T16:32:00Z,31337.5,31344.75,31335.0,31339.25,417,2026-10-07T22:30:25+00:00
2026-10-07T16:33:00Z,31339.75,31341.0,31337.25,31337.5,211,2026-10-07T22:30:25+00:00
2026-10-07T16:34:00Z,31337.75,31341.75,31333.25,31333.5,384,2026-10-07T22:30:25+00:00
2026-10-07T16:35:00Z,31333.75,31337.25,31331.0,31335.0,423,2026-10-07T22:30:25+00:00
2026-10-07T16:36:00Z,31334.75,31337.25,31329.25,31330.5,346,2026-10-07T22:30:25+00:00
2026-10-07T16:37:00Z,31330.5,31333.5,31321.5,31322.25,568,2026-10-07T22:30:25+00:00
2026-10-07T16:38:00Z,31322.75,31338.75,31322.0,31329.5,988,2026-10-07T22:30:25+00:00
2026-10-07T16:39:00Z,31329.5,31330.75,31322.25,31324.25,460,2026-10-07T22:30:25+00:00
2026-10-07T16:40:00Z,31324.5,31326.5,31321.75,31325.0,415,2026-10-07T22:30:25+00:00
2026-10-07T16:41:00Z,31325.25,31330.25,31325.25,31329.75,301,2026-10-07T22:30:25+00:00
2026-10-07T16:42:00Z,31329.75,31329.75,31323.0,31326.25,226,2026-10-07T22:30:25+00:00
2026-10-07T16:43:00Z,31325.75,31330.25,31325.0,31327.5,297,2026-10-07T22:30:25+00:00
2026-10-07T16:44:00Z,31327.75,31336.75,31327.75,31336.75,565,2026-10-07T22:30:25+00:00
2026-10-07T16:45:00Z,31336.5,31346.75,31336.0,31343.5,877,2026-10-07T22:30:25+00:00
2026-10-07T16:46:00Z,31343.5,31354.5,31337.5,31340.0,1707,2026-10-07T22:30:25+00:00
2026-10-07T16:47:00Z,31339.75,31340.25,31331.25,31338.0,641,2026-10-07T22:30:25+00:00
2026-10-07T16:48:00Z,31337.75,31338.75,31333.25,31335.5,318,2026-10-07T22:30:25+00:00
2026-10-07T16:49:00Z,31335.5,31344.75,31334.25,31343.5,469,2026-10-07T22:30:25+00:00
2026-10-07T16:50:00Z,31343.5,31356.25,31343.5,31354.75,823,2026-10-07T22:30:25+00:00
2026-10-07T16:51:00Z,31355.25,31355.75,31345.0,31345.75,504,2026-10-07T22:30:25+00:00
2026-10-07T16:52:00Z,31345.25,31348.5,31340.75,31341.75,448,2026-10-07T22:30:25+00:00
2026-10-07T16:53:00Z,31342.0,31342.0,31334.75,31337.0,562,2026-10-07T22:30:25+00:00
2026-10-07T16:54:00Z,31337.75,31339.5,31329.5,31330.5,498,2026-10-07T22:30:25+00:00
2026-10-07T16:55:00Z,31330.0,31338.5,31329.5,31338.5,536,2026-10-07T22:30:25+00:00
2026-10-07T16:56:00Z,31337.75,31338.0,31332.0,31335.0,316,2026-10-07T22:30:25+00:00
2026-10-07T16:57:00Z,31334.75,31337.0,31327.75,31328.25,617,2026-10-07T22:30:25+00:00
2026-10-07T16:58:00Z,31329.0,31330.5,31325.0,31329.75,510,2026-10-07T22:30:25+00:00
2026-10-07T16:59:00Z,31329.75,31331.0,31326.75,31330.25,356,2026-10-07T22:30:25+00:00
2026-10-07T17:00:00Z,31330.0,31339.25,31323.5,31337.75,826,2026-10-07T22:30:25+00:00
2026-10-07T17:01:00Z,31337.25,31339.0,31319.5,31320.0,692,2026-10-07T22:30:25+00:00
2026-10-07T17:02:00Z,31320.5,31369.5,31317.5,31368.25,4041,2026-10-07T22:30:25+00:00
2026-10-07T17:03:00Z,31367.0,31378.0,31348.5,31350.0,2506,2026-10-07T22:30:25+00:00
2026-10-07T17:04:00Z,31350.25,31353.75,31346.0,31349.25,953,2026-10-07T22:30:25+00:00
2026-10-07T17:05:00Z,31349.25,31363.75,31344.75,31360.0,1119,2026-10-07T22:30:25+00:00
2026-10-07T17:06:00Z,31360.0,31372.75,31356.0,31365.75,1146,2026-10-07T22:30:25+00:00
2026-10-07T17:07:00Z,31366.25,31367.5,31359.25,31366.0,564,2026-10-07T22:30:25+00:00
2026-10-07T17:08:00Z,31366.5,31384.5,31366.0,31377.5,1321,2026-10-07T22:30:25+00:00
2026-10-07T17:09:00Z,31377.75,31380.5,31373.5,31375.5,634,2026-10-07T22:30:25+00:00
2026-10-07T17:10:00Z,31375.25,31377.5,31366.5,31376.0,714,2026-10-07T22:30:25+00:00
2026-10-07T17:11:00Z,31375.5,31380.75,31368.0,31373.5,799,2026-10-07T22:30:25+00:00
2026-10-07T17:12:00Z,31373.75,31373.75,31359.0,31368.25,608,2026-10-07T22:30:25+00:00
2026-10-07T17:13:00Z,31368.75,31369.0,31361.75,31367.0,401,2026-10-07T22:30:25+00:00
2026-10-07T17:14:00Z,31367.25,31369.75,31363.75,31369.0,313,2026-10-07T22:30:25+00:00
2026-10-07T17:15:00Z,31369.5,31370.0,31355.5,31362.25,674,2026-10-07T22:30:25+00:00
2026-10-07T17:16:00Z,31362.5,31366.0,31359.5,31365.0,387,2026-10-07T22:30:25+00:00
2026-10-07T17:17:00Z,31364.0,31365.0,31357.75,31363.5,246,2026-10-07T22:30:25+00:00
2026-10-07T17:18:00Z,31363.75,31376.25,31363.25,31373.25,708,2026-10-07T22:30:25+00:00
2026-10-07T17:19:00Z,31373.25,31377.75,31369.5,31375.25,487,2026-10-07T22:30:25+00:00
2026-10-07T17:20:00Z,31376.0,31385.75,31375.75,31379.5,821,2026-10-07T22:30:25+00:00
2026-10-07T17:21:00Z,31379.75,31383.5,31373.5,31382.25,554,2026-10-07T22:30:25+00:00
2026-10-07T17:22:00Z,31382.25,31386.5,31376.75,31384.25,477,2026-10-07T22:30:25+00:00
2026-10-07T17:23:00Z,31384.25,31385.0,31378.0,31380.75,429,2026-10-07T22:30:25+00:00
2026-10-07T17:24:00Z,31380.75,31381.25,31374.5,31377.5,282,2026-10-07T22:30:25+00:00
2026-10-07T17:25:00Z,31377.25,31380.25,31373.75,31375.5,282,2026-10-07T22:30:25+00:00
2026-10-07T17:26:00Z,31376.5,31379.0,31372.0,31374.0,260,2026-10-07T22:30:25+00:00
2026-10-07T17:27:00Z,31373.75,31378.75,31366.75,31367.75,375,2026-10-07T22:30:25+00:00
2026-10-07T17:28:00Z,31368.0,31372.25,31364.0,31369.5,583,2026-10-07T22:30:25+00:00
2026-10-07T17:29:00Z,31368.75,31368.75,31357.5,31359.5,667,2026-10-07T22:30:25+00:00
2026-10-07T17:30:00Z,31359.5,31366.0,31354.25,31365.0,555,2026-10-07T22:30:25+00:00
2026-10-07T17:31:00Z,31365.5,31371.25,31362.75,31365.75,478,2026-10-07T22:30:25+00:00
2026-10-07T17:32:00Z,31365.25,31371.25,31363.5,31367.75,274,2026-10-07T22:30:25+00:00
2026-10-07T17:33:00Z,31368.0,31370.5,31365.25,31366.75,269,2026-10-07T22:30:25+00:00
2026-10-07T17:34:00Z,31367.25,31373.0,31365.5,31372.25,363,2026-10-07T22:30:25+00:00
2026-10-07T17:35:00Z,31372.5,31375.5,31368.5,31372.75,519,2026-10-07T22:30:25+00:00
2026-10-07T17:36:00Z,31373.25,31373.5,31363.0,31363.5,406,2026-10-07T22:30:25+00:00
2026-10-07T17:37:00Z,31364.0,31367.0,31358.75,31361.0,406,2026-10-07T22:30:25+00:00
2026-10-07T17:38:00Z,31361.0,31364.75,31360.0,31364.5,272,2026-10-07T22:30:25+00:00
2026-10-07T17:39:00Z,31364.0,31366.0,31362.5,31365.0,245,2026-10-07T22:30:25+00:00
2026-10-07T17:40:00Z,31365.25,31367.75,31361.0,31366.5,491,2026-10-07T22:30:25+00:00
2026-10-07T17:41:00Z,31365.25,31372.75,31365.25,31367.5,359,2026-10-07T22:30:25+00:00
2026-10-07T17:42:00Z,31368.25,31369.5,31363.5,31365.5,241,2026-10-07T22:30:25+00:00
2026-10-07T17:43:00Z,31365.25,31376.0,31364.5,31375.0,816,2026-10-07T22:30:25+00:00
2026-10-07T17:44:00Z,31373.75,31375.5,31369.25,31372.0,191,2026-10-07T22:30:25+00:00
2026-10-07T17:45:00Z,31372.0,31375.25,31369.0,31372.25,354,2026-10-07T22:30:25+00:00
2026-10-07T17:46:00Z,31372.25,31380.75,31369.25,31375.5,489,2026-10-07T22:30:25+00:00
2026-10-07T17:47:00Z,31375.5,31383.75,31374.0,31374.0,623,2026-10-07T22:30:25+00:00
2026-10-07T17:48:00Z,31373.75,31377.0,31371.25,31372.75,241,2026-10-07T22:30:25+00:00
2026-10-07T17:49:00Z,31373.0,31373.75,31367.75,31367.75,242,2026-10-07T22:30:25+00:00
2026-10-07T17:50:00Z,31368.0,31369.5,31358.25,31361.5,549,2026-10-07T22:30:25+00:00
2026-10-07T17:51:00Z,31361.5,31361.75,31355.75,31357.5,380,2026-10-07T22:30:25+00:00
2026-10-07T17:52:00Z,31358.0,31358.25,31352.75,31354.0,400,2026-10-07T22:30:25+00:00
2026-10-07T17:53:00Z,31355.25,31358.25,31355.25,31357.5,264,2026-10-07T22:30:25+00:00
2026-10-07T17:54:00Z,31357.0,31361.0,31349.25,31349.75,504,2026-10-07T22:30:25+00:00
2026-10-07T17:55:00Z,31349.75,31351.0,31346.5,31347.5,512,2026-10-07T22:30:25+00:00
2026-10-07T17:56:00Z,31348.25,31351.0,31344.5,31347.25,328,2026-10-07T22:30:25+00:00
2026-10-07T17:57:00Z,31347.75,31353.0,31347.25,31352.75,250,2026-10-07T22:30:25+00:00
2026-10-07T17:58:00Z,31352.75,31354.75,31351.0,31352.75,322,2026-10-07T22:30:25+00:00
2026-10-07T17:59:00Z,31354.0,31357.5,31352.5,31356.0,270,2026-10-07T22:30:25+00:00
2026-10-07T18:00:00Z,31356.0,31362.75,31348.5,31353.25,625,2026-10-07T22:30:25+00:00
2026-10-07T18:01:00Z,31353.25,31356.25,31341.5,31348.75,828,2026-10-07T22:30:25+00:00
2026-10-07T18:02:00Z,31348.5,31359.0,31348.25,31355.25,527,2026-10-07T22:30:25+00:00
2026-10-07T18:03:00Z,31354.75,31359.75,31354.0,31356.75,283,2026-10-07T22:30:25+00:00
2026-10-07T18:04:00Z,31357.25,31374.5,31356.25,31372.5,847,2026-10-07T22:30:25+00:00
2026-10-07T18:05:00Z,31372.75,31390.75,31372.75,31387.5,1363,2026-10-07T22:30:25+00:00
2026-10-07T18:06:00Z,31386.75,31390.0,31383.0,31387.5,627,2026-10-07T22:30:25+00:00
2026-10-07T18:07:00Z,31388.0,31389.25,31378.0,31380.0,497,2026-10-07T22:30:25+00:00
2026-10-07T18:08:00Z,31380.5,31382.0,31376.75,31379.75,385,2026-10-07T22:30:25+00:00
2026-10-07T18:09:00Z,31380.25,31382.5,31376.25,31381.25,410,2026-10-07T22:30:25+00:00
2026-10-07T18:10:00Z,31381.0,31382.0,31373.25,31381.0,441,2026-10-07T22:30:25+00:00
2026-10-07T18:11:00Z,31380.5,31384.25,31376.5,31381.25,351,2026-10-07T22:30:25+00:00
2026-10-07T18:12:00Z,31381.75,31382.75,31375.25,31379.0,293,2026-10-07T22:30:25+00:00
2026-10-07T18:13:00Z,31379.75,31381.5,31372.25,31376.25,327,2026-10-07T22:30:25+00:00
2026-10-07T18:14:00Z,31375.75,31378.25,31374.25,31375.25,183,2026-10-07T22:30:25+00:00
2026-10-07T18:15:00Z,31375.25,31384.25,31374.75,31380.75,349,2026-10-07T22:30:25+00:00
2026-10-07T18:16:00Z,31381.0,31382.25,31377.0,31380.75,266,2026-10-07T22:30:25+00:00
2026-10-07T18:17:00Z,31379.25,31383.75,31379.0,31381.75,327,2026-10-07T22:30:25+00:00
2026-10-07T18:18:00Z,31381.75,31382.75,31376.25,31376.25,219,2026-10-07T22:30:25+00:00
2026-10-07T18:19:00Z,31376.25,31385.25,31376.25,31381.75,346,2026-10-07T22:30:25+00:00
2026-10-07T18:20:00Z,31381.0,31381.25,31374.0,31374.75,614,2026-10-07T22:30:25+00:00
2026-10-07T18:21:00Z,31374.5,31378.75,31370.75,31377.75,336,2026-10-07T22:30:25+00:00
2026-10-07T18:22:00Z,31377.25,31379.75,31375.0,31377.25,200,2026-10-07T22:30:25+00:00
2026-10-07T18:23:00Z,31377.75,31379.25,31375.5,31378.25,150,2026-10-07T22:30:25+00:00
2026-10-07T18:24:00Z,31378.5,31382.0,31376.5,31380.75,242,2026-10-07T22:30:25+00:00
2026-10-07T18:25:00Z,31380.75,31382.25,31372.25,31375.5,333,2026-10-07T22:30:25+00:00
2026-10-07T18:26:00Z,31375.75,31383.25,31375.75,31383.25,290,2026-10-07T22:30:25+00:00
2026-10-07T18:27:00Z,31383.5,31391.25,31383.5,31387.0,623,2026-10-07T22:30:25+00:00
2026-10-07T18:28:00Z,31387.0,31394.25,31385.25,31386.0,463,2026-10-07T22:30:25+00:00
2026-10-07T18:29:00Z,31386.0,31392.0,31384.5,31391.25,406,2026-10-07T22:30:25+00:00
2026-10-07T18:30:00Z,31391.25,31392.25,31385.75,31390.0,395,2026-10-07T22:30:25+00:00
2026-10-07T18:31:00Z,31389.25,31390.25,31383.25,31390.0,328,2026-10-07T22:30:25+00:00
2026-10-07T18:32:00Z,31390.0,31393.0,31386.5,31387.0,522,2026-10-07T22:30:25+00:00
2026-10-07T18:33:00Z,31387.0,31393.25,31383.5,31384.0,418,2026-10-07T22:30:25+00:00
2026-10-07T18:34:00Z,31384.5,31384.75,31378.75,31381.0,340,2026-10-07T22:30:25+00:00
2026-10-07T18:35:00Z,31381.25,31387.0,31376.25,31383.5,624,2026-10-07T22:30:25+00:00
2026-10-07T18:36:00Z,31383.5,31385.25,31378.0,31378.5,321,2026-10-07T22:30:25+00:00
2026-10-07T18:37:00Z,31378.75,31380.0,31375.0,31376.25,317,2026-10-07T22:30:25+00:00
2026-10-07T18:38:00Z,31376.5,31376.75,31365.25,31367.25,783,2026-10-07T22:30:25+00:00
2026-10-07T18:39:00Z,31367.0,31372.5,31365.25,31372.5,431,2026-10-07T22:30:25+00:00
2026-10-07T18:40:00Z,31372.0,31374.0,31368.75,31373.5,356,2026-10-07T22:30:25+00:00
2026-10-07T18:41:00Z,31372.5,31374.75,31371.0,31374.5,275,2026-10-07T22:30:25+00:00
2026-10-07T18:42:00Z,31374.75,31375.75,31370.75,31374.5,308,2026-10-07T22:30:25+00:00
2026-10-07T18:43:00Z,31374.75,31380.5,31372.0,31379.75,487,2026-10-07T22:30:25+00:00
2026-10-07T18:44:00Z,31379.75,31385.5,31379.0,31383.5,480,2026-10-07T22:30:25+00:00
2026-10-07T18:45:00Z,31383.75,31385.25,31380.0,31381.0,272,2026-10-07T22:30:25+00:00
2026-10-07T18:46:00Z,31380.75,31385.5,31378.5,31384.25,298,2026-10-07T22:30:25+00:00
2026-10-07T18:47:00Z,31383.5,31385.0,31380.5,31382.25,261,2026-10-07T22:30:25+00:00
2026-10-07T18:48:00Z,31382.5,31385.25,31380.5,31381.25,210,2026-10-07T22:30:25+00:00
2026-10-07T18:49:00Z,31382.0,31385.25,31380.25,31383.5,221,2026-10-07T22:30:25+00:00
2026-10-07T18:50:00Z,31383.5,31387.5,31379.25,31383.25,372,2026-10-07T22:30:25+00:00
2026-10-07T18:51:00Z,31383.0,31384.5,31381.5,31383.0,224,2026-10-07T22:30:25+00:00
2026-10-07T18:52:00Z,31383.0,31386.5,31381.5,31385.0,290,2026-10-07T22:30:25+00:00
2026-10-07T18:53:00Z,31385.25,31388.0,31381.5,31383.0,265,2026-10-07T22:30:25+00:00
2026-10-07T18:54:00Z,31382.25,31384.0,31379.25,31382.25,235,2026-10-07T22:30:25+00:00
2026-10-07T18:55:00Z,31382.5,31388.75,31381.25,31382.0,406,2026-10-07T22:30:25+00:00
2026-10-07T18:56:00Z,31382.0,31388.0,31380.0,31387.25,258,2026-10-07T22:30:25+00:00
2026-10-07T18:57:00Z,31387.5,31392.0,31386.0,31387.0,426,2026-10-07T22:30:25+00:00
2026-10-07T18:58:00Z,31387.0,31387.25,31374.25,31376.5,850,2026-10-07T22:30:25+00:00
2026-10-07T18:59:00Z,31376.5,31378.5,31373.75,31374.25,311,2026-10-07T22:30:25+00:00
2026-10-07T19:00:00Z,31374.25,31383.0,31373.75,31382.5,589,2026-10-07T22:30:25+00:00
2026-10-07T19:01:00Z,31382.5,31387.75,31379.25,31385.0,445,2026-10-07T22:30:25+00:00
2026-10-07T19:02:00Z,31385.0,31386.0,31366.0,31373.75,1167,2026-10-07T22:30:25+00:00
2026-10-07T19:03:00Z,31374.25,31375.0,31351.75,31353.25,1410,2026-10-07T22:30:25+00:00
2026-10-07T19:04:00Z,31352.5,31355.0,31343.5,31349.75,1266,2026-10-07T22:30:25+00:00
2026-10-07T19:05:00Z,31350.0,31355.25,31346.5,31353.0,723,2026-10-07T22:30:25+00:00
2026-10-07T19:06:00Z,31352.5,31355.0,31335.25,31342.5,1774,2026-10-07T22:30:25+00:00
2026-10-07T19:07:00Z,31342.75,31350.75,31341.0,31348.75,619,2026-10-07T22:30:25+00:00
2026-10-07T19:08:00Z,31349.25,31360.75,31345.75,31360.0,765,2026-10-07T22:30:25+00:00
2026-10-07T19:09:00Z,31360.75,31361.25,31349.5,31350.25,749,2026-10-07T22:30:25+00:00
2026-10-07T19:10:00Z,31350.75,31358.25,31349.5,31351.5,351,2026-10-07T22:30:25+00:00
2026-10-07T19:11:00Z,31351.75,31362.0,31351.75,31356.75,385,2026-10-07T22:30:25+00:00
2026-10-07T19:12:00Z,31357.0,31360.5,31355.25,31360.25,312,2026-10-07T22:30:25+00:00
2026-10-07T19:13:00Z,31359.75,31363.0,31357.75,31361.25,252,2026-10-07T22:30:25+00:00
2026-10-07T19:14:00Z,31361.5,31363.0,31353.5,31356.25,489,2026-10-07T22:30:25+00:00
2026-10-07T19:15:00Z,31356.0,31358.75,31351.75,31356.25,468,2026-10-07T22:30:25+00:00
2026-10-07T19:16:00Z,31355.75,31357.75,31352.0,31355.25,331,2026-10-07T22:30:25+00:00
2026-10-07T19:17:00Z,31354.75,31367.75,31353.75,31366.5,580,2026-10-07T22:30:25+00:00
2026-10-07T19:18:00Z,31366.5,31369.0,31364.5,31367.0,457,2026-10-07T22:30:25+00:00
2026-10-07T19:19:00Z,31367.0,31367.5,31361.25,31362.25,350,2026-10-07T22:30:25+00:00
2026-10-07T19:20:00Z,31362.25,31366.5,31355.0,31356.0,511,2026-10-07T22:30:25+00:00
2026-10-07T19:21:00Z,31355.5,31356.0,31351.0,31352.5,421,2026-10-07T22:30:25+00:00
2026-10-07T19:22:00Z,31352.5,31362.75,31347.75,31360.25,530,2026-10-07T22:30:25+00:00
2026-10-07T19:23:00Z,31360.0,31360.5,31356.75,31359.25,277,2026-10-07T22:30:25+00:00
2026-10-07T19:24:00Z,31359.0,31366.5,31359.0,31362.0,410,2026-10-07T22:30:25+00:00
2026-10-07T19:25:00Z,31361.75,31372.25,31361.75,31371.5,542,2026-10-07T22:30:25+00:00
2026-10-07T19:26:00Z,31370.75,31371.25,31364.25,31365.25,390,2026-10-07T22:30:25+00:00
2026-10-07T19:27:00Z,31365.25,31365.75,31361.5,31362.5,291,2026-10-07T22:30:25+00:00
2026-10-07T19:28:00Z,31362.75,31366.0,31360.5,31360.5,245,2026-10-07T22:30:25+00:00
2026-10-07T19:29:00Z,31361.0,31363.25,31358.0,31361.5,442,2026-10-07T22:30:25+00:00
2026-10-07T19:30:00Z,31361.0,31371.0,31359.25,31371.0,618,2026-10-07T22:30:25+00:00
2026-10-07T19:31:00Z,31371.0,31378.75,31367.25,31376.75,752,2026-10-07T22:30:25+00:00
2026-10-07T19:32:00Z,31376.5,31378.75,31371.0,31376.0,623,2026-10-07T22:30:25+00:00
2026-10-07T19:33:00Z,31376.5,31380.75,31375.0,31380.25,398,2026-10-07T22:30:25+00:00
2026-10-07T19:34:00Z,31380.25,31380.5,31376.5,31379.5,298,2026-10-07T22:30:25+00:00
2026-10-07T19:35:00Z,31379.0,31385.5,31374.0,31382.75,525,2026-10-07T22:30:25+00:00
2026-10-07T19:36:00Z,31383.0,31383.0,31371.75,31374.0,519,2026-10-07T22:30:25+00:00
2026-10-07T19:37:00Z,31374.25,31379.0,31370.25,31374.25,748,2026-10-07T22:30:25+00:00
2026-10-07T19:38:00Z,31374.25,31379.5,31371.25,31375.5,527,2026-10-07T22:30:25+00:00
2026-10-07T19:39:00Z,31375.25,31379.5,31372.0,31372.5,442,2026-10-07T22:30:25+00:00
2026-10-07T19:40:00Z,31373.0,31377.25,31370.25,31373.0,556,2026-10-07T22:30:25+00:00
2026-10-07T19:41:00Z,31373.0,31378.5,31370.0,31377.0,452,2026-10-07T22:30:25+00:00
2026-10-07T19:42:00Z,31377.25,31391.0,31377.25,31388.5,795,2026-10-07T22:30:25+00:00
2026-10-07T19:43:00Z,31388.25,31393.75,31386.0,31392.5,682,2026-10-07T22:30:25+00:00
2026-10-07T19:44:00Z,31392.0,31397.5,31390.5,31391.5,831,2026-10-07T22:30:25+00:00
2026-10-07T19:45:00Z,31391.5,31393.75,31388.5,31390.5,805,2026-10-07T22:30:25+00:00
2026-10-07T19:46:00Z,31390.25,31391.25,31385.0,31387.75,518,2026-10-07T22:30:25+00:00
2026-10-07T19:47:00Z,31387.25,31387.25,31381.5,31382.0,587,2026-10-07T22:30:25+00:00
2026-10-07T19:48:00Z,31381.75,31382.5,31373.5,31375.75,612,2026-10-07T22:30:25+00:00
2026-10-07T19:49:00Z,31375.5,31380.0,31374.75,31376.5,678,2026-10-07T22:30:25+00:00
2026-10-07T19:50:00Z,31376.25,31400.0,31376.0,31396.0,2442,2026-10-07T22:30:25+00:00
2026-10-07T19:51:00Z,31396.0,31399.75,31391.0,31392.75,876,2026-10-07T22:30:25+00:00
2026-10-07T19:52:00Z,31392.25,31394.75,31383.5,31392.25,1069,2026-10-07T22:30:25+00:00
2026-10-07T19:53:00Z,31391.5,31397.25,31386.75,31396.5,804,2026-10-07T22:30:25+00:00
2026-10-07T19:54:00Z,31396.25,31399.25,31387.75,31399.0,1836,2026-10-07T22:30:25+00:00
2026-10-07T19:55:00Z,31399.0,31422.25,31393.5,31403.25,2645,2026-10-07T22:30:25+00:00
2026-10-07T19:56:00Z,31403.0,31413.75,31399.0,31413.0,1389,2026-10-07T22:30:25+00:00
2026-10-07T19:57:00Z,31413.0,31415.25,31406.75,31410.25,1369,2026-10-07T22:30:25+00:00
2026-10-07T19:58:00Z,31409.5,31411.75,31403.0,31403.0,1506,2026-10-07T22:30:25+00:00
2026-10-07T19:59:00Z,31403.25,31412.0,31394.25,31396.25,7846,2026-10-07T22:30:25+00:00
2026-10-07T20:00:00Z,31396.0,31407.25,31393.5,31404.75,2066,2026-10-07T22:30:25+00:00
2026-10-07T20:01:00Z,31405.0,31408.25,31402.0,31402.25,687,2026-10-07T22:30:25+00:00
2026-10-07T20:02:00Z,31402.5,31404.25,31393.75,31397.5,662,2026-10-07T22:30:25+00:00
2026-10-07T20:03:00Z,31398.5,31399.25,31393.25,31393.75,307,2026-10-07T22:30:25+00:00
2026-10-07T20:04:00Z,31394.0,31401.25,31392.5,31398.5,266,2026-10-07T22:30:25+00:00
2026-10-07T20:05:00Z,31398.75,31400.25,31395.0,31398.75,158,2026-10-07T22:30:25+00:00
2026-10-07T20:06:00Z,31398.75,31400.0,31395.25,31398.0,196,2026-10-07T22:30:25+00:00
2026-10-07T20:07:00Z,31398.25,31402.75,31398.25,31400.25,194,2026-10-07T22:30:25+00:00
2026-10-07T20:08:00Z,31399.75,31401.0,31395.5,31395.75,190,2026-10-07T22:30:25+00:00
2026-10-07T20:09:00Z,31395.75,31399.75,31394.75,31399.25,184,2026-10-07T22:30:25+00:00
2026-10-07T20:10:00Z,31399.5,31401.0,31396.25,31396.25,171,2026-10-07T22:30:25+00:00
2026-10-07T20:11:00Z,31396.5,31396.75,31392.5,31394.25,206,2026-10-07T22:30:25+00:00
2026-10-07T20:12:00Z,31394.25,31398.75,31394.25,31398.75,94,2026-10-07T22:30:25+00:00
2026-10-07T20:13:00Z,31398.25,31400.5,31397.25,31399.0,88,2026-10-07T22:30:25+00:00
2026-10-07T20:14:00Z,31398.75,31401.0,31396.75,31398.0,187,2026-10-07T22:30:25+00:00
2026-10-07T20:15:00Z,31397.0,31398.5,31393.75,31396.75,113,2026-10-07T22:30:25+00:00
2026-10-07T20:16:00Z,31396.75,31397.0,31392.75,31394.25,108,2026-10-07T22:30:25+00:00
2026-10-07T20:17:00Z,31393.75,31394.75,31393.0,31393.75,55,2026-10-07T22:30:25+00:00
2026-10-07T20:18:00Z,31393.0,31393.0,31386.5,31388.5,189,2026-10-07T22:30:25+00:00
2026-10-07T20:19:00Z,31388.75,31390.0,31386.75,31387.0,75,2026-10-07T22:30:25+00:00
2026-10-07T20:20:00Z,31387.25,31387.75,31385.75,31386.5,52,2026-10-07T22:30:25+00:00
2026-10-07T20:21:00Z,31386.5,31386.75,31382.5,31386.75,152,2026-10-07T22:30:25+00:00
2026-10-07T20:22:00Z,31386.5,31388.0,31385.5,31387.25,70,2026-10-07T22:30:25+00:00
2026-10-07T20:23:00Z,31387.0,31387.25,31385.0,31385.5,40,2026-10-07T22:30:25+00:00
2026-10-07T20:24:00Z,31385.5,31386.5,31383.5,31384.0,89,2026-10-07T22:30:25+00:00
2026-10-07T20:25:00Z,31384.0,31387.25,31383.75,31386.25,67,2026-10-07T22:30:25+00:00
2026-10-07T20:26:00Z,31386.0,31387.25,31384.75,31385.5,66,2026-10-07T22:30:25+00:00
2026-10-07T20:27:00Z,31385.5,31391.0,31385.5,31390.25,104,2026-10-07T22:30:25+00:00
2026-10-07T20:28:00Z,31389.75,31389.75,31387.5,31389.0,71,2026-10-07T22:30:25+00:00
2026-10-07T20:29:00Z,31389.25,31390.75,31389.0,31389.25,41,2026-10-07T22:30:25+00:00
2026-10-07T20:30:00Z,31389.5,31390.5,31387.75,31390.5,92,2026-10-07T22:30:25+00:00
2026-10-07T20:31:00Z,31390.5,31393.5,31390.25,31393.0,91,2026-10-07T22:30:25+00:00
2026-10-07T20:32:00Z,31393.25,31396.5,31392.0,31392.75,130,2026-10-07T22:30:25+00:00
2026-10-07T20:33:00Z,31392.75,31392.75,31383.5,31384.25,292,2026-10-07T22:30:25+00:00
2026-10-07T20:34:00Z,31384.5,31386.0,31382.25,31383.0,57,2026-10-07T22:30:25+00:00
2026-10-07T20:35:00Z,31383.5,31387.0,31382.25,31386.25,52,2026-10-07T22:30:25+00:00
2026-10-07T20:36:00Z,31386.5,31389.75,31382.5,31382.75,149,2026-10-07T22:30:25+00:00
2026-10-07T20:37:00Z,31383.0,31383.5,31380.5,31382.0,85,2026-10-07T22:30:25+00:00
2026-10-07T20:38:00Z,31381.75,31382.75,31380.0,31382.75,57,2026-10-07T22:30:25+00:00
2026-10-07T20:39:00Z,31382.5,31384.75,31382.25,31384.25,53,2026-10-07T22:30:25+00:00
2026-10-07T20:40:00Z,31384.0,31387.25,31382.5,31384.75,96,2026-10-07T22:30:25+00:00
2026-10-07T20:41:00Z,31385.25,31385.5,31383.0,31383.5,59,2026-10-07T22:30:25+00:00
2026-10-07T20:42:00Z,31383.0,31385.75,31383.0,31384.75,40,2026-10-07T22:30:25+00:00
2026-10-07T20:43:00Z,31385.5,31389.0,31384.25,31389.0,82,2026-10-07T22:30:25+00:00
2026-10-07T20:44:00Z,31389.0,31391.25,31388.0,31390.0,116,2026-10-07T22:30:25+00:00
2026-10-07T20:45:00Z,31390.0,31391.25,31388.25,31389.75,166,2026-10-07T22:30:25+00:00
2026-10-07T20:46:00Z,31389.25,31393.5,31387.5,31393.25,155,2026-10-07T22:30:25+00:00
2026-10-07T20:47:00Z,31393.75,31395.5,31391.0,31391.5,97,2026-10-07T22:30:25+00:00
2026-10-07T20:48:00Z,31392.5,31397.5,31392.0,31396.25,63,2026-10-07T22:30:25+00:00
2026-10-07T20:49:00Z,31396.25,31399.25,31394.75,31396.0,95,2026-10-07T22:30:25+00:00
2026-10-07T20:50:00Z,31395.75,31399.25,31395.0,31397.75,49,2026-10-07T22:30:25+00:00
2026-10-07T20:51:00Z,31397.5,31398.75,31396.25,31398.25,33,2026-10-07T22:30:25+00:00
2026-10-07T20:52:00Z,31398.5,31402.75,31397.0,31402.0,131,2026-10-07T22:30:25+00:00
2026-10-07T20:53:00Z,31402.0,31402.75,31396.5,31396.5,60,2026-10-07T22:30:25+00:00
2026-10-07T20:54:00Z,31396.75,31397.0,31394.75,31396.5,55,2026-10-07T22:30:25+00:00
2026-10-07T20:55:00Z,31396.5,31397.75,31396.0,31396.5,102,2026-10-07T22:30:25+00:00
2026-10-07T20:56:00Z,31396.25,31400.75,31396.25,31399.75,38,2026-10-07T22:30:25+00:00
2026-10-07T20:57:00Z,31399.75,31401.25,31398.75,31400.75,98,2026-10-07T22:30:25+00:00
2026-10-07T20:58:00Z,31401.0,31402.5,31400.0,31400.25,66,2026-10-07T22:30:25+00:00
2026-10-07T20:59:00Z,31400.75,31416.5,31396.0,31403.75,514,2026-10-07T22:30:25+00:00
2026-10-07T22:00:00Z,31403.0,31423.0,31403.0,31419.5,0,2026-10-07T22:30:25+00:00
2026-10-07T22:01:00Z,31419.25,31424.75,31415.5,31419.75,234,2026-10-07T22:30:25+00:00
2026-10-07T22:02:00Z,31418.75,31428.5,31418.25,31426.25,173,2026-10-07T22:30:25+00:00
2026-10-07T22:03:00Z,31426.0,31426.75,31420.0,31420.0,87,2026-10-07T22:30:25+00:00
2026-10-07T22:04:00Z,31421.25,31428.75,31421.0,31427.0,70,2026-10-07T22:30:25+00:00
2026-10-07T22:05:00Z,31427.5,31431.5,31426.75,31427.5,139,2026-10-07T22:30:25+00:00
2026-10-07T22:06:00Z,31427.5,31428.75,31427.0,31428.5,26,2026-10-07T22:30:25+00:00
2026-10-07T22:07:00Z,31427.75,31428.5,31425.0,31426.25,65,2026-10-07T22:30:25+00:00
2026-10-07T22:08:00Z,31426.75,31431.5,31426.75,31430.5,43,2026-10-07T22:30:25+00:00
2026-10-07T22:09:00Z,31429.5,31438.5,31429.0,31432.25,204,2026-10-07T22:30:25+00:00
